ISO-10303-21;
HEADER;
FILE_DESCRIPTION(('Open CASCADE Model'),'2;1');
FILE_NAME('Open CASCADE Shape Model','2026-04-28T19:45:21',('Author'),(
    'Open CASCADE'),'Open CASCADE STEP processor 7.8','build123d',
  'Unknown');
FILE_SCHEMA(('AUTOMOTIVE_DESIGN { 1 0 10303 214 1 1 1 1 }'));
ENDSEC;
DATA;
#1 = APPLICATION_PROTOCOL_DEFINITION('international standard',
  'automotive_design',2000,#2);
#2 = APPLICATION_CONTEXT(
  'core data for automotive mechanical design processes');
#3 = SHAPE_DEFINITION_REPRESENTATION(#4,#10);
#4 = PRODUCT_DEFINITION_SHAPE('','',#5);
#5 = PRODUCT_DEFINITION('design','',#6,#9);
#6 = PRODUCT_DEFINITION_FORMATION('','',#7);
#7 = PRODUCT('COMPOUND','COMPOUND','',(#8));
#8 = PRODUCT_CONTEXT('',#2,'mechanical');
#9 = PRODUCT_DEFINITION_CONTEXT('part definition',#2,'design');
#10 = ADVANCED_BREP_SHAPE_REPRESENTATION('',(#11,#15),#4037);
#11 = AXIS2_PLACEMENT_3D('',#12,#13,#14);
#12 = CARTESIAN_POINT('',(0.,0.,0.));
#13 = DIRECTION('',(0.,0.,1.));
#14 = DIRECTION('',(1.,0.,-0.));
#15 = MANIFOLD_SOLID_BREP('',#16);
#16 = CLOSED_SHELL('',(#17,#105,#158,#213,#217,#272,#327,#382,#437,#492,
    #547,#602,#657,#712,#767,#822,#877,#932,#987,#1042,#1097,#1152,#1207
    ,#1262,#1317,#1372,#1427,#1482,#1537,#1592,#1647,#1702,#1757,#1812,
    #1867,#1922,#1977,#2032,#2067,#2122,#3252,#3329,#3397,#3421,#3471,
    #3520,#3588,#3612,#3662,#3711,#3779,#3803,#3853,#3902,#3970,#3994,
    #4022));
#17 = ADVANCED_FACE('',(#18),#32,.T.);
#18 = FACE_BOUND('',#19,.T.);
#19 = EDGE_LOOP('',(#20,#50,#77,#78));
#20 = ORIENTED_EDGE('',*,*,#21,.F.);
#21 = EDGE_CURVE('',#22,#24,#26,.T.);
#22 = VERTEX_POINT('',#23);
#23 = CARTESIAN_POINT('',(1.841910528576,0.,0.221136720391));
#24 = VERTEX_POINT('',#25);
#25 = CARTESIAN_POINT('',(2.,0.,0.35));
#26 = SEAM_CURVE('',#27,(#31,#43),.PCURVE_S1.);
#27 = LINE('',#28,#29);
#28 = CARTESIAN_POINT('',(1.57062,0.,0.));
#29 = VECTOR('',#30,1.);
#30 = DIRECTION('',(0.77511579593,0.,0.631819201117));
#31 = PCURVE('',#32,#37);
#32 = CONICAL_SURFACE('',#33,1.57062,0.88689834824);
#33 = AXIS2_PLACEMENT_3D('',#34,#35,#36);
#34 = CARTESIAN_POINT('',(0.,0.,0.));
#35 = DIRECTION('',(0.,0.,1.));
#36 = DIRECTION('',(1.,0.,-0.));
#37 = DEFINITIONAL_REPRESENTATION('',(#38),#42);
#38 = LINE('',#39,#40);
#39 = CARTESIAN_POINT('',(0.,0.));
#40 = VECTOR('',#41,1.);
#41 = DIRECTION('',(0.,1.));
#42 = ( GEOMETRIC_REPRESENTATION_CONTEXT(2) 
PARAMETRIC_REPRESENTATION_CONTEXT() REPRESENTATION_CONTEXT('2D SPACE',''
  ) );
#43 = PCURVE('',#32,#44);
#44 = DEFINITIONAL_REPRESENTATION('',(#45),#49);
#45 = LINE('',#46,#47);
#46 = CARTESIAN_POINT('',(6.28318530718,0.));
#47 = VECTOR('',#48,1.);
#48 = DIRECTION('',(0.,1.));
#49 = ( GEOMETRIC_REPRESENTATION_CONTEXT(2) 
PARAMETRIC_REPRESENTATION_CONTEXT() REPRESENTATION_CONTEXT('2D SPACE',''
  ) );
#50 = ORIENTED_EDGE('',*,*,#51,.T.);
#51 = EDGE_CURVE('',#22,#22,#52,.T.);
#52 = SURFACE_CURVE('',#53,(#58,#65),.PCURVE_S1.);
#53 = CIRCLE('',#54,1.841910528576);
#54 = AXIS2_PLACEMENT_3D('',#55,#56,#57);
#55 = CARTESIAN_POINT('',(0.,0.,0.221136720391));
#56 = DIRECTION('',(0.,-0.,1.));
#57 = DIRECTION('',(1.,0.,0.));
#58 = PCURVE('',#32,#59);
#59 = DEFINITIONAL_REPRESENTATION('',(#60),#64);
#60 = LINE('',#61,#62);
#61 = CARTESIAN_POINT('',(0.,0.221136720391));
#62 = VECTOR('',#63,1.);
#63 = DIRECTION('',(1.,0.));
#64 = ( GEOMETRIC_REPRESENTATION_CONTEXT(2) 
PARAMETRIC_REPRESENTATION_CONTEXT() REPRESENTATION_CONTEXT('2D SPACE',''
  ) );
#65 = PCURVE('',#66,#71);
#66 = CONICAL_SURFACE('',#67,1.22062,1.228847337517);
#67 = AXIS2_PLACEMENT_3D('',#68,#69,#70);
#68 = CARTESIAN_POINT('',(0.,0.,0.));
#69 = DIRECTION('',(0.,-0.,1.));
#70 = DIRECTION('',(1.,0.,0.));
#71 = DEFINITIONAL_REPRESENTATION('',(#72),#76);
#72 = LINE('',#73,#74);
#73 = CARTESIAN_POINT('',(-0.,0.221136720391));
#74 = VECTOR('',#75,1.);
#75 = DIRECTION('',(1.,-0.));
#76 = ( GEOMETRIC_REPRESENTATION_CONTEXT(2) 
PARAMETRIC_REPRESENTATION_CONTEXT() REPRESENTATION_CONTEXT('2D SPACE',''
  ) );
#77 = ORIENTED_EDGE('',*,*,#21,.T.);
#78 = ORIENTED_EDGE('',*,*,#79,.F.);
#79 = EDGE_CURVE('',#24,#24,#80,.T.);
#80 = SURFACE_CURVE('',#81,(#86,#93),.PCURVE_S1.);
#81 = CIRCLE('',#82,2.);
#82 = AXIS2_PLACEMENT_3D('',#83,#84,#85);
#83 = CARTESIAN_POINT('',(0.,0.,0.35));
#84 = DIRECTION('',(0.,0.,1.));
#85 = DIRECTION('',(1.,0.,-0.));
#86 = PCURVE('',#32,#87);
#87 = DEFINITIONAL_REPRESENTATION('',(#88),#92);
#88 = LINE('',#89,#90);
#89 = CARTESIAN_POINT('',(0.,0.35));
#90 = VECTOR('',#91,1.);
#91 = DIRECTION('',(1.,0.));
#92 = ( GEOMETRIC_REPRESENTATION_CONTEXT(2) 
PARAMETRIC_REPRESENTATION_CONTEXT() REPRESENTATION_CONTEXT('2D SPACE',''
  ) );
#93 = PCURVE('',#94,#99);
#94 = CONICAL_SURFACE('',#95,2.,0.88689834824);
#95 = AXIS2_PLACEMENT_3D('',#96,#97,#98);
#96 = CARTESIAN_POINT('',(0.,0.,0.35));
#97 = DIRECTION('',(-0.,-0.,-1.));
#98 = DIRECTION('',(1.,0.,-0.));
#99 = DEFINITIONAL_REPRESENTATION('',(#100),#104);
#100 = LINE('',#101,#102);
#101 = CARTESIAN_POINT('',(-0.,-0.));
#102 = VECTOR('',#103,1.);
#103 = DIRECTION('',(-1.,-0.));
#104 = ( GEOMETRIC_REPRESENTATION_CONTEXT(2) 
PARAMETRIC_REPRESENTATION_CONTEXT() REPRESENTATION_CONTEXT('2D SPACE',''
  ) );
#105 = ADVANCED_FACE('',(#106),#66,.T.);
#106 = FACE_BOUND('',#107,.F.);
#107 = EDGE_LOOP('',(#108,#129,#130,#131));
#108 = ORIENTED_EDGE('',*,*,#109,.F.);
#109 = EDGE_CURVE('',#22,#110,#112,.T.);
#110 = VERTEX_POINT('',#111);
#111 = CARTESIAN_POINT('',(1.22062,0.,0.));
#112 = SEAM_CURVE('',#113,(#117,#123),.PCURVE_S1.);
#113 = LINE('',#114,#115);
#114 = CARTESIAN_POINT('',(1.22062,0.,0.));
#115 = VECTOR('',#116,1.);
#116 = DIRECTION('',(-0.942102912619,0.,-0.335323876327));
#117 = PCURVE('',#66,#118);
#118 = DEFINITIONAL_REPRESENTATION('',(#119),#122);
#119 = B_SPLINE_CURVE_WITH_KNOTS('',1,(#120,#121),.UNSPECIFIED.,.F.,.F.,
  (2,2),(-0.659472038833,0.),.PIECEWISE_BEZIER_KNOTS.);
#120 = CARTESIAN_POINT('',(0.,0.221136720391));
#121 = CARTESIAN_POINT('',(0.,0.));
#122 = ( GEOMETRIC_REPRESENTATION_CONTEXT(2) 
PARAMETRIC_REPRESENTATION_CONTEXT() REPRESENTATION_CONTEXT('2D SPACE',''
  ) );
#123 = PCURVE('',#66,#124);
#124 = DEFINITIONAL_REPRESENTATION('',(#125),#128);
#125 = B_SPLINE_CURVE_WITH_KNOTS('',1,(#126,#127),.UNSPECIFIED.,.F.,.F.,
  (2,2),(-0.659472038833,0.),.PIECEWISE_BEZIER_KNOTS.);
#126 = CARTESIAN_POINT('',(6.28318530718,0.221136720391));
#127 = CARTESIAN_POINT('',(6.28318530718,0.));
#128 = ( GEOMETRIC_REPRESENTATION_CONTEXT(2) 
PARAMETRIC_REPRESENTATION_CONTEXT() REPRESENTATION_CONTEXT('2D SPACE',''
  ) );
#129 = ORIENTED_EDGE('',*,*,#51,.T.);
#130 = ORIENTED_EDGE('',*,*,#109,.T.);
#131 = ORIENTED_EDGE('',*,*,#132,.F.);
#132 = EDGE_CURVE('',#110,#110,#133,.T.);
#133 = SURFACE_CURVE('',#134,(#139,#146),.PCURVE_S1.);
#134 = CIRCLE('',#135,1.22062);
#135 = AXIS2_PLACEMENT_3D('',#136,#137,#138);
#136 = CARTESIAN_POINT('',(0.,0.,0.));
#137 = DIRECTION('',(0.,-0.,1.));
#138 = DIRECTION('',(1.,0.,0.));
#139 = PCURVE('',#66,#140);
#140 = DEFINITIONAL_REPRESENTATION('',(#141),#145);
#141 = LINE('',#142,#143);
#142 = CARTESIAN_POINT('',(0.,-0.));
#143 = VECTOR('',#144,1.);
#144 = DIRECTION('',(1.,-0.));
#145 = ( GEOMETRIC_REPRESENTATION_CONTEXT(2) 
PARAMETRIC_REPRESENTATION_CONTEXT() REPRESENTATION_CONTEXT('2D SPACE',''
  ) );
#146 = PCURVE('',#147,#152);
#147 = PLANE('',#148);
#148 = AXIS2_PLACEMENT_3D('',#149,#150,#151);
#149 = CARTESIAN_POINT('',(0.,0.,0.));
#150 = DIRECTION('',(0.,0.,1.));
#151 = DIRECTION('',(1.,0.,-0.));
#152 = DEFINITIONAL_REPRESENTATION('',(#153),#157);
#153 = CIRCLE('',#154,1.22062);
#154 = AXIS2_PLACEMENT_2D('',#155,#156);
#155 = CARTESIAN_POINT('',(0.,0.));
#156 = DIRECTION('',(1.,-0.));
#157 = ( GEOMETRIC_REPRESENTATION_CONTEXT(2) 
PARAMETRIC_REPRESENTATION_CONTEXT() REPRESENTATION_CONTEXT('2D SPACE',''
  ) );
#158 = ADVANCED_FACE('',(#159),#94,.T.);
#159 = FACE_BOUND('',#160,.T.);
#160 = EDGE_LOOP('',(#161,#162,#185,#212));
#161 = ORIENTED_EDGE('',*,*,#79,.T.);
#162 = ORIENTED_EDGE('',*,*,#163,.T.);
#163 = EDGE_CURVE('',#24,#164,#166,.T.);
#164 = VERTEX_POINT('',#165);
#165 = CARTESIAN_POINT('',(1.57062,0.,0.7));
#166 = SEAM_CURVE('',#167,(#171,#178),.PCURVE_S1.);
#167 = LINE('',#168,#169);
#168 = CARTESIAN_POINT('',(2.,0.,0.35));
#169 = VECTOR('',#170,1.);
#170 = DIRECTION('',(-0.77511579593,0.,0.631819201117));
#171 = PCURVE('',#94,#172);
#172 = DEFINITIONAL_REPRESENTATION('',(#173),#177);
#173 = LINE('',#174,#175);
#174 = CARTESIAN_POINT('',(-0.,-0.));
#175 = VECTOR('',#176,1.);
#176 = DIRECTION('',(-0.,-1.));
#177 = ( GEOMETRIC_REPRESENTATION_CONTEXT(2) 
PARAMETRIC_REPRESENTATION_CONTEXT() REPRESENTATION_CONTEXT('2D SPACE',''
  ) );
#178 = PCURVE('',#94,#179);
#179 = DEFINITIONAL_REPRESENTATION('',(#180),#184);
#180 = LINE('',#181,#182);
#181 = CARTESIAN_POINT('',(-6.28318530718,-0.));
#182 = VECTOR('',#183,1.);
#183 = DIRECTION('',(-0.,-1.));
#184 = ( GEOMETRIC_REPRESENTATION_CONTEXT(2) 
PARAMETRIC_REPRESENTATION_CONTEXT() REPRESENTATION_CONTEXT('2D SPACE',''
  ) );
#185 = ORIENTED_EDGE('',*,*,#186,.F.);
#186 = EDGE_CURVE('',#164,#164,#187,.T.);
#187 = SURFACE_CURVE('',#188,(#193,#200),.PCURVE_S1.);
#188 = CIRCLE('',#189,1.57062);
#189 = AXIS2_PLACEMENT_3D('',#190,#191,#192);
#190 = CARTESIAN_POINT('',(0.,0.,0.7));
#191 = DIRECTION('',(0.,0.,1.));
#192 = DIRECTION('',(1.,0.,-0.));
#193 = PCURVE('',#94,#194);
#194 = DEFINITIONAL_REPRESENTATION('',(#195),#199);
#195 = LINE('',#196,#197);
#196 = CARTESIAN_POINT('',(-0.,-0.35));
#197 = VECTOR('',#198,1.);
#198 = DIRECTION('',(-1.,-0.));
#199 = ( GEOMETRIC_REPRESENTATION_CONTEXT(2) 
PARAMETRIC_REPRESENTATION_CONTEXT() REPRESENTATION_CONTEXT('2D SPACE',''
  ) );
#200 = PCURVE('',#201,#206);
#201 = CONICAL_SURFACE('',#202,1.57062,0.88689834824);
#202 = AXIS2_PLACEMENT_3D('',#203,#204,#205);
#203 = CARTESIAN_POINT('',(0.,0.,0.7));
#204 = DIRECTION('',(0.,0.,1.));
#205 = DIRECTION('',(1.,0.,-0.));
#206 = DEFINITIONAL_REPRESENTATION('',(#207),#211);
#207 = LINE('',#208,#209);
#208 = CARTESIAN_POINT('',(0.,0.));
#209 = VECTOR('',#210,1.);
#210 = DIRECTION('',(1.,0.));
#211 = ( GEOMETRIC_REPRESENTATION_CONTEXT(2) 
PARAMETRIC_REPRESENTATION_CONTEXT() REPRESENTATION_CONTEXT('2D SPACE',''
  ) );
#212 = ORIENTED_EDGE('',*,*,#163,.F.);
#213 = ADVANCED_FACE('',(#214),#147,.F.);
#214 = FACE_BOUND('',#215,.T.);
#215 = EDGE_LOOP('',(#216));
#216 = ORIENTED_EDGE('',*,*,#132,.F.);
#217 = ADVANCED_FACE('',(#218),#201,.T.);
#218 = FACE_BOUND('',#219,.T.);
#219 = EDGE_LOOP('',(#220,#221,#244,#271));
#220 = ORIENTED_EDGE('',*,*,#186,.T.);
#221 = ORIENTED_EDGE('',*,*,#222,.T.);
#222 = EDGE_CURVE('',#164,#223,#225,.T.);
#223 = VERTEX_POINT('',#224);
#224 = CARTESIAN_POINT('',(2.,0.,1.05));
#225 = SEAM_CURVE('',#226,(#230,#237),.PCURVE_S1.);
#226 = LINE('',#227,#228);
#227 = CARTESIAN_POINT('',(1.57062,0.,0.7));
#228 = VECTOR('',#229,1.);
#229 = DIRECTION('',(0.77511579593,0.,0.631819201117));
#230 = PCURVE('',#201,#231);
#231 = DEFINITIONAL_REPRESENTATION('',(#232),#236);
#232 = LINE('',#233,#234);
#233 = CARTESIAN_POINT('',(0.,0.));
#234 = VECTOR('',#235,1.);
#235 = DIRECTION('',(0.,1.));
#236 = ( GEOMETRIC_REPRESENTATION_CONTEXT(2) 
PARAMETRIC_REPRESENTATION_CONTEXT() REPRESENTATION_CONTEXT('2D SPACE',''
  ) );
#237 = PCURVE('',#201,#238);
#238 = DEFINITIONAL_REPRESENTATION('',(#239),#243);
#239 = LINE('',#240,#241);
#240 = CARTESIAN_POINT('',(6.28318530718,0.));
#241 = VECTOR('',#242,1.);
#242 = DIRECTION('',(0.,1.));
#243 = ( GEOMETRIC_REPRESENTATION_CONTEXT(2) 
PARAMETRIC_REPRESENTATION_CONTEXT() REPRESENTATION_CONTEXT('2D SPACE',''
  ) );
#244 = ORIENTED_EDGE('',*,*,#245,.F.);
#245 = EDGE_CURVE('',#223,#223,#246,.T.);
#246 = SURFACE_CURVE('',#247,(#252,#259),.PCURVE_S1.);
#247 = CIRCLE('',#248,2.);
#248 = AXIS2_PLACEMENT_3D('',#249,#250,#251);
#249 = CARTESIAN_POINT('',(0.,0.,1.05));
#250 = DIRECTION('',(0.,0.,1.));
#251 = DIRECTION('',(1.,0.,-0.));
#252 = PCURVE('',#201,#253);
#253 = DEFINITIONAL_REPRESENTATION('',(#254),#258);
#254 = LINE('',#255,#256);
#255 = CARTESIAN_POINT('',(0.,0.35));
#256 = VECTOR('',#257,1.);
#257 = DIRECTION('',(1.,0.));
#258 = ( GEOMETRIC_REPRESENTATION_CONTEXT(2) 
PARAMETRIC_REPRESENTATION_CONTEXT() REPRESENTATION_CONTEXT('2D SPACE',''
  ) );
#259 = PCURVE('',#260,#265);
#260 = CONICAL_SURFACE('',#261,2.,0.88689834824);
#261 = AXIS2_PLACEMENT_3D('',#262,#263,#264);
#262 = CARTESIAN_POINT('',(0.,0.,1.05));
#263 = DIRECTION('',(-0.,-0.,-1.));
#264 = DIRECTION('',(1.,0.,-0.));
#265 = DEFINITIONAL_REPRESENTATION('',(#266),#270);
#266 = LINE('',#267,#268);
#267 = CARTESIAN_POINT('',(-0.,-0.));
#268 = VECTOR('',#269,1.);
#269 = DIRECTION('',(-1.,-0.));
#270 = ( GEOMETRIC_REPRESENTATION_CONTEXT(2) 
PARAMETRIC_REPRESENTATION_CONTEXT() REPRESENTATION_CONTEXT('2D SPACE',''
  ) );
#271 = ORIENTED_EDGE('',*,*,#222,.F.);
#272 = ADVANCED_FACE('',(#273),#260,.T.);
#273 = FACE_BOUND('',#274,.T.);
#274 = EDGE_LOOP('',(#275,#276,#299,#326));
#275 = ORIENTED_EDGE('',*,*,#245,.T.);
#276 = ORIENTED_EDGE('',*,*,#277,.T.);
#277 = EDGE_CURVE('',#223,#278,#280,.T.);
#278 = VERTEX_POINT('',#279);
#279 = CARTESIAN_POINT('',(1.57062,0.,1.4));
#280 = SEAM_CURVE('',#281,(#285,#292),.PCURVE_S1.);
#281 = LINE('',#282,#283);
#282 = CARTESIAN_POINT('',(2.,0.,1.05));
#283 = VECTOR('',#284,1.);
#284 = DIRECTION('',(-0.77511579593,0.,0.631819201117));
#285 = PCURVE('',#260,#286);
#286 = DEFINITIONAL_REPRESENTATION('',(#287),#291);
#287 = LINE('',#288,#289);
#288 = CARTESIAN_POINT('',(-0.,-0.));
#289 = VECTOR('',#290,1.);
#290 = DIRECTION('',(-0.,-1.));
#291 = ( GEOMETRIC_REPRESENTATION_CONTEXT(2) 
PARAMETRIC_REPRESENTATION_CONTEXT() REPRESENTATION_CONTEXT('2D SPACE',''
  ) );
#292 = PCURVE('',#260,#293);
#293 = DEFINITIONAL_REPRESENTATION('',(#294),#298);
#294 = LINE('',#295,#296);
#295 = CARTESIAN_POINT('',(-6.28318530718,-0.));
#296 = VECTOR('',#297,1.);
#297 = DIRECTION('',(-0.,-1.));
#298 = ( GEOMETRIC_REPRESENTATION_CONTEXT(2) 
PARAMETRIC_REPRESENTATION_CONTEXT() REPRESENTATION_CONTEXT('2D SPACE',''
  ) );
#299 = ORIENTED_EDGE('',*,*,#300,.F.);
#300 = EDGE_CURVE('',#278,#278,#301,.T.);
#301 = SURFACE_CURVE('',#302,(#307,#314),.PCURVE_S1.);
#302 = CIRCLE('',#303,1.57062);
#303 = AXIS2_PLACEMENT_3D('',#304,#305,#306);
#304 = CARTESIAN_POINT('',(0.,0.,1.4));
#305 = DIRECTION('',(0.,0.,1.));
#306 = DIRECTION('',(1.,0.,-0.));
#307 = PCURVE('',#260,#308);
#308 = DEFINITIONAL_REPRESENTATION('',(#309),#313);
#309 = LINE('',#310,#311);
#310 = CARTESIAN_POINT('',(-0.,-0.35));
#311 = VECTOR('',#312,1.);
#312 = DIRECTION('',(-1.,-0.));
#313 = ( GEOMETRIC_REPRESENTATION_CONTEXT(2) 
PARAMETRIC_REPRESENTATION_CONTEXT() REPRESENTATION_CONTEXT('2D SPACE',''
  ) );
#314 = PCURVE('',#315,#320);
#315 = CONICAL_SURFACE('',#316,1.57062,0.88689834824);
#316 = AXIS2_PLACEMENT_3D('',#317,#318,#319);
#317 = CARTESIAN_POINT('',(0.,0.,1.4));
#318 = DIRECTION('',(0.,0.,1.));
#319 = DIRECTION('',(1.,0.,-0.));
#320 = DEFINITIONAL_REPRESENTATION('',(#321),#325);
#321 = LINE('',#322,#323);
#322 = CARTESIAN_POINT('',(0.,0.));
#323 = VECTOR('',#324,1.);
#324 = DIRECTION('',(1.,0.));
#325 = ( GEOMETRIC_REPRESENTATION_CONTEXT(2) 
PARAMETRIC_REPRESENTATION_CONTEXT() REPRESENTATION_CONTEXT('2D SPACE',''
  ) );
#326 = ORIENTED_EDGE('',*,*,#277,.F.);
#327 = ADVANCED_FACE('',(#328),#315,.T.);
#328 = FACE_BOUND('',#329,.T.);
#329 = EDGE_LOOP('',(#330,#331,#354,#381));
#330 = ORIENTED_EDGE('',*,*,#300,.T.);
#331 = ORIENTED_EDGE('',*,*,#332,.T.);
#332 = EDGE_CURVE('',#278,#333,#335,.T.);
#333 = VERTEX_POINT('',#334);
#334 = CARTESIAN_POINT('',(2.,0.,1.75));
#335 = SEAM_CURVE('',#336,(#340,#347),.PCURVE_S1.);
#336 = LINE('',#337,#338);
#337 = CARTESIAN_POINT('',(1.57062,0.,1.4));
#338 = VECTOR('',#339,1.);
#339 = DIRECTION('',(0.77511579593,0.,0.631819201117));
#340 = PCURVE('',#315,#341);
#341 = DEFINITIONAL_REPRESENTATION('',(#342),#346);
#342 = LINE('',#343,#344);
#343 = CARTESIAN_POINT('',(0.,0.));
#344 = VECTOR('',#345,1.);
#345 = DIRECTION('',(0.,1.));
#346 = ( GEOMETRIC_REPRESENTATION_CONTEXT(2) 
PARAMETRIC_REPRESENTATION_CONTEXT() REPRESENTATION_CONTEXT('2D SPACE',''
  ) );
#347 = PCURVE('',#315,#348);
#348 = DEFINITIONAL_REPRESENTATION('',(#349),#353);
#349 = LINE('',#350,#351);
#350 = CARTESIAN_POINT('',(6.28318530718,0.));
#351 = VECTOR('',#352,1.);
#352 = DIRECTION('',(0.,1.));
#353 = ( GEOMETRIC_REPRESENTATION_CONTEXT(2) 
PARAMETRIC_REPRESENTATION_CONTEXT() REPRESENTATION_CONTEXT('2D SPACE',''
  ) );
#354 = ORIENTED_EDGE('',*,*,#355,.F.);
#355 = EDGE_CURVE('',#333,#333,#356,.T.);
#356 = SURFACE_CURVE('',#357,(#362,#369),.PCURVE_S1.);
#357 = CIRCLE('',#358,2.);
#358 = AXIS2_PLACEMENT_3D('',#359,#360,#361);
#359 = CARTESIAN_POINT('',(0.,0.,1.75));
#360 = DIRECTION('',(0.,0.,1.));
#361 = DIRECTION('',(1.,0.,-0.));
#362 = PCURVE('',#315,#363);
#363 = DEFINITIONAL_REPRESENTATION('',(#364),#368);
#364 = LINE('',#365,#366);
#365 = CARTESIAN_POINT('',(0.,0.35));
#366 = VECTOR('',#367,1.);
#367 = DIRECTION('',(1.,0.));
#368 = ( GEOMETRIC_REPRESENTATION_CONTEXT(2) 
PARAMETRIC_REPRESENTATION_CONTEXT() REPRESENTATION_CONTEXT('2D SPACE',''
  ) );
#369 = PCURVE('',#370,#375);
#370 = CONICAL_SURFACE('',#371,2.,0.88689834824);
#371 = AXIS2_PLACEMENT_3D('',#372,#373,#374);
#372 = CARTESIAN_POINT('',(0.,0.,1.75));
#373 = DIRECTION('',(-0.,-0.,-1.));
#374 = DIRECTION('',(1.,0.,-0.));
#375 = DEFINITIONAL_REPRESENTATION('',(#376),#380);
#376 = LINE('',#377,#378);
#377 = CARTESIAN_POINT('',(-0.,-0.));
#378 = VECTOR('',#379,1.);
#379 = DIRECTION('',(-1.,-0.));
#380 = ( GEOMETRIC_REPRESENTATION_CONTEXT(2) 
PARAMETRIC_REPRESENTATION_CONTEXT() REPRESENTATION_CONTEXT('2D SPACE',''
  ) );
#381 = ORIENTED_EDGE('',*,*,#332,.F.);
#382 = ADVANCED_FACE('',(#383),#370,.T.);
#383 = FACE_BOUND('',#384,.T.);
#384 = EDGE_LOOP('',(#385,#386,#409,#436));
#385 = ORIENTED_EDGE('',*,*,#355,.T.);
#386 = ORIENTED_EDGE('',*,*,#387,.T.);
#387 = EDGE_CURVE('',#333,#388,#390,.T.);
#388 = VERTEX_POINT('',#389);
#389 = CARTESIAN_POINT('',(1.57062,0.,2.1));
#390 = SEAM_CURVE('',#391,(#395,#402),.PCURVE_S1.);
#391 = LINE('',#392,#393);
#392 = CARTESIAN_POINT('',(2.,0.,1.75));
#393 = VECTOR('',#394,1.);
#394 = DIRECTION('',(-0.77511579593,0.,0.631819201117));
#395 = PCURVE('',#370,#396);
#396 = DEFINITIONAL_REPRESENTATION('',(#397),#401);
#397 = LINE('',#398,#399);
#398 = CARTESIAN_POINT('',(-0.,-0.));
#399 = VECTOR('',#400,1.);
#400 = DIRECTION('',(-0.,-1.));
#401 = ( GEOMETRIC_REPRESENTATION_CONTEXT(2) 
PARAMETRIC_REPRESENTATION_CONTEXT() REPRESENTATION_CONTEXT('2D SPACE',''
  ) );
#402 = PCURVE('',#370,#403);
#403 = DEFINITIONAL_REPRESENTATION('',(#404),#408);
#404 = LINE('',#405,#406);
#405 = CARTESIAN_POINT('',(-6.28318530718,-0.));
#406 = VECTOR('',#407,1.);
#407 = DIRECTION('',(-0.,-1.));
#408 = ( GEOMETRIC_REPRESENTATION_CONTEXT(2) 
PARAMETRIC_REPRESENTATION_CONTEXT() REPRESENTATION_CONTEXT('2D SPACE',''
  ) );
#409 = ORIENTED_EDGE('',*,*,#410,.F.);
#410 = EDGE_CURVE('',#388,#388,#411,.T.);
#411 = SURFACE_CURVE('',#412,(#417,#424),.PCURVE_S1.);
#412 = CIRCLE('',#413,1.57062);
#413 = AXIS2_PLACEMENT_3D('',#414,#415,#416);
#414 = CARTESIAN_POINT('',(0.,0.,2.1));
#415 = DIRECTION('',(0.,0.,1.));
#416 = DIRECTION('',(1.,0.,-0.));
#417 = PCURVE('',#370,#418);
#418 = DEFINITIONAL_REPRESENTATION('',(#419),#423);
#419 = LINE('',#420,#421);
#420 = CARTESIAN_POINT('',(-0.,-0.35));
#421 = VECTOR('',#422,1.);
#422 = DIRECTION('',(-1.,-0.));
#423 = ( GEOMETRIC_REPRESENTATION_CONTEXT(2) 
PARAMETRIC_REPRESENTATION_CONTEXT() REPRESENTATION_CONTEXT('2D SPACE',''
  ) );
#424 = PCURVE('',#425,#430);
#425 = CONICAL_SURFACE('',#426,1.57062,0.88689834824);
#426 = AXIS2_PLACEMENT_3D('',#427,#428,#429);
#427 = CARTESIAN_POINT('',(0.,0.,2.1));
#428 = DIRECTION('',(0.,0.,1.));
#429 = DIRECTION('',(1.,0.,-0.));
#430 = DEFINITIONAL_REPRESENTATION('',(#431),#435);
#431 = LINE('',#432,#433);
#432 = CARTESIAN_POINT('',(0.,0.));
#433 = VECTOR('',#434,1.);
#434 = DIRECTION('',(1.,0.));
#435 = ( GEOMETRIC_REPRESENTATION_CONTEXT(2) 
PARAMETRIC_REPRESENTATION_CONTEXT() REPRESENTATION_CONTEXT('2D SPACE',''
  ) );
#436 = ORIENTED_EDGE('',*,*,#387,.F.);
#437 = ADVANCED_FACE('',(#438),#425,.T.);
#438 = FACE_BOUND('',#439,.T.);
#439 = EDGE_LOOP('',(#440,#441,#464,#491));
#440 = ORIENTED_EDGE('',*,*,#410,.T.);
#441 = ORIENTED_EDGE('',*,*,#442,.T.);
#442 = EDGE_CURVE('',#388,#443,#445,.T.);
#443 = VERTEX_POINT('',#444);
#444 = CARTESIAN_POINT('',(2.,0.,2.45));
#445 = SEAM_CURVE('',#446,(#450,#457),.PCURVE_S1.);
#446 = LINE('',#447,#448);
#447 = CARTESIAN_POINT('',(1.57062,0.,2.1));
#448 = VECTOR('',#449,1.);
#449 = DIRECTION('',(0.77511579593,0.,0.631819201117));
#450 = PCURVE('',#425,#451);
#451 = DEFINITIONAL_REPRESENTATION('',(#452),#456);
#452 = LINE('',#453,#454);
#453 = CARTESIAN_POINT('',(0.,0.));
#454 = VECTOR('',#455,1.);
#455 = DIRECTION('',(0.,1.));
#456 = ( GEOMETRIC_REPRESENTATION_CONTEXT(2) 
PARAMETRIC_REPRESENTATION_CONTEXT() REPRESENTATION_CONTEXT('2D SPACE',''
  ) );
#457 = PCURVE('',#425,#458);
#458 = DEFINITIONAL_REPRESENTATION('',(#459),#463);
#459 = LINE('',#460,#461);
#460 = CARTESIAN_POINT('',(6.28318530718,0.));
#461 = VECTOR('',#462,1.);
#462 = DIRECTION('',(0.,1.));
#463 = ( GEOMETRIC_REPRESENTATION_CONTEXT(2) 
PARAMETRIC_REPRESENTATION_CONTEXT() REPRESENTATION_CONTEXT('2D SPACE',''
  ) );
#464 = ORIENTED_EDGE('',*,*,#465,.F.);
#465 = EDGE_CURVE('',#443,#443,#466,.T.);
#466 = SURFACE_CURVE('',#467,(#472,#479),.PCURVE_S1.);
#467 = CIRCLE('',#468,2.);
#468 = AXIS2_PLACEMENT_3D('',#469,#470,#471);
#469 = CARTESIAN_POINT('',(0.,0.,2.45));
#470 = DIRECTION('',(0.,0.,1.));
#471 = DIRECTION('',(1.,0.,-0.));
#472 = PCURVE('',#425,#473);
#473 = DEFINITIONAL_REPRESENTATION('',(#474),#478);
#474 = LINE('',#475,#476);
#475 = CARTESIAN_POINT('',(0.,0.35));
#476 = VECTOR('',#477,1.);
#477 = DIRECTION('',(1.,0.));
#478 = ( GEOMETRIC_REPRESENTATION_CONTEXT(2) 
PARAMETRIC_REPRESENTATION_CONTEXT() REPRESENTATION_CONTEXT('2D SPACE',''
  ) );
#479 = PCURVE('',#480,#485);
#480 = CONICAL_SURFACE('',#481,2.,0.88689834824);
#481 = AXIS2_PLACEMENT_3D('',#482,#483,#484);
#482 = CARTESIAN_POINT('',(0.,0.,2.45));
#483 = DIRECTION('',(-0.,-0.,-1.));
#484 = DIRECTION('',(1.,0.,-0.));
#485 = DEFINITIONAL_REPRESENTATION('',(#486),#490);
#486 = LINE('',#487,#488);
#487 = CARTESIAN_POINT('',(-0.,-0.));
#488 = VECTOR('',#489,1.);
#489 = DIRECTION('',(-1.,-0.));
#490 = ( GEOMETRIC_REPRESENTATION_CONTEXT(2) 
PARAMETRIC_REPRESENTATION_CONTEXT() REPRESENTATION_CONTEXT('2D SPACE',''
  ) );
#491 = ORIENTED_EDGE('',*,*,#442,.F.);
#492 = ADVANCED_FACE('',(#493),#480,.T.);
#493 = FACE_BOUND('',#494,.T.);
#494 = EDGE_LOOP('',(#495,#496,#519,#546));
#495 = ORIENTED_EDGE('',*,*,#465,.T.);
#496 = ORIENTED_EDGE('',*,*,#497,.T.);
#497 = EDGE_CURVE('',#443,#498,#500,.T.);
#498 = VERTEX_POINT('',#499);
#499 = CARTESIAN_POINT('',(1.57062,0.,2.8));
#500 = SEAM_CURVE('',#501,(#505,#512),.PCURVE_S1.);
#501 = LINE('',#502,#503);
#502 = CARTESIAN_POINT('',(2.,0.,2.45));
#503 = VECTOR('',#504,1.);
#504 = DIRECTION('',(-0.77511579593,0.,0.631819201117));
#505 = PCURVE('',#480,#506);
#506 = DEFINITIONAL_REPRESENTATION('',(#507),#511);
#507 = LINE('',#508,#509);
#508 = CARTESIAN_POINT('',(-0.,-0.));
#509 = VECTOR('',#510,1.);
#510 = DIRECTION('',(-0.,-1.));
#511 = ( GEOMETRIC_REPRESENTATION_CONTEXT(2) 
PARAMETRIC_REPRESENTATION_CONTEXT() REPRESENTATION_CONTEXT('2D SPACE',''
  ) );
#512 = PCURVE('',#480,#513);
#513 = DEFINITIONAL_REPRESENTATION('',(#514),#518);
#514 = LINE('',#515,#516);
#515 = CARTESIAN_POINT('',(-6.28318530718,-0.));
#516 = VECTOR('',#517,1.);
#517 = DIRECTION('',(-0.,-1.));
#518 = ( GEOMETRIC_REPRESENTATION_CONTEXT(2) 
PARAMETRIC_REPRESENTATION_CONTEXT() REPRESENTATION_CONTEXT('2D SPACE',''
  ) );
#519 = ORIENTED_EDGE('',*,*,#520,.F.);
#520 = EDGE_CURVE('',#498,#498,#521,.T.);
#521 = SURFACE_CURVE('',#522,(#527,#534),.PCURVE_S1.);
#522 = CIRCLE('',#523,1.57062);
#523 = AXIS2_PLACEMENT_3D('',#524,#525,#526);
#524 = CARTESIAN_POINT('',(0.,0.,2.8));
#525 = DIRECTION('',(0.,0.,1.));
#526 = DIRECTION('',(1.,0.,-0.));
#527 = PCURVE('',#480,#528);
#528 = DEFINITIONAL_REPRESENTATION('',(#529),#533);
#529 = LINE('',#530,#531);
#530 = CARTESIAN_POINT('',(-0.,-0.35));
#531 = VECTOR('',#532,1.);
#532 = DIRECTION('',(-1.,-0.));
#533 = ( GEOMETRIC_REPRESENTATION_CONTEXT(2) 
PARAMETRIC_REPRESENTATION_CONTEXT() REPRESENTATION_CONTEXT('2D SPACE',''
  ) );
#534 = PCURVE('',#535,#540);
#535 = CONICAL_SURFACE('',#536,1.57062,0.88689834824);
#536 = AXIS2_PLACEMENT_3D('',#537,#538,#539);
#537 = CARTESIAN_POINT('',(0.,0.,2.8));
#538 = DIRECTION('',(0.,0.,1.));
#539 = DIRECTION('',(1.,0.,-0.));
#540 = DEFINITIONAL_REPRESENTATION('',(#541),#545);
#541 = LINE('',#542,#543);
#542 = CARTESIAN_POINT('',(0.,0.));
#543 = VECTOR('',#544,1.);
#544 = DIRECTION('',(1.,0.));
#545 = ( GEOMETRIC_REPRESENTATION_CONTEXT(2) 
PARAMETRIC_REPRESENTATION_CONTEXT() REPRESENTATION_CONTEXT('2D SPACE',''
  ) );
#546 = ORIENTED_EDGE('',*,*,#497,.F.);
#547 = ADVANCED_FACE('',(#548),#535,.T.);
#548 = FACE_BOUND('',#549,.T.);
#549 = EDGE_LOOP('',(#550,#551,#574,#601));
#550 = ORIENTED_EDGE('',*,*,#520,.T.);
#551 = ORIENTED_EDGE('',*,*,#552,.T.);
#552 = EDGE_CURVE('',#498,#553,#555,.T.);
#553 = VERTEX_POINT('',#554);
#554 = CARTESIAN_POINT('',(2.,0.,3.15));
#555 = SEAM_CURVE('',#556,(#560,#567),.PCURVE_S1.);
#556 = LINE('',#557,#558);
#557 = CARTESIAN_POINT('',(1.57062,0.,2.8));
#558 = VECTOR('',#559,1.);
#559 = DIRECTION('',(0.77511579593,0.,0.631819201117));
#560 = PCURVE('',#535,#561);
#561 = DEFINITIONAL_REPRESENTATION('',(#562),#566);
#562 = LINE('',#563,#564);
#563 = CARTESIAN_POINT('',(0.,0.));
#564 = VECTOR('',#565,1.);
#565 = DIRECTION('',(0.,1.));
#566 = ( GEOMETRIC_REPRESENTATION_CONTEXT(2) 
PARAMETRIC_REPRESENTATION_CONTEXT() REPRESENTATION_CONTEXT('2D SPACE',''
  ) );
#567 = PCURVE('',#535,#568);
#568 = DEFINITIONAL_REPRESENTATION('',(#569),#573);
#569 = LINE('',#570,#571);
#570 = CARTESIAN_POINT('',(6.28318530718,0.));
#571 = VECTOR('',#572,1.);
#572 = DIRECTION('',(0.,1.));
#573 = ( GEOMETRIC_REPRESENTATION_CONTEXT(2) 
PARAMETRIC_REPRESENTATION_CONTEXT() REPRESENTATION_CONTEXT('2D SPACE',''
  ) );
#574 = ORIENTED_EDGE('',*,*,#575,.F.);
#575 = EDGE_CURVE('',#553,#553,#576,.T.);
#576 = SURFACE_CURVE('',#577,(#582,#589),.PCURVE_S1.);
#577 = CIRCLE('',#578,2.);
#578 = AXIS2_PLACEMENT_3D('',#579,#580,#581);
#579 = CARTESIAN_POINT('',(0.,0.,3.15));
#580 = DIRECTION('',(0.,0.,1.));
#581 = DIRECTION('',(1.,0.,-0.));
#582 = PCURVE('',#535,#583);
#583 = DEFINITIONAL_REPRESENTATION('',(#584),#588);
#584 = LINE('',#585,#586);
#585 = CARTESIAN_POINT('',(0.,0.35));
#586 = VECTOR('',#587,1.);
#587 = DIRECTION('',(1.,0.));
#588 = ( GEOMETRIC_REPRESENTATION_CONTEXT(2) 
PARAMETRIC_REPRESENTATION_CONTEXT() REPRESENTATION_CONTEXT('2D SPACE',''
  ) );
#589 = PCURVE('',#590,#595);
#590 = CONICAL_SURFACE('',#591,2.,0.88689834824);
#591 = AXIS2_PLACEMENT_3D('',#592,#593,#594);
#592 = CARTESIAN_POINT('',(0.,0.,3.15));
#593 = DIRECTION('',(-0.,-0.,-1.));
#594 = DIRECTION('',(1.,0.,-0.));
#595 = DEFINITIONAL_REPRESENTATION('',(#596),#600);
#596 = LINE('',#597,#598);
#597 = CARTESIAN_POINT('',(-0.,-0.));
#598 = VECTOR('',#599,1.);
#599 = DIRECTION('',(-1.,-0.));
#600 = ( GEOMETRIC_REPRESENTATION_CONTEXT(2) 
PARAMETRIC_REPRESENTATION_CONTEXT() REPRESENTATION_CONTEXT('2D SPACE',''
  ) );
#601 = ORIENTED_EDGE('',*,*,#552,.F.);
#602 = ADVANCED_FACE('',(#603),#590,.T.);
#603 = FACE_BOUND('',#604,.T.);
#604 = EDGE_LOOP('',(#605,#606,#629,#656));
#605 = ORIENTED_EDGE('',*,*,#575,.T.);
#606 = ORIENTED_EDGE('',*,*,#607,.T.);
#607 = EDGE_CURVE('',#553,#608,#610,.T.);
#608 = VERTEX_POINT('',#609);
#609 = CARTESIAN_POINT('',(1.57062,0.,3.5));
#610 = SEAM_CURVE('',#611,(#615,#622),.PCURVE_S1.);
#611 = LINE('',#612,#613);
#612 = CARTESIAN_POINT('',(2.,0.,3.15));
#613 = VECTOR('',#614,1.);
#614 = DIRECTION('',(-0.77511579593,0.,0.631819201117));
#615 = PCURVE('',#590,#616);
#616 = DEFINITIONAL_REPRESENTATION('',(#617),#621);
#617 = LINE('',#618,#619);
#618 = CARTESIAN_POINT('',(-0.,-0.));
#619 = VECTOR('',#620,1.);
#620 = DIRECTION('',(-0.,-1.));
#621 = ( GEOMETRIC_REPRESENTATION_CONTEXT(2) 
PARAMETRIC_REPRESENTATION_CONTEXT() REPRESENTATION_CONTEXT('2D SPACE',''
  ) );
#622 = PCURVE('',#590,#623);
#623 = DEFINITIONAL_REPRESENTATION('',(#624),#628);
#624 = LINE('',#625,#626);
#625 = CARTESIAN_POINT('',(-6.28318530718,-0.));
#626 = VECTOR('',#627,1.);
#627 = DIRECTION('',(-0.,-1.));
#628 = ( GEOMETRIC_REPRESENTATION_CONTEXT(2) 
PARAMETRIC_REPRESENTATION_CONTEXT() REPRESENTATION_CONTEXT('2D SPACE',''
  ) );
#629 = ORIENTED_EDGE('',*,*,#630,.F.);
#630 = EDGE_CURVE('',#608,#608,#631,.T.);
#631 = SURFACE_CURVE('',#632,(#637,#644),.PCURVE_S1.);
#632 = CIRCLE('',#633,1.57062);
#633 = AXIS2_PLACEMENT_3D('',#634,#635,#636);
#634 = CARTESIAN_POINT('',(0.,0.,3.5));
#635 = DIRECTION('',(0.,0.,1.));
#636 = DIRECTION('',(1.,0.,-0.));
#637 = PCURVE('',#590,#638);
#638 = DEFINITIONAL_REPRESENTATION('',(#639),#643);
#639 = LINE('',#640,#641);
#640 = CARTESIAN_POINT('',(-0.,-0.35));
#641 = VECTOR('',#642,1.);
#642 = DIRECTION('',(-1.,-0.));
#643 = ( GEOMETRIC_REPRESENTATION_CONTEXT(2) 
PARAMETRIC_REPRESENTATION_CONTEXT() REPRESENTATION_CONTEXT('2D SPACE',''
  ) );
#644 = PCURVE('',#645,#650);
#645 = CONICAL_SURFACE('',#646,1.57062,0.88689834824);
#646 = AXIS2_PLACEMENT_3D('',#647,#648,#649);
#647 = CARTESIAN_POINT('',(0.,0.,3.5));
#648 = DIRECTION('',(0.,0.,1.));
#649 = DIRECTION('',(1.,0.,-0.));
#650 = DEFINITIONAL_REPRESENTATION('',(#651),#655);
#651 = LINE('',#652,#653);
#652 = CARTESIAN_POINT('',(0.,0.));
#653 = VECTOR('',#654,1.);
#654 = DIRECTION('',(1.,0.));
#655 = ( GEOMETRIC_REPRESENTATION_CONTEXT(2) 
PARAMETRIC_REPRESENTATION_CONTEXT() REPRESENTATION_CONTEXT('2D SPACE',''
  ) );
#656 = ORIENTED_EDGE('',*,*,#607,.F.);
#657 = ADVANCED_FACE('',(#658),#645,.T.);
#658 = FACE_BOUND('',#659,.T.);
#659 = EDGE_LOOP('',(#660,#661,#684,#711));
#660 = ORIENTED_EDGE('',*,*,#630,.T.);
#661 = ORIENTED_EDGE('',*,*,#662,.T.);
#662 = EDGE_CURVE('',#608,#663,#665,.T.);
#663 = VERTEX_POINT('',#664);
#664 = CARTESIAN_POINT('',(2.,0.,3.85));
#665 = SEAM_CURVE('',#666,(#670,#677),.PCURVE_S1.);
#666 = LINE('',#667,#668);
#667 = CARTESIAN_POINT('',(1.57062,0.,3.5));
#668 = VECTOR('',#669,1.);
#669 = DIRECTION('',(0.77511579593,0.,0.631819201117));
#670 = PCURVE('',#645,#671);
#671 = DEFINITIONAL_REPRESENTATION('',(#672),#676);
#672 = LINE('',#673,#674);
#673 = CARTESIAN_POINT('',(0.,0.));
#674 = VECTOR('',#675,1.);
#675 = DIRECTION('',(0.,1.));
#676 = ( GEOMETRIC_REPRESENTATION_CONTEXT(2) 
PARAMETRIC_REPRESENTATION_CONTEXT() REPRESENTATION_CONTEXT('2D SPACE',''
  ) );
#677 = PCURVE('',#645,#678);
#678 = DEFINITIONAL_REPRESENTATION('',(#679),#683);
#679 = LINE('',#680,#681);
#680 = CARTESIAN_POINT('',(6.28318530718,0.));
#681 = VECTOR('',#682,1.);
#682 = DIRECTION('',(0.,1.));
#683 = ( GEOMETRIC_REPRESENTATION_CONTEXT(2) 
PARAMETRIC_REPRESENTATION_CONTEXT() REPRESENTATION_CONTEXT('2D SPACE',''
  ) );
#684 = ORIENTED_EDGE('',*,*,#685,.F.);
#685 = EDGE_CURVE('',#663,#663,#686,.T.);
#686 = SURFACE_CURVE('',#687,(#692,#699),.PCURVE_S1.);
#687 = CIRCLE('',#688,2.);
#688 = AXIS2_PLACEMENT_3D('',#689,#690,#691);
#689 = CARTESIAN_POINT('',(0.,0.,3.85));
#690 = DIRECTION('',(0.,0.,1.));
#691 = DIRECTION('',(1.,0.,-0.));
#692 = PCURVE('',#645,#693);
#693 = DEFINITIONAL_REPRESENTATION('',(#694),#698);
#694 = LINE('',#695,#696);
#695 = CARTESIAN_POINT('',(0.,0.35));
#696 = VECTOR('',#697,1.);
#697 = DIRECTION('',(1.,0.));
#698 = ( GEOMETRIC_REPRESENTATION_CONTEXT(2) 
PARAMETRIC_REPRESENTATION_CONTEXT() REPRESENTATION_CONTEXT('2D SPACE',''
  ) );
#699 = PCURVE('',#700,#705);
#700 = CONICAL_SURFACE('',#701,2.,0.88689834824);
#701 = AXIS2_PLACEMENT_3D('',#702,#703,#704);
#702 = CARTESIAN_POINT('',(0.,0.,3.85));
#703 = DIRECTION('',(-0.,-0.,-1.));
#704 = DIRECTION('',(1.,0.,-0.));
#705 = DEFINITIONAL_REPRESENTATION('',(#706),#710);
#706 = LINE('',#707,#708);
#707 = CARTESIAN_POINT('',(-0.,-0.));
#708 = VECTOR('',#709,1.);
#709 = DIRECTION('',(-1.,-0.));
#710 = ( GEOMETRIC_REPRESENTATION_CONTEXT(2) 
PARAMETRIC_REPRESENTATION_CONTEXT() REPRESENTATION_CONTEXT('2D SPACE',''
  ) );
#711 = ORIENTED_EDGE('',*,*,#662,.F.);
#712 = ADVANCED_FACE('',(#713),#700,.T.);
#713 = FACE_BOUND('',#714,.T.);
#714 = EDGE_LOOP('',(#715,#716,#739,#766));
#715 = ORIENTED_EDGE('',*,*,#685,.T.);
#716 = ORIENTED_EDGE('',*,*,#717,.T.);
#717 = EDGE_CURVE('',#663,#718,#720,.T.);
#718 = VERTEX_POINT('',#719);
#719 = CARTESIAN_POINT('',(1.57062,0.,4.2));
#720 = SEAM_CURVE('',#721,(#725,#732),.PCURVE_S1.);
#721 = LINE('',#722,#723);
#722 = CARTESIAN_POINT('',(2.,0.,3.85));
#723 = VECTOR('',#724,1.);
#724 = DIRECTION('',(-0.77511579593,0.,0.631819201117));
#725 = PCURVE('',#700,#726);
#726 = DEFINITIONAL_REPRESENTATION('',(#727),#731);
#727 = LINE('',#728,#729);
#728 = CARTESIAN_POINT('',(-0.,-0.));
#729 = VECTOR('',#730,1.);
#730 = DIRECTION('',(-0.,-1.));
#731 = ( GEOMETRIC_REPRESENTATION_CONTEXT(2) 
PARAMETRIC_REPRESENTATION_CONTEXT() REPRESENTATION_CONTEXT('2D SPACE',''
  ) );
#732 = PCURVE('',#700,#733);
#733 = DEFINITIONAL_REPRESENTATION('',(#734),#738);
#734 = LINE('',#735,#736);
#735 = CARTESIAN_POINT('',(-6.28318530718,-0.));
#736 = VECTOR('',#737,1.);
#737 = DIRECTION('',(-0.,-1.));
#738 = ( GEOMETRIC_REPRESENTATION_CONTEXT(2) 
PARAMETRIC_REPRESENTATION_CONTEXT() REPRESENTATION_CONTEXT('2D SPACE',''
  ) );
#739 = ORIENTED_EDGE('',*,*,#740,.F.);
#740 = EDGE_CURVE('',#718,#718,#741,.T.);
#741 = SURFACE_CURVE('',#742,(#747,#754),.PCURVE_S1.);
#742 = CIRCLE('',#743,1.57062);
#743 = AXIS2_PLACEMENT_3D('',#744,#745,#746);
#744 = CARTESIAN_POINT('',(0.,0.,4.2));
#745 = DIRECTION('',(0.,0.,1.));
#746 = DIRECTION('',(1.,0.,-0.));
#747 = PCURVE('',#700,#748);
#748 = DEFINITIONAL_REPRESENTATION('',(#749),#753);
#749 = LINE('',#750,#751);
#750 = CARTESIAN_POINT('',(-0.,-0.35));
#751 = VECTOR('',#752,1.);
#752 = DIRECTION('',(-1.,-0.));
#753 = ( GEOMETRIC_REPRESENTATION_CONTEXT(2) 
PARAMETRIC_REPRESENTATION_CONTEXT() REPRESENTATION_CONTEXT('2D SPACE',''
  ) );
#754 = PCURVE('',#755,#760);
#755 = CONICAL_SURFACE('',#756,1.57062,0.88689834824);
#756 = AXIS2_PLACEMENT_3D('',#757,#758,#759);
#757 = CARTESIAN_POINT('',(0.,0.,4.2));
#758 = DIRECTION('',(0.,0.,1.));
#759 = DIRECTION('',(1.,0.,-0.));
#760 = DEFINITIONAL_REPRESENTATION('',(#761),#765);
#761 = LINE('',#762,#763);
#762 = CARTESIAN_POINT('',(0.,0.));
#763 = VECTOR('',#764,1.);
#764 = DIRECTION('',(1.,0.));
#765 = ( GEOMETRIC_REPRESENTATION_CONTEXT(2) 
PARAMETRIC_REPRESENTATION_CONTEXT() REPRESENTATION_CONTEXT('2D SPACE',''
  ) );
#766 = ORIENTED_EDGE('',*,*,#717,.F.);
#767 = ADVANCED_FACE('',(#768),#755,.T.);
#768 = FACE_BOUND('',#769,.T.);
#769 = EDGE_LOOP('',(#770,#771,#794,#821));
#770 = ORIENTED_EDGE('',*,*,#740,.T.);
#771 = ORIENTED_EDGE('',*,*,#772,.T.);
#772 = EDGE_CURVE('',#718,#773,#775,.T.);
#773 = VERTEX_POINT('',#774);
#774 = CARTESIAN_POINT('',(2.,0.,4.55));
#775 = SEAM_CURVE('',#776,(#780,#787),.PCURVE_S1.);
#776 = LINE('',#777,#778);
#777 = CARTESIAN_POINT('',(1.57062,0.,4.2));
#778 = VECTOR('',#779,1.);
#779 = DIRECTION('',(0.77511579593,0.,0.631819201117));
#780 = PCURVE('',#755,#781);
#781 = DEFINITIONAL_REPRESENTATION('',(#782),#786);
#782 = LINE('',#783,#784);
#783 = CARTESIAN_POINT('',(0.,0.));
#784 = VECTOR('',#785,1.);
#785 = DIRECTION('',(0.,1.));
#786 = ( GEOMETRIC_REPRESENTATION_CONTEXT(2) 
PARAMETRIC_REPRESENTATION_CONTEXT() REPRESENTATION_CONTEXT('2D SPACE',''
  ) );
#787 = PCURVE('',#755,#788);
#788 = DEFINITIONAL_REPRESENTATION('',(#789),#793);
#789 = LINE('',#790,#791);
#790 = CARTESIAN_POINT('',(6.28318530718,0.));
#791 = VECTOR('',#792,1.);
#792 = DIRECTION('',(0.,1.));
#793 = ( GEOMETRIC_REPRESENTATION_CONTEXT(2) 
PARAMETRIC_REPRESENTATION_CONTEXT() REPRESENTATION_CONTEXT('2D SPACE',''
  ) );
#794 = ORIENTED_EDGE('',*,*,#795,.F.);
#795 = EDGE_CURVE('',#773,#773,#796,.T.);
#796 = SURFACE_CURVE('',#797,(#802,#809),.PCURVE_S1.);
#797 = CIRCLE('',#798,2.);
#798 = AXIS2_PLACEMENT_3D('',#799,#800,#801);
#799 = CARTESIAN_POINT('',(0.,0.,4.55));
#800 = DIRECTION('',(0.,0.,1.));
#801 = DIRECTION('',(1.,0.,-0.));
#802 = PCURVE('',#755,#803);
#803 = DEFINITIONAL_REPRESENTATION('',(#804),#808);
#804 = LINE('',#805,#806);
#805 = CARTESIAN_POINT('',(0.,0.35));
#806 = VECTOR('',#807,1.);
#807 = DIRECTION('',(1.,0.));
#808 = ( GEOMETRIC_REPRESENTATION_CONTEXT(2) 
PARAMETRIC_REPRESENTATION_CONTEXT() REPRESENTATION_CONTEXT('2D SPACE',''
  ) );
#809 = PCURVE('',#810,#815);
#810 = CONICAL_SURFACE('',#811,2.,0.88689834824);
#811 = AXIS2_PLACEMENT_3D('',#812,#813,#814);
#812 = CARTESIAN_POINT('',(0.,0.,4.55));
#813 = DIRECTION('',(-0.,-0.,-1.));
#814 = DIRECTION('',(1.,0.,-0.));
#815 = DEFINITIONAL_REPRESENTATION('',(#816),#820);
#816 = LINE('',#817,#818);
#817 = CARTESIAN_POINT('',(-0.,-0.));
#818 = VECTOR('',#819,1.);
#819 = DIRECTION('',(-1.,-0.));
#820 = ( GEOMETRIC_REPRESENTATION_CONTEXT(2) 
PARAMETRIC_REPRESENTATION_CONTEXT() REPRESENTATION_CONTEXT('2D SPACE',''
  ) );
#821 = ORIENTED_EDGE('',*,*,#772,.F.);
#822 = ADVANCED_FACE('',(#823),#810,.T.);
#823 = FACE_BOUND('',#824,.T.);
#824 = EDGE_LOOP('',(#825,#826,#849,#876));
#825 = ORIENTED_EDGE('',*,*,#795,.T.);
#826 = ORIENTED_EDGE('',*,*,#827,.T.);
#827 = EDGE_CURVE('',#773,#828,#830,.T.);
#828 = VERTEX_POINT('',#829);
#829 = CARTESIAN_POINT('',(1.57062,0.,4.9));
#830 = SEAM_CURVE('',#831,(#835,#842),.PCURVE_S1.);
#831 = LINE('',#832,#833);
#832 = CARTESIAN_POINT('',(2.,0.,4.55));
#833 = VECTOR('',#834,1.);
#834 = DIRECTION('',(-0.77511579593,0.,0.631819201117));
#835 = PCURVE('',#810,#836);
#836 = DEFINITIONAL_REPRESENTATION('',(#837),#841);
#837 = LINE('',#838,#839);
#838 = CARTESIAN_POINT('',(-0.,-0.));
#839 = VECTOR('',#840,1.);
#840 = DIRECTION('',(-0.,-1.));
#841 = ( GEOMETRIC_REPRESENTATION_CONTEXT(2) 
PARAMETRIC_REPRESENTATION_CONTEXT() REPRESENTATION_CONTEXT('2D SPACE',''
  ) );
#842 = PCURVE('',#810,#843);
#843 = DEFINITIONAL_REPRESENTATION('',(#844),#848);
#844 = LINE('',#845,#846);
#845 = CARTESIAN_POINT('',(-6.28318530718,-0.));
#846 = VECTOR('',#847,1.);
#847 = DIRECTION('',(-0.,-1.));
#848 = ( GEOMETRIC_REPRESENTATION_CONTEXT(2) 
PARAMETRIC_REPRESENTATION_CONTEXT() REPRESENTATION_CONTEXT('2D SPACE',''
  ) );
#849 = ORIENTED_EDGE('',*,*,#850,.F.);
#850 = EDGE_CURVE('',#828,#828,#851,.T.);
#851 = SURFACE_CURVE('',#852,(#857,#864),.PCURVE_S1.);
#852 = CIRCLE('',#853,1.57062);
#853 = AXIS2_PLACEMENT_3D('',#854,#855,#856);
#854 = CARTESIAN_POINT('',(0.,0.,4.9));
#855 = DIRECTION('',(0.,0.,1.));
#856 = DIRECTION('',(1.,0.,-0.));
#857 = PCURVE('',#810,#858);
#858 = DEFINITIONAL_REPRESENTATION('',(#859),#863);
#859 = LINE('',#860,#861);
#860 = CARTESIAN_POINT('',(-0.,-0.35));
#861 = VECTOR('',#862,1.);
#862 = DIRECTION('',(-1.,-0.));
#863 = ( GEOMETRIC_REPRESENTATION_CONTEXT(2) 
PARAMETRIC_REPRESENTATION_CONTEXT() REPRESENTATION_CONTEXT('2D SPACE',''
  ) );
#864 = PCURVE('',#865,#870);
#865 = CONICAL_SURFACE('',#866,1.57062,0.88689834824);
#866 = AXIS2_PLACEMENT_3D('',#867,#868,#869);
#867 = CARTESIAN_POINT('',(0.,0.,4.9));
#868 = DIRECTION('',(0.,0.,1.));
#869 = DIRECTION('',(1.,0.,-0.));
#870 = DEFINITIONAL_REPRESENTATION('',(#871),#875);
#871 = LINE('',#872,#873);
#872 = CARTESIAN_POINT('',(0.,0.));
#873 = VECTOR('',#874,1.);
#874 = DIRECTION('',(1.,0.));
#875 = ( GEOMETRIC_REPRESENTATION_CONTEXT(2) 
PARAMETRIC_REPRESENTATION_CONTEXT() REPRESENTATION_CONTEXT('2D SPACE',''
  ) );
#876 = ORIENTED_EDGE('',*,*,#827,.F.);
#877 = ADVANCED_FACE('',(#878),#865,.T.);
#878 = FACE_BOUND('',#879,.T.);
#879 = EDGE_LOOP('',(#880,#881,#904,#931));
#880 = ORIENTED_EDGE('',*,*,#850,.T.);
#881 = ORIENTED_EDGE('',*,*,#882,.T.);
#882 = EDGE_CURVE('',#828,#883,#885,.T.);
#883 = VERTEX_POINT('',#884);
#884 = CARTESIAN_POINT('',(2.,0.,5.25));
#885 = SEAM_CURVE('',#886,(#890,#897),.PCURVE_S1.);
#886 = LINE('',#887,#888);
#887 = CARTESIAN_POINT('',(1.57062,0.,4.9));
#888 = VECTOR('',#889,1.);
#889 = DIRECTION('',(0.77511579593,0.,0.631819201117));
#890 = PCURVE('',#865,#891);
#891 = DEFINITIONAL_REPRESENTATION('',(#892),#896);
#892 = LINE('',#893,#894);
#893 = CARTESIAN_POINT('',(0.,0.));
#894 = VECTOR('',#895,1.);
#895 = DIRECTION('',(0.,1.));
#896 = ( GEOMETRIC_REPRESENTATION_CONTEXT(2) 
PARAMETRIC_REPRESENTATION_CONTEXT() REPRESENTATION_CONTEXT('2D SPACE',''
  ) );
#897 = PCURVE('',#865,#898);
#898 = DEFINITIONAL_REPRESENTATION('',(#899),#903);
#899 = LINE('',#900,#901);
#900 = CARTESIAN_POINT('',(6.28318530718,0.));
#901 = VECTOR('',#902,1.);
#902 = DIRECTION('',(0.,1.));
#903 = ( GEOMETRIC_REPRESENTATION_CONTEXT(2) 
PARAMETRIC_REPRESENTATION_CONTEXT() REPRESENTATION_CONTEXT('2D SPACE',''
  ) );
#904 = ORIENTED_EDGE('',*,*,#905,.F.);
#905 = EDGE_CURVE('',#883,#883,#906,.T.);
#906 = SURFACE_CURVE('',#907,(#912,#919),.PCURVE_S1.);
#907 = CIRCLE('',#908,2.);
#908 = AXIS2_PLACEMENT_3D('',#909,#910,#911);
#909 = CARTESIAN_POINT('',(0.,0.,5.25));
#910 = DIRECTION('',(0.,0.,1.));
#911 = DIRECTION('',(1.,0.,-0.));
#912 = PCURVE('',#865,#913);
#913 = DEFINITIONAL_REPRESENTATION('',(#914),#918);
#914 = LINE('',#915,#916);
#915 = CARTESIAN_POINT('',(0.,0.35));
#916 = VECTOR('',#917,1.);
#917 = DIRECTION('',(1.,0.));
#918 = ( GEOMETRIC_REPRESENTATION_CONTEXT(2) 
PARAMETRIC_REPRESENTATION_CONTEXT() REPRESENTATION_CONTEXT('2D SPACE',''
  ) );
#919 = PCURVE('',#920,#925);
#920 = CONICAL_SURFACE('',#921,2.,0.88689834824);
#921 = AXIS2_PLACEMENT_3D('',#922,#923,#924);
#922 = CARTESIAN_POINT('',(0.,0.,5.25));
#923 = DIRECTION('',(-0.,-0.,-1.));
#924 = DIRECTION('',(1.,0.,-0.));
#925 = DEFINITIONAL_REPRESENTATION('',(#926),#930);
#926 = LINE('',#927,#928);
#927 = CARTESIAN_POINT('',(-0.,-0.));
#928 = VECTOR('',#929,1.);
#929 = DIRECTION('',(-1.,-0.));
#930 = ( GEOMETRIC_REPRESENTATION_CONTEXT(2) 
PARAMETRIC_REPRESENTATION_CONTEXT() REPRESENTATION_CONTEXT('2D SPACE',''
  ) );
#931 = ORIENTED_EDGE('',*,*,#882,.F.);
#932 = ADVANCED_FACE('',(#933),#920,.T.);
#933 = FACE_BOUND('',#934,.T.);
#934 = EDGE_LOOP('',(#935,#936,#959,#986));
#935 = ORIENTED_EDGE('',*,*,#905,.T.);
#936 = ORIENTED_EDGE('',*,*,#937,.T.);
#937 = EDGE_CURVE('',#883,#938,#940,.T.);
#938 = VERTEX_POINT('',#939);
#939 = CARTESIAN_POINT('',(1.57062,0.,5.6));
#940 = SEAM_CURVE('',#941,(#945,#952),.PCURVE_S1.);
#941 = LINE('',#942,#943);
#942 = CARTESIAN_POINT('',(2.,0.,5.25));
#943 = VECTOR('',#944,1.);
#944 = DIRECTION('',(-0.77511579593,0.,0.631819201117));
#945 = PCURVE('',#920,#946);
#946 = DEFINITIONAL_REPRESENTATION('',(#947),#951);
#947 = LINE('',#948,#949);
#948 = CARTESIAN_POINT('',(-0.,-0.));
#949 = VECTOR('',#950,1.);
#950 = DIRECTION('',(-0.,-1.));
#951 = ( GEOMETRIC_REPRESENTATION_CONTEXT(2) 
PARAMETRIC_REPRESENTATION_CONTEXT() REPRESENTATION_CONTEXT('2D SPACE',''
  ) );
#952 = PCURVE('',#920,#953);
#953 = DEFINITIONAL_REPRESENTATION('',(#954),#958);
#954 = LINE('',#955,#956);
#955 = CARTESIAN_POINT('',(-6.28318530718,-0.));
#956 = VECTOR('',#957,1.);
#957 = DIRECTION('',(-0.,-1.));
#958 = ( GEOMETRIC_REPRESENTATION_CONTEXT(2) 
PARAMETRIC_REPRESENTATION_CONTEXT() REPRESENTATION_CONTEXT('2D SPACE',''
  ) );
#959 = ORIENTED_EDGE('',*,*,#960,.F.);
#960 = EDGE_CURVE('',#938,#938,#961,.T.);
#961 = SURFACE_CURVE('',#962,(#967,#974),.PCURVE_S1.);
#962 = CIRCLE('',#963,1.57062);
#963 = AXIS2_PLACEMENT_3D('',#964,#965,#966);
#964 = CARTESIAN_POINT('',(0.,0.,5.6));
#965 = DIRECTION('',(0.,0.,1.));
#966 = DIRECTION('',(1.,0.,-0.));
#967 = PCURVE('',#920,#968);
#968 = DEFINITIONAL_REPRESENTATION('',(#969),#973);
#969 = LINE('',#970,#971);
#970 = CARTESIAN_POINT('',(-0.,-0.35));
#971 = VECTOR('',#972,1.);
#972 = DIRECTION('',(-1.,-0.));
#973 = ( GEOMETRIC_REPRESENTATION_CONTEXT(2) 
PARAMETRIC_REPRESENTATION_CONTEXT() REPRESENTATION_CONTEXT('2D SPACE',''
  ) );
#974 = PCURVE('',#975,#980);
#975 = CONICAL_SURFACE('',#976,1.57062,0.88689834824);
#976 = AXIS2_PLACEMENT_3D('',#977,#978,#979);
#977 = CARTESIAN_POINT('',(0.,0.,5.6));
#978 = DIRECTION('',(0.,0.,1.));
#979 = DIRECTION('',(1.,0.,-0.));
#980 = DEFINITIONAL_REPRESENTATION('',(#981),#985);
#981 = LINE('',#982,#983);
#982 = CARTESIAN_POINT('',(0.,0.));
#983 = VECTOR('',#984,1.);
#984 = DIRECTION('',(1.,0.));
#985 = ( GEOMETRIC_REPRESENTATION_CONTEXT(2) 
PARAMETRIC_REPRESENTATION_CONTEXT() REPRESENTATION_CONTEXT('2D SPACE',''
  ) );
#986 = ORIENTED_EDGE('',*,*,#937,.F.);
#987 = ADVANCED_FACE('',(#988),#975,.T.);
#988 = FACE_BOUND('',#989,.T.);
#989 = EDGE_LOOP('',(#990,#991,#1014,#1041));
#990 = ORIENTED_EDGE('',*,*,#960,.T.);
#991 = ORIENTED_EDGE('',*,*,#992,.T.);
#992 = EDGE_CURVE('',#938,#993,#995,.T.);
#993 = VERTEX_POINT('',#994);
#994 = CARTESIAN_POINT('',(2.,0.,5.95));
#995 = SEAM_CURVE('',#996,(#1000,#1007),.PCURVE_S1.);
#996 = LINE('',#997,#998);
#997 = CARTESIAN_POINT('',(1.57062,0.,5.6));
#998 = VECTOR('',#999,1.);
#999 = DIRECTION('',(0.77511579593,0.,0.631819201117));
#1000 = PCURVE('',#975,#1001);
#1001 = DEFINITIONAL_REPRESENTATION('',(#1002),#1006);
#1002 = LINE('',#1003,#1004);
#1003 = CARTESIAN_POINT('',(0.,0.));
#1004 = VECTOR('',#1005,1.);
#1005 = DIRECTION('',(0.,1.));
#1006 = ( GEOMETRIC_REPRESENTATION_CONTEXT(2) 
PARAMETRIC_REPRESENTATION_CONTEXT() REPRESENTATION_CONTEXT('2D SPACE',''
  ) );
#1007 = PCURVE('',#975,#1008);
#1008 = DEFINITIONAL_REPRESENTATION('',(#1009),#1013);
#1009 = LINE('',#1010,#1011);
#1010 = CARTESIAN_POINT('',(6.28318530718,0.));
#1011 = VECTOR('',#1012,1.);
#1012 = DIRECTION('',(0.,1.));
#1013 = ( GEOMETRIC_REPRESENTATION_CONTEXT(2) 
PARAMETRIC_REPRESENTATION_CONTEXT() REPRESENTATION_CONTEXT('2D SPACE',''
  ) );
#1014 = ORIENTED_EDGE('',*,*,#1015,.F.);
#1015 = EDGE_CURVE('',#993,#993,#1016,.T.);
#1016 = SURFACE_CURVE('',#1017,(#1022,#1029),.PCURVE_S1.);
#1017 = CIRCLE('',#1018,2.);
#1018 = AXIS2_PLACEMENT_3D('',#1019,#1020,#1021);
#1019 = CARTESIAN_POINT('',(0.,0.,5.95));
#1020 = DIRECTION('',(0.,0.,1.));
#1021 = DIRECTION('',(1.,0.,-0.));
#1022 = PCURVE('',#975,#1023);
#1023 = DEFINITIONAL_REPRESENTATION('',(#1024),#1028);
#1024 = LINE('',#1025,#1026);
#1025 = CARTESIAN_POINT('',(0.,0.35));
#1026 = VECTOR('',#1027,1.);
#1027 = DIRECTION('',(1.,0.));
#1028 = ( GEOMETRIC_REPRESENTATION_CONTEXT(2) 
PARAMETRIC_REPRESENTATION_CONTEXT() REPRESENTATION_CONTEXT('2D SPACE',''
  ) );
#1029 = PCURVE('',#1030,#1035);
#1030 = CONICAL_SURFACE('',#1031,2.,0.88689834824);
#1031 = AXIS2_PLACEMENT_3D('',#1032,#1033,#1034);
#1032 = CARTESIAN_POINT('',(0.,0.,5.95));
#1033 = DIRECTION('',(-0.,-0.,-1.));
#1034 = DIRECTION('',(1.,0.,-0.));
#1035 = DEFINITIONAL_REPRESENTATION('',(#1036),#1040);
#1036 = LINE('',#1037,#1038);
#1037 = CARTESIAN_POINT('',(-0.,-0.));
#1038 = VECTOR('',#1039,1.);
#1039 = DIRECTION('',(-1.,-0.));
#1040 = ( GEOMETRIC_REPRESENTATION_CONTEXT(2) 
PARAMETRIC_REPRESENTATION_CONTEXT() REPRESENTATION_CONTEXT('2D SPACE',''
  ) );
#1041 = ORIENTED_EDGE('',*,*,#992,.F.);
#1042 = ADVANCED_FACE('',(#1043),#1030,.T.);
#1043 = FACE_BOUND('',#1044,.T.);
#1044 = EDGE_LOOP('',(#1045,#1046,#1069,#1096));
#1045 = ORIENTED_EDGE('',*,*,#1015,.T.);
#1046 = ORIENTED_EDGE('',*,*,#1047,.T.);
#1047 = EDGE_CURVE('',#993,#1048,#1050,.T.);
#1048 = VERTEX_POINT('',#1049);
#1049 = CARTESIAN_POINT('',(1.57062,0.,6.3));
#1050 = SEAM_CURVE('',#1051,(#1055,#1062),.PCURVE_S1.);
#1051 = LINE('',#1052,#1053);
#1052 = CARTESIAN_POINT('',(2.,0.,5.95));
#1053 = VECTOR('',#1054,1.);
#1054 = DIRECTION('',(-0.77511579593,0.,0.631819201117));
#1055 = PCURVE('',#1030,#1056);
#1056 = DEFINITIONAL_REPRESENTATION('',(#1057),#1061);
#1057 = LINE('',#1058,#1059);
#1058 = CARTESIAN_POINT('',(-0.,-0.));
#1059 = VECTOR('',#1060,1.);
#1060 = DIRECTION('',(-0.,-1.));
#1061 = ( GEOMETRIC_REPRESENTATION_CONTEXT(2) 
PARAMETRIC_REPRESENTATION_CONTEXT() REPRESENTATION_CONTEXT('2D SPACE',''
  ) );
#1062 = PCURVE('',#1030,#1063);
#1063 = DEFINITIONAL_REPRESENTATION('',(#1064),#1068);
#1064 = LINE('',#1065,#1066);
#1065 = CARTESIAN_POINT('',(-6.28318530718,-0.));
#1066 = VECTOR('',#1067,1.);
#1067 = DIRECTION('',(-0.,-1.));
#1068 = ( GEOMETRIC_REPRESENTATION_CONTEXT(2) 
PARAMETRIC_REPRESENTATION_CONTEXT() REPRESENTATION_CONTEXT('2D SPACE',''
  ) );
#1069 = ORIENTED_EDGE('',*,*,#1070,.F.);
#1070 = EDGE_CURVE('',#1048,#1048,#1071,.T.);
#1071 = SURFACE_CURVE('',#1072,(#1077,#1084),.PCURVE_S1.);
#1072 = CIRCLE('',#1073,1.57062);
#1073 = AXIS2_PLACEMENT_3D('',#1074,#1075,#1076);
#1074 = CARTESIAN_POINT('',(0.,0.,6.3));
#1075 = DIRECTION('',(0.,0.,1.));
#1076 = DIRECTION('',(1.,0.,-0.));
#1077 = PCURVE('',#1030,#1078);
#1078 = DEFINITIONAL_REPRESENTATION('',(#1079),#1083);
#1079 = LINE('',#1080,#1081);
#1080 = CARTESIAN_POINT('',(-0.,-0.35));
#1081 = VECTOR('',#1082,1.);
#1082 = DIRECTION('',(-1.,-0.));
#1083 = ( GEOMETRIC_REPRESENTATION_CONTEXT(2) 
PARAMETRIC_REPRESENTATION_CONTEXT() REPRESENTATION_CONTEXT('2D SPACE',''
  ) );
#1084 = PCURVE('',#1085,#1090);
#1085 = CONICAL_SURFACE('',#1086,1.57062,0.88689834824);
#1086 = AXIS2_PLACEMENT_3D('',#1087,#1088,#1089);
#1087 = CARTESIAN_POINT('',(0.,0.,6.3));
#1088 = DIRECTION('',(0.,0.,1.));
#1089 = DIRECTION('',(1.,0.,-0.));
#1090 = DEFINITIONAL_REPRESENTATION('',(#1091),#1095);
#1091 = LINE('',#1092,#1093);
#1092 = CARTESIAN_POINT('',(0.,0.));
#1093 = VECTOR('',#1094,1.);
#1094 = DIRECTION('',(1.,0.));
#1095 = ( GEOMETRIC_REPRESENTATION_CONTEXT(2) 
PARAMETRIC_REPRESENTATION_CONTEXT() REPRESENTATION_CONTEXT('2D SPACE',''
  ) );
#1096 = ORIENTED_EDGE('',*,*,#1047,.F.);
#1097 = ADVANCED_FACE('',(#1098),#1085,.T.);
#1098 = FACE_BOUND('',#1099,.T.);
#1099 = EDGE_LOOP('',(#1100,#1101,#1124,#1151));
#1100 = ORIENTED_EDGE('',*,*,#1070,.T.);
#1101 = ORIENTED_EDGE('',*,*,#1102,.T.);
#1102 = EDGE_CURVE('',#1048,#1103,#1105,.T.);
#1103 = VERTEX_POINT('',#1104);
#1104 = CARTESIAN_POINT('',(2.,0.,6.65));
#1105 = SEAM_CURVE('',#1106,(#1110,#1117),.PCURVE_S1.);
#1106 = LINE('',#1107,#1108);
#1107 = CARTESIAN_POINT('',(1.57062,0.,6.3));
#1108 = VECTOR('',#1109,1.);
#1109 = DIRECTION('',(0.77511579593,0.,0.631819201117));
#1110 = PCURVE('',#1085,#1111);
#1111 = DEFINITIONAL_REPRESENTATION('',(#1112),#1116);
#1112 = LINE('',#1113,#1114);
#1113 = CARTESIAN_POINT('',(0.,0.));
#1114 = VECTOR('',#1115,1.);
#1115 = DIRECTION('',(0.,1.));
#1116 = ( GEOMETRIC_REPRESENTATION_CONTEXT(2) 
PARAMETRIC_REPRESENTATION_CONTEXT() REPRESENTATION_CONTEXT('2D SPACE',''
  ) );
#1117 = PCURVE('',#1085,#1118);
#1118 = DEFINITIONAL_REPRESENTATION('',(#1119),#1123);
#1119 = LINE('',#1120,#1121);
#1120 = CARTESIAN_POINT('',(6.28318530718,0.));
#1121 = VECTOR('',#1122,1.);
#1122 = DIRECTION('',(0.,1.));
#1123 = ( GEOMETRIC_REPRESENTATION_CONTEXT(2) 
PARAMETRIC_REPRESENTATION_CONTEXT() REPRESENTATION_CONTEXT('2D SPACE',''
  ) );
#1124 = ORIENTED_EDGE('',*,*,#1125,.F.);
#1125 = EDGE_CURVE('',#1103,#1103,#1126,.T.);
#1126 = SURFACE_CURVE('',#1127,(#1132,#1139),.PCURVE_S1.);
#1127 = CIRCLE('',#1128,2.);
#1128 = AXIS2_PLACEMENT_3D('',#1129,#1130,#1131);
#1129 = CARTESIAN_POINT('',(0.,0.,6.65));
#1130 = DIRECTION('',(0.,0.,1.));
#1131 = DIRECTION('',(1.,0.,-0.));
#1132 = PCURVE('',#1085,#1133);
#1133 = DEFINITIONAL_REPRESENTATION('',(#1134),#1138);
#1134 = LINE('',#1135,#1136);
#1135 = CARTESIAN_POINT('',(0.,0.35));
#1136 = VECTOR('',#1137,1.);
#1137 = DIRECTION('',(1.,0.));
#1138 = ( GEOMETRIC_REPRESENTATION_CONTEXT(2) 
PARAMETRIC_REPRESENTATION_CONTEXT() REPRESENTATION_CONTEXT('2D SPACE',''
  ) );
#1139 = PCURVE('',#1140,#1145);
#1140 = CONICAL_SURFACE('',#1141,2.,0.88689834824);
#1141 = AXIS2_PLACEMENT_3D('',#1142,#1143,#1144);
#1142 = CARTESIAN_POINT('',(0.,0.,6.65));
#1143 = DIRECTION('',(-0.,-0.,-1.));
#1144 = DIRECTION('',(1.,0.,-0.));
#1145 = DEFINITIONAL_REPRESENTATION('',(#1146),#1150);
#1146 = LINE('',#1147,#1148);
#1147 = CARTESIAN_POINT('',(-0.,-0.));
#1148 = VECTOR('',#1149,1.);
#1149 = DIRECTION('',(-1.,-0.));
#1150 = ( GEOMETRIC_REPRESENTATION_CONTEXT(2) 
PARAMETRIC_REPRESENTATION_CONTEXT() REPRESENTATION_CONTEXT('2D SPACE',''
  ) );
#1151 = ORIENTED_EDGE('',*,*,#1102,.F.);
#1152 = ADVANCED_FACE('',(#1153),#1140,.T.);
#1153 = FACE_BOUND('',#1154,.T.);
#1154 = EDGE_LOOP('',(#1155,#1156,#1179,#1206));
#1155 = ORIENTED_EDGE('',*,*,#1125,.T.);
#1156 = ORIENTED_EDGE('',*,*,#1157,.T.);
#1157 = EDGE_CURVE('',#1103,#1158,#1160,.T.);
#1158 = VERTEX_POINT('',#1159);
#1159 = CARTESIAN_POINT('',(1.57062,0.,7.));
#1160 = SEAM_CURVE('',#1161,(#1165,#1172),.PCURVE_S1.);
#1161 = LINE('',#1162,#1163);
#1162 = CARTESIAN_POINT('',(2.,0.,6.65));
#1163 = VECTOR('',#1164,1.);
#1164 = DIRECTION('',(-0.77511579593,0.,0.631819201117));
#1165 = PCURVE('',#1140,#1166);
#1166 = DEFINITIONAL_REPRESENTATION('',(#1167),#1171);
#1167 = LINE('',#1168,#1169);
#1168 = CARTESIAN_POINT('',(-0.,-0.));
#1169 = VECTOR('',#1170,1.);
#1170 = DIRECTION('',(-0.,-1.));
#1171 = ( GEOMETRIC_REPRESENTATION_CONTEXT(2) 
PARAMETRIC_REPRESENTATION_CONTEXT() REPRESENTATION_CONTEXT('2D SPACE',''
  ) );
#1172 = PCURVE('',#1140,#1173);
#1173 = DEFINITIONAL_REPRESENTATION('',(#1174),#1178);
#1174 = LINE('',#1175,#1176);
#1175 = CARTESIAN_POINT('',(-6.28318530718,-0.));
#1176 = VECTOR('',#1177,1.);
#1177 = DIRECTION('',(-0.,-1.));
#1178 = ( GEOMETRIC_REPRESENTATION_CONTEXT(2) 
PARAMETRIC_REPRESENTATION_CONTEXT() REPRESENTATION_CONTEXT('2D SPACE',''
  ) );
#1179 = ORIENTED_EDGE('',*,*,#1180,.F.);
#1180 = EDGE_CURVE('',#1158,#1158,#1181,.T.);
#1181 = SURFACE_CURVE('',#1182,(#1187,#1194),.PCURVE_S1.);
#1182 = CIRCLE('',#1183,1.57062);
#1183 = AXIS2_PLACEMENT_3D('',#1184,#1185,#1186);
#1184 = CARTESIAN_POINT('',(0.,0.,7.));
#1185 = DIRECTION('',(0.,0.,1.));
#1186 = DIRECTION('',(1.,0.,-0.));
#1187 = PCURVE('',#1140,#1188);
#1188 = DEFINITIONAL_REPRESENTATION('',(#1189),#1193);
#1189 = LINE('',#1190,#1191);
#1190 = CARTESIAN_POINT('',(-0.,-0.35));
#1191 = VECTOR('',#1192,1.);
#1192 = DIRECTION('',(-1.,-0.));
#1193 = ( GEOMETRIC_REPRESENTATION_CONTEXT(2) 
PARAMETRIC_REPRESENTATION_CONTEXT() REPRESENTATION_CONTEXT('2D SPACE',''
  ) );
#1194 = PCURVE('',#1195,#1200);
#1195 = CONICAL_SURFACE('',#1196,1.57062,0.88689834824);
#1196 = AXIS2_PLACEMENT_3D('',#1197,#1198,#1199);
#1197 = CARTESIAN_POINT('',(0.,0.,7.));
#1198 = DIRECTION('',(0.,0.,1.));
#1199 = DIRECTION('',(1.,0.,-0.));
#1200 = DEFINITIONAL_REPRESENTATION('',(#1201),#1205);
#1201 = LINE('',#1202,#1203);
#1202 = CARTESIAN_POINT('',(0.,0.));
#1203 = VECTOR('',#1204,1.);
#1204 = DIRECTION('',(1.,0.));
#1205 = ( GEOMETRIC_REPRESENTATION_CONTEXT(2) 
PARAMETRIC_REPRESENTATION_CONTEXT() REPRESENTATION_CONTEXT('2D SPACE',''
  ) );
#1206 = ORIENTED_EDGE('',*,*,#1157,.F.);
#1207 = ADVANCED_FACE('',(#1208),#1195,.T.);
#1208 = FACE_BOUND('',#1209,.T.);
#1209 = EDGE_LOOP('',(#1210,#1211,#1234,#1261));
#1210 = ORIENTED_EDGE('',*,*,#1180,.T.);
#1211 = ORIENTED_EDGE('',*,*,#1212,.T.);
#1212 = EDGE_CURVE('',#1158,#1213,#1215,.T.);
#1213 = VERTEX_POINT('',#1214);
#1214 = CARTESIAN_POINT('',(2.,0.,7.35));
#1215 = SEAM_CURVE('',#1216,(#1220,#1227),.PCURVE_S1.);
#1216 = LINE('',#1217,#1218);
#1217 = CARTESIAN_POINT('',(1.57062,0.,7.));
#1218 = VECTOR('',#1219,1.);
#1219 = DIRECTION('',(0.77511579593,0.,0.631819201117));
#1220 = PCURVE('',#1195,#1221);
#1221 = DEFINITIONAL_REPRESENTATION('',(#1222),#1226);
#1222 = LINE('',#1223,#1224);
#1223 = CARTESIAN_POINT('',(0.,0.));
#1224 = VECTOR('',#1225,1.);
#1225 = DIRECTION('',(0.,1.));
#1226 = ( GEOMETRIC_REPRESENTATION_CONTEXT(2) 
PARAMETRIC_REPRESENTATION_CONTEXT() REPRESENTATION_CONTEXT('2D SPACE',''
  ) );
#1227 = PCURVE('',#1195,#1228);
#1228 = DEFINITIONAL_REPRESENTATION('',(#1229),#1233);
#1229 = LINE('',#1230,#1231);
#1230 = CARTESIAN_POINT('',(6.28318530718,0.));
#1231 = VECTOR('',#1232,1.);
#1232 = DIRECTION('',(0.,1.));
#1233 = ( GEOMETRIC_REPRESENTATION_CONTEXT(2) 
PARAMETRIC_REPRESENTATION_CONTEXT() REPRESENTATION_CONTEXT('2D SPACE',''
  ) );
#1234 = ORIENTED_EDGE('',*,*,#1235,.F.);
#1235 = EDGE_CURVE('',#1213,#1213,#1236,.T.);
#1236 = SURFACE_CURVE('',#1237,(#1242,#1249),.PCURVE_S1.);
#1237 = CIRCLE('',#1238,2.);
#1238 = AXIS2_PLACEMENT_3D('',#1239,#1240,#1241);
#1239 = CARTESIAN_POINT('',(0.,0.,7.35));
#1240 = DIRECTION('',(0.,0.,1.));
#1241 = DIRECTION('',(1.,0.,-0.));
#1242 = PCURVE('',#1195,#1243);
#1243 = DEFINITIONAL_REPRESENTATION('',(#1244),#1248);
#1244 = LINE('',#1245,#1246);
#1245 = CARTESIAN_POINT('',(0.,0.35));
#1246 = VECTOR('',#1247,1.);
#1247 = DIRECTION('',(1.,0.));
#1248 = ( GEOMETRIC_REPRESENTATION_CONTEXT(2) 
PARAMETRIC_REPRESENTATION_CONTEXT() REPRESENTATION_CONTEXT('2D SPACE',''
  ) );
#1249 = PCURVE('',#1250,#1255);
#1250 = CONICAL_SURFACE('',#1251,2.,0.88689834824);
#1251 = AXIS2_PLACEMENT_3D('',#1252,#1253,#1254);
#1252 = CARTESIAN_POINT('',(0.,0.,7.35));
#1253 = DIRECTION('',(-0.,-0.,-1.));
#1254 = DIRECTION('',(1.,0.,-0.));
#1255 = DEFINITIONAL_REPRESENTATION('',(#1256),#1260);
#1256 = LINE('',#1257,#1258);
#1257 = CARTESIAN_POINT('',(-0.,-0.));
#1258 = VECTOR('',#1259,1.);
#1259 = DIRECTION('',(-1.,-0.));
#1260 = ( GEOMETRIC_REPRESENTATION_CONTEXT(2) 
PARAMETRIC_REPRESENTATION_CONTEXT() REPRESENTATION_CONTEXT('2D SPACE',''
  ) );
#1261 = ORIENTED_EDGE('',*,*,#1212,.F.);
#1262 = ADVANCED_FACE('',(#1263),#1250,.T.);
#1263 = FACE_BOUND('',#1264,.T.);
#1264 = EDGE_LOOP('',(#1265,#1266,#1289,#1316));
#1265 = ORIENTED_EDGE('',*,*,#1235,.T.);
#1266 = ORIENTED_EDGE('',*,*,#1267,.T.);
#1267 = EDGE_CURVE('',#1213,#1268,#1270,.T.);
#1268 = VERTEX_POINT('',#1269);
#1269 = CARTESIAN_POINT('',(1.57062,0.,7.7));
#1270 = SEAM_CURVE('',#1271,(#1275,#1282),.PCURVE_S1.);
#1271 = LINE('',#1272,#1273);
#1272 = CARTESIAN_POINT('',(2.,0.,7.35));
#1273 = VECTOR('',#1274,1.);
#1274 = DIRECTION('',(-0.77511579593,0.,0.631819201117));
#1275 = PCURVE('',#1250,#1276);
#1276 = DEFINITIONAL_REPRESENTATION('',(#1277),#1281);
#1277 = LINE('',#1278,#1279);
#1278 = CARTESIAN_POINT('',(-0.,-0.));
#1279 = VECTOR('',#1280,1.);
#1280 = DIRECTION('',(-0.,-1.));
#1281 = ( GEOMETRIC_REPRESENTATION_CONTEXT(2) 
PARAMETRIC_REPRESENTATION_CONTEXT() REPRESENTATION_CONTEXT('2D SPACE',''
  ) );
#1282 = PCURVE('',#1250,#1283);
#1283 = DEFINITIONAL_REPRESENTATION('',(#1284),#1288);
#1284 = LINE('',#1285,#1286);
#1285 = CARTESIAN_POINT('',(-6.28318530718,-0.));
#1286 = VECTOR('',#1287,1.);
#1287 = DIRECTION('',(-0.,-1.));
#1288 = ( GEOMETRIC_REPRESENTATION_CONTEXT(2) 
PARAMETRIC_REPRESENTATION_CONTEXT() REPRESENTATION_CONTEXT('2D SPACE',''
  ) );
#1289 = ORIENTED_EDGE('',*,*,#1290,.F.);
#1290 = EDGE_CURVE('',#1268,#1268,#1291,.T.);
#1291 = SURFACE_CURVE('',#1292,(#1297,#1304),.PCURVE_S1.);
#1292 = CIRCLE('',#1293,1.57062);
#1293 = AXIS2_PLACEMENT_3D('',#1294,#1295,#1296);
#1294 = CARTESIAN_POINT('',(0.,0.,7.7));
#1295 = DIRECTION('',(0.,0.,1.));
#1296 = DIRECTION('',(1.,0.,-0.));
#1297 = PCURVE('',#1250,#1298);
#1298 = DEFINITIONAL_REPRESENTATION('',(#1299),#1303);
#1299 = LINE('',#1300,#1301);
#1300 = CARTESIAN_POINT('',(-0.,-0.35));
#1301 = VECTOR('',#1302,1.);
#1302 = DIRECTION('',(-1.,-0.));
#1303 = ( GEOMETRIC_REPRESENTATION_CONTEXT(2) 
PARAMETRIC_REPRESENTATION_CONTEXT() REPRESENTATION_CONTEXT('2D SPACE',''
  ) );
#1304 = PCURVE('',#1305,#1310);
#1305 = CONICAL_SURFACE('',#1306,1.57062,0.88689834824);
#1306 = AXIS2_PLACEMENT_3D('',#1307,#1308,#1309);
#1307 = CARTESIAN_POINT('',(0.,0.,7.7));
#1308 = DIRECTION('',(0.,0.,1.));
#1309 = DIRECTION('',(1.,0.,-0.));
#1310 = DEFINITIONAL_REPRESENTATION('',(#1311),#1315);
#1311 = LINE('',#1312,#1313);
#1312 = CARTESIAN_POINT('',(0.,0.));
#1313 = VECTOR('',#1314,1.);
#1314 = DIRECTION('',(1.,0.));
#1315 = ( GEOMETRIC_REPRESENTATION_CONTEXT(2) 
PARAMETRIC_REPRESENTATION_CONTEXT() REPRESENTATION_CONTEXT('2D SPACE',''
  ) );
#1316 = ORIENTED_EDGE('',*,*,#1267,.F.);
#1317 = ADVANCED_FACE('',(#1318),#1305,.T.);
#1318 = FACE_BOUND('',#1319,.T.);
#1319 = EDGE_LOOP('',(#1320,#1321,#1344,#1371));
#1320 = ORIENTED_EDGE('',*,*,#1290,.T.);
#1321 = ORIENTED_EDGE('',*,*,#1322,.T.);
#1322 = EDGE_CURVE('',#1268,#1323,#1325,.T.);
#1323 = VERTEX_POINT('',#1324);
#1324 = CARTESIAN_POINT('',(2.,0.,8.05));
#1325 = SEAM_CURVE('',#1326,(#1330,#1337),.PCURVE_S1.);
#1326 = LINE('',#1327,#1328);
#1327 = CARTESIAN_POINT('',(1.57062,0.,7.7));
#1328 = VECTOR('',#1329,1.);
#1329 = DIRECTION('',(0.77511579593,0.,0.631819201117));
#1330 = PCURVE('',#1305,#1331);
#1331 = DEFINITIONAL_REPRESENTATION('',(#1332),#1336);
#1332 = LINE('',#1333,#1334);
#1333 = CARTESIAN_POINT('',(0.,0.));
#1334 = VECTOR('',#1335,1.);
#1335 = DIRECTION('',(0.,1.));
#1336 = ( GEOMETRIC_REPRESENTATION_CONTEXT(2) 
PARAMETRIC_REPRESENTATION_CONTEXT() REPRESENTATION_CONTEXT('2D SPACE',''
  ) );
#1337 = PCURVE('',#1305,#1338);
#1338 = DEFINITIONAL_REPRESENTATION('',(#1339),#1343);
#1339 = LINE('',#1340,#1341);
#1340 = CARTESIAN_POINT('',(6.28318530718,0.));
#1341 = VECTOR('',#1342,1.);
#1342 = DIRECTION('',(0.,1.));
#1343 = ( GEOMETRIC_REPRESENTATION_CONTEXT(2) 
PARAMETRIC_REPRESENTATION_CONTEXT() REPRESENTATION_CONTEXT('2D SPACE',''
  ) );
#1344 = ORIENTED_EDGE('',*,*,#1345,.F.);
#1345 = EDGE_CURVE('',#1323,#1323,#1346,.T.);
#1346 = SURFACE_CURVE('',#1347,(#1352,#1359),.PCURVE_S1.);
#1347 = CIRCLE('',#1348,2.);
#1348 = AXIS2_PLACEMENT_3D('',#1349,#1350,#1351);
#1349 = CARTESIAN_POINT('',(0.,0.,8.05));
#1350 = DIRECTION('',(0.,0.,1.));
#1351 = DIRECTION('',(1.,0.,-0.));
#1352 = PCURVE('',#1305,#1353);
#1353 = DEFINITIONAL_REPRESENTATION('',(#1354),#1358);
#1354 = LINE('',#1355,#1356);
#1355 = CARTESIAN_POINT('',(0.,0.35));
#1356 = VECTOR('',#1357,1.);
#1357 = DIRECTION('',(1.,0.));
#1358 = ( GEOMETRIC_REPRESENTATION_CONTEXT(2) 
PARAMETRIC_REPRESENTATION_CONTEXT() REPRESENTATION_CONTEXT('2D SPACE',''
  ) );
#1359 = PCURVE('',#1360,#1365);
#1360 = CONICAL_SURFACE('',#1361,2.,0.88689834824);
#1361 = AXIS2_PLACEMENT_3D('',#1362,#1363,#1364);
#1362 = CARTESIAN_POINT('',(0.,0.,8.05));
#1363 = DIRECTION('',(-0.,-0.,-1.));
#1364 = DIRECTION('',(1.,0.,-0.));
#1365 = DEFINITIONAL_REPRESENTATION('',(#1366),#1370);
#1366 = LINE('',#1367,#1368);
#1367 = CARTESIAN_POINT('',(-0.,-0.));
#1368 = VECTOR('',#1369,1.);
#1369 = DIRECTION('',(-1.,-0.));
#1370 = ( GEOMETRIC_REPRESENTATION_CONTEXT(2) 
PARAMETRIC_REPRESENTATION_CONTEXT() REPRESENTATION_CONTEXT('2D SPACE',''
  ) );
#1371 = ORIENTED_EDGE('',*,*,#1322,.F.);
#1372 = ADVANCED_FACE('',(#1373),#1360,.T.);
#1373 = FACE_BOUND('',#1374,.T.);
#1374 = EDGE_LOOP('',(#1375,#1376,#1399,#1426));
#1375 = ORIENTED_EDGE('',*,*,#1345,.T.);
#1376 = ORIENTED_EDGE('',*,*,#1377,.T.);
#1377 = EDGE_CURVE('',#1323,#1378,#1380,.T.);
#1378 = VERTEX_POINT('',#1379);
#1379 = CARTESIAN_POINT('',(1.57062,0.,8.4));
#1380 = SEAM_CURVE('',#1381,(#1385,#1392),.PCURVE_S1.);
#1381 = LINE('',#1382,#1383);
#1382 = CARTESIAN_POINT('',(2.,0.,8.05));
#1383 = VECTOR('',#1384,1.);
#1384 = DIRECTION('',(-0.77511579593,0.,0.631819201117));
#1385 = PCURVE('',#1360,#1386);
#1386 = DEFINITIONAL_REPRESENTATION('',(#1387),#1391);
#1387 = LINE('',#1388,#1389);
#1388 = CARTESIAN_POINT('',(-0.,-0.));
#1389 = VECTOR('',#1390,1.);
#1390 = DIRECTION('',(-0.,-1.));
#1391 = ( GEOMETRIC_REPRESENTATION_CONTEXT(2) 
PARAMETRIC_REPRESENTATION_CONTEXT() REPRESENTATION_CONTEXT('2D SPACE',''
  ) );
#1392 = PCURVE('',#1360,#1393);
#1393 = DEFINITIONAL_REPRESENTATION('',(#1394),#1398);
#1394 = LINE('',#1395,#1396);
#1395 = CARTESIAN_POINT('',(-6.28318530718,-0.));
#1396 = VECTOR('',#1397,1.);
#1397 = DIRECTION('',(-0.,-1.));
#1398 = ( GEOMETRIC_REPRESENTATION_CONTEXT(2) 
PARAMETRIC_REPRESENTATION_CONTEXT() REPRESENTATION_CONTEXT('2D SPACE',''
  ) );
#1399 = ORIENTED_EDGE('',*,*,#1400,.F.);
#1400 = EDGE_CURVE('',#1378,#1378,#1401,.T.);
#1401 = SURFACE_CURVE('',#1402,(#1407,#1414),.PCURVE_S1.);
#1402 = CIRCLE('',#1403,1.57062);
#1403 = AXIS2_PLACEMENT_3D('',#1404,#1405,#1406);
#1404 = CARTESIAN_POINT('',(0.,0.,8.4));
#1405 = DIRECTION('',(0.,0.,1.));
#1406 = DIRECTION('',(1.,0.,-0.));
#1407 = PCURVE('',#1360,#1408);
#1408 = DEFINITIONAL_REPRESENTATION('',(#1409),#1413);
#1409 = LINE('',#1410,#1411);
#1410 = CARTESIAN_POINT('',(-0.,-0.35));
#1411 = VECTOR('',#1412,1.);
#1412 = DIRECTION('',(-1.,-0.));
#1413 = ( GEOMETRIC_REPRESENTATION_CONTEXT(2) 
PARAMETRIC_REPRESENTATION_CONTEXT() REPRESENTATION_CONTEXT('2D SPACE',''
  ) );
#1414 = PCURVE('',#1415,#1420);
#1415 = CONICAL_SURFACE('',#1416,1.57062,0.88689834824);
#1416 = AXIS2_PLACEMENT_3D('',#1417,#1418,#1419);
#1417 = CARTESIAN_POINT('',(0.,0.,8.4));
#1418 = DIRECTION('',(0.,0.,1.));
#1419 = DIRECTION('',(1.,0.,-0.));
#1420 = DEFINITIONAL_REPRESENTATION('',(#1421),#1425);
#1421 = LINE('',#1422,#1423);
#1422 = CARTESIAN_POINT('',(0.,0.));
#1423 = VECTOR('',#1424,1.);
#1424 = DIRECTION('',(1.,0.));
#1425 = ( GEOMETRIC_REPRESENTATION_CONTEXT(2) 
PARAMETRIC_REPRESENTATION_CONTEXT() REPRESENTATION_CONTEXT('2D SPACE',''
  ) );
#1426 = ORIENTED_EDGE('',*,*,#1377,.F.);
#1427 = ADVANCED_FACE('',(#1428),#1415,.T.);
#1428 = FACE_BOUND('',#1429,.T.);
#1429 = EDGE_LOOP('',(#1430,#1431,#1454,#1481));
#1430 = ORIENTED_EDGE('',*,*,#1400,.T.);
#1431 = ORIENTED_EDGE('',*,*,#1432,.T.);
#1432 = EDGE_CURVE('',#1378,#1433,#1435,.T.);
#1433 = VERTEX_POINT('',#1434);
#1434 = CARTESIAN_POINT('',(2.,0.,8.75));
#1435 = SEAM_CURVE('',#1436,(#1440,#1447),.PCURVE_S1.);
#1436 = LINE('',#1437,#1438);
#1437 = CARTESIAN_POINT('',(1.57062,0.,8.4));
#1438 = VECTOR('',#1439,1.);
#1439 = DIRECTION('',(0.77511579593,0.,0.631819201117));
#1440 = PCURVE('',#1415,#1441);
#1441 = DEFINITIONAL_REPRESENTATION('',(#1442),#1446);
#1442 = LINE('',#1443,#1444);
#1443 = CARTESIAN_POINT('',(0.,0.));
#1444 = VECTOR('',#1445,1.);
#1445 = DIRECTION('',(0.,1.));
#1446 = ( GEOMETRIC_REPRESENTATION_CONTEXT(2) 
PARAMETRIC_REPRESENTATION_CONTEXT() REPRESENTATION_CONTEXT('2D SPACE',''
  ) );
#1447 = PCURVE('',#1415,#1448);
#1448 = DEFINITIONAL_REPRESENTATION('',(#1449),#1453);
#1449 = LINE('',#1450,#1451);
#1450 = CARTESIAN_POINT('',(6.28318530718,0.));
#1451 = VECTOR('',#1452,1.);
#1452 = DIRECTION('',(0.,1.));
#1453 = ( GEOMETRIC_REPRESENTATION_CONTEXT(2) 
PARAMETRIC_REPRESENTATION_CONTEXT() REPRESENTATION_CONTEXT('2D SPACE',''
  ) );
#1454 = ORIENTED_EDGE('',*,*,#1455,.F.);
#1455 = EDGE_CURVE('',#1433,#1433,#1456,.T.);
#1456 = SURFACE_CURVE('',#1457,(#1462,#1469),.PCURVE_S1.);
#1457 = CIRCLE('',#1458,2.);
#1458 = AXIS2_PLACEMENT_3D('',#1459,#1460,#1461);
#1459 = CARTESIAN_POINT('',(0.,0.,8.75));
#1460 = DIRECTION('',(0.,0.,1.));
#1461 = DIRECTION('',(1.,0.,-0.));
#1462 = PCURVE('',#1415,#1463);
#1463 = DEFINITIONAL_REPRESENTATION('',(#1464),#1468);
#1464 = LINE('',#1465,#1466);
#1465 = CARTESIAN_POINT('',(0.,0.35));
#1466 = VECTOR('',#1467,1.);
#1467 = DIRECTION('',(1.,0.));
#1468 = ( GEOMETRIC_REPRESENTATION_CONTEXT(2) 
PARAMETRIC_REPRESENTATION_CONTEXT() REPRESENTATION_CONTEXT('2D SPACE',''
  ) );
#1469 = PCURVE('',#1470,#1475);
#1470 = CONICAL_SURFACE('',#1471,2.,0.88689834824);
#1471 = AXIS2_PLACEMENT_3D('',#1472,#1473,#1474);
#1472 = CARTESIAN_POINT('',(0.,0.,8.75));
#1473 = DIRECTION('',(-0.,-0.,-1.));
#1474 = DIRECTION('',(1.,0.,-0.));
#1475 = DEFINITIONAL_REPRESENTATION('',(#1476),#1480);
#1476 = LINE('',#1477,#1478);
#1477 = CARTESIAN_POINT('',(-0.,-0.));
#1478 = VECTOR('',#1479,1.);
#1479 = DIRECTION('',(-1.,-0.));
#1480 = ( GEOMETRIC_REPRESENTATION_CONTEXT(2) 
PARAMETRIC_REPRESENTATION_CONTEXT() REPRESENTATION_CONTEXT('2D SPACE',''
  ) );
#1481 = ORIENTED_EDGE('',*,*,#1432,.F.);
#1482 = ADVANCED_FACE('',(#1483),#1470,.T.);
#1483 = FACE_BOUND('',#1484,.T.);
#1484 = EDGE_LOOP('',(#1485,#1486,#1509,#1536));
#1485 = ORIENTED_EDGE('',*,*,#1455,.T.);
#1486 = ORIENTED_EDGE('',*,*,#1487,.T.);
#1487 = EDGE_CURVE('',#1433,#1488,#1490,.T.);
#1488 = VERTEX_POINT('',#1489);
#1489 = CARTESIAN_POINT('',(1.57062,0.,9.1));
#1490 = SEAM_CURVE('',#1491,(#1495,#1502),.PCURVE_S1.);
#1491 = LINE('',#1492,#1493);
#1492 = CARTESIAN_POINT('',(2.,0.,8.75));
#1493 = VECTOR('',#1494,1.);
#1494 = DIRECTION('',(-0.77511579593,0.,0.631819201117));
#1495 = PCURVE('',#1470,#1496);
#1496 = DEFINITIONAL_REPRESENTATION('',(#1497),#1501);
#1497 = LINE('',#1498,#1499);
#1498 = CARTESIAN_POINT('',(-0.,-0.));
#1499 = VECTOR('',#1500,1.);
#1500 = DIRECTION('',(-0.,-1.));
#1501 = ( GEOMETRIC_REPRESENTATION_CONTEXT(2) 
PARAMETRIC_REPRESENTATION_CONTEXT() REPRESENTATION_CONTEXT('2D SPACE',''
  ) );
#1502 = PCURVE('',#1470,#1503);
#1503 = DEFINITIONAL_REPRESENTATION('',(#1504),#1508);
#1504 = LINE('',#1505,#1506);
#1505 = CARTESIAN_POINT('',(-6.28318530718,-0.));
#1506 = VECTOR('',#1507,1.);
#1507 = DIRECTION('',(-0.,-1.));
#1508 = ( GEOMETRIC_REPRESENTATION_CONTEXT(2) 
PARAMETRIC_REPRESENTATION_CONTEXT() REPRESENTATION_CONTEXT('2D SPACE',''
  ) );
#1509 = ORIENTED_EDGE('',*,*,#1510,.F.);
#1510 = EDGE_CURVE('',#1488,#1488,#1511,.T.);
#1511 = SURFACE_CURVE('',#1512,(#1517,#1524),.PCURVE_S1.);
#1512 = CIRCLE('',#1513,1.57062);
#1513 = AXIS2_PLACEMENT_3D('',#1514,#1515,#1516);
#1514 = CARTESIAN_POINT('',(0.,0.,9.1));
#1515 = DIRECTION('',(0.,0.,1.));
#1516 = DIRECTION('',(1.,0.,-0.));
#1517 = PCURVE('',#1470,#1518);
#1518 = DEFINITIONAL_REPRESENTATION('',(#1519),#1523);
#1519 = LINE('',#1520,#1521);
#1520 = CARTESIAN_POINT('',(-0.,-0.35));
#1521 = VECTOR('',#1522,1.);
#1522 = DIRECTION('',(-1.,-0.));
#1523 = ( GEOMETRIC_REPRESENTATION_CONTEXT(2) 
PARAMETRIC_REPRESENTATION_CONTEXT() REPRESENTATION_CONTEXT('2D SPACE',''
  ) );
#1524 = PCURVE('',#1525,#1530);
#1525 = CONICAL_SURFACE('',#1526,1.57062,0.88689834824);
#1526 = AXIS2_PLACEMENT_3D('',#1527,#1528,#1529);
#1527 = CARTESIAN_POINT('',(0.,0.,9.1));
#1528 = DIRECTION('',(0.,0.,1.));
#1529 = DIRECTION('',(1.,0.,-0.));
#1530 = DEFINITIONAL_REPRESENTATION('',(#1531),#1535);
#1531 = LINE('',#1532,#1533);
#1532 = CARTESIAN_POINT('',(0.,0.));
#1533 = VECTOR('',#1534,1.);
#1534 = DIRECTION('',(1.,0.));
#1535 = ( GEOMETRIC_REPRESENTATION_CONTEXT(2) 
PARAMETRIC_REPRESENTATION_CONTEXT() REPRESENTATION_CONTEXT('2D SPACE',''
  ) );
#1536 = ORIENTED_EDGE('',*,*,#1487,.F.);
#1537 = ADVANCED_FACE('',(#1538),#1525,.T.);
#1538 = FACE_BOUND('',#1539,.T.);
#1539 = EDGE_LOOP('',(#1540,#1541,#1564,#1591));
#1540 = ORIENTED_EDGE('',*,*,#1510,.T.);
#1541 = ORIENTED_EDGE('',*,*,#1542,.T.);
#1542 = EDGE_CURVE('',#1488,#1543,#1545,.T.);
#1543 = VERTEX_POINT('',#1544);
#1544 = CARTESIAN_POINT('',(2.,0.,9.45));
#1545 = SEAM_CURVE('',#1546,(#1550,#1557),.PCURVE_S1.);
#1546 = LINE('',#1547,#1548);
#1547 = CARTESIAN_POINT('',(1.57062,0.,9.1));
#1548 = VECTOR('',#1549,1.);
#1549 = DIRECTION('',(0.77511579593,0.,0.631819201117));
#1550 = PCURVE('',#1525,#1551);
#1551 = DEFINITIONAL_REPRESENTATION('',(#1552),#1556);
#1552 = LINE('',#1553,#1554);
#1553 = CARTESIAN_POINT('',(0.,0.));
#1554 = VECTOR('',#1555,1.);
#1555 = DIRECTION('',(0.,1.));
#1556 = ( GEOMETRIC_REPRESENTATION_CONTEXT(2) 
PARAMETRIC_REPRESENTATION_CONTEXT() REPRESENTATION_CONTEXT('2D SPACE',''
  ) );
#1557 = PCURVE('',#1525,#1558);
#1558 = DEFINITIONAL_REPRESENTATION('',(#1559),#1563);
#1559 = LINE('',#1560,#1561);
#1560 = CARTESIAN_POINT('',(6.28318530718,0.));
#1561 = VECTOR('',#1562,1.);
#1562 = DIRECTION('',(0.,1.));
#1563 = ( GEOMETRIC_REPRESENTATION_CONTEXT(2) 
PARAMETRIC_REPRESENTATION_CONTEXT() REPRESENTATION_CONTEXT('2D SPACE',''
  ) );
#1564 = ORIENTED_EDGE('',*,*,#1565,.F.);
#1565 = EDGE_CURVE('',#1543,#1543,#1566,.T.);
#1566 = SURFACE_CURVE('',#1567,(#1572,#1579),.PCURVE_S1.);
#1567 = CIRCLE('',#1568,2.);
#1568 = AXIS2_PLACEMENT_3D('',#1569,#1570,#1571);
#1569 = CARTESIAN_POINT('',(0.,0.,9.45));
#1570 = DIRECTION('',(0.,0.,1.));
#1571 = DIRECTION('',(1.,0.,-0.));
#1572 = PCURVE('',#1525,#1573);
#1573 = DEFINITIONAL_REPRESENTATION('',(#1574),#1578);
#1574 = LINE('',#1575,#1576);
#1575 = CARTESIAN_POINT('',(0.,0.35));
#1576 = VECTOR('',#1577,1.);
#1577 = DIRECTION('',(1.,0.));
#1578 = ( GEOMETRIC_REPRESENTATION_CONTEXT(2) 
PARAMETRIC_REPRESENTATION_CONTEXT() REPRESENTATION_CONTEXT('2D SPACE',''
  ) );
#1579 = PCURVE('',#1580,#1585);
#1580 = CONICAL_SURFACE('',#1581,2.,0.88689834824);
#1581 = AXIS2_PLACEMENT_3D('',#1582,#1583,#1584);
#1582 = CARTESIAN_POINT('',(0.,0.,9.45));
#1583 = DIRECTION('',(-0.,-0.,-1.));
#1584 = DIRECTION('',(1.,0.,-0.));
#1585 = DEFINITIONAL_REPRESENTATION('',(#1586),#1590);
#1586 = LINE('',#1587,#1588);
#1587 = CARTESIAN_POINT('',(-0.,-0.));
#1588 = VECTOR('',#1589,1.);
#1589 = DIRECTION('',(-1.,-0.));
#1590 = ( GEOMETRIC_REPRESENTATION_CONTEXT(2) 
PARAMETRIC_REPRESENTATION_CONTEXT() REPRESENTATION_CONTEXT('2D SPACE',''
  ) );
#1591 = ORIENTED_EDGE('',*,*,#1542,.F.);
#1592 = ADVANCED_FACE('',(#1593),#1580,.T.);
#1593 = FACE_BOUND('',#1594,.T.);
#1594 = EDGE_LOOP('',(#1595,#1596,#1619,#1646));
#1595 = ORIENTED_EDGE('',*,*,#1565,.T.);
#1596 = ORIENTED_EDGE('',*,*,#1597,.T.);
#1597 = EDGE_CURVE('',#1543,#1598,#1600,.T.);
#1598 = VERTEX_POINT('',#1599);
#1599 = CARTESIAN_POINT('',(1.57062,0.,9.8));
#1600 = SEAM_CURVE('',#1601,(#1605,#1612),.PCURVE_S1.);
#1601 = LINE('',#1602,#1603);
#1602 = CARTESIAN_POINT('',(2.,0.,9.45));
#1603 = VECTOR('',#1604,1.);
#1604 = DIRECTION('',(-0.77511579593,0.,0.631819201117));
#1605 = PCURVE('',#1580,#1606);
#1606 = DEFINITIONAL_REPRESENTATION('',(#1607),#1611);
#1607 = LINE('',#1608,#1609);
#1608 = CARTESIAN_POINT('',(-0.,-0.));
#1609 = VECTOR('',#1610,1.);
#1610 = DIRECTION('',(-0.,-1.));
#1611 = ( GEOMETRIC_REPRESENTATION_CONTEXT(2) 
PARAMETRIC_REPRESENTATION_CONTEXT() REPRESENTATION_CONTEXT('2D SPACE',''
  ) );
#1612 = PCURVE('',#1580,#1613);
#1613 = DEFINITIONAL_REPRESENTATION('',(#1614),#1618);
#1614 = LINE('',#1615,#1616);
#1615 = CARTESIAN_POINT('',(-6.28318530718,-0.));
#1616 = VECTOR('',#1617,1.);
#1617 = DIRECTION('',(-0.,-1.));
#1618 = ( GEOMETRIC_REPRESENTATION_CONTEXT(2) 
PARAMETRIC_REPRESENTATION_CONTEXT() REPRESENTATION_CONTEXT('2D SPACE',''
  ) );
#1619 = ORIENTED_EDGE('',*,*,#1620,.F.);
#1620 = EDGE_CURVE('',#1598,#1598,#1621,.T.);
#1621 = SURFACE_CURVE('',#1622,(#1627,#1634),.PCURVE_S1.);
#1622 = CIRCLE('',#1623,1.57062);
#1623 = AXIS2_PLACEMENT_3D('',#1624,#1625,#1626);
#1624 = CARTESIAN_POINT('',(0.,0.,9.8));
#1625 = DIRECTION('',(0.,0.,1.));
#1626 = DIRECTION('',(1.,0.,-0.));
#1627 = PCURVE('',#1580,#1628);
#1628 = DEFINITIONAL_REPRESENTATION('',(#1629),#1633);
#1629 = LINE('',#1630,#1631);
#1630 = CARTESIAN_POINT('',(-0.,-0.35));
#1631 = VECTOR('',#1632,1.);
#1632 = DIRECTION('',(-1.,-0.));
#1633 = ( GEOMETRIC_REPRESENTATION_CONTEXT(2) 
PARAMETRIC_REPRESENTATION_CONTEXT() REPRESENTATION_CONTEXT('2D SPACE',''
  ) );
#1634 = PCURVE('',#1635,#1640);
#1635 = CONICAL_SURFACE('',#1636,1.57062,0.88689834824);
#1636 = AXIS2_PLACEMENT_3D('',#1637,#1638,#1639);
#1637 = CARTESIAN_POINT('',(0.,0.,9.8));
#1638 = DIRECTION('',(0.,0.,1.));
#1639 = DIRECTION('',(1.,0.,-0.));
#1640 = DEFINITIONAL_REPRESENTATION('',(#1641),#1645);
#1641 = LINE('',#1642,#1643);
#1642 = CARTESIAN_POINT('',(0.,0.));
#1643 = VECTOR('',#1644,1.);
#1644 = DIRECTION('',(1.,0.));
#1645 = ( GEOMETRIC_REPRESENTATION_CONTEXT(2) 
PARAMETRIC_REPRESENTATION_CONTEXT() REPRESENTATION_CONTEXT('2D SPACE',''
  ) );
#1646 = ORIENTED_EDGE('',*,*,#1597,.F.);
#1647 = ADVANCED_FACE('',(#1648),#1635,.T.);
#1648 = FACE_BOUND('',#1649,.T.);
#1649 = EDGE_LOOP('',(#1650,#1651,#1674,#1701));
#1650 = ORIENTED_EDGE('',*,*,#1620,.T.);
#1651 = ORIENTED_EDGE('',*,*,#1652,.T.);
#1652 = EDGE_CURVE('',#1598,#1653,#1655,.T.);
#1653 = VERTEX_POINT('',#1654);
#1654 = CARTESIAN_POINT('',(2.,0.,10.15));
#1655 = SEAM_CURVE('',#1656,(#1660,#1667),.PCURVE_S1.);
#1656 = LINE('',#1657,#1658);
#1657 = CARTESIAN_POINT('',(1.57062,0.,9.8));
#1658 = VECTOR('',#1659,1.);
#1659 = DIRECTION('',(0.77511579593,0.,0.631819201117));
#1660 = PCURVE('',#1635,#1661);
#1661 = DEFINITIONAL_REPRESENTATION('',(#1662),#1666);
#1662 = LINE('',#1663,#1664);
#1663 = CARTESIAN_POINT('',(0.,0.));
#1664 = VECTOR('',#1665,1.);
#1665 = DIRECTION('',(0.,1.));
#1666 = ( GEOMETRIC_REPRESENTATION_CONTEXT(2) 
PARAMETRIC_REPRESENTATION_CONTEXT() REPRESENTATION_CONTEXT('2D SPACE',''
  ) );
#1667 = PCURVE('',#1635,#1668);
#1668 = DEFINITIONAL_REPRESENTATION('',(#1669),#1673);
#1669 = LINE('',#1670,#1671);
#1670 = CARTESIAN_POINT('',(6.28318530718,0.));
#1671 = VECTOR('',#1672,1.);
#1672 = DIRECTION('',(0.,1.));
#1673 = ( GEOMETRIC_REPRESENTATION_CONTEXT(2) 
PARAMETRIC_REPRESENTATION_CONTEXT() REPRESENTATION_CONTEXT('2D SPACE',''
  ) );
#1674 = ORIENTED_EDGE('',*,*,#1675,.F.);
#1675 = EDGE_CURVE('',#1653,#1653,#1676,.T.);
#1676 = SURFACE_CURVE('',#1677,(#1682,#1689),.PCURVE_S1.);
#1677 = CIRCLE('',#1678,2.);
#1678 = AXIS2_PLACEMENT_3D('',#1679,#1680,#1681);
#1679 = CARTESIAN_POINT('',(0.,0.,10.15));
#1680 = DIRECTION('',(0.,0.,1.));
#1681 = DIRECTION('',(1.,0.,-0.));
#1682 = PCURVE('',#1635,#1683);
#1683 = DEFINITIONAL_REPRESENTATION('',(#1684),#1688);
#1684 = LINE('',#1685,#1686);
#1685 = CARTESIAN_POINT('',(0.,0.35));
#1686 = VECTOR('',#1687,1.);
#1687 = DIRECTION('',(1.,0.));
#1688 = ( GEOMETRIC_REPRESENTATION_CONTEXT(2) 
PARAMETRIC_REPRESENTATION_CONTEXT() REPRESENTATION_CONTEXT('2D SPACE',''
  ) );
#1689 = PCURVE('',#1690,#1695);
#1690 = CONICAL_SURFACE('',#1691,2.,0.88689834824);
#1691 = AXIS2_PLACEMENT_3D('',#1692,#1693,#1694);
#1692 = CARTESIAN_POINT('',(0.,0.,10.15));
#1693 = DIRECTION('',(-0.,-0.,-1.));
#1694 = DIRECTION('',(1.,0.,-0.));
#1695 = DEFINITIONAL_REPRESENTATION('',(#1696),#1700);
#1696 = LINE('',#1697,#1698);
#1697 = CARTESIAN_POINT('',(-0.,-0.));
#1698 = VECTOR('',#1699,1.);
#1699 = DIRECTION('',(-1.,-0.));
#1700 = ( GEOMETRIC_REPRESENTATION_CONTEXT(2) 
PARAMETRIC_REPRESENTATION_CONTEXT() REPRESENTATION_CONTEXT('2D SPACE',''
  ) );
#1701 = ORIENTED_EDGE('',*,*,#1652,.F.);
#1702 = ADVANCED_FACE('',(#1703),#1690,.T.);
#1703 = FACE_BOUND('',#1704,.T.);
#1704 = EDGE_LOOP('',(#1705,#1706,#1729,#1756));
#1705 = ORIENTED_EDGE('',*,*,#1675,.T.);
#1706 = ORIENTED_EDGE('',*,*,#1707,.T.);
#1707 = EDGE_CURVE('',#1653,#1708,#1710,.T.);
#1708 = VERTEX_POINT('',#1709);
#1709 = CARTESIAN_POINT('',(1.57062,0.,10.5));
#1710 = SEAM_CURVE('',#1711,(#1715,#1722),.PCURVE_S1.);
#1711 = LINE('',#1712,#1713);
#1712 = CARTESIAN_POINT('',(2.,0.,10.15));
#1713 = VECTOR('',#1714,1.);
#1714 = DIRECTION('',(-0.77511579593,0.,0.631819201117));
#1715 = PCURVE('',#1690,#1716);
#1716 = DEFINITIONAL_REPRESENTATION('',(#1717),#1721);
#1717 = LINE('',#1718,#1719);
#1718 = CARTESIAN_POINT('',(-0.,-0.));
#1719 = VECTOR('',#1720,1.);
#1720 = DIRECTION('',(-0.,-1.));
#1721 = ( GEOMETRIC_REPRESENTATION_CONTEXT(2) 
PARAMETRIC_REPRESENTATION_CONTEXT() REPRESENTATION_CONTEXT('2D SPACE',''
  ) );
#1722 = PCURVE('',#1690,#1723);
#1723 = DEFINITIONAL_REPRESENTATION('',(#1724),#1728);
#1724 = LINE('',#1725,#1726);
#1725 = CARTESIAN_POINT('',(-6.28318530718,-0.));
#1726 = VECTOR('',#1727,1.);
#1727 = DIRECTION('',(-0.,-1.));
#1728 = ( GEOMETRIC_REPRESENTATION_CONTEXT(2) 
PARAMETRIC_REPRESENTATION_CONTEXT() REPRESENTATION_CONTEXT('2D SPACE',''
  ) );
#1729 = ORIENTED_EDGE('',*,*,#1730,.F.);
#1730 = EDGE_CURVE('',#1708,#1708,#1731,.T.);
#1731 = SURFACE_CURVE('',#1732,(#1737,#1744),.PCURVE_S1.);
#1732 = CIRCLE('',#1733,1.57062);
#1733 = AXIS2_PLACEMENT_3D('',#1734,#1735,#1736);
#1734 = CARTESIAN_POINT('',(0.,0.,10.5));
#1735 = DIRECTION('',(0.,0.,1.));
#1736 = DIRECTION('',(1.,0.,-0.));
#1737 = PCURVE('',#1690,#1738);
#1738 = DEFINITIONAL_REPRESENTATION('',(#1739),#1743);
#1739 = LINE('',#1740,#1741);
#1740 = CARTESIAN_POINT('',(-0.,-0.35));
#1741 = VECTOR('',#1742,1.);
#1742 = DIRECTION('',(-1.,-0.));
#1743 = ( GEOMETRIC_REPRESENTATION_CONTEXT(2) 
PARAMETRIC_REPRESENTATION_CONTEXT() REPRESENTATION_CONTEXT('2D SPACE',''
  ) );
#1744 = PCURVE('',#1745,#1750);
#1745 = CONICAL_SURFACE('',#1746,1.57062,0.88689834824);
#1746 = AXIS2_PLACEMENT_3D('',#1747,#1748,#1749);
#1747 = CARTESIAN_POINT('',(0.,0.,10.5));
#1748 = DIRECTION('',(0.,0.,1.));
#1749 = DIRECTION('',(1.,0.,-0.));
#1750 = DEFINITIONAL_REPRESENTATION('',(#1751),#1755);
#1751 = LINE('',#1752,#1753);
#1752 = CARTESIAN_POINT('',(0.,0.));
#1753 = VECTOR('',#1754,1.);
#1754 = DIRECTION('',(1.,0.));
#1755 = ( GEOMETRIC_REPRESENTATION_CONTEXT(2) 
PARAMETRIC_REPRESENTATION_CONTEXT() REPRESENTATION_CONTEXT('2D SPACE',''
  ) );
#1756 = ORIENTED_EDGE('',*,*,#1707,.F.);
#1757 = ADVANCED_FACE('',(#1758),#1745,.T.);
#1758 = FACE_BOUND('',#1759,.T.);
#1759 = EDGE_LOOP('',(#1760,#1761,#1784,#1811));
#1760 = ORIENTED_EDGE('',*,*,#1730,.T.);
#1761 = ORIENTED_EDGE('',*,*,#1762,.T.);
#1762 = EDGE_CURVE('',#1708,#1763,#1765,.T.);
#1763 = VERTEX_POINT('',#1764);
#1764 = CARTESIAN_POINT('',(2.,0.,10.85));
#1765 = SEAM_CURVE('',#1766,(#1770,#1777),.PCURVE_S1.);
#1766 = LINE('',#1767,#1768);
#1767 = CARTESIAN_POINT('',(1.57062,0.,10.5));
#1768 = VECTOR('',#1769,1.);
#1769 = DIRECTION('',(0.77511579593,0.,0.631819201117));
#1770 = PCURVE('',#1745,#1771);
#1771 = DEFINITIONAL_REPRESENTATION('',(#1772),#1776);
#1772 = LINE('',#1773,#1774);
#1773 = CARTESIAN_POINT('',(0.,0.));
#1774 = VECTOR('',#1775,1.);
#1775 = DIRECTION('',(0.,1.));
#1776 = ( GEOMETRIC_REPRESENTATION_CONTEXT(2) 
PARAMETRIC_REPRESENTATION_CONTEXT() REPRESENTATION_CONTEXT('2D SPACE',''
  ) );
#1777 = PCURVE('',#1745,#1778);
#1778 = DEFINITIONAL_REPRESENTATION('',(#1779),#1783);
#1779 = LINE('',#1780,#1781);
#1780 = CARTESIAN_POINT('',(6.28318530718,0.));
#1781 = VECTOR('',#1782,1.);
#1782 = DIRECTION('',(0.,1.));
#1783 = ( GEOMETRIC_REPRESENTATION_CONTEXT(2) 
PARAMETRIC_REPRESENTATION_CONTEXT() REPRESENTATION_CONTEXT('2D SPACE',''
  ) );
#1784 = ORIENTED_EDGE('',*,*,#1785,.F.);
#1785 = EDGE_CURVE('',#1763,#1763,#1786,.T.);
#1786 = SURFACE_CURVE('',#1787,(#1792,#1799),.PCURVE_S1.);
#1787 = CIRCLE('',#1788,2.);
#1788 = AXIS2_PLACEMENT_3D('',#1789,#1790,#1791);
#1789 = CARTESIAN_POINT('',(0.,0.,10.85));
#1790 = DIRECTION('',(0.,0.,1.));
#1791 = DIRECTION('',(1.,0.,-0.));
#1792 = PCURVE('',#1745,#1793);
#1793 = DEFINITIONAL_REPRESENTATION('',(#1794),#1798);
#1794 = LINE('',#1795,#1796);
#1795 = CARTESIAN_POINT('',(0.,0.35));
#1796 = VECTOR('',#1797,1.);
#1797 = DIRECTION('',(1.,0.));
#1798 = ( GEOMETRIC_REPRESENTATION_CONTEXT(2) 
PARAMETRIC_REPRESENTATION_CONTEXT() REPRESENTATION_CONTEXT('2D SPACE',''
  ) );
#1799 = PCURVE('',#1800,#1805);
#1800 = CONICAL_SURFACE('',#1801,2.,0.88689834824);
#1801 = AXIS2_PLACEMENT_3D('',#1802,#1803,#1804);
#1802 = CARTESIAN_POINT('',(0.,0.,10.85));
#1803 = DIRECTION('',(-0.,-0.,-1.));
#1804 = DIRECTION('',(1.,0.,-0.));
#1805 = DEFINITIONAL_REPRESENTATION('',(#1806),#1810);
#1806 = LINE('',#1807,#1808);
#1807 = CARTESIAN_POINT('',(-0.,-0.));
#1808 = VECTOR('',#1809,1.);
#1809 = DIRECTION('',(-1.,-0.));
#1810 = ( GEOMETRIC_REPRESENTATION_CONTEXT(2) 
PARAMETRIC_REPRESENTATION_CONTEXT() REPRESENTATION_CONTEXT('2D SPACE',''
  ) );
#1811 = ORIENTED_EDGE('',*,*,#1762,.F.);
#1812 = ADVANCED_FACE('',(#1813),#1800,.T.);
#1813 = FACE_BOUND('',#1814,.T.);
#1814 = EDGE_LOOP('',(#1815,#1816,#1839,#1866));
#1815 = ORIENTED_EDGE('',*,*,#1785,.T.);
#1816 = ORIENTED_EDGE('',*,*,#1817,.T.);
#1817 = EDGE_CURVE('',#1763,#1818,#1820,.T.);
#1818 = VERTEX_POINT('',#1819);
#1819 = CARTESIAN_POINT('',(1.57062,0.,11.2));
#1820 = SEAM_CURVE('',#1821,(#1825,#1832),.PCURVE_S1.);
#1821 = LINE('',#1822,#1823);
#1822 = CARTESIAN_POINT('',(2.,0.,10.85));
#1823 = VECTOR('',#1824,1.);
#1824 = DIRECTION('',(-0.77511579593,0.,0.631819201117));
#1825 = PCURVE('',#1800,#1826);
#1826 = DEFINITIONAL_REPRESENTATION('',(#1827),#1831);
#1827 = LINE('',#1828,#1829);
#1828 = CARTESIAN_POINT('',(-0.,-0.));
#1829 = VECTOR('',#1830,1.);
#1830 = DIRECTION('',(-0.,-1.));
#1831 = ( GEOMETRIC_REPRESENTATION_CONTEXT(2) 
PARAMETRIC_REPRESENTATION_CONTEXT() REPRESENTATION_CONTEXT('2D SPACE',''
  ) );
#1832 = PCURVE('',#1800,#1833);
#1833 = DEFINITIONAL_REPRESENTATION('',(#1834),#1838);
#1834 = LINE('',#1835,#1836);
#1835 = CARTESIAN_POINT('',(-6.28318530718,-0.));
#1836 = VECTOR('',#1837,1.);
#1837 = DIRECTION('',(-0.,-1.));
#1838 = ( GEOMETRIC_REPRESENTATION_CONTEXT(2) 
PARAMETRIC_REPRESENTATION_CONTEXT() REPRESENTATION_CONTEXT('2D SPACE',''
  ) );
#1839 = ORIENTED_EDGE('',*,*,#1840,.F.);
#1840 = EDGE_CURVE('',#1818,#1818,#1841,.T.);
#1841 = SURFACE_CURVE('',#1842,(#1847,#1854),.PCURVE_S1.);
#1842 = CIRCLE('',#1843,1.57062);
#1843 = AXIS2_PLACEMENT_3D('',#1844,#1845,#1846);
#1844 = CARTESIAN_POINT('',(0.,0.,11.2));
#1845 = DIRECTION('',(0.,0.,1.));
#1846 = DIRECTION('',(1.,0.,-0.));
#1847 = PCURVE('',#1800,#1848);
#1848 = DEFINITIONAL_REPRESENTATION('',(#1849),#1853);
#1849 = LINE('',#1850,#1851);
#1850 = CARTESIAN_POINT('',(-0.,-0.35));
#1851 = VECTOR('',#1852,1.);
#1852 = DIRECTION('',(-1.,-0.));
#1853 = ( GEOMETRIC_REPRESENTATION_CONTEXT(2) 
PARAMETRIC_REPRESENTATION_CONTEXT() REPRESENTATION_CONTEXT('2D SPACE',''
  ) );
#1854 = PCURVE('',#1855,#1860);
#1855 = CONICAL_SURFACE('',#1856,1.57062,0.88689834824);
#1856 = AXIS2_PLACEMENT_3D('',#1857,#1858,#1859);
#1857 = CARTESIAN_POINT('',(0.,0.,11.2));
#1858 = DIRECTION('',(0.,0.,1.));
#1859 = DIRECTION('',(1.,0.,-0.));
#1860 = DEFINITIONAL_REPRESENTATION('',(#1861),#1865);
#1861 = LINE('',#1862,#1863);
#1862 = CARTESIAN_POINT('',(0.,0.));
#1863 = VECTOR('',#1864,1.);
#1864 = DIRECTION('',(1.,0.));
#1865 = ( GEOMETRIC_REPRESENTATION_CONTEXT(2) 
PARAMETRIC_REPRESENTATION_CONTEXT() REPRESENTATION_CONTEXT('2D SPACE',''
  ) );
#1866 = ORIENTED_EDGE('',*,*,#1817,.F.);
#1867 = ADVANCED_FACE('',(#1868),#1855,.T.);
#1868 = FACE_BOUND('',#1869,.T.);
#1869 = EDGE_LOOP('',(#1870,#1871,#1894,#1921));
#1870 = ORIENTED_EDGE('',*,*,#1840,.T.);
#1871 = ORIENTED_EDGE('',*,*,#1872,.T.);
#1872 = EDGE_CURVE('',#1818,#1873,#1875,.T.);
#1873 = VERTEX_POINT('',#1874);
#1874 = CARTESIAN_POINT('',(2.,0.,11.55));
#1875 = SEAM_CURVE('',#1876,(#1880,#1887),.PCURVE_S1.);
#1876 = LINE('',#1877,#1878);
#1877 = CARTESIAN_POINT('',(1.57062,0.,11.2));
#1878 = VECTOR('',#1879,1.);
#1879 = DIRECTION('',(0.77511579593,0.,0.631819201117));
#1880 = PCURVE('',#1855,#1881);
#1881 = DEFINITIONAL_REPRESENTATION('',(#1882),#1886);
#1882 = LINE('',#1883,#1884);
#1883 = CARTESIAN_POINT('',(0.,0.));
#1884 = VECTOR('',#1885,1.);
#1885 = DIRECTION('',(0.,1.));
#1886 = ( GEOMETRIC_REPRESENTATION_CONTEXT(2) 
PARAMETRIC_REPRESENTATION_CONTEXT() REPRESENTATION_CONTEXT('2D SPACE',''
  ) );
#1887 = PCURVE('',#1855,#1888);
#1888 = DEFINITIONAL_REPRESENTATION('',(#1889),#1893);
#1889 = LINE('',#1890,#1891);
#1890 = CARTESIAN_POINT('',(6.28318530718,0.));
#1891 = VECTOR('',#1892,1.);
#1892 = DIRECTION('',(0.,1.));
#1893 = ( GEOMETRIC_REPRESENTATION_CONTEXT(2) 
PARAMETRIC_REPRESENTATION_CONTEXT() REPRESENTATION_CONTEXT('2D SPACE',''
  ) );
#1894 = ORIENTED_EDGE('',*,*,#1895,.F.);
#1895 = EDGE_CURVE('',#1873,#1873,#1896,.T.);
#1896 = SURFACE_CURVE('',#1897,(#1902,#1909),.PCURVE_S1.);
#1897 = CIRCLE('',#1898,2.);
#1898 = AXIS2_PLACEMENT_3D('',#1899,#1900,#1901);
#1899 = CARTESIAN_POINT('',(0.,0.,11.55));
#1900 = DIRECTION('',(0.,0.,1.));
#1901 = DIRECTION('',(1.,0.,-0.));
#1902 = PCURVE('',#1855,#1903);
#1903 = DEFINITIONAL_REPRESENTATION('',(#1904),#1908);
#1904 = LINE('',#1905,#1906);
#1905 = CARTESIAN_POINT('',(0.,0.35));
#1906 = VECTOR('',#1907,1.);
#1907 = DIRECTION('',(1.,0.));
#1908 = ( GEOMETRIC_REPRESENTATION_CONTEXT(2) 
PARAMETRIC_REPRESENTATION_CONTEXT() REPRESENTATION_CONTEXT('2D SPACE',''
  ) );
#1909 = PCURVE('',#1910,#1915);
#1910 = CONICAL_SURFACE('',#1911,2.,0.88689834824);
#1911 = AXIS2_PLACEMENT_3D('',#1912,#1913,#1914);
#1912 = CARTESIAN_POINT('',(0.,0.,11.55));
#1913 = DIRECTION('',(-0.,-0.,-1.));
#1914 = DIRECTION('',(1.,0.,-0.));
#1915 = DEFINITIONAL_REPRESENTATION('',(#1916),#1920);
#1916 = LINE('',#1917,#1918);
#1917 = CARTESIAN_POINT('',(-0.,-0.));
#1918 = VECTOR('',#1919,1.);
#1919 = DIRECTION('',(-1.,-0.));
#1920 = ( GEOMETRIC_REPRESENTATION_CONTEXT(2) 
PARAMETRIC_REPRESENTATION_CONTEXT() REPRESENTATION_CONTEXT('2D SPACE',''
  ) );
#1921 = ORIENTED_EDGE('',*,*,#1872,.F.);
#1922 = ADVANCED_FACE('',(#1923),#1910,.T.);
#1923 = FACE_BOUND('',#1924,.T.);
#1924 = EDGE_LOOP('',(#1925,#1926,#1949,#1976));
#1925 = ORIENTED_EDGE('',*,*,#1895,.T.);
#1926 = ORIENTED_EDGE('',*,*,#1927,.T.);
#1927 = EDGE_CURVE('',#1873,#1928,#1930,.T.);
#1928 = VERTEX_POINT('',#1929);
#1929 = CARTESIAN_POINT('',(1.57062,0.,11.9));
#1930 = SEAM_CURVE('',#1931,(#1935,#1942),.PCURVE_S1.);
#1931 = LINE('',#1932,#1933);
#1932 = CARTESIAN_POINT('',(2.,0.,11.55));
#1933 = VECTOR('',#1934,1.);
#1934 = DIRECTION('',(-0.77511579593,0.,0.631819201117));
#1935 = PCURVE('',#1910,#1936);
#1936 = DEFINITIONAL_REPRESENTATION('',(#1937),#1941);
#1937 = LINE('',#1938,#1939);
#1938 = CARTESIAN_POINT('',(-0.,-0.));
#1939 = VECTOR('',#1940,1.);
#1940 = DIRECTION('',(-0.,-1.));
#1941 = ( GEOMETRIC_REPRESENTATION_CONTEXT(2) 
PARAMETRIC_REPRESENTATION_CONTEXT() REPRESENTATION_CONTEXT('2D SPACE',''
  ) );
#1942 = PCURVE('',#1910,#1943);
#1943 = DEFINITIONAL_REPRESENTATION('',(#1944),#1948);
#1944 = LINE('',#1945,#1946);
#1945 = CARTESIAN_POINT('',(-6.28318530718,-0.));
#1946 = VECTOR('',#1947,1.);
#1947 = DIRECTION('',(-0.,-1.));
#1948 = ( GEOMETRIC_REPRESENTATION_CONTEXT(2) 
PARAMETRIC_REPRESENTATION_CONTEXT() REPRESENTATION_CONTEXT('2D SPACE',''
  ) );
#1949 = ORIENTED_EDGE('',*,*,#1950,.F.);
#1950 = EDGE_CURVE('',#1928,#1928,#1951,.T.);
#1951 = SURFACE_CURVE('',#1952,(#1957,#1964),.PCURVE_S1.);
#1952 = CIRCLE('',#1953,1.57062);
#1953 = AXIS2_PLACEMENT_3D('',#1954,#1955,#1956);
#1954 = CARTESIAN_POINT('',(0.,0.,11.9));
#1955 = DIRECTION('',(0.,0.,1.));
#1956 = DIRECTION('',(1.,0.,-0.));
#1957 = PCURVE('',#1910,#1958);
#1958 = DEFINITIONAL_REPRESENTATION('',(#1959),#1963);
#1959 = LINE('',#1960,#1961);
#1960 = CARTESIAN_POINT('',(-0.,-0.35));
#1961 = VECTOR('',#1962,1.);
#1962 = DIRECTION('',(-1.,-0.));
#1963 = ( GEOMETRIC_REPRESENTATION_CONTEXT(2) 
PARAMETRIC_REPRESENTATION_CONTEXT() REPRESENTATION_CONTEXT('2D SPACE',''
  ) );
#1964 = PCURVE('',#1965,#1970);
#1965 = CONICAL_SURFACE('',#1966,1.57062,0.88689834824);
#1966 = AXIS2_PLACEMENT_3D('',#1967,#1968,#1969);
#1967 = CARTESIAN_POINT('',(0.,0.,11.9));
#1968 = DIRECTION('',(0.,0.,1.));
#1969 = DIRECTION('',(1.,0.,-0.));
#1970 = DEFINITIONAL_REPRESENTATION('',(#1971),#1975);
#1971 = LINE('',#1972,#1973);
#1972 = CARTESIAN_POINT('',(0.,0.));
#1973 = VECTOR('',#1974,1.);
#1974 = DIRECTION('',(1.,0.));
#1975 = ( GEOMETRIC_REPRESENTATION_CONTEXT(2) 
PARAMETRIC_REPRESENTATION_CONTEXT() REPRESENTATION_CONTEXT('2D SPACE',''
  ) );
#1976 = ORIENTED_EDGE('',*,*,#1927,.F.);
#1977 = ADVANCED_FACE('',(#1978),#1965,.T.);
#1978 = FACE_BOUND('',#1979,.T.);
#1979 = EDGE_LOOP('',(#1980,#2003,#2004,#2005));
#1980 = ORIENTED_EDGE('',*,*,#1981,.F.);
#1981 = EDGE_CURVE('',#1928,#1982,#1984,.T.);
#1982 = VERTEX_POINT('',#1983);
#1983 = CARTESIAN_POINT('',(1.6933,0.,12.));
#1984 = SEAM_CURVE('',#1985,(#1989,#1996),.PCURVE_S1.);
#1985 = LINE('',#1986,#1987);
#1986 = CARTESIAN_POINT('',(1.57062,0.,11.9));
#1987 = VECTOR('',#1988,1.);
#1988 = DIRECTION('',(0.77511579593,0.,0.631819201117));
#1989 = PCURVE('',#1965,#1990);
#1990 = DEFINITIONAL_REPRESENTATION('',(#1991),#1995);
#1991 = LINE('',#1992,#1993);
#1992 = CARTESIAN_POINT('',(0.,0.));
#1993 = VECTOR('',#1994,1.);
#1994 = DIRECTION('',(0.,1.));
#1995 = ( GEOMETRIC_REPRESENTATION_CONTEXT(2) 
PARAMETRIC_REPRESENTATION_CONTEXT() REPRESENTATION_CONTEXT('2D SPACE',''
  ) );
#1996 = PCURVE('',#1965,#1997);
#1997 = DEFINITIONAL_REPRESENTATION('',(#1998),#2002);
#1998 = LINE('',#1999,#2000);
#1999 = CARTESIAN_POINT('',(6.28318530718,0.));
#2000 = VECTOR('',#2001,1.);
#2001 = DIRECTION('',(0.,1.));
#2002 = ( GEOMETRIC_REPRESENTATION_CONTEXT(2) 
PARAMETRIC_REPRESENTATION_CONTEXT() REPRESENTATION_CONTEXT('2D SPACE',''
  ) );
#2003 = ORIENTED_EDGE('',*,*,#1950,.T.);
#2004 = ORIENTED_EDGE('',*,*,#1981,.T.);
#2005 = ORIENTED_EDGE('',*,*,#2006,.F.);
#2006 = EDGE_CURVE('',#1982,#1982,#2007,.T.);
#2007 = SURFACE_CURVE('',#2008,(#2013,#2020),.PCURVE_S1.);
#2008 = CIRCLE('',#2009,1.6933);
#2009 = AXIS2_PLACEMENT_3D('',#2010,#2011,#2012);
#2010 = CARTESIAN_POINT('',(0.,0.,12.));
#2011 = DIRECTION('',(0.,0.,1.));
#2012 = DIRECTION('',(1.,0.,-0.));
#2013 = PCURVE('',#1965,#2014);
#2014 = DEFINITIONAL_REPRESENTATION('',(#2015),#2019);
#2015 = LINE('',#2016,#2017);
#2016 = CARTESIAN_POINT('',(0.,0.1));
#2017 = VECTOR('',#2018,1.);
#2018 = DIRECTION('',(1.,0.));
#2019 = ( GEOMETRIC_REPRESENTATION_CONTEXT(2) 
PARAMETRIC_REPRESENTATION_CONTEXT() REPRESENTATION_CONTEXT('2D SPACE',''
  ) );
#2020 = PCURVE('',#2021,#2026);
#2021 = PLANE('',#2022);
#2022 = AXIS2_PLACEMENT_3D('',#2023,#2024,#2025);
#2023 = CARTESIAN_POINT('',(0.,0.,12.));
#2024 = DIRECTION('',(0.,0.,1.));
#2025 = DIRECTION('',(1.,0.,0.));
#2026 = DEFINITIONAL_REPRESENTATION('',(#2027),#2031);
#2027 = CIRCLE('',#2028,1.6933);
#2028 = AXIS2_PLACEMENT_2D('',#2029,#2030);
#2029 = CARTESIAN_POINT('',(0.,0.));
#2030 = DIRECTION('',(1.,0.));
#2031 = ( GEOMETRIC_REPRESENTATION_CONTEXT(2) 
PARAMETRIC_REPRESENTATION_CONTEXT() REPRESENTATION_CONTEXT('2D SPACE',''
  ) );
#2032 = ADVANCED_FACE('',(#2033,#2064),#2021,.F.);
#2033 = FACE_BOUND('',#2034,.F.);
#2034 = EDGE_LOOP('',(#2035));
#2035 = ORIENTED_EDGE('',*,*,#2036,.T.);
#2036 = EDGE_CURVE('',#2037,#2037,#2039,.T.);
#2037 = VERTEX_POINT('',#2038);
#2038 = CARTESIAN_POINT('',(4.,-9.797174393179E-16,12.));
#2039 = SURFACE_CURVE('',#2040,(#2045,#2052),.PCURVE_S1.);
#2040 = CIRCLE('',#2041,4.);
#2041 = AXIS2_PLACEMENT_3D('',#2042,#2043,#2044);
#2042 = CARTESIAN_POINT('',(0.,0.,12.));
#2043 = DIRECTION('',(0.,0.,1.));
#2044 = DIRECTION('',(1.,0.,0.));
#2045 = PCURVE('',#2021,#2046);
#2046 = DEFINITIONAL_REPRESENTATION('',(#2047),#2051);
#2047 = CIRCLE('',#2048,4.);
#2048 = AXIS2_PLACEMENT_2D('',#2049,#2050);
#2049 = CARTESIAN_POINT('',(0.,0.));
#2050 = DIRECTION('',(1.,0.));
#2051 = ( GEOMETRIC_REPRESENTATION_CONTEXT(2) 
PARAMETRIC_REPRESENTATION_CONTEXT() REPRESENTATION_CONTEXT('2D SPACE',''
  ) );
#2052 = PCURVE('',#2053,#2058);
#2053 = CYLINDRICAL_SURFACE('',#2054,4.);
#2054 = AXIS2_PLACEMENT_3D('',#2055,#2056,#2057);
#2055 = CARTESIAN_POINT('',(0.,0.,12.));
#2056 = DIRECTION('',(0.,0.,1.));
#2057 = DIRECTION('',(1.,0.,0.));
#2058 = DEFINITIONAL_REPRESENTATION('',(#2059),#2063);
#2059 = LINE('',#2060,#2061);
#2060 = CARTESIAN_POINT('',(0.,0.));
#2061 = VECTOR('',#2062,1.);
#2062 = DIRECTION('',(1.,0.));
#2063 = ( GEOMETRIC_REPRESENTATION_CONTEXT(2) 
PARAMETRIC_REPRESENTATION_CONTEXT() REPRESENTATION_CONTEXT('2D SPACE',''
  ) );
#2064 = FACE_BOUND('',#2065,.F.);
#2065 = EDGE_LOOP('',(#2066));
#2066 = ORIENTED_EDGE('',*,*,#2006,.F.);
#2067 = ADVANCED_FACE('',(#2068),#2053,.T.);
#2068 = FACE_BOUND('',#2069,.T.);
#2069 = EDGE_LOOP('',(#2070,#2093,#2120,#2121));
#2070 = ORIENTED_EDGE('',*,*,#2071,.T.);
#2071 = EDGE_CURVE('',#2037,#2072,#2074,.T.);
#2072 = VERTEX_POINT('',#2073);
#2073 = CARTESIAN_POINT('',(4.,0.,14.62));
#2074 = SEAM_CURVE('',#2075,(#2079,#2086),.PCURVE_S1.);
#2075 = LINE('',#2076,#2077);
#2076 = CARTESIAN_POINT('',(4.,-9.797174393179E-16,12.));
#2077 = VECTOR('',#2078,1.);
#2078 = DIRECTION('',(0.,0.,1.));
#2079 = PCURVE('',#2053,#2080);
#2080 = DEFINITIONAL_REPRESENTATION('',(#2081),#2085);
#2081 = LINE('',#2082,#2083);
#2082 = CARTESIAN_POINT('',(6.28318530718,-0.));
#2083 = VECTOR('',#2084,1.);
#2084 = DIRECTION('',(0.,1.));
#2085 = ( GEOMETRIC_REPRESENTATION_CONTEXT(2) 
PARAMETRIC_REPRESENTATION_CONTEXT() REPRESENTATION_CONTEXT('2D SPACE',''
  ) );
#2086 = PCURVE('',#2053,#2087);
#2087 = DEFINITIONAL_REPRESENTATION('',(#2088),#2092);
#2088 = LINE('',#2089,#2090);
#2089 = CARTESIAN_POINT('',(0.,-0.));
#2090 = VECTOR('',#2091,1.);
#2091 = DIRECTION('',(0.,1.));
#2092 = ( GEOMETRIC_REPRESENTATION_CONTEXT(2) 
PARAMETRIC_REPRESENTATION_CONTEXT() REPRESENTATION_CONTEXT('2D SPACE',''
  ) );
#2093 = ORIENTED_EDGE('',*,*,#2094,.F.);
#2094 = EDGE_CURVE('',#2072,#2072,#2095,.T.);
#2095 = SURFACE_CURVE('',#2096,(#2101,#2108),.PCURVE_S1.);
#2096 = CIRCLE('',#2097,4.);
#2097 = AXIS2_PLACEMENT_3D('',#2098,#2099,#2100);
#2098 = CARTESIAN_POINT('',(0.,0.,14.62));
#2099 = DIRECTION('',(0.,0.,1.));
#2100 = DIRECTION('',(1.,0.,-0.));
#2101 = PCURVE('',#2053,#2102);
#2102 = DEFINITIONAL_REPRESENTATION('',(#2103),#2107);
#2103 = LINE('',#2104,#2105);
#2104 = CARTESIAN_POINT('',(0.,2.62));
#2105 = VECTOR('',#2106,1.);
#2106 = DIRECTION('',(1.,0.));
#2107 = ( GEOMETRIC_REPRESENTATION_CONTEXT(2) 
PARAMETRIC_REPRESENTATION_CONTEXT() REPRESENTATION_CONTEXT('2D SPACE',''
  ) );
#2108 = PCURVE('',#2109,#2114);
#2109 = TOROIDAL_SURFACE('',#2110,3.52,0.48);
#2110 = AXIS2_PLACEMENT_3D('',#2111,#2112,#2113);
#2111 = CARTESIAN_POINT('',(0.,0.,14.62));
#2112 = DIRECTION('',(0.,0.,1.));
#2113 = DIRECTION('',(1.,0.,-0.));
#2114 = DEFINITIONAL_REPRESENTATION('',(#2115),#2119);
#2115 = LINE('',#2116,#2117);
#2116 = CARTESIAN_POINT('',(0.,0.));
#2117 = VECTOR('',#2118,1.);
#2118 = DIRECTION('',(1.,0.));
#2119 = ( GEOMETRIC_REPRESENTATION_CONTEXT(2) 
PARAMETRIC_REPRESENTATION_CONTEXT() REPRESENTATION_CONTEXT('2D SPACE',''
  ) );
#2120 = ORIENTED_EDGE('',*,*,#2071,.F.);
#2121 = ORIENTED_EDGE('',*,*,#2036,.T.);
#2122 = ADVANCED_FACE('',(#2123),#2109,.T.);
#2123 = FACE_BOUND('',#2124,.T.);
#2124 = EDGE_LOOP('',(#2125,#2194,#2214,#2215,#2216,#2278,#2357,#2386,
    #2465,#2541,#2620,#2649,#2728,#2804,#2883,#2912,#2991,#3067,#3146,
    #3175));
#2125 = ORIENTED_EDGE('',*,*,#2126,.T.);
#2126 = EDGE_CURVE('',#2127,#2129,#2131,.T.);
#2127 = VERTEX_POINT('',#2128);
#2128 = CARTESIAN_POINT('',(3.52,0.8,15.09153189522));
#2129 = VERTEX_POINT('',#2130);
#2130 = CARTESIAN_POINT('',(3.52,0.,15.1));
#2131 = SURFACE_CURVE('',#2132,(#2149,#2169),.PCURVE_S1.);
#2132 = B_SPLINE_CURVE_WITH_KNOTS('',8,(#2133,#2134,#2135,#2136,#2137,
    #2138,#2139,#2140,#2141,#2142,#2143,#2144,#2145,#2146,#2147,#2148),
  .UNSPECIFIED.,.F.,.F.,(9,7,9),(0.,3.992520100647E-02,1.),
  .UNSPECIFIED.);
#2133 = CARTESIAN_POINT('',(3.52,0.96,15.082462946227));
#2134 = CARTESIAN_POINT('',(3.52,0.95929570227,15.082514461975));
#2135 = CARTESIAN_POINT('',(3.52,0.955597806721,15.082785736927));
#2136 = CARTESIAN_POINT('',(3.52,0.950895856836,15.083124493663));
#2137 = CARTESIAN_POINT('',(3.52,0.946375076603,15.083443168318));
#2138 = CARTESIAN_POINT('',(3.52,0.942521335736,15.083709339972));
#2139 = CARTESIAN_POINT('',(3.52,0.939220684598,15.083935028441));
#2140 = CARTESIAN_POINT('',(3.52,0.935853458807,15.084164860451));
#2141 = CARTESIAN_POINT('',(3.52,0.823881442247,15.091634923067));
#2142 = CARTESIAN_POINT('',(3.52,0.712934426329,15.096165321449));
#2143 = CARTESIAN_POINT('',(3.52,0.59894105581,15.098658896583));
#2144 = CARTESIAN_POINT('',(3.52,0.482311258842,15.099732151775));
#2145 = CARTESIAN_POINT('',(3.52,0.363497221053,15.099999840388));
#2146 = CARTESIAN_POINT('',(3.52,0.243018021032,15.100000024528));
#2147 = CARTESIAN_POINT('',(3.52,0.121552787384,15.1));
#2148 = CARTESIAN_POINT('',(3.52,0.,15.1));
#2149 = PCURVE('',#2109,#2150);
#2150 = DEFINITIONAL_REPRESENTATION('',(#2151),#2168);
#2151 = B_SPLINE_CURVE_WITH_KNOTS('',8,(#2152,#2153,#2154,#2155,#2156,
    #2157,#2158,#2159,#2160,#2161,#2162,#2163,#2164,#2165,#2166,#2167),
  .UNSPECIFIED.,.F.,.F.,(9,7,9),(0.,3.992520100647E-02,1.),
  .UNSPECIFIED.);
#2152 = CARTESIAN_POINT('',(0.266252025731,1.299649492149));
#2153 = CARTESIAN_POINT('',(0.266065793167,1.300050201));
#2154 = CARTESIAN_POINT('',(0.265088171071,1.302157250971));
#2155 = CARTESIAN_POINT('',(0.263844001263,1.30481786442));
#2156 = CARTESIAN_POINT('',(0.262646586882,1.307356022797));
#2157 = CARTESIAN_POINT('',(0.261624968136,1.309504779544));
#2158 = CARTESIAN_POINT('',(0.260749605332,1.311338942671));
#2159 = CARTESIAN_POINT('',(0.259856469192,1.313208127024));
#2160 = CARTESIAN_POINT('',(0.230127608278,1.374874672098));
#2161 = CARTESIAN_POINT('',(0.200178198909,1.427633239657));
#2162 = CARTESIAN_POINT('',(0.168927981409,1.473401343615));
#2163 = CARTESIAN_POINT('',(0.136518939942,1.511422289528));
#2164 = CARTESIAN_POINT('',(0.103140789347,1.540839866221));
#2165 = CARTESIAN_POINT('',(6.903920458063E-02,1.560802322338));
#2166 = CARTESIAN_POINT('',(3.453204187043E-02,1.570796326795));
#2167 = CARTESIAN_POINT('',(0.,1.570796326795));
#2168 = ( GEOMETRIC_REPRESENTATION_CONTEXT(2) 
PARAMETRIC_REPRESENTATION_CONTEXT() REPRESENTATION_CONTEXT('2D SPACE',''
  ) );
#2169 = PCURVE('',#2170,#2175);
#2170 = PLANE('',#2171);
#2171 = AXIS2_PLACEMENT_3D('',#2172,#2173,#2174);
#2172 = CARTESIAN_POINT('',(3.52,-0.8,12.99));
#2173 = DIRECTION('',(1.,0.,0.));
#2174 = DIRECTION('',(0.,0.,1.));
#2175 = DEFINITIONAL_REPRESENTATION('',(#2176),#2193);
#2176 = B_SPLINE_CURVE_WITH_KNOTS('',8,(#2177,#2178,#2179,#2180,#2181,
    #2182,#2183,#2184,#2185,#2186,#2187,#2188,#2189,#2190,#2191,#2192),
  .UNSPECIFIED.,.F.,.F.,(9,7,9),(0.,3.992520100647E-02,1.),
  .UNSPECIFIED.);
#2177 = CARTESIAN_POINT('',(2.092462946227,-1.76));
#2178 = CARTESIAN_POINT('',(2.092514461975,-1.75929570227));
#2179 = CARTESIAN_POINT('',(2.092785736927,-1.755597806721));
#2180 = CARTESIAN_POINT('',(2.093124493663,-1.750895856836));
#2181 = CARTESIAN_POINT('',(2.093443168318,-1.746375076603));
#2182 = CARTESIAN_POINT('',(2.093709339972,-1.742521335736));
#2183 = CARTESIAN_POINT('',(2.093935028441,-1.739220684598));
#2184 = CARTESIAN_POINT('',(2.094164860451,-1.735853458807));
#2185 = CARTESIAN_POINT('',(2.101634923067,-1.623881442247));
#2186 = CARTESIAN_POINT('',(2.106165321449,-1.512934426329));
#2187 = CARTESIAN_POINT('',(2.108658896583,-1.39894105581));
#2188 = CARTESIAN_POINT('',(2.109732151775,-1.282311258842));
#2189 = CARTESIAN_POINT('',(2.109999840388,-1.163497221053));
#2190 = CARTESIAN_POINT('',(2.110000024528,-1.043018021032));
#2191 = CARTESIAN_POINT('',(2.11,-0.921552787384));
#2192 = CARTESIAN_POINT('',(2.11,-0.8));
#2193 = ( GEOMETRIC_REPRESENTATION_CONTEXT(2) 
PARAMETRIC_REPRESENTATION_CONTEXT() REPRESENTATION_CONTEXT('2D SPACE',''
  ) );
#2194 = ORIENTED_EDGE('',*,*,#2195,.F.);
#2195 = EDGE_CURVE('',#2072,#2129,#2196,.T.);
#2196 = SEAM_CURVE('',#2197,(#2202,#2208),.PCURVE_S1.);
#2197 = CIRCLE('',#2198,0.48);
#2198 = AXIS2_PLACEMENT_3D('',#2199,#2200,#2201);
#2199 = CARTESIAN_POINT('',(3.52,0.,14.62));
#2200 = DIRECTION('',(0.,-1.,0.));
#2201 = DIRECTION('',(1.,0.,0.));
#2202 = PCURVE('',#2109,#2203);
#2203 = DEFINITIONAL_REPRESENTATION('',(#2204),#2207);
#2204 = B_SPLINE_CURVE_WITH_KNOTS('',1,(#2205,#2206),.UNSPECIFIED.,.F.,
  .F.,(2,2),(0.,1.570796326795),.PIECEWISE_BEZIER_KNOTS.);
#2205 = CARTESIAN_POINT('',(6.28318530718,0.));
#2206 = CARTESIAN_POINT('',(6.28318530718,1.570796326795));
#2207 = ( GEOMETRIC_REPRESENTATION_CONTEXT(2) 
PARAMETRIC_REPRESENTATION_CONTEXT() REPRESENTATION_CONTEXT('2D SPACE',''
  ) );
#2208 = PCURVE('',#2109,#2209);
#2209 = DEFINITIONAL_REPRESENTATION('',(#2210),#2213);
#2210 = B_SPLINE_CURVE_WITH_KNOTS('',1,(#2211,#2212),.UNSPECIFIED.,.F.,
  .F.,(2,2),(0.,1.570796326795),.PIECEWISE_BEZIER_KNOTS.);
#2211 = CARTESIAN_POINT('',(0.,0.));
#2212 = CARTESIAN_POINT('',(0.,1.570796326795));
#2213 = ( GEOMETRIC_REPRESENTATION_CONTEXT(2) 
PARAMETRIC_REPRESENTATION_CONTEXT() REPRESENTATION_CONTEXT('2D SPACE',''
  ) );
#2214 = ORIENTED_EDGE('',*,*,#2094,.T.);
#2215 = ORIENTED_EDGE('',*,*,#2195,.T.);
#2216 = ORIENTED_EDGE('',*,*,#2217,.F.);
#2217 = EDGE_CURVE('',#2218,#2129,#2220,.T.);
#2218 = VERTEX_POINT('',#2219);
#2219 = CARTESIAN_POINT('',(3.52,-0.8,15.09153189522));
#2220 = SURFACE_CURVE('',#2221,(#2238,#2258),.PCURVE_S1.);
#2221 = B_SPLINE_CURVE_WITH_KNOTS('',8,(#2222,#2223,#2224,#2225,#2226,
    #2227,#2228,#2229,#2230,#2231,#2232,#2233,#2234,#2235,#2236,#2237),
  .UNSPECIFIED.,.F.,.F.,(9,7,9),(0.,3.992520100072E-02,1.),
  .UNSPECIFIED.);
#2222 = CARTESIAN_POINT('',(3.52,-0.96,15.082462946227));
#2223 = CARTESIAN_POINT('',(3.52,-0.959295702265,15.082514461976));
#2224 = CARTESIAN_POINT('',(3.52,-0.955597806715,15.082785736928));
#2225 = CARTESIAN_POINT('',(3.52,-0.950895856833,15.083124493664));
#2226 = CARTESIAN_POINT('',(3.52,-0.9463750766,15.083443168318));
#2227 = CARTESIAN_POINT('',(3.52,-0.942521335733,15.083709339972));
#2228 = CARTESIAN_POINT('',(3.52,-0.939220684594,15.083935028442));
#2229 = CARTESIAN_POINT('',(3.52,-0.935853458803,15.084164860451));
#2230 = CARTESIAN_POINT('',(3.52,-0.823881442244,15.091634923068));
#2231 = CARTESIAN_POINT('',(3.52,-0.712934426326,15.096165321449));
#2232 = CARTESIAN_POINT('',(3.52,-0.598941055808,15.098658896583));
#2233 = CARTESIAN_POINT('',(3.52,-0.482311258838,15.099732151775));
#2234 = CARTESIAN_POINT('',(3.52,-0.363497221053,15.099999840388));
#2235 = CARTESIAN_POINT('',(3.52,-0.24301802103,15.100000024528));
#2236 = CARTESIAN_POINT('',(3.52,-0.121552787384,15.1));
#2237 = CARTESIAN_POINT('',(3.52,0.,15.1));
#2238 = PCURVE('',#2109,#2239);
#2239 = DEFINITIONAL_REPRESENTATION('',(#2240),#2257);
#2240 = B_SPLINE_CURVE_WITH_KNOTS('',8,(#2241,#2242,#2243,#2244,#2245,
    #2246,#2247,#2248,#2249,#2250,#2251,#2252,#2253,#2254,#2255,#2256),
  .UNSPECIFIED.,.F.,.F.,(9,7,9),(0.,3.992520100072E-02,1.),
  .UNSPECIFIED.);
#2241 = CARTESIAN_POINT('',(6.016933281448,1.299649492149));
#2242 = CARTESIAN_POINT('',(6.017119514014,1.300050201003));
#2243 = CARTESIAN_POINT('',(6.01809713611,1.302157250974));
#2244 = CARTESIAN_POINT('',(6.019341305917,1.304817864422));
#2245 = CARTESIAN_POINT('',(6.020538720298,1.307356022799));
#2246 = CARTESIAN_POINT('',(6.021560339045,1.309504779546));
#2247 = CARTESIAN_POINT('',(6.022435701849,1.311338942673));
#2248 = CARTESIAN_POINT('',(6.023328837989,1.313208127027));
#2249 = CARTESIAN_POINT('',(6.053057698902,1.3748746721));
#2250 = CARTESIAN_POINT('',(6.083007108272,1.427633239659));
#2251 = CARTESIAN_POINT('',(6.114257325771,1.473401343615));
#2252 = CARTESIAN_POINT('',(6.146666367239,1.511422289529));
#2253 = CARTESIAN_POINT('',(6.180044517832,1.540839866222));
#2254 = CARTESIAN_POINT('',(6.214146102599,1.560802322338));
#2255 = CARTESIAN_POINT('',(6.248653265309,1.570796326795));
#2256 = CARTESIAN_POINT('',(6.28318530718,1.570796326795));
#2257 = ( GEOMETRIC_REPRESENTATION_CONTEXT(2) 
PARAMETRIC_REPRESENTATION_CONTEXT() REPRESENTATION_CONTEXT('2D SPACE',''
  ) );
#2258 = PCURVE('',#2170,#2259);
#2259 = DEFINITIONAL_REPRESENTATION('',(#2260),#2277);
#2260 = B_SPLINE_CURVE_WITH_KNOTS('',8,(#2261,#2262,#2263,#2264,#2265,
    #2266,#2267,#2268,#2269,#2270,#2271,#2272,#2273,#2274,#2275,#2276),
  .UNSPECIFIED.,.F.,.F.,(9,7,9),(0.,3.992520100072E-02,1.),
  .UNSPECIFIED.);
#2261 = CARTESIAN_POINT('',(2.092462946227,0.16));
#2262 = CARTESIAN_POINT('',(2.092514461976,0.159295702265));
#2263 = CARTESIAN_POINT('',(2.092785736928,0.155597806715));
#2264 = CARTESIAN_POINT('',(2.093124493664,0.150895856833));
#2265 = CARTESIAN_POINT('',(2.093443168318,0.1463750766));
#2266 = CARTESIAN_POINT('',(2.093709339972,0.142521335733));
#2267 = CARTESIAN_POINT('',(2.093935028442,0.139220684594));
#2268 = CARTESIAN_POINT('',(2.094164860451,0.135853458803));
#2269 = CARTESIAN_POINT('',(2.101634923068,2.388144224383E-02));
#2270 = CARTESIAN_POINT('',(2.106165321449,-8.706557367437E-02));
#2271 = CARTESIAN_POINT('',(2.108658896583,-0.201058944192));
#2272 = CARTESIAN_POINT('',(2.109732151775,-0.317688741162));
#2273 = CARTESIAN_POINT('',(2.109999840388,-0.436502778947));
#2274 = CARTESIAN_POINT('',(2.110000024528,-0.55698197897));
#2275 = CARTESIAN_POINT('',(2.11,-0.678447212616));
#2276 = CARTESIAN_POINT('',(2.11,-0.8));
#2277 = ( GEOMETRIC_REPRESENTATION_CONTEXT(2) 
PARAMETRIC_REPRESENTATION_CONTEXT() REPRESENTATION_CONTEXT('2D SPACE',''
  ) );
#2278 = ORIENTED_EDGE('',*,*,#2279,.T.);
#2279 = EDGE_CURVE('',#2218,#2280,#2282,.T.);
#2280 = VERTEX_POINT('',#2281);
#2281 = CARTESIAN_POINT('',(3.427885645701,-0.8,15.1));
#2282 = SURFACE_CURVE('',#2283,(#2304,#2328),.PCURVE_S1.);
#2283 = B_SPLINE_CURVE_WITH_KNOTS('',7,(#2284,#2285,#2286,#2287,#2288,
    #2289,#2290,#2291,#2292,#2293,#2294,#2295,#2296,#2297,#2298,#2299,
    #2300,#2301,#2302,#2303),.UNSPECIFIED.,.F.,.F.,(8,6,6,8),(0.,
    3.104949749844E-02,0.501563868651,1.),.UNSPECIFIED.);
#2284 = CARTESIAN_POINT('',(3.792,-0.8,14.942554523131));
#2285 = CARTESIAN_POINT('',(3.790778254362,-0.8,14.943871943363));
#2286 = CARTESIAN_POINT('',(3.789551248274,-0.8,14.945183567679));
#2287 = CARTESIAN_POINT('',(3.788316768279,-0.8,14.946491785718));
#2288 = CARTESIAN_POINT('',(3.787078788572,-0.8,14.947792309419));
#2289 = CARTESIAN_POINT('',(3.785833336425,-0.8,14.94908942712));
#2290 = CARTESIAN_POINT('',(3.784582930357,-0.8,14.950380422761));
#2291 = CARTESIAN_POINT('',(3.764290269448,-0.8,14.971150974335));
#2292 = CARTESIAN_POINT('',(3.743950164742,-0.8,14.989409543521));
#2293 = CARTESIAN_POINT('',(3.722405210117,-0.8,15.006342350913));
#2294 = CARTESIAN_POINT('',(3.6997636233,-0.8,15.021860288166));
#2295 = CARTESIAN_POINT('',(3.676141750907,-0.8,15.035885366684));
#2296 = CARTESIAN_POINT('',(3.651662798183,-0.8,15.048351357592));
#2297 = CARTESIAN_POINT('',(3.599752444698,-0.8,15.07070156041));
#2298 = CARTESIAN_POINT('',(3.572231507933,-0.8,15.080388885462));
#2299 = CARTESIAN_POINT('',(3.544045836541,-0.8,15.088202314736));
#2300 = CARTESIAN_POINT('',(3.515354366745,-0.8,15.094093822293));
#2301 = CARTESIAN_POINT('',(3.486320139778,-0.8,15.098031565146));
#2302 = CARTESIAN_POINT('',(3.457108558783,-0.8,15.1));
#2303 = CARTESIAN_POINT('',(3.427885645701,-0.8,15.1));
#2304 = PCURVE('',#2109,#2305);
#2305 = DEFINITIONAL_REPRESENTATION('',(#2306),#2327);
#2306 = B_SPLINE_CURVE_WITH_KNOTS('',7,(#2307,#2308,#2309,#2310,#2311,
    #2312,#2313,#2314,#2315,#2316,#2317,#2318,#2319,#2320,#2321,#2322,
    #2323,#2324,#2325,#2326),.UNSPECIFIED.,.F.,.F.,(8,6,6,8),(0.,
    3.104949749844E-02,0.501563868651,1.),.UNSPECIFIED.);
#2307 = CARTESIAN_POINT('',(6.075263819397,0.736890432502));
#2308 = CARTESIAN_POINT('',(6.075198743207,0.740596572554));
#2309 = CARTESIAN_POINT('',(6.075133345494,0.744303032753));
#2310 = CARTESIAN_POINT('',(6.075067485266,0.748008212518));
#2311 = CARTESIAN_POINT('',(6.075001412485,0.751714929953));
#2312 = CARTESIAN_POINT('',(6.074934875001,0.755420328042));
#2313 = CARTESIAN_POINT('',(6.074868030792,0.759126184629));
#2314 = CARTESIAN_POINT('',(6.073782394483,0.818986537884));
#2315 = CARTESIAN_POINT('',(6.072682773396,0.875123896834));
#2316 = CARTESIAN_POINT('',(6.071504203303,0.931242295453));
#2317 = CARTESIAN_POINT('',(6.070249335281,0.987341569595));
#2318 = CARTESIAN_POINT('',(6.068921332038,1.04342234928));
#2319 = CARTESIAN_POINT('',(6.06752397096,1.099485373584));
#2320 = CARTESIAN_POINT('',(6.064512750526,1.214902144627));
#2321 = CARTESIAN_POINT('',(6.062890937297,1.274254919019));
#2322 = CARTESIAN_POINT('',(6.061201644435,1.333589435172));
#2323 = CARTESIAN_POINT('',(6.059451072269,1.392907801443));
#2324 = CARTESIAN_POINT('',(6.057646402124,1.452213081121));
#2325 = CARTESIAN_POINT('',(6.055795913953,1.511508445474));
#2326 = CARTESIAN_POINT('',(6.053909103966,1.570796326795));
#2327 = ( GEOMETRIC_REPRESENTATION_CONTEXT(2) 
PARAMETRIC_REPRESENTATION_CONTEXT() REPRESENTATION_CONTEXT('2D SPACE',''
  ) );
#2328 = PCURVE('',#2329,#2334);
#2329 = PLANE('',#2330);
#2330 = AXIS2_PLACEMENT_3D('',#2331,#2332,#2333);
#2331 = CARTESIAN_POINT('',(-3.52,-0.8,12.99));
#2332 = DIRECTION('',(0.,1.,0.));
#2333 = DIRECTION('',(0.,0.,1.));
#2334 = DEFINITIONAL_REPRESENTATION('',(#2335),#2356);
#2335 = B_SPLINE_CURVE_WITH_KNOTS('',7,(#2336,#2337,#2338,#2339,#2340,
    #2341,#2342,#2343,#2344,#2345,#2346,#2347,#2348,#2349,#2350,#2351,
    #2352,#2353,#2354,#2355),.UNSPECIFIED.,.F.,.F.,(8,6,6,8),(0.,
    3.104949749844E-02,0.501563868651,1.),.UNSPECIFIED.);
#2336 = CARTESIAN_POINT('',(1.952554523131,7.312));
#2337 = CARTESIAN_POINT('',(1.953871943363,7.310778254362));
#2338 = CARTESIAN_POINT('',(1.955183567679,7.309551248274));
#2339 = CARTESIAN_POINT('',(1.956491785718,7.308316768279));
#2340 = CARTESIAN_POINT('',(1.957792309419,7.307078788572));
#2341 = CARTESIAN_POINT('',(1.95908942712,7.305833336425));
#2342 = CARTESIAN_POINT('',(1.960380422761,7.304582930357));
#2343 = CARTESIAN_POINT('',(1.981150974335,7.284290269448));
#2344 = CARTESIAN_POINT('',(1.999409543521,7.263950164742));
#2345 = CARTESIAN_POINT('',(2.016342350913,7.242405210117));
#2346 = CARTESIAN_POINT('',(2.031860288166,7.2197636233));
#2347 = CARTESIAN_POINT('',(2.045885366684,7.196141750907));
#2348 = CARTESIAN_POINT('',(2.058351357592,7.171662798183));
#2349 = CARTESIAN_POINT('',(2.08070156041,7.119752444698));
#2350 = CARTESIAN_POINT('',(2.090388885462,7.092231507933));
#2351 = CARTESIAN_POINT('',(2.098202314736,7.064045836541));
#2352 = CARTESIAN_POINT('',(2.104093822293,7.035354366745));
#2353 = CARTESIAN_POINT('',(2.108031565146,7.006320139778));
#2354 = CARTESIAN_POINT('',(2.11,6.977108558783));
#2355 = CARTESIAN_POINT('',(2.11,6.947885645701));
#2356 = ( GEOMETRIC_REPRESENTATION_CONTEXT(2) 
PARAMETRIC_REPRESENTATION_CONTEXT() REPRESENTATION_CONTEXT('2D SPACE',''
  ) );
#2357 = ORIENTED_EDGE('',*,*,#2358,.F.);
#2358 = EDGE_CURVE('',#2359,#2280,#2361,.T.);
#2359 = VERTEX_POINT('',#2360);
#2360 = CARTESIAN_POINT('',(0.8,-3.427885645701,15.1));
#2361 = SURFACE_CURVE('',#2362,(#2367,#2374),.PCURVE_S1.);
#2362 = CIRCLE('',#2363,3.52);
#2363 = AXIS2_PLACEMENT_3D('',#2364,#2365,#2366);
#2364 = CARTESIAN_POINT('',(0.,0.,15.1));
#2365 = DIRECTION('',(0.,0.,1.));
#2366 = DIRECTION('',(1.,0.,-0.));
#2367 = PCURVE('',#2109,#2368);
#2368 = DEFINITIONAL_REPRESENTATION('',(#2369),#2373);
#2369 = LINE('',#2370,#2371);
#2370 = CARTESIAN_POINT('',(0.,1.570796326795));
#2371 = VECTOR('',#2372,1.);
#2372 = DIRECTION('',(1.,0.));
#2373 = ( GEOMETRIC_REPRESENTATION_CONTEXT(2) 
PARAMETRIC_REPRESENTATION_CONTEXT() REPRESENTATION_CONTEXT('2D SPACE',''
  ) );
#2374 = PCURVE('',#2375,#2380);
#2375 = PLANE('',#2376);
#2376 = AXIS2_PLACEMENT_3D('',#2377,#2378,#2379);
#2377 = CARTESIAN_POINT('',(0.,0.,15.1));
#2378 = DIRECTION('',(0.,0.,1.));
#2379 = DIRECTION('',(1.,0.,0.));
#2380 = DEFINITIONAL_REPRESENTATION('',(#2381),#2385);
#2381 = CIRCLE('',#2382,3.52);
#2382 = AXIS2_PLACEMENT_2D('',#2383,#2384);
#2383 = CARTESIAN_POINT('',(0.,0.));
#2384 = DIRECTION('',(1.,0.));
#2385 = ( GEOMETRIC_REPRESENTATION_CONTEXT(2) 
PARAMETRIC_REPRESENTATION_CONTEXT() REPRESENTATION_CONTEXT('2D SPACE',''
  ) );
#2386 = ORIENTED_EDGE('',*,*,#2387,.F.);
#2387 = EDGE_CURVE('',#2388,#2359,#2390,.T.);
#2388 = VERTEX_POINT('',#2389);
#2389 = CARTESIAN_POINT('',(0.8,-3.52,15.09153189522));
#2390 = SURFACE_CURVE('',#2391,(#2412,#2436),.PCURVE_S1.);
#2391 = B_SPLINE_CURVE_WITH_KNOTS('',7,(#2392,#2393,#2394,#2395,#2396,
    #2397,#2398,#2399,#2400,#2401,#2402,#2403,#2404,#2405,#2406,#2407,
    #2408,#2409,#2410,#2411),.UNSPECIFIED.,.F.,.F.,(8,6,6,8),(0.,
    3.104949749851E-02,0.501563868651,1.),.UNSPECIFIED.);
#2392 = CARTESIAN_POINT('',(0.8,-3.792,14.942554523131));
#2393 = CARTESIAN_POINT('',(0.8,-3.790778254362,14.943871943363));
#2394 = CARTESIAN_POINT('',(0.8,-3.789551248274,14.945183567679));
#2395 = CARTESIAN_POINT('',(0.8,-3.788316768279,14.946491785718));
#2396 = CARTESIAN_POINT('',(0.8,-3.787078788572,14.947792309419));
#2397 = CARTESIAN_POINT('',(0.8,-3.785833336425,14.94908942712));
#2398 = CARTESIAN_POINT('',(0.8,-3.784582930357,14.950380422761));
#2399 = CARTESIAN_POINT('',(0.8,-3.764290269448,14.971150974335));
#2400 = CARTESIAN_POINT('',(0.8,-3.743950164742,14.989409543521));
#2401 = CARTESIAN_POINT('',(0.8,-3.722405210117,15.006342350913));
#2402 = CARTESIAN_POINT('',(0.8,-3.6997636233,15.021860288166));
#2403 = CARTESIAN_POINT('',(0.8,-3.676141750907,15.035885366684));
#2404 = CARTESIAN_POINT('',(0.8,-3.651662798183,15.048351357592));
#2405 = CARTESIAN_POINT('',(0.8,-3.599752444698,15.07070156041));
#2406 = CARTESIAN_POINT('',(0.8,-3.572231507933,15.080388885462));
#2407 = CARTESIAN_POINT('',(0.8,-3.544045836541,15.088202314736));
#2408 = CARTESIAN_POINT('',(0.8,-3.515354366745,15.094093822293));
#2409 = CARTESIAN_POINT('',(0.8,-3.486320139778,15.098031565146));
#2410 = CARTESIAN_POINT('',(0.8,-3.457108558783,15.1));
#2411 = CARTESIAN_POINT('',(0.8,-3.427885645701,15.1));
#2412 = PCURVE('',#2109,#2413);
#2413 = DEFINITIONAL_REPRESENTATION('',(#2414),#2435);
#2414 = B_SPLINE_CURVE_WITH_KNOTS('',7,(#2415,#2416,#2417,#2418,#2419,
    #2420,#2421,#2422,#2423,#2424,#2425,#2426,#2427,#2428,#2429,#2430,
    #2431,#2432,#2433,#2434),.UNSPECIFIED.,.F.,.F.,(8,6,6,8),(0.,
    3.104949749851E-02,0.501563868651,1.),.UNSPECIFIED.);
#2415 = CARTESIAN_POINT('',(4.920310468167,0.736890432502));
#2416 = CARTESIAN_POINT('',(4.920375544358,0.740596572554));
#2417 = CARTESIAN_POINT('',(4.92044094207,0.744303032753));
#2418 = CARTESIAN_POINT('',(4.920506802298,0.748008212518));
#2419 = CARTESIAN_POINT('',(4.92057287508,0.751714929953));
#2420 = CARTESIAN_POINT('',(4.920639412563,0.755420328042));
#2421 = CARTESIAN_POINT('',(4.920706256772,0.759126184629));
#2422 = CARTESIAN_POINT('',(4.921791893081,0.818986537884));
#2423 = CARTESIAN_POINT('',(4.922891514168,0.875123896834));
#2424 = CARTESIAN_POINT('',(4.924070084261,0.931242295453));
#2425 = CARTESIAN_POINT('',(4.925324952284,0.987341569595));
#2426 = CARTESIAN_POINT('',(4.926652955527,1.04342234928));
#2427 = CARTESIAN_POINT('',(4.928050316604,1.099485373584));
#2428 = CARTESIAN_POINT('',(4.931061537038,1.214902144627));
#2429 = CARTESIAN_POINT('',(4.932683350267,1.274254919019));
#2430 = CARTESIAN_POINT('',(4.934372643129,1.333589435172));
#2431 = CARTESIAN_POINT('',(4.936123215295,1.392907801443));
#2432 = CARTESIAN_POINT('',(4.93792788544,1.452213081121));
#2433 = CARTESIAN_POINT('',(4.939778373611,1.511508445474));
#2434 = CARTESIAN_POINT('',(4.941665183599,1.570796326795));
#2435 = ( GEOMETRIC_REPRESENTATION_CONTEXT(2) 
PARAMETRIC_REPRESENTATION_CONTEXT() REPRESENTATION_CONTEXT('2D SPACE',''
  ) );
#2436 = PCURVE('',#2437,#2442);
#2437 = PLANE('',#2438);
#2438 = AXIS2_PLACEMENT_3D('',#2439,#2440,#2441);
#2439 = CARTESIAN_POINT('',(0.8,-3.52,12.99));
#2440 = DIRECTION('',(1.,0.,0.));
#2441 = DIRECTION('',(0.,0.,1.));
#2442 = DEFINITIONAL_REPRESENTATION('',(#2443),#2464);
#2443 = B_SPLINE_CURVE_WITH_KNOTS('',7,(#2444,#2445,#2446,#2447,#2448,
    #2449,#2450,#2451,#2452,#2453,#2454,#2455,#2456,#2457,#2458,#2459,
    #2460,#2461,#2462,#2463),.UNSPECIFIED.,.F.,.F.,(8,6,6,8),(0.,
    3.104949749851E-02,0.501563868651,1.),.UNSPECIFIED.);
#2444 = CARTESIAN_POINT('',(1.952554523131,0.272));
#2445 = CARTESIAN_POINT('',(1.953871943363,0.270778254362));
#2446 = CARTESIAN_POINT('',(1.955183567679,0.269551248274));
#2447 = CARTESIAN_POINT('',(1.956491785718,0.268316768279));
#2448 = CARTESIAN_POINT('',(1.957792309419,0.267078788572));
#2449 = CARTESIAN_POINT('',(1.95908942712,0.265833336425));
#2450 = CARTESIAN_POINT('',(1.960380422761,0.264582930357));
#2451 = CARTESIAN_POINT('',(1.981150974335,0.244290269448));
#2452 = CARTESIAN_POINT('',(1.999409543521,0.223950164742));
#2453 = CARTESIAN_POINT('',(2.016342350913,0.202405210117));
#2454 = CARTESIAN_POINT('',(2.031860288166,0.1797636233));
#2455 = CARTESIAN_POINT('',(2.045885366684,0.156141750907));
#2456 = CARTESIAN_POINT('',(2.058351357592,0.131662798183));
#2457 = CARTESIAN_POINT('',(2.08070156041,7.975244469796E-02));
#2458 = CARTESIAN_POINT('',(2.090388885462,5.223150793255E-02));
#2459 = CARTESIAN_POINT('',(2.098202314736,2.404583654136E-02));
#2460 = CARTESIAN_POINT('',(2.104093822293,-4.645633255067E-03));
#2461 = CARTESIAN_POINT('',(2.108031565146,-3.367986022192E-02));
#2462 = CARTESIAN_POINT('',(2.11,-6.289144121733E-02));
#2463 = CARTESIAN_POINT('',(2.11,-9.211435429943E-02));
#2464 = ( GEOMETRIC_REPRESENTATION_CONTEXT(2) 
PARAMETRIC_REPRESENTATION_CONTEXT() REPRESENTATION_CONTEXT('2D SPACE',''
  ) );
#2465 = ORIENTED_EDGE('',*,*,#2466,.T.);
#2466 = EDGE_CURVE('',#2388,#2467,#2469,.T.);
#2467 = VERTEX_POINT('',#2468);
#2468 = CARTESIAN_POINT('',(-0.8,-3.52,15.09153189522));
#2469 = SURFACE_CURVE('',#2470,(#2487,#2516),.PCURVE_S1.);
#2470 = B_SPLINE_CURVE_WITH_KNOTS('',8,(#2471,#2472,#2473,#2474,#2475,
    #2476,#2477,#2478,#2479,#2480,#2481,#2482,#2483,#2484,#2485,#2486),
  .UNSPECIFIED.,.F.,.F.,(9,7,9),(0.184246283618,1.,1.815753716381),
  .UNSPECIFIED.);
#2471 = CARTESIAN_POINT('',(0.799999999995,-3.52,15.091531895091));
#2472 = CARTESIAN_POINT('',(0.705740352467,-3.52,15.095508666078));
#2473 = CARTESIAN_POINT('',(0.60925729341,-3.52,15.09797403461));
#2474 = CARTESIAN_POINT('',(0.510804971646,-3.52,15.099301122686));
#2475 = CARTESIAN_POINT('',(0.410653022159,-3.52,15.099860337318));
#2476 = CARTESIAN_POINT('',(0.309101135565,-3.52,15.099999910075));
#2477 = CARTESIAN_POINT('',(0.20649806703,-3.52,15.100000017708));
#2478 = CARTESIAN_POINT('',(0.103280638288,-3.52,15.1));
#2479 = CARTESIAN_POINT('',(-0.103280638288,-3.52,15.1));
#2480 = CARTESIAN_POINT('',(-0.20649806703,-3.52,15.100000017708));
#2481 = CARTESIAN_POINT('',(-0.309101135565,-3.52,15.099999910075));
#2482 = CARTESIAN_POINT('',(-0.41065302216,-3.52,15.099860337318));
#2483 = CARTESIAN_POINT('',(-0.510804971646,-3.52,15.099301122686));
#2484 = CARTESIAN_POINT('',(-0.60925729341,-3.52,15.09797403461));
#2485 = CARTESIAN_POINT('',(-0.705740352467,-3.52,15.095508666078));
#2486 = CARTESIAN_POINT('',(-0.799999999995,-3.52,15.091531895091));
#2487 = PCURVE('',#2109,#2488);
#2488 = DEFINITIONAL_REPRESENTATION('',(#2489),#2515);
#2489 = B_SPLINE_CURVE_WITH_KNOTS('',3,(#2490,#2491,#2492,#2493,#2494,
    #2495,#2496,#2497,#2498,#2499,#2500,#2501,#2502,#2503,#2504,#2505,
    #2506,#2507,#2508,#2509,#2510,#2511,#2512,#2513,#2514),
  .UNSPECIFIED.,.F.,.F.,(4,1,1,1,1,1,1,1,1,1,1,1,1,1,1,1,1,1,1,1,1,1,4),
  (0.184246283618,0.25840571238,0.332565141142,0.406724569904,
    0.480883998666,0.555043427428,0.62920285619,0.703362284952,
    0.777521713714,0.851681142476,0.925840571238,1.,1.074159428762,
    1.148318857524,1.222478286286,1.296637715047,1.370797143809,
    1.444956572571,1.519116001333,1.593275430095,1.667434858857,
    1.741594287619,1.815753716381),.QUASI_UNIFORM_KNOTS.);
#2490 = CARTESIAN_POINT('',(4.935865581524,1.382679325551));
#2491 = CARTESIAN_POINT('',(4.929692948021,1.393418799265));
#2492 = CARTESIAN_POINT('',(4.917202188562,1.414119817251));
#2493 = CARTESIAN_POINT('',(4.898054955596,1.442722340038));
#2494 = CARTESIAN_POINT('',(4.878520876753,1.468762229892));
#2495 = CARTESIAN_POINT('',(4.858628174835,1.492120303136));
#2496 = CARTESIAN_POINT('',(4.838407924766,1.512677436599));
#2497 = CARTESIAN_POINT('',(4.817894600923,1.530317181895));
#2498 = CARTESIAN_POINT('',(4.797126135303,1.544929584142));
#2499 = CARTESIAN_POINT('',(4.776144191754,1.556415016064));
#2500 = CARTESIAN_POINT('',(4.754993950911,1.564688232432));
#2501 = CARTESIAN_POINT('',(4.733725464443,1.569682449106));
#2502 = CARTESIAN_POINT('',(4.712388980385,1.571353265639));
#2503 = CARTESIAN_POINT('',(4.691052496327,1.569682449106));
#2504 = CARTESIAN_POINT('',(4.669784009859,1.564688232432));
#2505 = CARTESIAN_POINT('',(4.648633769015,1.556415016064));
#2506 = CARTESIAN_POINT('',(4.627651825467,1.544929584142));
#2507 = CARTESIAN_POINT('',(4.606883359847,1.530317181895));
#2508 = CARTESIAN_POINT('',(4.586370036003,1.512677436599));
#2509 = CARTESIAN_POINT('',(4.566149785934,1.492120303136));
#2510 = CARTESIAN_POINT('',(4.546257084017,1.468762229892));
#2511 = CARTESIAN_POINT('',(4.526723005173,1.442722340038));
#2512 = CARTESIAN_POINT('',(4.507575772208,1.414119817251));
#2513 = CARTESIAN_POINT('',(4.495085012748,1.393418799265));
#2514 = CARTESIAN_POINT('',(4.488912379246,1.382679325551));
#2515 = ( GEOMETRIC_REPRESENTATION_CONTEXT(2) 
PARAMETRIC_REPRESENTATION_CONTEXT() REPRESENTATION_CONTEXT('2D SPACE',''
  ) );
#2516 = PCURVE('',#2517,#2522);
#2517 = PLANE('',#2518);
#2518 = AXIS2_PLACEMENT_3D('',#2519,#2520,#2521);
#2519 = CARTESIAN_POINT('',(-0.8,-3.52,12.99));
#2520 = DIRECTION('',(0.,1.,0.));
#2521 = DIRECTION('',(0.,0.,1.));
#2522 = DEFINITIONAL_REPRESENTATION('',(#2523),#2540);
#2523 = B_SPLINE_CURVE_WITH_KNOTS('',8,(#2524,#2525,#2526,#2527,#2528,
    #2529,#2530,#2531,#2532,#2533,#2534,#2535,#2536,#2537,#2538,#2539),
  .UNSPECIFIED.,.F.,.F.,(9,7,9),(0.184246283618,1.,1.815753716381),
  .UNSPECIFIED.);
#2524 = CARTESIAN_POINT('',(2.101531895091,1.599999999995));
#2525 = CARTESIAN_POINT('',(2.105508666078,1.505740352467));
#2526 = CARTESIAN_POINT('',(2.10797403461,1.40925729341));
#2527 = CARTESIAN_POINT('',(2.109301122686,1.310804971646));
#2528 = CARTESIAN_POINT('',(2.109860337318,1.210653022159));
#2529 = CARTESIAN_POINT('',(2.109999910075,1.109101135565));
#2530 = CARTESIAN_POINT('',(2.110000017708,1.00649806703));
#2531 = CARTESIAN_POINT('',(2.11,0.903280638288));
#2532 = CARTESIAN_POINT('',(2.11,0.696719361712));
#2533 = CARTESIAN_POINT('',(2.110000017708,0.59350193297));
#2534 = CARTESIAN_POINT('',(2.109999910075,0.490898864435));
#2535 = CARTESIAN_POINT('',(2.109860337318,0.38934697784));
#2536 = CARTESIAN_POINT('',(2.109301122686,0.289195028354));
#2537 = CARTESIAN_POINT('',(2.10797403461,0.19074270659));
#2538 = CARTESIAN_POINT('',(2.105508666078,9.425964753309E-02));
#2539 = CARTESIAN_POINT('',(2.101531895091,5.467959418581E-12));
#2540 = ( GEOMETRIC_REPRESENTATION_CONTEXT(2) 
PARAMETRIC_REPRESENTATION_CONTEXT() REPRESENTATION_CONTEXT('2D SPACE',''
  ) );
#2541 = ORIENTED_EDGE('',*,*,#2542,.T.);
#2542 = EDGE_CURVE('',#2467,#2543,#2545,.T.);
#2543 = VERTEX_POINT('',#2544);
#2544 = CARTESIAN_POINT('',(-0.8,-3.427885645701,15.1));
#2545 = SURFACE_CURVE('',#2546,(#2567,#2591),.PCURVE_S1.);
#2546 = B_SPLINE_CURVE_WITH_KNOTS('',7,(#2547,#2548,#2549,#2550,#2551,
    #2552,#2553,#2554,#2555,#2556,#2557,#2558,#2559,#2560,#2561,#2562,
    #2563,#2564,#2565,#2566),.UNSPECIFIED.,.F.,.F.,(8,6,6,8),(0.,
    3.10494974985E-02,0.501563868651,1.),.UNSPECIFIED.);
#2547 = CARTESIAN_POINT('',(-0.8,-3.792,14.942554523131));
#2548 = CARTESIAN_POINT('',(-0.8,-3.790778254362,14.943871943363));
#2549 = CARTESIAN_POINT('',(-0.8,-3.789551248274,14.945183567679));
#2550 = CARTESIAN_POINT('',(-0.8,-3.788316768279,14.946491785718));
#2551 = CARTESIAN_POINT('',(-0.8,-3.787078788572,14.947792309419));
#2552 = CARTESIAN_POINT('',(-0.8,-3.785833336425,14.94908942712));
#2553 = CARTESIAN_POINT('',(-0.8,-3.784582930357,14.950380422761));
#2554 = CARTESIAN_POINT('',(-0.8,-3.764290269448,14.971150974335));
#2555 = CARTESIAN_POINT('',(-0.8,-3.743950164742,14.989409543521));
#2556 = CARTESIAN_POINT('',(-0.8,-3.722405210117,15.006342350913));
#2557 = CARTESIAN_POINT('',(-0.8,-3.6997636233,15.021860288166));
#2558 = CARTESIAN_POINT('',(-0.8,-3.676141750907,15.035885366684));
#2559 = CARTESIAN_POINT('',(-0.8,-3.651662798183,15.048351357592));
#2560 = CARTESIAN_POINT('',(-0.8,-3.599752444698,15.07070156041));
#2561 = CARTESIAN_POINT('',(-0.8,-3.572231507933,15.080388885462));
#2562 = CARTESIAN_POINT('',(-0.8,-3.544045836541,15.088202314736));
#2563 = CARTESIAN_POINT('',(-0.8,-3.515354366745,15.094093822293));
#2564 = CARTESIAN_POINT('',(-0.8,-3.486320139778,15.098031565146));
#2565 = CARTESIAN_POINT('',(-0.8,-3.457108558783,15.1));
#2566 = CARTESIAN_POINT('',(-0.8,-3.427885645701,15.1));
#2567 = PCURVE('',#2109,#2568);
#2568 = DEFINITIONAL_REPRESENTATION('',(#2569),#2590);
#2569 = B_SPLINE_CURVE_WITH_KNOTS('',7,(#2570,#2571,#2572,#2573,#2574,
    #2575,#2576,#2577,#2578,#2579,#2580,#2581,#2582,#2583,#2584,#2585,
    #2586,#2587,#2588,#2589),.UNSPECIFIED.,.F.,.F.,(8,6,6,8),(0.,
    3.10494974985E-02,0.501563868651,1.),.UNSPECIFIED.);
#2570 = CARTESIAN_POINT('',(4.504467492602,0.736890432502));
#2571 = CARTESIAN_POINT('',(4.504402416412,0.740596572554));
#2572 = CARTESIAN_POINT('',(4.504337018699,0.744303032753));
#2573 = CARTESIAN_POINT('',(4.504271158471,0.748008212518));
#2574 = CARTESIAN_POINT('',(4.50420508569,0.751714929953));
#2575 = CARTESIAN_POINT('',(4.504138548206,0.755420328042));
#2576 = CARTESIAN_POINT('',(4.504071703997,0.759126184629));
#2577 = CARTESIAN_POINT('',(4.502986067688,0.818986537884));
#2578 = CARTESIAN_POINT('',(4.501886446601,0.875123896834));
#2579 = CARTESIAN_POINT('',(4.500707876508,0.931242295453));
#2580 = CARTESIAN_POINT('',(4.499453008486,0.987341569595));
#2581 = CARTESIAN_POINT('',(4.498125005243,1.04342234928));
#2582 = CARTESIAN_POINT('',(4.496727644165,1.099485373584));
#2583 = CARTESIAN_POINT('',(4.493716423731,1.214902144627));
#2584 = CARTESIAN_POINT('',(4.492094610502,1.274254919019));
#2585 = CARTESIAN_POINT('',(4.490405317641,1.333589435172));
#2586 = CARTESIAN_POINT('',(4.488654745474,1.392907801443));
#2587 = CARTESIAN_POINT('',(4.486850075329,1.452213081121));
#2588 = CARTESIAN_POINT('',(4.484999587158,1.511508445474));
#2589 = CARTESIAN_POINT('',(4.483112777171,1.570796326795));
#2590 = ( GEOMETRIC_REPRESENTATION_CONTEXT(2) 
PARAMETRIC_REPRESENTATION_CONTEXT() REPRESENTATION_CONTEXT('2D SPACE',''
  ) );
#2591 = PCURVE('',#2592,#2597);
#2592 = PLANE('',#2593);
#2593 = AXIS2_PLACEMENT_3D('',#2594,#2595,#2596);
#2594 = CARTESIAN_POINT('',(-0.8,-3.52,12.99));
#2595 = DIRECTION('',(1.,0.,0.));
#2596 = DIRECTION('',(0.,0.,1.));
#2597 = DEFINITIONAL_REPRESENTATION('',(#2598),#2619);
#2598 = B_SPLINE_CURVE_WITH_KNOTS('',7,(#2599,#2600,#2601,#2602,#2603,
    #2604,#2605,#2606,#2607,#2608,#2609,#2610,#2611,#2612,#2613,#2614,
    #2615,#2616,#2617,#2618),.UNSPECIFIED.,.F.,.F.,(8,6,6,8),(0.,
    3.10494974985E-02,0.501563868651,1.),.UNSPECIFIED.);
#2599 = CARTESIAN_POINT('',(1.952554523131,0.272));
#2600 = CARTESIAN_POINT('',(1.953871943363,0.270778254362));
#2601 = CARTESIAN_POINT('',(1.955183567679,0.269551248274));
#2602 = CARTESIAN_POINT('',(1.956491785718,0.268316768279));
#2603 = CARTESIAN_POINT('',(1.957792309419,0.267078788572));
#2604 = CARTESIAN_POINT('',(1.95908942712,0.265833336425));
#2605 = CARTESIAN_POINT('',(1.960380422761,0.264582930357));
#2606 = CARTESIAN_POINT('',(1.981150974335,0.244290269448));
#2607 = CARTESIAN_POINT('',(1.999409543521,0.223950164742));
#2608 = CARTESIAN_POINT('',(2.016342350913,0.202405210117));
#2609 = CARTESIAN_POINT('',(2.031860288166,0.1797636233));
#2610 = CARTESIAN_POINT('',(2.045885366684,0.156141750907));
#2611 = CARTESIAN_POINT('',(2.058351357592,0.131662798183));
#2612 = CARTESIAN_POINT('',(2.08070156041,7.975244469796E-02));
#2613 = CARTESIAN_POINT('',(2.090388885462,5.223150793255E-02));
#2614 = CARTESIAN_POINT('',(2.098202314736,2.404583654136E-02));
#2615 = CARTESIAN_POINT('',(2.104093822293,-4.645633255068E-03));
#2616 = CARTESIAN_POINT('',(2.108031565146,-3.367986022192E-02));
#2617 = CARTESIAN_POINT('',(2.11,-6.289144121733E-02));
#2618 = CARTESIAN_POINT('',(2.11,-9.211435429943E-02));
#2619 = ( GEOMETRIC_REPRESENTATION_CONTEXT(2) 
PARAMETRIC_REPRESENTATION_CONTEXT() REPRESENTATION_CONTEXT('2D SPACE',''
  ) );
#2620 = ORIENTED_EDGE('',*,*,#2621,.F.);
#2621 = EDGE_CURVE('',#2622,#2543,#2624,.T.);
#2622 = VERTEX_POINT('',#2623);
#2623 = CARTESIAN_POINT('',(-3.427885645701,-0.8,15.1));
#2624 = SURFACE_CURVE('',#2625,(#2630,#2637),.PCURVE_S1.);
#2625 = CIRCLE('',#2626,3.52);
#2626 = AXIS2_PLACEMENT_3D('',#2627,#2628,#2629);
#2627 = CARTESIAN_POINT('',(0.,0.,15.1));
#2628 = DIRECTION('',(0.,0.,1.));
#2629 = DIRECTION('',(1.,0.,-0.));
#2630 = PCURVE('',#2109,#2631);
#2631 = DEFINITIONAL_REPRESENTATION('',(#2632),#2636);
#2632 = LINE('',#2633,#2634);
#2633 = CARTESIAN_POINT('',(0.,1.570796326795));
#2634 = VECTOR('',#2635,1.);
#2635 = DIRECTION('',(1.,0.));
#2636 = ( GEOMETRIC_REPRESENTATION_CONTEXT(2) 
PARAMETRIC_REPRESENTATION_CONTEXT() REPRESENTATION_CONTEXT('2D SPACE',''
  ) );
#2637 = PCURVE('',#2638,#2643);
#2638 = PLANE('',#2639);
#2639 = AXIS2_PLACEMENT_3D('',#2640,#2641,#2642);
#2640 = CARTESIAN_POINT('',(0.,0.,15.1));
#2641 = DIRECTION('',(0.,0.,1.));
#2642 = DIRECTION('',(1.,0.,0.));
#2643 = DEFINITIONAL_REPRESENTATION('',(#2644),#2648);
#2644 = CIRCLE('',#2645,3.52);
#2645 = AXIS2_PLACEMENT_2D('',#2646,#2647);
#2646 = CARTESIAN_POINT('',(0.,0.));
#2647 = DIRECTION('',(1.,0.));
#2648 = ( GEOMETRIC_REPRESENTATION_CONTEXT(2) 
PARAMETRIC_REPRESENTATION_CONTEXT() REPRESENTATION_CONTEXT('2D SPACE',''
  ) );
#2649 = ORIENTED_EDGE('',*,*,#2650,.F.);
#2650 = EDGE_CURVE('',#2651,#2622,#2653,.T.);
#2651 = VERTEX_POINT('',#2652);
#2652 = CARTESIAN_POINT('',(-3.52,-0.8,15.09153189522));
#2653 = SURFACE_CURVE('',#2654,(#2675,#2699),.PCURVE_S1.);
#2654 = B_SPLINE_CURVE_WITH_KNOTS('',7,(#2655,#2656,#2657,#2658,#2659,
    #2660,#2661,#2662,#2663,#2664,#2665,#2666,#2667,#2668,#2669,#2670,
    #2671,#2672,#2673,#2674),.UNSPECIFIED.,.F.,.F.,(8,6,6,8),(0.,
    3.104949749852E-02,0.501563868651,1.),.UNSPECIFIED.);
#2655 = CARTESIAN_POINT('',(-3.792,-0.8,14.942554523131));
#2656 = CARTESIAN_POINT('',(-3.790778254362,-0.8,14.943871943363));
#2657 = CARTESIAN_POINT('',(-3.789551248274,-0.8,14.945183567679));
#2658 = CARTESIAN_POINT('',(-3.788316768279,-0.8,14.946491785718));
#2659 = CARTESIAN_POINT('',(-3.787078788572,-0.8,14.947792309419));
#2660 = CARTESIAN_POINT('',(-3.785833336425,-0.8,14.94908942712));
#2661 = CARTESIAN_POINT('',(-3.784582930357,-0.8,14.950380422761));
#2662 = CARTESIAN_POINT('',(-3.764290269448,-0.8,14.971150974335));
#2663 = CARTESIAN_POINT('',(-3.743950164742,-0.8,14.989409543521));
#2664 = CARTESIAN_POINT('',(-3.722405210117,-0.8,15.006342350913));
#2665 = CARTESIAN_POINT('',(-3.6997636233,-0.8,15.021860288166));
#2666 = CARTESIAN_POINT('',(-3.676141750907,-0.8,15.035885366684));
#2667 = CARTESIAN_POINT('',(-3.651662798183,-0.8,15.048351357592));
#2668 = CARTESIAN_POINT('',(-3.599752444698,-0.8,15.07070156041));
#2669 = CARTESIAN_POINT('',(-3.572231507933,-0.8,15.080388885462));
#2670 = CARTESIAN_POINT('',(-3.544045836541,-0.8,15.088202314736));
#2671 = CARTESIAN_POINT('',(-3.515354366745,-0.8,15.094093822293));
#2672 = CARTESIAN_POINT('',(-3.486320139778,-0.8,15.098031565146));
#2673 = CARTESIAN_POINT('',(-3.457108558783,-0.8,15.1));
#2674 = CARTESIAN_POINT('',(-3.427885645701,-0.8,15.1));
#2675 = PCURVE('',#2109,#2676);
#2676 = DEFINITIONAL_REPRESENTATION('',(#2677),#2698);
#2677 = B_SPLINE_CURVE_WITH_KNOTS('',7,(#2678,#2679,#2680,#2681,#2682,
    #2683,#2684,#2685,#2686,#2687,#2688,#2689,#2690,#2691,#2692,#2693,
    #2694,#2695,#2696,#2697),.UNSPECIFIED.,.F.,.F.,(8,6,6,8),(0.,
    3.104949749852E-02,0.501563868651,1.),.UNSPECIFIED.);
#2678 = CARTESIAN_POINT('',(3.349514141372,0.736890432502));
#2679 = CARTESIAN_POINT('',(3.349579217563,0.740596572554));
#2680 = CARTESIAN_POINT('',(3.349644615275,0.744303032753));
#2681 = CARTESIAN_POINT('',(3.349710475503,0.748008212518));
#2682 = CARTESIAN_POINT('',(3.349776548285,0.751714929953));
#2683 = CARTESIAN_POINT('',(3.349843085768,0.755420328042));
#2684 = CARTESIAN_POINT('',(3.349909929977,0.759126184629));
#2685 = CARTESIAN_POINT('',(3.350995566286,0.818986537884));
#2686 = CARTESIAN_POINT('',(3.352095187373,0.875123896834));
#2687 = CARTESIAN_POINT('',(3.353273757466,0.931242295453));
#2688 = CARTESIAN_POINT('',(3.354528625489,0.987341569595));
#2689 = CARTESIAN_POINT('',(3.355856628732,1.04342234928));
#2690 = CARTESIAN_POINT('',(3.357253989809,1.099485373584));
#2691 = CARTESIAN_POINT('',(3.360265210244,1.214902144627));
#2692 = CARTESIAN_POINT('',(3.361887023472,1.274254919019));
#2693 = CARTESIAN_POINT('',(3.363576316334,1.333589435172));
#2694 = CARTESIAN_POINT('',(3.3653268885,1.392907801443));
#2695 = CARTESIAN_POINT('',(3.367131558645,1.452213081121));
#2696 = CARTESIAN_POINT('',(3.368982046817,1.511508445474));
#2697 = CARTESIAN_POINT('',(3.370868856804,1.570796326795));
#2698 = ( GEOMETRIC_REPRESENTATION_CONTEXT(2) 
PARAMETRIC_REPRESENTATION_CONTEXT() REPRESENTATION_CONTEXT('2D SPACE',''
  ) );
#2699 = PCURVE('',#2700,#2705);
#2700 = PLANE('',#2701);
#2701 = AXIS2_PLACEMENT_3D('',#2702,#2703,#2704);
#2702 = CARTESIAN_POINT('',(-3.52,-0.8,12.99));
#2703 = DIRECTION('',(0.,1.,0.));
#2704 = DIRECTION('',(0.,0.,1.));
#2705 = DEFINITIONAL_REPRESENTATION('',(#2706),#2727);
#2706 = B_SPLINE_CURVE_WITH_KNOTS('',7,(#2707,#2708,#2709,#2710,#2711,
    #2712,#2713,#2714,#2715,#2716,#2717,#2718,#2719,#2720,#2721,#2722,
    #2723,#2724,#2725,#2726),.UNSPECIFIED.,.F.,.F.,(8,6,6,8),(0.,
    3.104949749852E-02,0.501563868651,1.),.UNSPECIFIED.);
#2707 = CARTESIAN_POINT('',(1.952554523131,-0.272));
#2708 = CARTESIAN_POINT('',(1.953871943363,-0.270778254362));
#2709 = CARTESIAN_POINT('',(1.955183567679,-0.269551248274));
#2710 = CARTESIAN_POINT('',(1.956491785718,-0.268316768279));
#2711 = CARTESIAN_POINT('',(1.957792309419,-0.267078788572));
#2712 = CARTESIAN_POINT('',(1.95908942712,-0.265833336425));
#2713 = CARTESIAN_POINT('',(1.960380422761,-0.264582930357));
#2714 = CARTESIAN_POINT('',(1.981150974335,-0.244290269448));
#2715 = CARTESIAN_POINT('',(1.999409543521,-0.223950164742));
#2716 = CARTESIAN_POINT('',(2.016342350913,-0.202405210117));
#2717 = CARTESIAN_POINT('',(2.031860288166,-0.1797636233));
#2718 = CARTESIAN_POINT('',(2.045885366684,-0.156141750907));
#2719 = CARTESIAN_POINT('',(2.058351357592,-0.131662798183));
#2720 = CARTESIAN_POINT('',(2.08070156041,-7.975244469796E-02));
#2721 = CARTESIAN_POINT('',(2.090388885462,-5.223150793255E-02));
#2722 = CARTESIAN_POINT('',(2.098202314736,-2.404583654136E-02));
#2723 = CARTESIAN_POINT('',(2.104093822293,4.645633255066E-03));
#2724 = CARTESIAN_POINT('',(2.108031565146,3.367986022192E-02));
#2725 = CARTESIAN_POINT('',(2.11,6.289144121733E-02));
#2726 = CARTESIAN_POINT('',(2.11,9.211435429943E-02));
#2727 = ( GEOMETRIC_REPRESENTATION_CONTEXT(2) 
PARAMETRIC_REPRESENTATION_CONTEXT() REPRESENTATION_CONTEXT('2D SPACE',''
  ) );
#2728 = ORIENTED_EDGE('',*,*,#2729,.T.);
#2729 = EDGE_CURVE('',#2651,#2730,#2732,.T.);
#2730 = VERTEX_POINT('',#2731);
#2731 = CARTESIAN_POINT('',(-3.52,0.8,15.09153189522));
#2732 = SURFACE_CURVE('',#2733,(#2750,#2779),.PCURVE_S1.);
#2733 = B_SPLINE_CURVE_WITH_KNOTS('',8,(#2734,#2735,#2736,#2737,#2738,
    #2739,#2740,#2741,#2742,#2743,#2744,#2745,#2746,#2747,#2748,#2749),
  .UNSPECIFIED.,.F.,.F.,(9,7,9),(0.184246283622,1.,1.81575371638),
  .UNSPECIFIED.);
#2734 = CARTESIAN_POINT('',(-3.52,-0.799999999995,15.091531895091));
#2735 = CARTESIAN_POINT('',(-3.52,-0.705740352467,15.095508666078));
#2736 = CARTESIAN_POINT('',(-3.52,-0.60925729341,15.09797403461));
#2737 = CARTESIAN_POINT('',(-3.52,-0.510804971646,15.099301122686));
#2738 = CARTESIAN_POINT('',(-3.52,-0.41065302216,15.099860337318));
#2739 = CARTESIAN_POINT('',(-3.52,-0.309101135564,15.099999910075));
#2740 = CARTESIAN_POINT('',(-3.52,-0.206498067031,15.100000017708));
#2741 = CARTESIAN_POINT('',(-3.52,-0.103280638288,15.1));
#2742 = CARTESIAN_POINT('',(-3.52,0.103280638288,15.1));
#2743 = CARTESIAN_POINT('',(-3.52,0.20649806703,15.100000017708));
#2744 = CARTESIAN_POINT('',(-3.52,0.309101135565,15.099999910075));
#2745 = CARTESIAN_POINT('',(-3.52,0.410653022159,15.099860337318));
#2746 = CARTESIAN_POINT('',(-3.52,0.510804971646,15.099301122686));
#2747 = CARTESIAN_POINT('',(-3.52,0.60925729341,15.09797403461));
#2748 = CARTESIAN_POINT('',(-3.52,0.705740352467,15.095508666078));
#2749 = CARTESIAN_POINT('',(-3.52,0.799999999995,15.091531895091));
#2750 = PCURVE('',#2109,#2751);
#2751 = DEFINITIONAL_REPRESENTATION('',(#2752),#2778);
#2752 = B_SPLINE_CURVE_WITH_KNOTS('',3,(#2753,#2754,#2755,#2756,#2757,
    #2758,#2759,#2760,#2761,#2762,#2763,#2764,#2765,#2766,#2767,#2768,
    #2769,#2770,#2771,#2772,#2773,#2774,#2775,#2776,#2777),
  .UNSPECIFIED.,.F.,.F.,(4,1,1,1,1,1,1,1,1,1,1,1,1,1,1,1,1,1,1,1,1,1,4),
  (0.184246283622,0.258405712384,0.332565141146,0.406724569907,
    0.480883998669,0.555043427431,0.629202856193,0.703362284954,
    0.777521713716,0.851681142478,0.92584057124,1.000000000001,
    1.074159428763,1.148318857525,1.222478286286,1.296637715048,
    1.37079714381,1.444956572572,1.519116001333,1.593275430095,
    1.667434858857,1.741594287618,1.81575371638),.QUASI_UNIFORM_KNOTS.);
#2753 = CARTESIAN_POINT('',(3.365069254729,1.382679325551));
#2754 = CARTESIAN_POINT('',(3.358896621226,1.393418799265));
#2755 = CARTESIAN_POINT('',(3.346405861767,1.414119817251));
#2756 = CARTESIAN_POINT('',(3.327258628801,1.442722340038));
#2757 = CARTESIAN_POINT('',(3.307724549958,1.468762229892));
#2758 = CARTESIAN_POINT('',(3.28783184804,1.492120303136));
#2759 = CARTESIAN_POINT('',(3.267611597971,1.512677436599));
#2760 = CARTESIAN_POINT('',(3.247098274128,1.530317181895));
#2761 = CARTESIAN_POINT('',(3.226329808508,1.544929584143));
#2762 = CARTESIAN_POINT('',(3.205347864959,1.556415016064));
#2763 = CARTESIAN_POINT('',(3.184197624116,1.564688232432));
#2764 = CARTESIAN_POINT('',(3.162929137647,1.569682449106));
#2765 = CARTESIAN_POINT('',(3.141592653589,1.571353265639));
#2766 = CARTESIAN_POINT('',(3.120256169532,1.569682449106));
#2767 = CARTESIAN_POINT('',(3.098987683063,1.564688232432));
#2768 = CARTESIAN_POINT('',(3.07783744222,1.556415016064));
#2769 = CARTESIAN_POINT('',(3.056855498672,1.544929584142));
#2770 = CARTESIAN_POINT('',(3.036087033052,1.530317181895));
#2771 = CARTESIAN_POINT('',(3.015573709208,1.512677436599));
#2772 = CARTESIAN_POINT('',(2.995353459139,1.492120303136));
#2773 = CARTESIAN_POINT('',(2.975460757222,1.468762229892));
#2774 = CARTESIAN_POINT('',(2.955926678378,1.442722340038));
#2775 = CARTESIAN_POINT('',(2.936779445413,1.414119817251));
#2776 = CARTESIAN_POINT('',(2.924288685953,1.393418799265));
#2777 = CARTESIAN_POINT('',(2.918116052451,1.382679325551));
#2778 = ( GEOMETRIC_REPRESENTATION_CONTEXT(2) 
PARAMETRIC_REPRESENTATION_CONTEXT() REPRESENTATION_CONTEXT('2D SPACE',''
  ) );
#2779 = PCURVE('',#2780,#2785);
#2780 = PLANE('',#2781);
#2781 = AXIS2_PLACEMENT_3D('',#2782,#2783,#2784);
#2782 = CARTESIAN_POINT('',(-3.52,-0.8,12.99));
#2783 = DIRECTION('',(1.,0.,0.));
#2784 = DIRECTION('',(0.,0.,1.));
#2785 = DEFINITIONAL_REPRESENTATION('',(#2786),#2803);
#2786 = B_SPLINE_CURVE_WITH_KNOTS('',8,(#2787,#2788,#2789,#2790,#2791,
    #2792,#2793,#2794,#2795,#2796,#2797,#2798,#2799,#2800,#2801,#2802),
  .UNSPECIFIED.,.F.,.F.,(9,7,9),(0.184246283622,1.,1.81575371638),
  .UNSPECIFIED.);
#2787 = CARTESIAN_POINT('',(2.101531895091,-5.468181463186E-12));
#2788 = CARTESIAN_POINT('',(2.105508666078,-9.42596475331E-02));
#2789 = CARTESIAN_POINT('',(2.10797403461,-0.19074270659));
#2790 = CARTESIAN_POINT('',(2.109301122686,-0.289195028354));
#2791 = CARTESIAN_POINT('',(2.109860337318,-0.38934697784));
#2792 = CARTESIAN_POINT('',(2.109999910075,-0.490898864436));
#2793 = CARTESIAN_POINT('',(2.110000017708,-0.593501932969));
#2794 = CARTESIAN_POINT('',(2.11,-0.696719361712));
#2795 = CARTESIAN_POINT('',(2.11,-0.903280638288));
#2796 = CARTESIAN_POINT('',(2.110000017708,-1.00649806703));
#2797 = CARTESIAN_POINT('',(2.109999910075,-1.109101135565));
#2798 = CARTESIAN_POINT('',(2.109860337318,-1.210653022159));
#2799 = CARTESIAN_POINT('',(2.109301122686,-1.310804971646));
#2800 = CARTESIAN_POINT('',(2.10797403461,-1.40925729341));
#2801 = CARTESIAN_POINT('',(2.105508666078,-1.505740352467));
#2802 = CARTESIAN_POINT('',(2.101531895091,-1.599999999995));
#2803 = ( GEOMETRIC_REPRESENTATION_CONTEXT(2) 
PARAMETRIC_REPRESENTATION_CONTEXT() REPRESENTATION_CONTEXT('2D SPACE',''
  ) );
#2804 = ORIENTED_EDGE('',*,*,#2805,.T.);
#2805 = EDGE_CURVE('',#2730,#2806,#2808,.T.);
#2806 = VERTEX_POINT('',#2807);
#2807 = CARTESIAN_POINT('',(-3.427885645701,0.8,15.1));
#2808 = SURFACE_CURVE('',#2809,(#2830,#2854),.PCURVE_S1.);
#2809 = B_SPLINE_CURVE_WITH_KNOTS('',7,(#2810,#2811,#2812,#2813,#2814,
    #2815,#2816,#2817,#2818,#2819,#2820,#2821,#2822,#2823,#2824,#2825,
    #2826,#2827,#2828,#2829),.UNSPECIFIED.,.F.,.F.,(8,6,6,8),(0.,
    3.104949749852E-02,0.501563868651,1.),.UNSPECIFIED.);
#2810 = CARTESIAN_POINT('',(-3.792,0.8,14.942554523131));
#2811 = CARTESIAN_POINT('',(-3.790778254362,0.8,14.943871943363));
#2812 = CARTESIAN_POINT('',(-3.789551248274,0.8,14.945183567679));
#2813 = CARTESIAN_POINT('',(-3.788316768279,0.8,14.946491785717));
#2814 = CARTESIAN_POINT('',(-3.787078788572,0.8,14.947792309419));
#2815 = CARTESIAN_POINT('',(-3.785833336425,0.8,14.94908942712));
#2816 = CARTESIAN_POINT('',(-3.784582930357,0.8,14.950380422761));
#2817 = CARTESIAN_POINT('',(-3.764290269448,0.8,14.971150974335));
#2818 = CARTESIAN_POINT('',(-3.743950164742,0.8,14.989409543521));
#2819 = CARTESIAN_POINT('',(-3.722405210117,0.8,15.006342350913));
#2820 = CARTESIAN_POINT('',(-3.6997636233,0.8,15.021860288166));
#2821 = CARTESIAN_POINT('',(-3.676141750907,0.8,15.035885366684));
#2822 = CARTESIAN_POINT('',(-3.651662798183,0.8,15.048351357592));
#2823 = CARTESIAN_POINT('',(-3.599752444698,0.8,15.07070156041));
#2824 = CARTESIAN_POINT('',(-3.572231507933,0.8,15.080388885462));
#2825 = CARTESIAN_POINT('',(-3.544045836541,0.8,15.088202314736));
#2826 = CARTESIAN_POINT('',(-3.515354366745,0.8,15.094093822293));
#2827 = CARTESIAN_POINT('',(-3.486320139778,0.8,15.098031565146));
#2828 = CARTESIAN_POINT('',(-3.457108558783,0.8,15.1));
#2829 = CARTESIAN_POINT('',(-3.427885645701,0.8,15.1));
#2830 = PCURVE('',#2109,#2831);
#2831 = DEFINITIONAL_REPRESENTATION('',(#2832),#2853);
#2832 = B_SPLINE_CURVE_WITH_KNOTS('',7,(#2833,#2834,#2835,#2836,#2837,
    #2838,#2839,#2840,#2841,#2842,#2843,#2844,#2845,#2846,#2847,#2848,
    #2849,#2850,#2851,#2852),.UNSPECIFIED.,.F.,.F.,(8,6,6,8),(0.,
    3.104949749852E-02,0.501563868651,1.),.UNSPECIFIED.);
#2833 = CARTESIAN_POINT('',(2.933671165807,0.736890432502));
#2834 = CARTESIAN_POINT('',(2.933606089617,0.740596572554));
#2835 = CARTESIAN_POINT('',(2.933540691904,0.744303032753));
#2836 = CARTESIAN_POINT('',(2.933474831676,0.748008212518));
#2837 = CARTESIAN_POINT('',(2.933408758895,0.751714929953));
#2838 = CARTESIAN_POINT('',(2.933342221411,0.755420328042));
#2839 = CARTESIAN_POINT('',(2.933275377202,0.759126184629));
#2840 = CARTESIAN_POINT('',(2.932189740893,0.818986537884));
#2841 = CARTESIAN_POINT('',(2.931090119806,0.875123896834));
#2842 = CARTESIAN_POINT('',(2.929911549713,0.931242295453));
#2843 = CARTESIAN_POINT('',(2.928656681691,0.987341569595));
#2844 = CARTESIAN_POINT('',(2.927328678448,1.04342234928));
#2845 = CARTESIAN_POINT('',(2.92593131737,1.099485373584));
#2846 = CARTESIAN_POINT('',(2.922920096936,1.214902144627));
#2847 = CARTESIAN_POINT('',(2.921298283708,1.274254919019));
#2848 = CARTESIAN_POINT('',(2.919608990846,1.333589435172));
#2849 = CARTESIAN_POINT('',(2.917858418679,1.392907801443));
#2850 = CARTESIAN_POINT('',(2.916053748534,1.452213081121));
#2851 = CARTESIAN_POINT('',(2.914203260363,1.511508445474));
#2852 = CARTESIAN_POINT('',(2.912316450376,1.570796326795));
#2853 = ( GEOMETRIC_REPRESENTATION_CONTEXT(2) 
PARAMETRIC_REPRESENTATION_CONTEXT() REPRESENTATION_CONTEXT('2D SPACE',''
  ) );
#2854 = PCURVE('',#2855,#2860);
#2855 = PLANE('',#2856);
#2856 = AXIS2_PLACEMENT_3D('',#2857,#2858,#2859);
#2857 = CARTESIAN_POINT('',(-3.52,0.8,12.99));
#2858 = DIRECTION('',(0.,1.,0.));
#2859 = DIRECTION('',(0.,0.,1.));
#2860 = DEFINITIONAL_REPRESENTATION('',(#2861),#2882);
#2861 = B_SPLINE_CURVE_WITH_KNOTS('',7,(#2862,#2863,#2864,#2865,#2866,
    #2867,#2868,#2869,#2870,#2871,#2872,#2873,#2874,#2875,#2876,#2877,
    #2878,#2879,#2880,#2881),.UNSPECIFIED.,.F.,.F.,(8,6,6,8),(0.,
    3.104949749852E-02,0.501563868651,1.),.UNSPECIFIED.);
#2862 = CARTESIAN_POINT('',(1.952554523131,-0.272));
#2863 = CARTESIAN_POINT('',(1.953871943363,-0.270778254362));
#2864 = CARTESIAN_POINT('',(1.955183567679,-0.269551248274));
#2865 = CARTESIAN_POINT('',(1.956491785717,-0.268316768279));
#2866 = CARTESIAN_POINT('',(1.957792309419,-0.267078788572));
#2867 = CARTESIAN_POINT('',(1.95908942712,-0.265833336425));
#2868 = CARTESIAN_POINT('',(1.960380422761,-0.264582930357));
#2869 = CARTESIAN_POINT('',(1.981150974335,-0.244290269448));
#2870 = CARTESIAN_POINT('',(1.999409543521,-0.223950164742));
#2871 = CARTESIAN_POINT('',(2.016342350913,-0.202405210117));
#2872 = CARTESIAN_POINT('',(2.031860288166,-0.1797636233));
#2873 = CARTESIAN_POINT('',(2.045885366684,-0.156141750907));
#2874 = CARTESIAN_POINT('',(2.058351357592,-0.131662798183));
#2875 = CARTESIAN_POINT('',(2.08070156041,-7.975244469796E-02));
#2876 = CARTESIAN_POINT('',(2.090388885462,-5.223150793255E-02));
#2877 = CARTESIAN_POINT('',(2.098202314736,-2.404583654135E-02));
#2878 = CARTESIAN_POINT('',(2.104093822293,4.645633255068E-03));
#2879 = CARTESIAN_POINT('',(2.108031565146,3.367986022192E-02));
#2880 = CARTESIAN_POINT('',(2.11,6.289144121733E-02));
#2881 = CARTESIAN_POINT('',(2.11,9.211435429943E-02));
#2882 = ( GEOMETRIC_REPRESENTATION_CONTEXT(2) 
PARAMETRIC_REPRESENTATION_CONTEXT() REPRESENTATION_CONTEXT('2D SPACE',''
  ) );
#2883 = ORIENTED_EDGE('',*,*,#2884,.F.);
#2884 = EDGE_CURVE('',#2885,#2806,#2887,.T.);
#2885 = VERTEX_POINT('',#2886);
#2886 = CARTESIAN_POINT('',(-0.8,3.427885645701,15.1));
#2887 = SURFACE_CURVE('',#2888,(#2893,#2900),.PCURVE_S1.);
#2888 = CIRCLE('',#2889,3.52);
#2889 = AXIS2_PLACEMENT_3D('',#2890,#2891,#2892);
#2890 = CARTESIAN_POINT('',(0.,0.,15.1));
#2891 = DIRECTION('',(0.,0.,1.));
#2892 = DIRECTION('',(1.,0.,-0.));
#2893 = PCURVE('',#2109,#2894);
#2894 = DEFINITIONAL_REPRESENTATION('',(#2895),#2899);
#2895 = LINE('',#2896,#2897);
#2896 = CARTESIAN_POINT('',(0.,1.570796326795));
#2897 = VECTOR('',#2898,1.);
#2898 = DIRECTION('',(1.,0.));
#2899 = ( GEOMETRIC_REPRESENTATION_CONTEXT(2) 
PARAMETRIC_REPRESENTATION_CONTEXT() REPRESENTATION_CONTEXT('2D SPACE',''
  ) );
#2900 = PCURVE('',#2901,#2906);
#2901 = PLANE('',#2902);
#2902 = AXIS2_PLACEMENT_3D('',#2903,#2904,#2905);
#2903 = CARTESIAN_POINT('',(0.,0.,15.1));
#2904 = DIRECTION('',(0.,0.,1.));
#2905 = DIRECTION('',(1.,0.,0.));
#2906 = DEFINITIONAL_REPRESENTATION('',(#2907),#2911);
#2907 = CIRCLE('',#2908,3.52);
#2908 = AXIS2_PLACEMENT_2D('',#2909,#2910);
#2909 = CARTESIAN_POINT('',(0.,0.));
#2910 = DIRECTION('',(1.,0.));
#2911 = ( GEOMETRIC_REPRESENTATION_CONTEXT(2) 
PARAMETRIC_REPRESENTATION_CONTEXT() REPRESENTATION_CONTEXT('2D SPACE',''
  ) );
#2912 = ORIENTED_EDGE('',*,*,#2913,.F.);
#2913 = EDGE_CURVE('',#2914,#2885,#2916,.T.);
#2914 = VERTEX_POINT('',#2915);
#2915 = CARTESIAN_POINT('',(-0.8,3.52,15.09153189522));
#2916 = SURFACE_CURVE('',#2917,(#2938,#2962),.PCURVE_S1.);
#2917 = B_SPLINE_CURVE_WITH_KNOTS('',7,(#2918,#2919,#2920,#2921,#2922,
    #2923,#2924,#2925,#2926,#2927,#2928,#2929,#2930,#2931,#2932,#2933,
    #2934,#2935,#2936,#2937),.UNSPECIFIED.,.F.,.F.,(8,6,6,8),(0.,
    3.104949751547E-02,0.501563868668,1.),.UNSPECIFIED.);
#2918 = CARTESIAN_POINT('',(-0.8,3.792,14.942554523131));
#2919 = CARTESIAN_POINT('',(-0.8,3.790778254362,14.943871943364));
#2920 = CARTESIAN_POINT('',(-0.8,3.789551248273,14.945183567681));
#2921 = CARTESIAN_POINT('',(-0.8,3.788316768277,14.94649178572));
#2922 = CARTESIAN_POINT('',(-0.8,3.787078788569,14.947792309422));
#2923 = CARTESIAN_POINT('',(-0.8,3.785833336421,14.949089427123));
#2924 = CARTESIAN_POINT('',(-0.8,3.784582930353,14.950380422765));
#2925 = CARTESIAN_POINT('',(-0.8,3.764290269443,14.971150974339));
#2926 = CARTESIAN_POINT('',(-0.8,3.743950164737,14.989409543526));
#2927 = CARTESIAN_POINT('',(-0.8,3.722405210111,15.006342350917));
#2928 = CARTESIAN_POINT('',(-0.8,3.699763623294,15.02186028817));
#2929 = CARTESIAN_POINT('',(-0.8,3.676141750901,15.035885366687));
#2930 = CARTESIAN_POINT('',(-0.8,3.651662798176,15.048351357595));
#2931 = CARTESIAN_POINT('',(-0.8,3.599752444692,15.070701560412));
#2932 = CARTESIAN_POINT('',(-0.8,3.572231507928,15.080388885464));
#2933 = CARTESIAN_POINT('',(-0.8,3.544045836537,15.088202314736));
#2934 = CARTESIAN_POINT('',(-0.8,3.515354366742,15.094093822294));
#2935 = CARTESIAN_POINT('',(-0.8,3.486320139776,15.098031565146));
#2936 = CARTESIAN_POINT('',(-0.8,3.457108558782,15.1));
#2937 = CARTESIAN_POINT('',(-0.8,3.427885645701,15.1));
#2938 = PCURVE('',#2109,#2939);
#2939 = DEFINITIONAL_REPRESENTATION('',(#2940),#2961);
#2940 = B_SPLINE_CURVE_WITH_KNOTS('',7,(#2941,#2942,#2943,#2944,#2945,
    #2946,#2947,#2948,#2949,#2950,#2951,#2952,#2953,#2954,#2955,#2956,
    #2957,#2958,#2959,#2960),.UNSPECIFIED.,.F.,.F.,(8,6,6,8),(0.,
    3.104949751547E-02,0.501563868668,1.),.UNSPECIFIED.);
#2941 = CARTESIAN_POINT('',(1.778717814577,0.736890432502));
#2942 = CARTESIAN_POINT('',(1.778782890768,0.740596572556));
#2943 = CARTESIAN_POINT('',(1.778848288481,0.744303032757));
#2944 = CARTESIAN_POINT('',(1.778914148708,0.748008212524));
#2945 = CARTESIAN_POINT('',(1.77898022149,0.751714929961));
#2946 = CARTESIAN_POINT('',(1.779046758973,0.755420328052));
#2947 = CARTESIAN_POINT('',(1.779113603183,0.759126184641));
#2948 = CARTESIAN_POINT('',(1.780199239492,0.818986537898));
#2949 = CARTESIAN_POINT('',(1.781298860579,0.875123896849));
#2950 = CARTESIAN_POINT('',(1.782477430672,0.931242295467));
#2951 = CARTESIAN_POINT('',(1.783732298694,0.987341569609));
#2952 = CARTESIAN_POINT('',(1.785060301937,1.043422349294));
#2953 = CARTESIAN_POINT('',(1.786457663015,1.099485373599));
#2954 = CARTESIAN_POINT('',(1.789468883449,1.214902144639));
#2955 = CARTESIAN_POINT('',(1.791090696677,1.274254919029));
#2956 = CARTESIAN_POINT('',(1.792779989539,1.33358943518));
#2957 = CARTESIAN_POINT('',(1.794530561705,1.392907801449));
#2958 = CARTESIAN_POINT('',(1.79633523185,1.452213081125));
#2959 = CARTESIAN_POINT('',(1.798185720022,1.511508445476));
#2960 = CARTESIAN_POINT('',(1.800072530009,1.570796326795));
#2961 = ( GEOMETRIC_REPRESENTATION_CONTEXT(2) 
PARAMETRIC_REPRESENTATION_CONTEXT() REPRESENTATION_CONTEXT('2D SPACE',''
  ) );
#2962 = PCURVE('',#2963,#2968);
#2963 = PLANE('',#2964);
#2964 = AXIS2_PLACEMENT_3D('',#2965,#2966,#2967);
#2965 = CARTESIAN_POINT('',(-0.8,-3.52,12.99));
#2966 = DIRECTION('',(1.,0.,0.));
#2967 = DIRECTION('',(0.,0.,1.));
#2968 = DEFINITIONAL_REPRESENTATION('',(#2969),#2990);
#2969 = B_SPLINE_CURVE_WITH_KNOTS('',7,(#2970,#2971,#2972,#2973,#2974,
    #2975,#2976,#2977,#2978,#2979,#2980,#2981,#2982,#2983,#2984,#2985,
    #2986,#2987,#2988,#2989),.UNSPECIFIED.,.F.,.F.,(8,6,6,8),(0.,
    3.104949751547E-02,0.501563868668,1.),.UNSPECIFIED.);
#2970 = CARTESIAN_POINT('',(1.952554523131,-7.312));
#2971 = CARTESIAN_POINT('',(1.953871943364,-7.310778254362));
#2972 = CARTESIAN_POINT('',(1.955183567681,-7.309551248273));
#2973 = CARTESIAN_POINT('',(1.95649178572,-7.308316768277));
#2974 = CARTESIAN_POINT('',(1.957792309422,-7.307078788569));
#2975 = CARTESIAN_POINT('',(1.959089427123,-7.305833336421));
#2976 = CARTESIAN_POINT('',(1.960380422765,-7.304582930353));
#2977 = CARTESIAN_POINT('',(1.981150974339,-7.284290269443));
#2978 = CARTESIAN_POINT('',(1.999409543526,-7.263950164737));
#2979 = CARTESIAN_POINT('',(2.016342350917,-7.242405210111));
#2980 = CARTESIAN_POINT('',(2.03186028817,-7.219763623294));
#2981 = CARTESIAN_POINT('',(2.045885366687,-7.196141750901));
#2982 = CARTESIAN_POINT('',(2.058351357595,-7.171662798176));
#2983 = CARTESIAN_POINT('',(2.080701560412,-7.119752444692));
#2984 = CARTESIAN_POINT('',(2.090388885464,-7.092231507928));
#2985 = CARTESIAN_POINT('',(2.098202314736,-7.064045836537));
#2986 = CARTESIAN_POINT('',(2.104093822294,-7.035354366742));
#2987 = CARTESIAN_POINT('',(2.108031565146,-7.006320139776));
#2988 = CARTESIAN_POINT('',(2.11,-6.977108558782));
#2989 = CARTESIAN_POINT('',(2.11,-6.947885645701));
#2990 = ( GEOMETRIC_REPRESENTATION_CONTEXT(2) 
PARAMETRIC_REPRESENTATION_CONTEXT() REPRESENTATION_CONTEXT('2D SPACE',''
  ) );
#2991 = ORIENTED_EDGE('',*,*,#2992,.T.);
#2992 = EDGE_CURVE('',#2914,#2993,#2995,.T.);
#2993 = VERTEX_POINT('',#2994);
#2994 = CARTESIAN_POINT('',(0.8,3.52,15.09153189522));
#2995 = SURFACE_CURVE('',#2996,(#3013,#3042),.PCURVE_S1.);
#2996 = B_SPLINE_CURVE_WITH_KNOTS('',8,(#2997,#2998,#2999,#3000,#3001,
    #3002,#3003,#3004,#3005,#3006,#3007,#3008,#3009,#3010,#3011,#3012),
  .UNSPECIFIED.,.F.,.F.,(9,7,9),(0.184246283622,1.,1.81575371638),
  .UNSPECIFIED.);
#2997 = CARTESIAN_POINT('',(-0.799999999995,3.52,15.091531895091));
#2998 = CARTESIAN_POINT('',(-0.705740352467,3.52,15.095508666078));
#2999 = CARTESIAN_POINT('',(-0.60925729341,3.52,15.09797403461));
#3000 = CARTESIAN_POINT('',(-0.510804971646,3.52,15.099301122686));
#3001 = CARTESIAN_POINT('',(-0.41065302216,3.52,15.099860337318));
#3002 = CARTESIAN_POINT('',(-0.309101135564,3.52,15.099999910075));
#3003 = CARTESIAN_POINT('',(-0.20649806703,3.52,15.100000017708));
#3004 = CARTESIAN_POINT('',(-0.103280638288,3.52,15.1));
#3005 = CARTESIAN_POINT('',(0.103280638288,3.52,15.1));
#3006 = CARTESIAN_POINT('',(0.206498067029,3.52,15.100000017708));
#3007 = CARTESIAN_POINT('',(0.309101135565,3.52,15.099999910075));
#3008 = CARTESIAN_POINT('',(0.410653022159,3.52,15.099860337318));
#3009 = CARTESIAN_POINT('',(0.510804971646,3.52,15.099301122686));
#3010 = CARTESIAN_POINT('',(0.60925729341,3.52,15.09797403461));
#3011 = CARTESIAN_POINT('',(0.705740352467,3.52,15.095508666078));
#3012 = CARTESIAN_POINT('',(0.799999999995,3.52,15.091531895091));
#3013 = PCURVE('',#2109,#3014);
#3014 = DEFINITIONAL_REPRESENTATION('',(#3015),#3041);
#3015 = B_SPLINE_CURVE_WITH_KNOTS('',3,(#3016,#3017,#3018,#3019,#3020,
    #3021,#3022,#3023,#3024,#3025,#3026,#3027,#3028,#3029,#3030,#3031,
    #3032,#3033,#3034,#3035,#3036,#3037,#3038,#3039,#3040),
  .UNSPECIFIED.,.F.,.F.,(4,1,1,1,1,1,1,1,1,1,1,1,1,1,1,1,1,1,1,1,1,1,4),
  (0.184246283622,0.258405712384,0.332565141146,0.406724569908,
    0.480883998669,0.555043427431,0.629202856193,0.703362284954,
    0.777521713716,0.851681142478,0.92584057124,1.000000000001,
    1.074159428763,1.148318857525,1.222478286286,1.296637715048,
    1.37079714381,1.444956572572,1.519116001333,1.593275430095,
    1.667434858857,1.741594287618,1.81575371638),.QUASI_UNIFORM_KNOTS.);
#3016 = CARTESIAN_POINT('',(1.794272927934,1.382679325551));
#3017 = CARTESIAN_POINT('',(1.788100294431,1.393418799265));
#3018 = CARTESIAN_POINT('',(1.775609534972,1.414119817251));
#3019 = CARTESIAN_POINT('',(1.756462302006,1.442722340038));
#3020 = CARTESIAN_POINT('',(1.736928223163,1.468762229892));
#3021 = CARTESIAN_POINT('',(1.717035521246,1.492120303136));
#3022 = CARTESIAN_POINT('',(1.696815271176,1.512677436599));
#3023 = CARTESIAN_POINT('',(1.676301947333,1.530317181895));
#3024 = CARTESIAN_POINT('',(1.655533481713,1.544929584143));
#3025 = CARTESIAN_POINT('',(1.634551538164,1.556415016064));
#3026 = CARTESIAN_POINT('',(1.613401297321,1.564688232432));
#3027 = CARTESIAN_POINT('',(1.592132810852,1.569682449106));
#3028 = CARTESIAN_POINT('',(1.570796326795,1.571353265639));
#3029 = CARTESIAN_POINT('',(1.549459842737,1.569682449106));
#3030 = CARTESIAN_POINT('',(1.528191356268,1.564688232432));
#3031 = CARTESIAN_POINT('',(1.507041115425,1.556415016064));
#3032 = CARTESIAN_POINT('',(1.486059171877,1.544929584142));
#3033 = CARTESIAN_POINT('',(1.465290706257,1.530317181895));
#3034 = CARTESIAN_POINT('',(1.444777382413,1.512677436599));
#3035 = CARTESIAN_POINT('',(1.424557132344,1.492120303136));
#3036 = CARTESIAN_POINT('',(1.404664430427,1.468762229892));
#3037 = CARTESIAN_POINT('',(1.385130351583,1.442722340038));
#3038 = CARTESIAN_POINT('',(1.365983118618,1.414119817251));
#3039 = CARTESIAN_POINT('',(1.353492359159,1.393418799265));
#3040 = CARTESIAN_POINT('',(1.347319725656,1.382679325551));
#3041 = ( GEOMETRIC_REPRESENTATION_CONTEXT(2) 
PARAMETRIC_REPRESENTATION_CONTEXT() REPRESENTATION_CONTEXT('2D SPACE',''
  ) );
#3042 = PCURVE('',#3043,#3048);
#3043 = PLANE('',#3044);
#3044 = AXIS2_PLACEMENT_3D('',#3045,#3046,#3047);
#3045 = CARTESIAN_POINT('',(-0.8,3.52,12.99));
#3046 = DIRECTION('',(0.,1.,0.));
#3047 = DIRECTION('',(0.,0.,1.));
#3048 = DEFINITIONAL_REPRESENTATION('',(#3049),#3066);
#3049 = B_SPLINE_CURVE_WITH_KNOTS('',8,(#3050,#3051,#3052,#3053,#3054,
    #3055,#3056,#3057,#3058,#3059,#3060,#3061,#3062,#3063,#3064,#3065),
  .UNSPECIFIED.,.F.,.F.,(9,7,9),(0.184246283622,1.,1.81575371638),
  .UNSPECIFIED.);
#3050 = CARTESIAN_POINT('',(2.101531895091,5.467959418581E-12));
#3051 = CARTESIAN_POINT('',(2.105508666078,9.425964753309E-02));
#3052 = CARTESIAN_POINT('',(2.10797403461,0.19074270659));
#3053 = CARTESIAN_POINT('',(2.109301122686,0.289195028354));
#3054 = CARTESIAN_POINT('',(2.109860337318,0.38934697784));
#3055 = CARTESIAN_POINT('',(2.109999910075,0.490898864436));
#3056 = CARTESIAN_POINT('',(2.110000017708,0.59350193297));
#3057 = CARTESIAN_POINT('',(2.11,0.696719361712));
#3058 = CARTESIAN_POINT('',(2.11,0.903280638288));
#3059 = CARTESIAN_POINT('',(2.110000017708,1.006498067029));
#3060 = CARTESIAN_POINT('',(2.109999910075,1.109101135565));
#3061 = CARTESIAN_POINT('',(2.109860337318,1.210653022159));
#3062 = CARTESIAN_POINT('',(2.109301122686,1.310804971646));
#3063 = CARTESIAN_POINT('',(2.10797403461,1.40925729341));
#3064 = CARTESIAN_POINT('',(2.105508666078,1.505740352467));
#3065 = CARTESIAN_POINT('',(2.101531895091,1.599999999995));
#3066 = ( GEOMETRIC_REPRESENTATION_CONTEXT(2) 
PARAMETRIC_REPRESENTATION_CONTEXT() REPRESENTATION_CONTEXT('2D SPACE',''
  ) );
#3067 = ORIENTED_EDGE('',*,*,#3068,.T.);
#3068 = EDGE_CURVE('',#2993,#3069,#3071,.T.);
#3069 = VERTEX_POINT('',#3070);
#3070 = CARTESIAN_POINT('',(0.8,3.427885645701,15.1));
#3071 = SURFACE_CURVE('',#3072,(#3093,#3117),.PCURVE_S1.);
#3072 = B_SPLINE_CURVE_WITH_KNOTS('',7,(#3073,#3074,#3075,#3076,#3077,
    #3078,#3079,#3080,#3081,#3082,#3083,#3084,#3085,#3086,#3087,#3088,
    #3089,#3090,#3091,#3092),.UNSPECIFIED.,.F.,.F.,(8,6,6,8),(0.,
    3.104949749259E-02,0.501563868645,1.),.UNSPECIFIED.);
#3073 = CARTESIAN_POINT('',(0.8,3.792,14.942554523131));
#3074 = CARTESIAN_POINT('',(0.8,3.790778254362,14.943871943363));
#3075 = CARTESIAN_POINT('',(0.8,3.789551248275,14.945183567679));
#3076 = CARTESIAN_POINT('',(0.8,3.78831676828,14.946491785717));
#3077 = CARTESIAN_POINT('',(0.8,3.787078788573,14.947792309418));
#3078 = CARTESIAN_POINT('',(0.8,3.785833336426,14.949089427118));
#3079 = CARTESIAN_POINT('',(0.8,3.784582930358,14.950380422759));
#3080 = CARTESIAN_POINT('',(0.8,3.76429026945,14.971150974333));
#3081 = CARTESIAN_POINT('',(0.8,3.743950164744,14.98940954352));
#3082 = CARTESIAN_POINT('',(0.8,3.722405210119,15.006342350911));
#3083 = CARTESIAN_POINT('',(0.8,3.699763623302,15.021860288165));
#3084 = CARTESIAN_POINT('',(0.8,3.676141750909,15.035885366683));
#3085 = CARTESIAN_POINT('',(0.8,3.651662798185,15.048351357591));
#3086 = CARTESIAN_POINT('',(0.8,3.5997524447,15.070701560409));
#3087 = CARTESIAN_POINT('',(0.8,3.572231507934,15.080388885462));
#3088 = CARTESIAN_POINT('',(0.8,3.544045836543,15.088202314735));
#3089 = CARTESIAN_POINT('',(0.8,3.515354366746,15.094093822293));
#3090 = CARTESIAN_POINT('',(0.8,3.486320139779,15.098031565146));
#3091 = CARTESIAN_POINT('',(0.8,3.457108558783,15.1));
#3092 = CARTESIAN_POINT('',(0.8,3.427885645701,15.1));
#3093 = PCURVE('',#2109,#3094);
#3094 = DEFINITIONAL_REPRESENTATION('',(#3095),#3116);
#3095 = B_SPLINE_CURVE_WITH_KNOTS('',7,(#3096,#3097,#3098,#3099,#3100,
    #3101,#3102,#3103,#3104,#3105,#3106,#3107,#3108,#3109,#3110,#3111,
    #3112,#3113,#3114,#3115),.UNSPECIFIED.,.F.,.F.,(8,6,6,8),(0.,
    3.104949749259E-02,0.501563868645,1.),.UNSPECIFIED.);
#3096 = CARTESIAN_POINT('',(1.362874839013,0.736890432502));
#3097 = CARTESIAN_POINT('',(1.362809762822,0.740596572553));
#3098 = CARTESIAN_POINT('',(1.362744365109,0.744303032751));
#3099 = CARTESIAN_POINT('',(1.362678504882,0.748008212516));
#3100 = CARTESIAN_POINT('',(1.3626124321,0.751714929951));
#3101 = CARTESIAN_POINT('',(1.362545894617,0.755420328038));
#3102 = CARTESIAN_POINT('',(1.362479050407,0.759126184625));
#3103 = CARTESIAN_POINT('',(1.361393414099,0.818986537879));
#3104 = CARTESIAN_POINT('',(1.360293793012,0.875123896829));
#3105 = CARTESIAN_POINT('',(1.359115222918,0.931242295448));
#3106 = CARTESIAN_POINT('',(1.357860354896,0.98734156959));
#3107 = CARTESIAN_POINT('',(1.356532351653,1.043422349275));
#3108 = CARTESIAN_POINT('',(1.355134990576,1.099485373579));
#3109 = CARTESIAN_POINT('',(1.352123770141,1.214902144623));
#3110 = CARTESIAN_POINT('',(1.350501956913,1.274254919015));
#3111 = CARTESIAN_POINT('',(1.348812664051,1.33358943517));
#3112 = CARTESIAN_POINT('',(1.347062091885,1.392907801441));
#3113 = CARTESIAN_POINT('',(1.34525742174,1.45221308112));
#3114 = CARTESIAN_POINT('',(1.343406933568,1.511508445473));
#3115 = CARTESIAN_POINT('',(1.341520123581,1.570796326795));
#3116 = ( GEOMETRIC_REPRESENTATION_CONTEXT(2) 
PARAMETRIC_REPRESENTATION_CONTEXT() REPRESENTATION_CONTEXT('2D SPACE',''
  ) );
#3117 = PCURVE('',#3118,#3123);
#3118 = PLANE('',#3119);
#3119 = AXIS2_PLACEMENT_3D('',#3120,#3121,#3122);
#3120 = CARTESIAN_POINT('',(0.8,-3.52,12.99));
#3121 = DIRECTION('',(1.,0.,0.));
#3122 = DIRECTION('',(0.,0.,1.));
#3123 = DEFINITIONAL_REPRESENTATION('',(#3124),#3145);
#3124 = B_SPLINE_CURVE_WITH_KNOTS('',7,(#3125,#3126,#3127,#3128,#3129,
    #3130,#3131,#3132,#3133,#3134,#3135,#3136,#3137,#3138,#3139,#3140,
    #3141,#3142,#3143,#3144),.UNSPECIFIED.,.F.,.F.,(8,6,6,8),(0.,
    3.104949749259E-02,0.501563868645,1.),.UNSPECIFIED.);
#3125 = CARTESIAN_POINT('',(1.952554523131,-7.312));
#3126 = CARTESIAN_POINT('',(1.953871943363,-7.310778254362));
#3127 = CARTESIAN_POINT('',(1.955183567679,-7.309551248275));
#3128 = CARTESIAN_POINT('',(1.956491785717,-7.30831676828));
#3129 = CARTESIAN_POINT('',(1.957792309418,-7.307078788573));
#3130 = CARTESIAN_POINT('',(1.959089427118,-7.305833336426));
#3131 = CARTESIAN_POINT('',(1.960380422759,-7.304582930358));
#3132 = CARTESIAN_POINT('',(1.981150974333,-7.28429026945));
#3133 = CARTESIAN_POINT('',(1.99940954352,-7.263950164744));
#3134 = CARTESIAN_POINT('',(2.016342350911,-7.242405210119));
#3135 = CARTESIAN_POINT('',(2.031860288165,-7.219763623302));
#3136 = CARTESIAN_POINT('',(2.045885366683,-7.196141750909));
#3137 = CARTESIAN_POINT('',(2.058351357591,-7.171662798185));
#3138 = CARTESIAN_POINT('',(2.080701560409,-7.1197524447));
#3139 = CARTESIAN_POINT('',(2.090388885462,-7.092231507934));
#3140 = CARTESIAN_POINT('',(2.098202314735,-7.064045836543));
#3141 = CARTESIAN_POINT('',(2.104093822293,-7.035354366746));
#3142 = CARTESIAN_POINT('',(2.108031565146,-7.006320139779));
#3143 = CARTESIAN_POINT('',(2.11,-6.977108558783));
#3144 = CARTESIAN_POINT('',(2.11,-6.947885645701));
#3145 = ( GEOMETRIC_REPRESENTATION_CONTEXT(2) 
PARAMETRIC_REPRESENTATION_CONTEXT() REPRESENTATION_CONTEXT('2D SPACE',''
  ) );
#3146 = ORIENTED_EDGE('',*,*,#3147,.F.);
#3147 = EDGE_CURVE('',#3148,#3069,#3150,.T.);
#3148 = VERTEX_POINT('',#3149);
#3149 = CARTESIAN_POINT('',(3.427885645701,0.8,15.1));
#3150 = SURFACE_CURVE('',#3151,(#3156,#3163),.PCURVE_S1.);
#3151 = CIRCLE('',#3152,3.52);
#3152 = AXIS2_PLACEMENT_3D('',#3153,#3154,#3155);
#3153 = CARTESIAN_POINT('',(0.,0.,15.1));
#3154 = DIRECTION('',(0.,0.,1.));
#3155 = DIRECTION('',(1.,0.,-0.));
#3156 = PCURVE('',#2109,#3157);
#3157 = DEFINITIONAL_REPRESENTATION('',(#3158),#3162);
#3158 = LINE('',#3159,#3160);
#3159 = CARTESIAN_POINT('',(0.,1.570796326795));
#3160 = VECTOR('',#3161,1.);
#3161 = DIRECTION('',(1.,0.));
#3162 = ( GEOMETRIC_REPRESENTATION_CONTEXT(2) 
PARAMETRIC_REPRESENTATION_CONTEXT() REPRESENTATION_CONTEXT('2D SPACE',''
  ) );
#3163 = PCURVE('',#3164,#3169);
#3164 = PLANE('',#3165);
#3165 = AXIS2_PLACEMENT_3D('',#3166,#3167,#3168);
#3166 = CARTESIAN_POINT('',(0.,0.,15.1));
#3167 = DIRECTION('',(0.,0.,1.));
#3168 = DIRECTION('',(1.,0.,0.));
#3169 = DEFINITIONAL_REPRESENTATION('',(#3170),#3174);
#3170 = CIRCLE('',#3171,3.52);
#3171 = AXIS2_PLACEMENT_2D('',#3172,#3173);
#3172 = CARTESIAN_POINT('',(0.,0.));
#3173 = DIRECTION('',(1.,0.));
#3174 = ( GEOMETRIC_REPRESENTATION_CONTEXT(2) 
PARAMETRIC_REPRESENTATION_CONTEXT() REPRESENTATION_CONTEXT('2D SPACE',''
  ) );
#3175 = ORIENTED_EDGE('',*,*,#3176,.F.);
#3176 = EDGE_CURVE('',#2127,#3148,#3177,.T.);
#3177 = SURFACE_CURVE('',#3178,(#3199,#3223),.PCURVE_S1.);
#3178 = B_SPLINE_CURVE_WITH_KNOTS('',7,(#3179,#3180,#3181,#3182,#3183,
    #3184,#3185,#3186,#3187,#3188,#3189,#3190,#3191,#3192,#3193,#3194,
    #3195,#3196,#3197,#3198),.UNSPECIFIED.,.F.,.F.,(8,6,6,8),(0.,
    3.104949750901E-02,0.501563868661,1.),.UNSPECIFIED.);
#3179 = CARTESIAN_POINT('',(3.792,0.8,14.942554523131));
#3180 = CARTESIAN_POINT('',(3.790778254362,0.8,14.943871943364));
#3181 = CARTESIAN_POINT('',(3.789551248273,0.8,14.94518356768));
#3182 = CARTESIAN_POINT('',(3.788316768278,0.8,14.946491785719));
#3183 = CARTESIAN_POINT('',(3.78707878857,0.8,14.947792309421));
#3184 = CARTESIAN_POINT('',(3.785833336422,0.8,14.949089427122));
#3185 = CARTESIAN_POINT('',(3.784582930354,0.8,14.950380422763));
#3186 = CARTESIAN_POINT('',(3.764290269445,0.8,14.971150974338));
#3187 = CARTESIAN_POINT('',(3.743950164739,0.8,14.989409543524));
#3188 = CARTESIAN_POINT('',(3.722405210113,0.8,15.006342350915));
#3189 = CARTESIAN_POINT('',(3.699763623296,0.8,15.021860288168));
#3190 = CARTESIAN_POINT('',(3.676141750904,0.8,15.035885366686));
#3191 = CARTESIAN_POINT('',(3.651662798179,0.8,15.048351357594));
#3192 = CARTESIAN_POINT('',(3.599752444694,0.8,15.070701560411));
#3193 = CARTESIAN_POINT('',(3.57223150793,0.8,15.080388885463));
#3194 = CARTESIAN_POINT('',(3.544045836539,0.8,15.088202314736));
#3195 = CARTESIAN_POINT('',(3.515354366743,0.8,15.094093822293));
#3196 = CARTESIAN_POINT('',(3.486320139777,0.8,15.098031565146));
#3197 = CARTESIAN_POINT('',(3.457108558782,0.8,15.1));
#3198 = CARTESIAN_POINT('',(3.427885645701,0.8,15.1));
#3199 = PCURVE('',#2109,#3200);
#3200 = DEFINITIONAL_REPRESENTATION('',(#3201),#3222);
#3201 = B_SPLINE_CURVE_WITH_KNOTS('',7,(#3202,#3203,#3204,#3205,#3206,
    #3207,#3208,#3209,#3210,#3211,#3212,#3213,#3214,#3215,#3216,#3217,
    #3218,#3219,#3220,#3221),.UNSPECIFIED.,.F.,.F.,(8,6,6,8),(0.,
    3.104949750901E-02,0.501563868661,1.),.UNSPECIFIED.);
#3202 = CARTESIAN_POINT('',(0.207921487782,0.736890432502));
#3203 = CARTESIAN_POINT('',(0.207986563973,0.740596572555));
#3204 = CARTESIAN_POINT('',(0.208051961686,0.744303032755));
#3205 = CARTESIAN_POINT('',(0.208117821913,0.748008212522));
#3206 = CARTESIAN_POINT('',(0.208183894695,0.751714929958));
#3207 = CARTESIAN_POINT('',(0.208250432178,0.755420328048));
#3208 = CARTESIAN_POINT('',(0.208317276388,0.759126184637));
#3209 = CARTESIAN_POINT('',(0.209402912697,0.818986537893));
#3210 = CARTESIAN_POINT('',(0.210502533784,0.875123896843));
#3211 = CARTESIAN_POINT('',(0.211681103877,0.931242295462));
#3212 = CARTESIAN_POINT('',(0.212935971899,0.987341569604));
#3213 = CARTESIAN_POINT('',(0.214263975142,1.043422349289));
#3214 = CARTESIAN_POINT('',(0.21566133622,1.099485373593));
#3215 = CARTESIAN_POINT('',(0.218672556654,1.214902144635));
#3216 = CARTESIAN_POINT('',(0.220294369882,1.274254919025));
#3217 = CARTESIAN_POINT('',(0.221983662744,1.333589435177));
#3218 = CARTESIAN_POINT('',(0.22373423491,1.392907801447));
#3219 = CARTESIAN_POINT('',(0.225538905055,1.452213081124));
#3220 = CARTESIAN_POINT('',(0.227389393227,1.511508445475));
#3221 = CARTESIAN_POINT('',(0.229276203214,1.570796326795));
#3222 = ( GEOMETRIC_REPRESENTATION_CONTEXT(2) 
PARAMETRIC_REPRESENTATION_CONTEXT() REPRESENTATION_CONTEXT('2D SPACE',''
  ) );
#3223 = PCURVE('',#3224,#3229);
#3224 = PLANE('',#3225);
#3225 = AXIS2_PLACEMENT_3D('',#3226,#3227,#3228);
#3226 = CARTESIAN_POINT('',(-3.52,0.8,12.99));
#3227 = DIRECTION('',(0.,1.,0.));
#3228 = DIRECTION('',(0.,0.,1.));
#3229 = DEFINITIONAL_REPRESENTATION('',(#3230),#3251);
#3230 = B_SPLINE_CURVE_WITH_KNOTS('',7,(#3231,#3232,#3233,#3234,#3235,
    #3236,#3237,#3238,#3239,#3240,#3241,#3242,#3243,#3244,#3245,#3246,
    #3247,#3248,#3249,#3250),.UNSPECIFIED.,.F.,.F.,(8,6,6,8),(0.,
    3.104949750901E-02,0.501563868661,1.),.UNSPECIFIED.);
#3231 = CARTESIAN_POINT('',(1.952554523131,7.312));
#3232 = CARTESIAN_POINT('',(1.953871943364,7.310778254362));
#3233 = CARTESIAN_POINT('',(1.95518356768,7.309551248273));
#3234 = CARTESIAN_POINT('',(1.956491785719,7.308316768278));
#3235 = CARTESIAN_POINT('',(1.957792309421,7.30707878857));
#3236 = CARTESIAN_POINT('',(1.959089427122,7.305833336422));
#3237 = CARTESIAN_POINT('',(1.960380422763,7.304582930354));
#3238 = CARTESIAN_POINT('',(1.981150974338,7.284290269445));
#3239 = CARTESIAN_POINT('',(1.999409543524,7.263950164739));
#3240 = CARTESIAN_POINT('',(2.016342350915,7.242405210113));
#3241 = CARTESIAN_POINT('',(2.031860288168,7.219763623296));
#3242 = CARTESIAN_POINT('',(2.045885366686,7.196141750904));
#3243 = CARTESIAN_POINT('',(2.058351357594,7.171662798179));
#3244 = CARTESIAN_POINT('',(2.080701560411,7.119752444694));
#3245 = CARTESIAN_POINT('',(2.090388885463,7.09223150793));
#3246 = CARTESIAN_POINT('',(2.098202314736,7.064045836539));
#3247 = CARTESIAN_POINT('',(2.104093822293,7.035354366743));
#3248 = CARTESIAN_POINT('',(2.108031565146,7.006320139777));
#3249 = CARTESIAN_POINT('',(2.11,6.977108558782));
#3250 = CARTESIAN_POINT('',(2.11,6.947885645701));
#3251 = ( GEOMETRIC_REPRESENTATION_CONTEXT(2) 
PARAMETRIC_REPRESENTATION_CONTEXT() REPRESENTATION_CONTEXT('2D SPACE',''
  ) );
#3252 = ADVANCED_FACE('',(#3253),#2170,.F.);
#3253 = FACE_BOUND('',#3254,.F.);
#3254 = EDGE_LOOP('',(#3255,#3278,#3306,#3327,#3328));
#3255 = ORIENTED_EDGE('',*,*,#3256,.F.);
#3256 = EDGE_CURVE('',#3257,#2218,#3259,.T.);
#3257 = VERTEX_POINT('',#3258);
#3258 = CARTESIAN_POINT('',(3.52,-0.8,12.99));
#3259 = SURFACE_CURVE('',#3260,(#3264,#3271),.PCURVE_S1.);
#3260 = LINE('',#3261,#3262);
#3261 = CARTESIAN_POINT('',(3.52,-0.8,12.99));
#3262 = VECTOR('',#3263,1.);
#3263 = DIRECTION('',(0.,0.,1.));
#3264 = PCURVE('',#2170,#3265);
#3265 = DEFINITIONAL_REPRESENTATION('',(#3266),#3270);
#3266 = LINE('',#3267,#3268);
#3267 = CARTESIAN_POINT('',(0.,0.));
#3268 = VECTOR('',#3269,1.);
#3269 = DIRECTION('',(1.,0.));
#3270 = ( GEOMETRIC_REPRESENTATION_CONTEXT(2) 
PARAMETRIC_REPRESENTATION_CONTEXT() REPRESENTATION_CONTEXT('2D SPACE',''
  ) );
#3271 = PCURVE('',#2329,#3272);
#3272 = DEFINITIONAL_REPRESENTATION('',(#3273),#3277);
#3273 = LINE('',#3274,#3275);
#3274 = CARTESIAN_POINT('',(0.,7.04));
#3275 = VECTOR('',#3276,1.);
#3276 = DIRECTION('',(1.,0.));
#3277 = ( GEOMETRIC_REPRESENTATION_CONTEXT(2) 
PARAMETRIC_REPRESENTATION_CONTEXT() REPRESENTATION_CONTEXT('2D SPACE',''
  ) );
#3278 = ORIENTED_EDGE('',*,*,#3279,.T.);
#3279 = EDGE_CURVE('',#3257,#3280,#3282,.T.);
#3280 = VERTEX_POINT('',#3281);
#3281 = CARTESIAN_POINT('',(3.52,0.8,12.99));
#3282 = SURFACE_CURVE('',#3283,(#3287,#3294),.PCURVE_S1.);
#3283 = LINE('',#3284,#3285);
#3284 = CARTESIAN_POINT('',(3.52,-0.8,12.99));
#3285 = VECTOR('',#3286,1.);
#3286 = DIRECTION('',(0.,1.,0.));
#3287 = PCURVE('',#2170,#3288);
#3288 = DEFINITIONAL_REPRESENTATION('',(#3289),#3293);
#3289 = LINE('',#3290,#3291);
#3290 = CARTESIAN_POINT('',(0.,0.));
#3291 = VECTOR('',#3292,1.);
#3292 = DIRECTION('',(0.,-1.));
#3293 = ( GEOMETRIC_REPRESENTATION_CONTEXT(2) 
PARAMETRIC_REPRESENTATION_CONTEXT() REPRESENTATION_CONTEXT('2D SPACE',''
  ) );
#3294 = PCURVE('',#3295,#3300);
#3295 = PLANE('',#3296);
#3296 = AXIS2_PLACEMENT_3D('',#3297,#3298,#3299);
#3297 = CARTESIAN_POINT('',(-0.8,-3.52,12.99));
#3298 = DIRECTION('',(0.,0.,1.));
#3299 = DIRECTION('',(1.,0.,0.));
#3300 = DEFINITIONAL_REPRESENTATION('',(#3301),#3305);
#3301 = LINE('',#3302,#3303);
#3302 = CARTESIAN_POINT('',(4.32,2.72));
#3303 = VECTOR('',#3304,1.);
#3304 = DIRECTION('',(0.,1.));
#3305 = ( GEOMETRIC_REPRESENTATION_CONTEXT(2) 
PARAMETRIC_REPRESENTATION_CONTEXT() REPRESENTATION_CONTEXT('2D SPACE',''
  ) );
#3306 = ORIENTED_EDGE('',*,*,#3307,.T.);
#3307 = EDGE_CURVE('',#3280,#2127,#3308,.T.);
#3308 = SURFACE_CURVE('',#3309,(#3313,#3320),.PCURVE_S1.);
#3309 = LINE('',#3310,#3311);
#3310 = CARTESIAN_POINT('',(3.52,0.8,12.99));
#3311 = VECTOR('',#3312,1.);
#3312 = DIRECTION('',(0.,0.,1.));
#3313 = PCURVE('',#2170,#3314);
#3314 = DEFINITIONAL_REPRESENTATION('',(#3315),#3319);
#3315 = LINE('',#3316,#3317);
#3316 = CARTESIAN_POINT('',(0.,-1.6));
#3317 = VECTOR('',#3318,1.);
#3318 = DIRECTION('',(1.,0.));
#3319 = ( GEOMETRIC_REPRESENTATION_CONTEXT(2) 
PARAMETRIC_REPRESENTATION_CONTEXT() REPRESENTATION_CONTEXT('2D SPACE',''
  ) );
#3320 = PCURVE('',#3224,#3321);
#3321 = DEFINITIONAL_REPRESENTATION('',(#3322),#3326);
#3322 = LINE('',#3323,#3324);
#3323 = CARTESIAN_POINT('',(0.,7.04));
#3324 = VECTOR('',#3325,1.);
#3325 = DIRECTION('',(1.,0.));
#3326 = ( GEOMETRIC_REPRESENTATION_CONTEXT(2) 
PARAMETRIC_REPRESENTATION_CONTEXT() REPRESENTATION_CONTEXT('2D SPACE',''
  ) );
#3327 = ORIENTED_EDGE('',*,*,#2126,.T.);
#3328 = ORIENTED_EDGE('',*,*,#2217,.F.);
#3329 = ADVANCED_FACE('',(#3330),#2329,.T.);
#3330 = FACE_BOUND('',#3331,.T.);
#3331 = EDGE_LOOP('',(#3332,#3355,#3376,#3395,#3396));
#3332 = ORIENTED_EDGE('',*,*,#3333,.F.);
#3333 = EDGE_CURVE('',#3334,#3257,#3336,.T.);
#3334 = VERTEX_POINT('',#3335);
#3335 = CARTESIAN_POINT('',(0.8,-0.8,12.99));
#3336 = SURFACE_CURVE('',#3337,(#3341,#3348),.PCURVE_S1.);
#3337 = LINE('',#3338,#3339);
#3338 = CARTESIAN_POINT('',(-3.52,-0.8,12.99));
#3339 = VECTOR('',#3340,1.);
#3340 = DIRECTION('',(1.,0.,0.));
#3341 = PCURVE('',#2329,#3342);
#3342 = DEFINITIONAL_REPRESENTATION('',(#3343),#3347);
#3343 = LINE('',#3344,#3345);
#3344 = CARTESIAN_POINT('',(0.,0.));
#3345 = VECTOR('',#3346,1.);
#3346 = DIRECTION('',(0.,1.));
#3347 = ( GEOMETRIC_REPRESENTATION_CONTEXT(2) 
PARAMETRIC_REPRESENTATION_CONTEXT() REPRESENTATION_CONTEXT('2D SPACE',''
  ) );
#3348 = PCURVE('',#3295,#3349);
#3349 = DEFINITIONAL_REPRESENTATION('',(#3350),#3354);
#3350 = LINE('',#3351,#3352);
#3351 = CARTESIAN_POINT('',(-2.72,2.72));
#3352 = VECTOR('',#3353,1.);
#3353 = DIRECTION('',(1.,0.));
#3354 = ( GEOMETRIC_REPRESENTATION_CONTEXT(2) 
PARAMETRIC_REPRESENTATION_CONTEXT() REPRESENTATION_CONTEXT('2D SPACE',''
  ) );
#3355 = ORIENTED_EDGE('',*,*,#3356,.F.);
#3356 = EDGE_CURVE('',#3357,#3334,#3359,.T.);
#3357 = VERTEX_POINT('',#3358);
#3358 = CARTESIAN_POINT('',(0.8,-0.8,15.1));
#3359 = SURFACE_CURVE('',#3360,(#3364,#3370),.PCURVE_S1.);
#3360 = LINE('',#3361,#3362);
#3361 = CARTESIAN_POINT('',(0.8,-0.8,12.99));
#3362 = VECTOR('',#3363,1.);
#3363 = DIRECTION('',(0.,0.,-1.));
#3364 = PCURVE('',#2329,#3365);
#3365 = DEFINITIONAL_REPRESENTATION('',(#3366),#3369);
#3366 = B_SPLINE_CURVE_WITH_KNOTS('',1,(#3367,#3368),.UNSPECIFIED.,.F.,
  .F.,(2,2),(-2.36,0.),.PIECEWISE_BEZIER_KNOTS.);
#3367 = CARTESIAN_POINT('',(2.36,4.32));
#3368 = CARTESIAN_POINT('',(0.,4.32));
#3369 = ( GEOMETRIC_REPRESENTATION_CONTEXT(2) 
PARAMETRIC_REPRESENTATION_CONTEXT() REPRESENTATION_CONTEXT('2D SPACE',''
  ) );
#3370 = PCURVE('',#2437,#3371);
#3371 = DEFINITIONAL_REPRESENTATION('',(#3372),#3375);
#3372 = B_SPLINE_CURVE_WITH_KNOTS('',1,(#3373,#3374),.UNSPECIFIED.,.F.,
  .F.,(2,2),(-2.36,0.),.PIECEWISE_BEZIER_KNOTS.);
#3373 = CARTESIAN_POINT('',(2.36,-2.72));
#3374 = CARTESIAN_POINT('',(0.,-2.72));
#3375 = ( GEOMETRIC_REPRESENTATION_CONTEXT(2) 
PARAMETRIC_REPRESENTATION_CONTEXT() REPRESENTATION_CONTEXT('2D SPACE',''
  ) );
#3376 = ORIENTED_EDGE('',*,*,#3377,.F.);
#3377 = EDGE_CURVE('',#2280,#3357,#3378,.T.);
#3378 = SURFACE_CURVE('',#3379,(#3383,#3389),.PCURVE_S1.);
#3379 = LINE('',#3380,#3381);
#3380 = CARTESIAN_POINT('',(-1.76,-0.8,15.1));
#3381 = VECTOR('',#3382,1.);
#3382 = DIRECTION('',(-1.,0.,0.));
#3383 = PCURVE('',#2329,#3384);
#3384 = DEFINITIONAL_REPRESENTATION('',(#3385),#3388);
#3385 = B_SPLINE_CURVE_WITH_KNOTS('',1,(#3386,#3387),.UNSPECIFIED.,.F.,
  .F.,(2,2),(-5.28,-2.56),.PIECEWISE_BEZIER_KNOTS.);
#3386 = CARTESIAN_POINT('',(2.11,7.04));
#3387 = CARTESIAN_POINT('',(2.11,4.32));
#3388 = ( GEOMETRIC_REPRESENTATION_CONTEXT(2) 
PARAMETRIC_REPRESENTATION_CONTEXT() REPRESENTATION_CONTEXT('2D SPACE',''
  ) );
#3389 = PCURVE('',#2375,#3390);
#3390 = DEFINITIONAL_REPRESENTATION('',(#3391),#3394);
#3391 = B_SPLINE_CURVE_WITH_KNOTS('',1,(#3392,#3393),.UNSPECIFIED.,.F.,
  .F.,(2,2),(-5.28,-2.56),.PIECEWISE_BEZIER_KNOTS.);
#3392 = CARTESIAN_POINT('',(3.52,-0.8));
#3393 = CARTESIAN_POINT('',(0.8,-0.8));
#3394 = ( GEOMETRIC_REPRESENTATION_CONTEXT(2) 
PARAMETRIC_REPRESENTATION_CONTEXT() REPRESENTATION_CONTEXT('2D SPACE',''
  ) );
#3395 = ORIENTED_EDGE('',*,*,#2279,.F.);
#3396 = ORIENTED_EDGE('',*,*,#3256,.F.);
#3397 = ADVANCED_FACE('',(#3398),#2375,.T.);
#3398 = FACE_BOUND('',#3399,.T.);
#3399 = EDGE_LOOP('',(#3400,#3401,#3402));
#3400 = ORIENTED_EDGE('',*,*,#2358,.T.);
#3401 = ORIENTED_EDGE('',*,*,#3377,.T.);
#3402 = ORIENTED_EDGE('',*,*,#3403,.F.);
#3403 = EDGE_CURVE('',#2359,#3357,#3404,.T.);
#3404 = SURFACE_CURVE('',#3405,(#3409,#3415),.PCURVE_S1.);
#3405 = LINE('',#3406,#3407);
#3406 = CARTESIAN_POINT('',(0.8,-1.76,15.1));
#3407 = VECTOR('',#3408,1.);
#3408 = DIRECTION('',(0.,1.,0.));
#3409 = PCURVE('',#2375,#3410);
#3410 = DEFINITIONAL_REPRESENTATION('',(#3411),#3414);
#3411 = B_SPLINE_CURVE_WITH_KNOTS('',1,(#3412,#3413),.UNSPECIFIED.,.F.,
  .F.,(2,2),(-1.76,0.96),.PIECEWISE_BEZIER_KNOTS.);
#3412 = CARTESIAN_POINT('',(0.8,-3.52));
#3413 = CARTESIAN_POINT('',(0.8,-0.8));
#3414 = ( GEOMETRIC_REPRESENTATION_CONTEXT(2) 
PARAMETRIC_REPRESENTATION_CONTEXT() REPRESENTATION_CONTEXT('2D SPACE',''
  ) );
#3415 = PCURVE('',#2437,#3416);
#3416 = DEFINITIONAL_REPRESENTATION('',(#3417),#3420);
#3417 = B_SPLINE_CURVE_WITH_KNOTS('',1,(#3418,#3419),.UNSPECIFIED.,.F.,
  .F.,(2,2),(-1.76,0.96),.PIECEWISE_BEZIER_KNOTS.);
#3418 = CARTESIAN_POINT('',(2.11,0.));
#3419 = CARTESIAN_POINT('',(2.11,-2.72));
#3420 = ( GEOMETRIC_REPRESENTATION_CONTEXT(2) 
PARAMETRIC_REPRESENTATION_CONTEXT() REPRESENTATION_CONTEXT('2D SPACE',''
  ) );
#3421 = ADVANCED_FACE('',(#3422),#2437,.F.);
#3422 = FACE_BOUND('',#3423,.F.);
#3423 = EDGE_LOOP('',(#3424,#3425,#3448,#3469,#3470));
#3424 = ORIENTED_EDGE('',*,*,#2387,.F.);
#3425 = ORIENTED_EDGE('',*,*,#3426,.F.);
#3426 = EDGE_CURVE('',#3427,#2388,#3429,.T.);
#3427 = VERTEX_POINT('',#3428);
#3428 = CARTESIAN_POINT('',(0.8,-3.52,12.99));
#3429 = SURFACE_CURVE('',#3430,(#3434,#3441),.PCURVE_S1.);
#3430 = LINE('',#3431,#3432);
#3431 = CARTESIAN_POINT('',(0.8,-3.52,12.99));
#3432 = VECTOR('',#3433,1.);
#3433 = DIRECTION('',(0.,0.,1.));
#3434 = PCURVE('',#2437,#3435);
#3435 = DEFINITIONAL_REPRESENTATION('',(#3436),#3440);
#3436 = LINE('',#3437,#3438);
#3437 = CARTESIAN_POINT('',(0.,0.));
#3438 = VECTOR('',#3439,1.);
#3439 = DIRECTION('',(1.,0.));
#3440 = ( GEOMETRIC_REPRESENTATION_CONTEXT(2) 
PARAMETRIC_REPRESENTATION_CONTEXT() REPRESENTATION_CONTEXT('2D SPACE',''
  ) );
#3441 = PCURVE('',#2517,#3442);
#3442 = DEFINITIONAL_REPRESENTATION('',(#3443),#3447);
#3443 = LINE('',#3444,#3445);
#3444 = CARTESIAN_POINT('',(0.,1.6));
#3445 = VECTOR('',#3446,1.);
#3446 = DIRECTION('',(1.,0.));
#3447 = ( GEOMETRIC_REPRESENTATION_CONTEXT(2) 
PARAMETRIC_REPRESENTATION_CONTEXT() REPRESENTATION_CONTEXT('2D SPACE',''
  ) );
#3448 = ORIENTED_EDGE('',*,*,#3449,.T.);
#3449 = EDGE_CURVE('',#3427,#3334,#3450,.T.);
#3450 = SURFACE_CURVE('',#3451,(#3455,#3462),.PCURVE_S1.);
#3451 = LINE('',#3452,#3453);
#3452 = CARTESIAN_POINT('',(0.8,-3.52,12.99));
#3453 = VECTOR('',#3454,1.);
#3454 = DIRECTION('',(0.,1.,0.));
#3455 = PCURVE('',#2437,#3456);
#3456 = DEFINITIONAL_REPRESENTATION('',(#3457),#3461);
#3457 = LINE('',#3458,#3459);
#3458 = CARTESIAN_POINT('',(0.,0.));
#3459 = VECTOR('',#3460,1.);
#3460 = DIRECTION('',(0.,-1.));
#3461 = ( GEOMETRIC_REPRESENTATION_CONTEXT(2) 
PARAMETRIC_REPRESENTATION_CONTEXT() REPRESENTATION_CONTEXT('2D SPACE',''
  ) );
#3462 = PCURVE('',#3295,#3463);
#3463 = DEFINITIONAL_REPRESENTATION('',(#3464),#3468);
#3464 = LINE('',#3465,#3466);
#3465 = CARTESIAN_POINT('',(1.6,0.));
#3466 = VECTOR('',#3467,1.);
#3467 = DIRECTION('',(0.,1.));
#3468 = ( GEOMETRIC_REPRESENTATION_CONTEXT(2) 
PARAMETRIC_REPRESENTATION_CONTEXT() REPRESENTATION_CONTEXT('2D SPACE',''
  ) );
#3469 = ORIENTED_EDGE('',*,*,#3356,.F.);
#3470 = ORIENTED_EDGE('',*,*,#3403,.F.);
#3471 = ADVANCED_FACE('',(#3472),#2517,.T.);
#3472 = FACE_BOUND('',#3473,.T.);
#3473 = EDGE_LOOP('',(#3474,#3475,#3498,#3519));
#3474 = ORIENTED_EDGE('',*,*,#3426,.F.);
#3475 = ORIENTED_EDGE('',*,*,#3476,.F.);
#3476 = EDGE_CURVE('',#3477,#3427,#3479,.T.);
#3477 = VERTEX_POINT('',#3478);
#3478 = CARTESIAN_POINT('',(-0.8,-3.52,12.99));
#3479 = SURFACE_CURVE('',#3480,(#3484,#3491),.PCURVE_S1.);
#3480 = LINE('',#3481,#3482);
#3481 = CARTESIAN_POINT('',(-0.8,-3.52,12.99));
#3482 = VECTOR('',#3483,1.);
#3483 = DIRECTION('',(1.,0.,0.));
#3484 = PCURVE('',#2517,#3485);
#3485 = DEFINITIONAL_REPRESENTATION('',(#3486),#3490);
#3486 = LINE('',#3487,#3488);
#3487 = CARTESIAN_POINT('',(0.,0.));
#3488 = VECTOR('',#3489,1.);
#3489 = DIRECTION('',(0.,1.));
#3490 = ( GEOMETRIC_REPRESENTATION_CONTEXT(2) 
PARAMETRIC_REPRESENTATION_CONTEXT() REPRESENTATION_CONTEXT('2D SPACE',''
  ) );
#3491 = PCURVE('',#3295,#3492);
#3492 = DEFINITIONAL_REPRESENTATION('',(#3493),#3497);
#3493 = LINE('',#3494,#3495);
#3494 = CARTESIAN_POINT('',(0.,0.));
#3495 = VECTOR('',#3496,1.);
#3496 = DIRECTION('',(1.,0.));
#3497 = ( GEOMETRIC_REPRESENTATION_CONTEXT(2) 
PARAMETRIC_REPRESENTATION_CONTEXT() REPRESENTATION_CONTEXT('2D SPACE',''
  ) );
#3498 = ORIENTED_EDGE('',*,*,#3499,.T.);
#3499 = EDGE_CURVE('',#3477,#2467,#3500,.T.);
#3500 = SURFACE_CURVE('',#3501,(#3505,#3512),.PCURVE_S1.);
#3501 = LINE('',#3502,#3503);
#3502 = CARTESIAN_POINT('',(-0.8,-3.52,12.99));
#3503 = VECTOR('',#3504,1.);
#3504 = DIRECTION('',(0.,0.,1.));
#3505 = PCURVE('',#2517,#3506);
#3506 = DEFINITIONAL_REPRESENTATION('',(#3507),#3511);
#3507 = LINE('',#3508,#3509);
#3508 = CARTESIAN_POINT('',(0.,0.));
#3509 = VECTOR('',#3510,1.);
#3510 = DIRECTION('',(1.,0.));
#3511 = ( GEOMETRIC_REPRESENTATION_CONTEXT(2) 
PARAMETRIC_REPRESENTATION_CONTEXT() REPRESENTATION_CONTEXT('2D SPACE',''
  ) );
#3512 = PCURVE('',#2592,#3513);
#3513 = DEFINITIONAL_REPRESENTATION('',(#3514),#3518);
#3514 = LINE('',#3515,#3516);
#3515 = CARTESIAN_POINT('',(0.,0.));
#3516 = VECTOR('',#3517,1.);
#3517 = DIRECTION('',(1.,0.));
#3518 = ( GEOMETRIC_REPRESENTATION_CONTEXT(2) 
PARAMETRIC_REPRESENTATION_CONTEXT() REPRESENTATION_CONTEXT('2D SPACE',''
  ) );
#3519 = ORIENTED_EDGE('',*,*,#2466,.F.);
#3520 = ADVANCED_FACE('',(#3521),#2592,.T.);
#3521 = FACE_BOUND('',#3522,.T.);
#3522 = EDGE_LOOP('',(#3523,#3524,#3525,#3548,#3569));
#3523 = ORIENTED_EDGE('',*,*,#2542,.F.);
#3524 = ORIENTED_EDGE('',*,*,#3499,.F.);
#3525 = ORIENTED_EDGE('',*,*,#3526,.T.);
#3526 = EDGE_CURVE('',#3477,#3527,#3529,.T.);
#3527 = VERTEX_POINT('',#3528);
#3528 = CARTESIAN_POINT('',(-0.8,-0.8,12.99));
#3529 = SURFACE_CURVE('',#3530,(#3534,#3541),.PCURVE_S1.);
#3530 = LINE('',#3531,#3532);
#3531 = CARTESIAN_POINT('',(-0.8,-3.52,12.99));
#3532 = VECTOR('',#3533,1.);
#3533 = DIRECTION('',(0.,1.,0.));
#3534 = PCURVE('',#2592,#3535);
#3535 = DEFINITIONAL_REPRESENTATION('',(#3536),#3540);
#3536 = LINE('',#3537,#3538);
#3537 = CARTESIAN_POINT('',(0.,0.));
#3538 = VECTOR('',#3539,1.);
#3539 = DIRECTION('',(0.,-1.));
#3540 = ( GEOMETRIC_REPRESENTATION_CONTEXT(2) 
PARAMETRIC_REPRESENTATION_CONTEXT() REPRESENTATION_CONTEXT('2D SPACE',''
  ) );
#3541 = PCURVE('',#3295,#3542);
#3542 = DEFINITIONAL_REPRESENTATION('',(#3543),#3547);
#3543 = LINE('',#3544,#3545);
#3544 = CARTESIAN_POINT('',(0.,0.));
#3545 = VECTOR('',#3546,1.);
#3546 = DIRECTION('',(0.,1.));
#3547 = ( GEOMETRIC_REPRESENTATION_CONTEXT(2) 
PARAMETRIC_REPRESENTATION_CONTEXT() REPRESENTATION_CONTEXT('2D SPACE',''
  ) );
#3548 = ORIENTED_EDGE('',*,*,#3549,.F.);
#3549 = EDGE_CURVE('',#3550,#3527,#3552,.T.);
#3550 = VERTEX_POINT('',#3551);
#3551 = CARTESIAN_POINT('',(-0.8,-0.8,15.1));
#3552 = SURFACE_CURVE('',#3553,(#3557,#3563),.PCURVE_S1.);
#3553 = LINE('',#3554,#3555);
#3554 = CARTESIAN_POINT('',(-0.8,-0.8,12.99));
#3555 = VECTOR('',#3556,1.);
#3556 = DIRECTION('',(0.,0.,-1.));
#3557 = PCURVE('',#2592,#3558);
#3558 = DEFINITIONAL_REPRESENTATION('',(#3559),#3562);
#3559 = B_SPLINE_CURVE_WITH_KNOTS('',1,(#3560,#3561),.UNSPECIFIED.,.F.,
  .F.,(2,2),(-2.36,0.),.PIECEWISE_BEZIER_KNOTS.);
#3560 = CARTESIAN_POINT('',(2.36,-2.72));
#3561 = CARTESIAN_POINT('',(0.,-2.72));
#3562 = ( GEOMETRIC_REPRESENTATION_CONTEXT(2) 
PARAMETRIC_REPRESENTATION_CONTEXT() REPRESENTATION_CONTEXT('2D SPACE',''
  ) );
#3563 = PCURVE('',#2700,#3564);
#3564 = DEFINITIONAL_REPRESENTATION('',(#3565),#3568);
#3565 = B_SPLINE_CURVE_WITH_KNOTS('',1,(#3566,#3567),.UNSPECIFIED.,.F.,
  .F.,(2,2),(-2.36,0.),.PIECEWISE_BEZIER_KNOTS.);
#3566 = CARTESIAN_POINT('',(2.36,2.72));
#3567 = CARTESIAN_POINT('',(0.,2.72));
#3568 = ( GEOMETRIC_REPRESENTATION_CONTEXT(2) 
PARAMETRIC_REPRESENTATION_CONTEXT() REPRESENTATION_CONTEXT('2D SPACE',''
  ) );
#3569 = ORIENTED_EDGE('',*,*,#3570,.F.);
#3570 = EDGE_CURVE('',#2543,#3550,#3571,.T.);
#3571 = SURFACE_CURVE('',#3572,(#3576,#3582),.PCURVE_S1.);
#3572 = LINE('',#3573,#3574);
#3573 = CARTESIAN_POINT('',(-0.8,-1.76,15.1));
#3574 = VECTOR('',#3575,1.);
#3575 = DIRECTION('',(0.,1.,0.));
#3576 = PCURVE('',#2592,#3577);
#3577 = DEFINITIONAL_REPRESENTATION('',(#3578),#3581);
#3578 = B_SPLINE_CURVE_WITH_KNOTS('',1,(#3579,#3580),.UNSPECIFIED.,.F.,
  .F.,(2,2),(-1.76,0.96),.PIECEWISE_BEZIER_KNOTS.);
#3579 = CARTESIAN_POINT('',(2.11,0.));
#3580 = CARTESIAN_POINT('',(2.11,-2.72));
#3581 = ( GEOMETRIC_REPRESENTATION_CONTEXT(2) 
PARAMETRIC_REPRESENTATION_CONTEXT() REPRESENTATION_CONTEXT('2D SPACE',''
  ) );
#3582 = PCURVE('',#2638,#3583);
#3583 = DEFINITIONAL_REPRESENTATION('',(#3584),#3587);
#3584 = B_SPLINE_CURVE_WITH_KNOTS('',1,(#3585,#3586),.UNSPECIFIED.,.F.,
  .F.,(2,2),(-1.76,0.96),.PIECEWISE_BEZIER_KNOTS.);
#3585 = CARTESIAN_POINT('',(-0.8,-3.52));
#3586 = CARTESIAN_POINT('',(-0.8,-0.8));
#3587 = ( GEOMETRIC_REPRESENTATION_CONTEXT(2) 
PARAMETRIC_REPRESENTATION_CONTEXT() REPRESENTATION_CONTEXT('2D SPACE',''
  ) );
#3588 = ADVANCED_FACE('',(#3589),#2638,.T.);
#3589 = FACE_BOUND('',#3590,.T.);
#3590 = EDGE_LOOP('',(#3591,#3592,#3593));
#3591 = ORIENTED_EDGE('',*,*,#2621,.T.);
#3592 = ORIENTED_EDGE('',*,*,#3570,.T.);
#3593 = ORIENTED_EDGE('',*,*,#3594,.T.);
#3594 = EDGE_CURVE('',#3550,#2622,#3595,.T.);
#3595 = SURFACE_CURVE('',#3596,(#3600,#3606),.PCURVE_S1.);
#3596 = LINE('',#3597,#3598);
#3597 = CARTESIAN_POINT('',(-1.76,-0.8,15.1));
#3598 = VECTOR('',#3599,1.);
#3599 = DIRECTION('',(-1.,0.,0.));
#3600 = PCURVE('',#2638,#3601);
#3601 = DEFINITIONAL_REPRESENTATION('',(#3602),#3605);
#3602 = B_SPLINE_CURVE_WITH_KNOTS('',1,(#3603,#3604),.UNSPECIFIED.,.F.,
  .F.,(2,2),(-0.96,1.76),.PIECEWISE_BEZIER_KNOTS.);
#3603 = CARTESIAN_POINT('',(-0.8,-0.8));
#3604 = CARTESIAN_POINT('',(-3.52,-0.8));
#3605 = ( GEOMETRIC_REPRESENTATION_CONTEXT(2) 
PARAMETRIC_REPRESENTATION_CONTEXT() REPRESENTATION_CONTEXT('2D SPACE',''
  ) );
#3606 = PCURVE('',#2700,#3607);
#3607 = DEFINITIONAL_REPRESENTATION('',(#3608),#3611);
#3608 = B_SPLINE_CURVE_WITH_KNOTS('',1,(#3609,#3610),.UNSPECIFIED.,.F.,
  .F.,(2,2),(-0.96,1.76),.PIECEWISE_BEZIER_KNOTS.);
#3609 = CARTESIAN_POINT('',(2.11,2.72));
#3610 = CARTESIAN_POINT('',(2.11,0.));
#3611 = ( GEOMETRIC_REPRESENTATION_CONTEXT(2) 
PARAMETRIC_REPRESENTATION_CONTEXT() REPRESENTATION_CONTEXT('2D SPACE',''
  ) );
#3612 = ADVANCED_FACE('',(#3613),#2700,.T.);
#3613 = FACE_BOUND('',#3614,.T.);
#3614 = EDGE_LOOP('',(#3615,#3638,#3659,#3660,#3661));
#3615 = ORIENTED_EDGE('',*,*,#3616,.F.);
#3616 = EDGE_CURVE('',#3617,#3527,#3619,.T.);
#3617 = VERTEX_POINT('',#3618);
#3618 = CARTESIAN_POINT('',(-3.52,-0.8,12.99));
#3619 = SURFACE_CURVE('',#3620,(#3624,#3631),.PCURVE_S1.);
#3620 = LINE('',#3621,#3622);
#3621 = CARTESIAN_POINT('',(-3.52,-0.8,12.99));
#3622 = VECTOR('',#3623,1.);
#3623 = DIRECTION('',(1.,0.,0.));
#3624 = PCURVE('',#2700,#3625);
#3625 = DEFINITIONAL_REPRESENTATION('',(#3626),#3630);
#3626 = LINE('',#3627,#3628);
#3627 = CARTESIAN_POINT('',(0.,0.));
#3628 = VECTOR('',#3629,1.);
#3629 = DIRECTION('',(0.,1.));
#3630 = ( GEOMETRIC_REPRESENTATION_CONTEXT(2) 
PARAMETRIC_REPRESENTATION_CONTEXT() REPRESENTATION_CONTEXT('2D SPACE',''
  ) );
#3631 = PCURVE('',#3295,#3632);
#3632 = DEFINITIONAL_REPRESENTATION('',(#3633),#3637);
#3633 = LINE('',#3634,#3635);
#3634 = CARTESIAN_POINT('',(-2.72,2.72));
#3635 = VECTOR('',#3636,1.);
#3636 = DIRECTION('',(1.,0.));
#3637 = ( GEOMETRIC_REPRESENTATION_CONTEXT(2) 
PARAMETRIC_REPRESENTATION_CONTEXT() REPRESENTATION_CONTEXT('2D SPACE',''
  ) );
#3638 = ORIENTED_EDGE('',*,*,#3639,.T.);
#3639 = EDGE_CURVE('',#3617,#2651,#3640,.T.);
#3640 = SURFACE_CURVE('',#3641,(#3645,#3652),.PCURVE_S1.);
#3641 = LINE('',#3642,#3643);
#3642 = CARTESIAN_POINT('',(-3.52,-0.8,12.99));
#3643 = VECTOR('',#3644,1.);
#3644 = DIRECTION('',(0.,0.,1.));
#3645 = PCURVE('',#2700,#3646);
#3646 = DEFINITIONAL_REPRESENTATION('',(#3647),#3651);
#3647 = LINE('',#3648,#3649);
#3648 = CARTESIAN_POINT('',(0.,0.));
#3649 = VECTOR('',#3650,1.);
#3650 = DIRECTION('',(1.,0.));
#3651 = ( GEOMETRIC_REPRESENTATION_CONTEXT(2) 
PARAMETRIC_REPRESENTATION_CONTEXT() REPRESENTATION_CONTEXT('2D SPACE',''
  ) );
#3652 = PCURVE('',#2780,#3653);
#3653 = DEFINITIONAL_REPRESENTATION('',(#3654),#3658);
#3654 = LINE('',#3655,#3656);
#3655 = CARTESIAN_POINT('',(0.,0.));
#3656 = VECTOR('',#3657,1.);
#3657 = DIRECTION('',(1.,0.));
#3658 = ( GEOMETRIC_REPRESENTATION_CONTEXT(2) 
PARAMETRIC_REPRESENTATION_CONTEXT() REPRESENTATION_CONTEXT('2D SPACE',''
  ) );
#3659 = ORIENTED_EDGE('',*,*,#2650,.T.);
#3660 = ORIENTED_EDGE('',*,*,#3594,.F.);
#3661 = ORIENTED_EDGE('',*,*,#3549,.T.);
#3662 = ADVANCED_FACE('',(#3663),#2780,.T.);
#3663 = FACE_BOUND('',#3664,.T.);
#3664 = EDGE_LOOP('',(#3665,#3666,#3689,#3710));
#3665 = ORIENTED_EDGE('',*,*,#3639,.F.);
#3666 = ORIENTED_EDGE('',*,*,#3667,.T.);
#3667 = EDGE_CURVE('',#3617,#3668,#3670,.T.);
#3668 = VERTEX_POINT('',#3669);
#3669 = CARTESIAN_POINT('',(-3.52,0.8,12.99));
#3670 = SURFACE_CURVE('',#3671,(#3675,#3682),.PCURVE_S1.);
#3671 = LINE('',#3672,#3673);
#3672 = CARTESIAN_POINT('',(-3.52,-0.8,12.99));
#3673 = VECTOR('',#3674,1.);
#3674 = DIRECTION('',(0.,1.,0.));
#3675 = PCURVE('',#2780,#3676);
#3676 = DEFINITIONAL_REPRESENTATION('',(#3677),#3681);
#3677 = LINE('',#3678,#3679);
#3678 = CARTESIAN_POINT('',(0.,0.));
#3679 = VECTOR('',#3680,1.);
#3680 = DIRECTION('',(0.,-1.));
#3681 = ( GEOMETRIC_REPRESENTATION_CONTEXT(2) 
PARAMETRIC_REPRESENTATION_CONTEXT() REPRESENTATION_CONTEXT('2D SPACE',''
  ) );
#3682 = PCURVE('',#3295,#3683);
#3683 = DEFINITIONAL_REPRESENTATION('',(#3684),#3688);
#3684 = LINE('',#3685,#3686);
#3685 = CARTESIAN_POINT('',(-2.72,2.72));
#3686 = VECTOR('',#3687,1.);
#3687 = DIRECTION('',(0.,1.));
#3688 = ( GEOMETRIC_REPRESENTATION_CONTEXT(2) 
PARAMETRIC_REPRESENTATION_CONTEXT() REPRESENTATION_CONTEXT('2D SPACE',''
  ) );
#3689 = ORIENTED_EDGE('',*,*,#3690,.T.);
#3690 = EDGE_CURVE('',#3668,#2730,#3691,.T.);
#3691 = SURFACE_CURVE('',#3692,(#3696,#3703),.PCURVE_S1.);
#3692 = LINE('',#3693,#3694);
#3693 = CARTESIAN_POINT('',(-3.52,0.8,12.99));
#3694 = VECTOR('',#3695,1.);
#3695 = DIRECTION('',(0.,0.,1.));
#3696 = PCURVE('',#2780,#3697);
#3697 = DEFINITIONAL_REPRESENTATION('',(#3698),#3702);
#3698 = LINE('',#3699,#3700);
#3699 = CARTESIAN_POINT('',(0.,-1.6));
#3700 = VECTOR('',#3701,1.);
#3701 = DIRECTION('',(1.,0.));
#3702 = ( GEOMETRIC_REPRESENTATION_CONTEXT(2) 
PARAMETRIC_REPRESENTATION_CONTEXT() REPRESENTATION_CONTEXT('2D SPACE',''
  ) );
#3703 = PCURVE('',#2855,#3704);
#3704 = DEFINITIONAL_REPRESENTATION('',(#3705),#3709);
#3705 = LINE('',#3706,#3707);
#3706 = CARTESIAN_POINT('',(0.,0.));
#3707 = VECTOR('',#3708,1.);
#3708 = DIRECTION('',(1.,0.));
#3709 = ( GEOMETRIC_REPRESENTATION_CONTEXT(2) 
PARAMETRIC_REPRESENTATION_CONTEXT() REPRESENTATION_CONTEXT('2D SPACE',''
  ) );
#3710 = ORIENTED_EDGE('',*,*,#2729,.F.);
#3711 = ADVANCED_FACE('',(#3712),#2855,.F.);
#3712 = FACE_BOUND('',#3713,.F.);
#3713 = EDGE_LOOP('',(#3714,#3737,#3738,#3739,#3760));
#3714 = ORIENTED_EDGE('',*,*,#3715,.F.);
#3715 = EDGE_CURVE('',#3668,#3716,#3718,.T.);
#3716 = VERTEX_POINT('',#3717);
#3717 = CARTESIAN_POINT('',(-0.8,0.8,12.99));
#3718 = SURFACE_CURVE('',#3719,(#3723,#3730),.PCURVE_S1.);
#3719 = LINE('',#3720,#3721);
#3720 = CARTESIAN_POINT('',(-3.52,0.8,12.99));
#3721 = VECTOR('',#3722,1.);
#3722 = DIRECTION('',(1.,0.,0.));
#3723 = PCURVE('',#2855,#3724);
#3724 = DEFINITIONAL_REPRESENTATION('',(#3725),#3729);
#3725 = LINE('',#3726,#3727);
#3726 = CARTESIAN_POINT('',(0.,0.));
#3727 = VECTOR('',#3728,1.);
#3728 = DIRECTION('',(0.,1.));
#3729 = ( GEOMETRIC_REPRESENTATION_CONTEXT(2) 
PARAMETRIC_REPRESENTATION_CONTEXT() REPRESENTATION_CONTEXT('2D SPACE',''
  ) );
#3730 = PCURVE('',#3295,#3731);
#3731 = DEFINITIONAL_REPRESENTATION('',(#3732),#3736);
#3732 = LINE('',#3733,#3734);
#3733 = CARTESIAN_POINT('',(-2.72,4.32));
#3734 = VECTOR('',#3735,1.);
#3735 = DIRECTION('',(1.,0.));
#3736 = ( GEOMETRIC_REPRESENTATION_CONTEXT(2) 
PARAMETRIC_REPRESENTATION_CONTEXT() REPRESENTATION_CONTEXT('2D SPACE',''
  ) );
#3737 = ORIENTED_EDGE('',*,*,#3690,.T.);
#3738 = ORIENTED_EDGE('',*,*,#2805,.T.);
#3739 = ORIENTED_EDGE('',*,*,#3740,.F.);
#3740 = EDGE_CURVE('',#3741,#2806,#3743,.T.);
#3741 = VERTEX_POINT('',#3742);
#3742 = CARTESIAN_POINT('',(-0.8,0.8,15.1));
#3743 = SURFACE_CURVE('',#3744,(#3748,#3754),.PCURVE_S1.);
#3744 = LINE('',#3745,#3746);
#3745 = CARTESIAN_POINT('',(-1.76,0.8,15.1));
#3746 = VECTOR('',#3747,1.);
#3747 = DIRECTION('',(-1.,0.,0.));
#3748 = PCURVE('',#2855,#3749);
#3749 = DEFINITIONAL_REPRESENTATION('',(#3750),#3753);
#3750 = B_SPLINE_CURVE_WITH_KNOTS('',1,(#3751,#3752),.UNSPECIFIED.,.F.,
  .F.,(2,2),(-0.96,1.76),.PIECEWISE_BEZIER_KNOTS.);
#3751 = CARTESIAN_POINT('',(2.11,2.72));
#3752 = CARTESIAN_POINT('',(2.11,0.));
#3753 = ( GEOMETRIC_REPRESENTATION_CONTEXT(2) 
PARAMETRIC_REPRESENTATION_CONTEXT() REPRESENTATION_CONTEXT('2D SPACE',''
  ) );
#3754 = PCURVE('',#2901,#3755);
#3755 = DEFINITIONAL_REPRESENTATION('',(#3756),#3759);
#3756 = B_SPLINE_CURVE_WITH_KNOTS('',1,(#3757,#3758),.UNSPECIFIED.,.F.,
  .F.,(2,2),(-0.96,1.76),.PIECEWISE_BEZIER_KNOTS.);
#3757 = CARTESIAN_POINT('',(-0.8,0.8));
#3758 = CARTESIAN_POINT('',(-3.52,0.8));
#3759 = ( GEOMETRIC_REPRESENTATION_CONTEXT(2) 
PARAMETRIC_REPRESENTATION_CONTEXT() REPRESENTATION_CONTEXT('2D SPACE',''
  ) );
#3760 = ORIENTED_EDGE('',*,*,#3761,.T.);
#3761 = EDGE_CURVE('',#3741,#3716,#3762,.T.);
#3762 = SURFACE_CURVE('',#3763,(#3767,#3773),.PCURVE_S1.);
#3763 = LINE('',#3764,#3765);
#3764 = CARTESIAN_POINT('',(-0.8,0.8,12.99));
#3765 = VECTOR('',#3766,1.);
#3766 = DIRECTION('',(0.,0.,-1.));
#3767 = PCURVE('',#2855,#3768);
#3768 = DEFINITIONAL_REPRESENTATION('',(#3769),#3772);
#3769 = B_SPLINE_CURVE_WITH_KNOTS('',1,(#3770,#3771),.UNSPECIFIED.,.F.,
  .F.,(2,2),(-2.36,0.),.PIECEWISE_BEZIER_KNOTS.);
#3770 = CARTESIAN_POINT('',(2.36,2.72));
#3771 = CARTESIAN_POINT('',(0.,2.72));
#3772 = ( GEOMETRIC_REPRESENTATION_CONTEXT(2) 
PARAMETRIC_REPRESENTATION_CONTEXT() REPRESENTATION_CONTEXT('2D SPACE',''
  ) );
#3773 = PCURVE('',#2963,#3774);
#3774 = DEFINITIONAL_REPRESENTATION('',(#3775),#3778);
#3775 = B_SPLINE_CURVE_WITH_KNOTS('',1,(#3776,#3777),.UNSPECIFIED.,.F.,
  .F.,(2,2),(-2.36,0.),.PIECEWISE_BEZIER_KNOTS.);
#3776 = CARTESIAN_POINT('',(2.36,-4.32));
#3777 = CARTESIAN_POINT('',(0.,-4.32));
#3778 = ( GEOMETRIC_REPRESENTATION_CONTEXT(2) 
PARAMETRIC_REPRESENTATION_CONTEXT() REPRESENTATION_CONTEXT('2D SPACE',''
  ) );
#3779 = ADVANCED_FACE('',(#3780),#2901,.T.);
#3780 = FACE_BOUND('',#3781,.T.);
#3781 = EDGE_LOOP('',(#3782,#3801,#3802));
#3782 = ORIENTED_EDGE('',*,*,#3783,.T.);
#3783 = EDGE_CURVE('',#3741,#2885,#3784,.T.);
#3784 = SURFACE_CURVE('',#3785,(#3789,#3795),.PCURVE_S1.);
#3785 = LINE('',#3786,#3787);
#3786 = CARTESIAN_POINT('',(-0.8,-1.76,15.1));
#3787 = VECTOR('',#3788,1.);
#3788 = DIRECTION('',(0.,1.,0.));
#3789 = PCURVE('',#2901,#3790);
#3790 = DEFINITIONAL_REPRESENTATION('',(#3791),#3794);
#3791 = B_SPLINE_CURVE_WITH_KNOTS('',1,(#3792,#3793),.UNSPECIFIED.,.F.,
  .F.,(2,2),(2.56,5.28),.PIECEWISE_BEZIER_KNOTS.);
#3792 = CARTESIAN_POINT('',(-0.8,0.8));
#3793 = CARTESIAN_POINT('',(-0.8,3.52));
#3794 = ( GEOMETRIC_REPRESENTATION_CONTEXT(2) 
PARAMETRIC_REPRESENTATION_CONTEXT() REPRESENTATION_CONTEXT('2D SPACE',''
  ) );
#3795 = PCURVE('',#2963,#3796);
#3796 = DEFINITIONAL_REPRESENTATION('',(#3797),#3800);
#3797 = B_SPLINE_CURVE_WITH_KNOTS('',1,(#3798,#3799),.UNSPECIFIED.,.F.,
  .F.,(2,2),(2.56,5.28),.PIECEWISE_BEZIER_KNOTS.);
#3798 = CARTESIAN_POINT('',(2.11,-4.32));
#3799 = CARTESIAN_POINT('',(2.11,-7.04));
#3800 = ( GEOMETRIC_REPRESENTATION_CONTEXT(2) 
PARAMETRIC_REPRESENTATION_CONTEXT() REPRESENTATION_CONTEXT('2D SPACE',''
  ) );
#3801 = ORIENTED_EDGE('',*,*,#2884,.T.);
#3802 = ORIENTED_EDGE('',*,*,#3740,.F.);
#3803 = ADVANCED_FACE('',(#3804),#2963,.T.);
#3804 = FACE_BOUND('',#3805,.T.);
#3805 = EDGE_LOOP('',(#3806,#3807,#3808,#3831,#3852));
#3806 = ORIENTED_EDGE('',*,*,#3783,.F.);
#3807 = ORIENTED_EDGE('',*,*,#3761,.T.);
#3808 = ORIENTED_EDGE('',*,*,#3809,.T.);
#3809 = EDGE_CURVE('',#3716,#3810,#3812,.T.);
#3810 = VERTEX_POINT('',#3811);
#3811 = CARTESIAN_POINT('',(-0.8,3.52,12.99));
#3812 = SURFACE_CURVE('',#3813,(#3817,#3824),.PCURVE_S1.);
#3813 = LINE('',#3814,#3815);
#3814 = CARTESIAN_POINT('',(-0.8,-3.52,12.99));
#3815 = VECTOR('',#3816,1.);
#3816 = DIRECTION('',(0.,1.,0.));
#3817 = PCURVE('',#2963,#3818);
#3818 = DEFINITIONAL_REPRESENTATION('',(#3819),#3823);
#3819 = LINE('',#3820,#3821);
#3820 = CARTESIAN_POINT('',(0.,0.));
#3821 = VECTOR('',#3822,1.);
#3822 = DIRECTION('',(0.,-1.));
#3823 = ( GEOMETRIC_REPRESENTATION_CONTEXT(2) 
PARAMETRIC_REPRESENTATION_CONTEXT() REPRESENTATION_CONTEXT('2D SPACE',''
  ) );
#3824 = PCURVE('',#3295,#3825);
#3825 = DEFINITIONAL_REPRESENTATION('',(#3826),#3830);
#3826 = LINE('',#3827,#3828);
#3827 = CARTESIAN_POINT('',(0.,0.));
#3828 = VECTOR('',#3829,1.);
#3829 = DIRECTION('',(0.,1.));
#3830 = ( GEOMETRIC_REPRESENTATION_CONTEXT(2) 
PARAMETRIC_REPRESENTATION_CONTEXT() REPRESENTATION_CONTEXT('2D SPACE',''
  ) );
#3831 = ORIENTED_EDGE('',*,*,#3832,.T.);
#3832 = EDGE_CURVE('',#3810,#2914,#3833,.T.);
#3833 = SURFACE_CURVE('',#3834,(#3838,#3845),.PCURVE_S1.);
#3834 = LINE('',#3835,#3836);
#3835 = CARTESIAN_POINT('',(-0.8,3.52,12.99));
#3836 = VECTOR('',#3837,1.);
#3837 = DIRECTION('',(0.,0.,1.));
#3838 = PCURVE('',#2963,#3839);
#3839 = DEFINITIONAL_REPRESENTATION('',(#3840),#3844);
#3840 = LINE('',#3841,#3842);
#3841 = CARTESIAN_POINT('',(0.,-7.04));
#3842 = VECTOR('',#3843,1.);
#3843 = DIRECTION('',(1.,0.));
#3844 = ( GEOMETRIC_REPRESENTATION_CONTEXT(2) 
PARAMETRIC_REPRESENTATION_CONTEXT() REPRESENTATION_CONTEXT('2D SPACE',''
  ) );
#3845 = PCURVE('',#3043,#3846);
#3846 = DEFINITIONAL_REPRESENTATION('',(#3847),#3851);
#3847 = LINE('',#3848,#3849);
#3848 = CARTESIAN_POINT('',(0.,0.));
#3849 = VECTOR('',#3850,1.);
#3850 = DIRECTION('',(1.,0.));
#3851 = ( GEOMETRIC_REPRESENTATION_CONTEXT(2) 
PARAMETRIC_REPRESENTATION_CONTEXT() REPRESENTATION_CONTEXT('2D SPACE',''
  ) );
#3852 = ORIENTED_EDGE('',*,*,#2913,.T.);
#3853 = ADVANCED_FACE('',(#3854),#3043,.F.);
#3854 = FACE_BOUND('',#3855,.F.);
#3855 = EDGE_LOOP('',(#3856,#3879,#3900,#3901));
#3856 = ORIENTED_EDGE('',*,*,#3857,.F.);
#3857 = EDGE_CURVE('',#3858,#2993,#3860,.T.);
#3858 = VERTEX_POINT('',#3859);
#3859 = CARTESIAN_POINT('',(0.8,3.52,12.99));
#3860 = SURFACE_CURVE('',#3861,(#3865,#3872),.PCURVE_S1.);
#3861 = LINE('',#3862,#3863);
#3862 = CARTESIAN_POINT('',(0.8,3.52,12.99));
#3863 = VECTOR('',#3864,1.);
#3864 = DIRECTION('',(0.,0.,1.));
#3865 = PCURVE('',#3043,#3866);
#3866 = DEFINITIONAL_REPRESENTATION('',(#3867),#3871);
#3867 = LINE('',#3868,#3869);
#3868 = CARTESIAN_POINT('',(0.,1.6));
#3869 = VECTOR('',#3870,1.);
#3870 = DIRECTION('',(1.,0.));
#3871 = ( GEOMETRIC_REPRESENTATION_CONTEXT(2) 
PARAMETRIC_REPRESENTATION_CONTEXT() REPRESENTATION_CONTEXT('2D SPACE',''
  ) );
#3872 = PCURVE('',#3118,#3873);
#3873 = DEFINITIONAL_REPRESENTATION('',(#3874),#3878);
#3874 = LINE('',#3875,#3876);
#3875 = CARTESIAN_POINT('',(0.,-7.04));
#3876 = VECTOR('',#3877,1.);
#3877 = DIRECTION('',(1.,0.));
#3878 = ( GEOMETRIC_REPRESENTATION_CONTEXT(2) 
PARAMETRIC_REPRESENTATION_CONTEXT() REPRESENTATION_CONTEXT('2D SPACE',''
  ) );
#3879 = ORIENTED_EDGE('',*,*,#3880,.F.);
#3880 = EDGE_CURVE('',#3810,#3858,#3881,.T.);
#3881 = SURFACE_CURVE('',#3882,(#3886,#3893),.PCURVE_S1.);
#3882 = LINE('',#3883,#3884);
#3883 = CARTESIAN_POINT('',(-0.8,3.52,12.99));
#3884 = VECTOR('',#3885,1.);
#3885 = DIRECTION('',(1.,0.,0.));
#3886 = PCURVE('',#3043,#3887);
#3887 = DEFINITIONAL_REPRESENTATION('',(#3888),#3892);
#3888 = LINE('',#3889,#3890);
#3889 = CARTESIAN_POINT('',(0.,0.));
#3890 = VECTOR('',#3891,1.);
#3891 = DIRECTION('',(0.,1.));
#3892 = ( GEOMETRIC_REPRESENTATION_CONTEXT(2) 
PARAMETRIC_REPRESENTATION_CONTEXT() REPRESENTATION_CONTEXT('2D SPACE',''
  ) );
#3893 = PCURVE('',#3295,#3894);
#3894 = DEFINITIONAL_REPRESENTATION('',(#3895),#3899);
#3895 = LINE('',#3896,#3897);
#3896 = CARTESIAN_POINT('',(0.,7.04));
#3897 = VECTOR('',#3898,1.);
#3898 = DIRECTION('',(1.,0.));
#3899 = ( GEOMETRIC_REPRESENTATION_CONTEXT(2) 
PARAMETRIC_REPRESENTATION_CONTEXT() REPRESENTATION_CONTEXT('2D SPACE',''
  ) );
#3900 = ORIENTED_EDGE('',*,*,#3832,.T.);
#3901 = ORIENTED_EDGE('',*,*,#2992,.T.);
#3902 = ADVANCED_FACE('',(#3903),#3118,.F.);
#3903 = FACE_BOUND('',#3904,.F.);
#3904 = EDGE_LOOP('',(#3905,#3926,#3947,#3968,#3969));
#3905 = ORIENTED_EDGE('',*,*,#3906,.F.);
#3906 = EDGE_CURVE('',#3907,#3069,#3909,.T.);
#3907 = VERTEX_POINT('',#3908);
#3908 = CARTESIAN_POINT('',(0.8,0.8,15.1));
#3909 = SURFACE_CURVE('',#3910,(#3914,#3920),.PCURVE_S1.);
#3910 = LINE('',#3911,#3912);
#3911 = CARTESIAN_POINT('',(0.8,-1.76,15.1));
#3912 = VECTOR('',#3913,1.);
#3913 = DIRECTION('',(0.,1.,0.));
#3914 = PCURVE('',#3118,#3915);
#3915 = DEFINITIONAL_REPRESENTATION('',(#3916),#3919);
#3916 = B_SPLINE_CURVE_WITH_KNOTS('',1,(#3917,#3918),.UNSPECIFIED.,.F.,
  .F.,(2,2),(2.56,5.28),.PIECEWISE_BEZIER_KNOTS.);
#3917 = CARTESIAN_POINT('',(2.11,-4.32));
#3918 = CARTESIAN_POINT('',(2.11,-7.04));
#3919 = ( GEOMETRIC_REPRESENTATION_CONTEXT(2) 
PARAMETRIC_REPRESENTATION_CONTEXT() REPRESENTATION_CONTEXT('2D SPACE',''
  ) );
#3920 = PCURVE('',#3164,#3921);
#3921 = DEFINITIONAL_REPRESENTATION('',(#3922),#3925);
#3922 = B_SPLINE_CURVE_WITH_KNOTS('',1,(#3923,#3924),.UNSPECIFIED.,.F.,
  .F.,(2,2),(2.56,5.28),.PIECEWISE_BEZIER_KNOTS.);
#3923 = CARTESIAN_POINT('',(0.8,0.8));
#3924 = CARTESIAN_POINT('',(0.8,3.52));
#3925 = ( GEOMETRIC_REPRESENTATION_CONTEXT(2) 
PARAMETRIC_REPRESENTATION_CONTEXT() REPRESENTATION_CONTEXT('2D SPACE',''
  ) );
#3926 = ORIENTED_EDGE('',*,*,#3927,.T.);
#3927 = EDGE_CURVE('',#3907,#3928,#3930,.T.);
#3928 = VERTEX_POINT('',#3929);
#3929 = CARTESIAN_POINT('',(0.8,0.8,12.99));
#3930 = SURFACE_CURVE('',#3931,(#3935,#3941),.PCURVE_S1.);
#3931 = LINE('',#3932,#3933);
#3932 = CARTESIAN_POINT('',(0.8,0.8,12.99));
#3933 = VECTOR('',#3934,1.);
#3934 = DIRECTION('',(0.,0.,-1.));
#3935 = PCURVE('',#3118,#3936);
#3936 = DEFINITIONAL_REPRESENTATION('',(#3937),#3940);
#3937 = B_SPLINE_CURVE_WITH_KNOTS('',1,(#3938,#3939),.UNSPECIFIED.,.F.,
  .F.,(2,2),(-2.36,0.),.PIECEWISE_BEZIER_KNOTS.);
#3938 = CARTESIAN_POINT('',(2.36,-4.32));
#3939 = CARTESIAN_POINT('',(0.,-4.32));
#3940 = ( GEOMETRIC_REPRESENTATION_CONTEXT(2) 
PARAMETRIC_REPRESENTATION_CONTEXT() REPRESENTATION_CONTEXT('2D SPACE',''
  ) );
#3941 = PCURVE('',#3224,#3942);
#3942 = DEFINITIONAL_REPRESENTATION('',(#3943),#3946);
#3943 = B_SPLINE_CURVE_WITH_KNOTS('',1,(#3944,#3945),.UNSPECIFIED.,.F.,
  .F.,(2,2),(-2.36,0.),.PIECEWISE_BEZIER_KNOTS.);
#3944 = CARTESIAN_POINT('',(2.36,4.32));
#3945 = CARTESIAN_POINT('',(0.,4.32));
#3946 = ( GEOMETRIC_REPRESENTATION_CONTEXT(2) 
PARAMETRIC_REPRESENTATION_CONTEXT() REPRESENTATION_CONTEXT('2D SPACE',''
  ) );
#3947 = ORIENTED_EDGE('',*,*,#3948,.T.);
#3948 = EDGE_CURVE('',#3928,#3858,#3949,.T.);
#3949 = SURFACE_CURVE('',#3950,(#3954,#3961),.PCURVE_S1.);
#3950 = LINE('',#3951,#3952);
#3951 = CARTESIAN_POINT('',(0.8,-3.52,12.99));
#3952 = VECTOR('',#3953,1.);
#3953 = DIRECTION('',(0.,1.,0.));
#3954 = PCURVE('',#3118,#3955);
#3955 = DEFINITIONAL_REPRESENTATION('',(#3956),#3960);
#3956 = LINE('',#3957,#3958);
#3957 = CARTESIAN_POINT('',(0.,0.));
#3958 = VECTOR('',#3959,1.);
#3959 = DIRECTION('',(0.,-1.));
#3960 = ( GEOMETRIC_REPRESENTATION_CONTEXT(2) 
PARAMETRIC_REPRESENTATION_CONTEXT() REPRESENTATION_CONTEXT('2D SPACE',''
  ) );
#3961 = PCURVE('',#3295,#3962);
#3962 = DEFINITIONAL_REPRESENTATION('',(#3963),#3967);
#3963 = LINE('',#3964,#3965);
#3964 = CARTESIAN_POINT('',(1.6,0.));
#3965 = VECTOR('',#3966,1.);
#3966 = DIRECTION('',(0.,1.));
#3967 = ( GEOMETRIC_REPRESENTATION_CONTEXT(2) 
PARAMETRIC_REPRESENTATION_CONTEXT() REPRESENTATION_CONTEXT('2D SPACE',''
  ) );
#3968 = ORIENTED_EDGE('',*,*,#3857,.T.);
#3969 = ORIENTED_EDGE('',*,*,#3068,.T.);
#3970 = ADVANCED_FACE('',(#3971),#3164,.T.);
#3971 = FACE_BOUND('',#3972,.T.);
#3972 = EDGE_LOOP('',(#3973,#3992,#3993));
#3973 = ORIENTED_EDGE('',*,*,#3974,.F.);
#3974 = EDGE_CURVE('',#3148,#3907,#3975,.T.);
#3975 = SURFACE_CURVE('',#3976,(#3980,#3986),.PCURVE_S1.);
#3976 = LINE('',#3977,#3978);
#3977 = CARTESIAN_POINT('',(-1.76,0.8,15.1));
#3978 = VECTOR('',#3979,1.);
#3979 = DIRECTION('',(-1.,0.,0.));
#3980 = PCURVE('',#3164,#3981);
#3981 = DEFINITIONAL_REPRESENTATION('',(#3982),#3985);
#3982 = B_SPLINE_CURVE_WITH_KNOTS('',1,(#3983,#3984),.UNSPECIFIED.,.F.,
  .F.,(2,2),(-5.28,-2.56),.PIECEWISE_BEZIER_KNOTS.);
#3983 = CARTESIAN_POINT('',(3.52,0.8));
#3984 = CARTESIAN_POINT('',(0.8,0.8));
#3985 = ( GEOMETRIC_REPRESENTATION_CONTEXT(2) 
PARAMETRIC_REPRESENTATION_CONTEXT() REPRESENTATION_CONTEXT('2D SPACE',''
  ) );
#3986 = PCURVE('',#3224,#3987);
#3987 = DEFINITIONAL_REPRESENTATION('',(#3988),#3991);
#3988 = B_SPLINE_CURVE_WITH_KNOTS('',1,(#3989,#3990),.UNSPECIFIED.,.F.,
  .F.,(2,2),(-5.28,-2.56),.PIECEWISE_BEZIER_KNOTS.);
#3989 = CARTESIAN_POINT('',(2.11,7.04));
#3990 = CARTESIAN_POINT('',(2.11,4.32));
#3991 = ( GEOMETRIC_REPRESENTATION_CONTEXT(2) 
PARAMETRIC_REPRESENTATION_CONTEXT() REPRESENTATION_CONTEXT('2D SPACE',''
  ) );
#3992 = ORIENTED_EDGE('',*,*,#3147,.T.);
#3993 = ORIENTED_EDGE('',*,*,#3906,.F.);
#3994 = ADVANCED_FACE('',(#3995),#3224,.F.);
#3995 = FACE_BOUND('',#3996,.F.);
#3996 = EDGE_LOOP('',(#3997,#4018,#4019,#4020,#4021));
#3997 = ORIENTED_EDGE('',*,*,#3998,.F.);
#3998 = EDGE_CURVE('',#3928,#3280,#3999,.T.);
#3999 = SURFACE_CURVE('',#4000,(#4004,#4011),.PCURVE_S1.);
#4000 = LINE('',#4001,#4002);
#4001 = CARTESIAN_POINT('',(-3.52,0.8,12.99));
#4002 = VECTOR('',#4003,1.);
#4003 = DIRECTION('',(1.,0.,0.));
#4004 = PCURVE('',#3224,#4005);
#4005 = DEFINITIONAL_REPRESENTATION('',(#4006),#4010);
#4006 = LINE('',#4007,#4008);
#4007 = CARTESIAN_POINT('',(0.,0.));
#4008 = VECTOR('',#4009,1.);
#4009 = DIRECTION('',(0.,1.));
#4010 = ( GEOMETRIC_REPRESENTATION_CONTEXT(2) 
PARAMETRIC_REPRESENTATION_CONTEXT() REPRESENTATION_CONTEXT('2D SPACE',''
  ) );
#4011 = PCURVE('',#3295,#4012);
#4012 = DEFINITIONAL_REPRESENTATION('',(#4013),#4017);
#4013 = LINE('',#4014,#4015);
#4014 = CARTESIAN_POINT('',(-2.72,4.32));
#4015 = VECTOR('',#4016,1.);
#4016 = DIRECTION('',(1.,0.));
#4017 = ( GEOMETRIC_REPRESENTATION_CONTEXT(2) 
PARAMETRIC_REPRESENTATION_CONTEXT() REPRESENTATION_CONTEXT('2D SPACE',''
  ) );
#4018 = ORIENTED_EDGE('',*,*,#3927,.F.);
#4019 = ORIENTED_EDGE('',*,*,#3974,.F.);
#4020 = ORIENTED_EDGE('',*,*,#3176,.F.);
#4021 = ORIENTED_EDGE('',*,*,#3307,.F.);
#4022 = ADVANCED_FACE('',(#4023),#3295,.T.);
#4023 = FACE_BOUND('',#4024,.T.);
#4024 = EDGE_LOOP('',(#4025,#4026,#4027,#4028,#4029,#4030,#4031,#4032,
    #4033,#4034,#4035,#4036));
#4025 = ORIENTED_EDGE('',*,*,#3526,.F.);
#4026 = ORIENTED_EDGE('',*,*,#3476,.T.);
#4027 = ORIENTED_EDGE('',*,*,#3449,.T.);
#4028 = ORIENTED_EDGE('',*,*,#3333,.T.);
#4029 = ORIENTED_EDGE('',*,*,#3279,.T.);
#4030 = ORIENTED_EDGE('',*,*,#3998,.F.);
#4031 = ORIENTED_EDGE('',*,*,#3948,.T.);
#4032 = ORIENTED_EDGE('',*,*,#3880,.F.);
#4033 = ORIENTED_EDGE('',*,*,#3809,.F.);
#4034 = ORIENTED_EDGE('',*,*,#3715,.F.);
#4035 = ORIENTED_EDGE('',*,*,#3667,.F.);
#4036 = ORIENTED_EDGE('',*,*,#3616,.T.);
#4037 = ( GEOMETRIC_REPRESENTATION_CONTEXT(3) 
GLOBAL_UNCERTAINTY_ASSIGNED_CONTEXT((#4041)) 
GLOBAL_UNIT_ASSIGNED_CONTEXT((#4038,#4039,#4040)) REPRESENTATION_CONTEXT
('Context #1','3D Context with UNIT and UNCERTAINTY') );
#4038 = ( LENGTH_UNIT() NAMED_UNIT(*) SI_UNIT(.MILLI.,.METRE.) );
#4039 = ( NAMED_UNIT(*) PLANE_ANGLE_UNIT() SI_UNIT($,.RADIAN.) );
#4040 = ( NAMED_UNIT(*) SI_UNIT($,.STERADIAN.) SOLID_ANGLE_UNIT() );
#4041 = UNCERTAINTY_MEASURE_WITH_UNIT(LENGTH_MEASURE(2.E-07),#4038,
  'distance_accuracy_value','confusion accuracy');
#4042 = PRODUCT_RELATED_PRODUCT_CATEGORY('part',$,(#7));
ENDSEC;
END-ISO-10303-21;
