ISO-10303-21;
HEADER;
FILE_DESCRIPTION(('Open CASCADE Model'),'2;1');
FILE_NAME('Open CASCADE Shape Model','2026-04-28T19:45:21',('Author'),(
    'Open CASCADE'),'Open CASCADE STEP processor 7.8','build123d',
  'Unknown');
FILE_SCHEMA(('AUTOMOTIVE_DESIGN { 1 0 10303 214 1 1 1 1 }'));
ENDSEC;
DATA;
#1 = APPLICATION_PROTOCOL_DEFINITION('international standard',
  'automotive_design',2000,#2);
#2 = APPLICATION_CONTEXT(
  'core data for automotive mechanical design processes');
#3 = SHAPE_DEFINITION_REPRESENTATION(#4,#10);
#4 = PRODUCT_DEFINITION_SHAPE('','',#5);
#5 = PRODUCT_DEFINITION('design','',#6,#9);
#6 = PRODUCT_DEFINITION_FORMATION('','',#7);
#7 = PRODUCT('COMPOUND','COMPOUND','',(#8));
#8 = PRODUCT_CONTEXT('',#2,'mechanical');
#9 = PRODUCT_DEFINITION_CONTEXT('part definition',#2,'design');
#10 = ADVANCED_BREP_SHAPE_REPRESENTATION('',(#11,#15),#2454);
#11 = AXIS2_PLACEMENT_3D('',#12,#13,#14);
#12 = CARTESIAN_POINT('',(0.,0.,0.));
#13 = DIRECTION('',(0.,0.,1.));
#14 = DIRECTION('',(1.,0.,-0.));
#15 = MANIFOLD_SOLID_BREP('',#16);
#16 = CLOSED_SHELL('',(#17,#105,#158,#213,#217,#272,#327,#382,#437,#492,
    #547,#602,#657,#712,#767,#822,#877,#932,#987,#1042,#1097,#1152,#1207
    ,#1262,#1317,#1372,#1427,#1482,#1537,#1592,#1647,#1702,#1757,#1812,
    #1867,#1922,#1977,#2032,#2067,#2346,#2369,#2396,#2424,#2449));
#17 = ADVANCED_FACE('',(#18),#32,.T.);
#18 = FACE_BOUND('',#19,.T.);
#19 = EDGE_LOOP('',(#20,#50,#77,#78));
#20 = ORIENTED_EDGE('',*,*,#21,.F.);
#21 = EDGE_CURVE('',#22,#24,#26,.T.);
#22 = VERTEX_POINT('',#23);
#23 = CARTESIAN_POINT('',(1.841910528576,0.,0.221136720391));
#24 = VERTEX_POINT('',#25);
#25 = CARTESIAN_POINT('',(2.,0.,0.35));
#26 = SEAM_CURVE('',#27,(#31,#43),.PCURVE_S1.);
#27 = LINE('',#28,#29);
#28 = CARTESIAN_POINT('',(1.57062,0.,0.));
#29 = VECTOR('',#30,1.);
#30 = DIRECTION('',(0.77511579593,0.,0.631819201117));
#31 = PCURVE('',#32,#37);
#32 = CONICAL_SURFACE('',#33,1.57062,0.88689834824);
#33 = AXIS2_PLACEMENT_3D('',#34,#35,#36);
#34 = CARTESIAN_POINT('',(0.,0.,0.));
#35 = DIRECTION('',(0.,0.,1.));
#36 = DIRECTION('',(1.,0.,-0.));
#37 = DEFINITIONAL_REPRESENTATION('',(#38),#42);
#38 = LINE('',#39,#40);
#39 = CARTESIAN_POINT('',(0.,0.));
#40 = VECTOR('',#41,1.);
#41 = DIRECTION('',(0.,1.));
#42 = ( GEOMETRIC_REPRESENTATION_CONTEXT(2) 
PARAMETRIC_REPRESENTATION_CONTEXT() REPRESENTATION_CONTEXT('2D SPACE',''
  ) );
#43 = PCURVE('',#32,#44);
#44 = DEFINITIONAL_REPRESENTATION('',(#45),#49);
#45 = LINE('',#46,#47);
#46 = CARTESIAN_POINT('',(6.28318530718,0.));
#47 = VECTOR('',#48,1.);
#48 = DIRECTION('',(0.,1.));
#49 = ( GEOMETRIC_REPRESENTATION_CONTEXT(2) 
PARAMETRIC_REPRESENTATION_CONTEXT() REPRESENTATION_CONTEXT('2D SPACE',''
  ) );
#50 = ORIENTED_EDGE('',*,*,#51,.T.);
#51 = EDGE_CURVE('',#22,#22,#52,.T.);
#52 = SURFACE_CURVE('',#53,(#58,#65),.PCURVE_S1.);
#53 = CIRCLE('',#54,1.841910528576);
#54 = AXIS2_PLACEMENT_3D('',#55,#56,#57);
#55 = CARTESIAN_POINT('',(0.,0.,0.221136720391));
#56 = DIRECTION('',(0.,-0.,1.));
#57 = DIRECTION('',(1.,0.,0.));
#58 = PCURVE('',#32,#59);
#59 = DEFINITIONAL_REPRESENTATION('',(#60),#64);
#60 = LINE('',#61,#62);
#61 = CARTESIAN_POINT('',(0.,0.221136720391));
#62 = VECTOR('',#63,1.);
#63 = DIRECTION('',(1.,0.));
#64 = ( GEOMETRIC_REPRESENTATION_CONTEXT(2) 
PARAMETRIC_REPRESENTATION_CONTEXT() REPRESENTATION_CONTEXT('2D SPACE',''
  ) );
#65 = PCURVE('',#66,#71);
#66 = CONICAL_SURFACE('',#67,1.22062,1.228847337517);
#67 = AXIS2_PLACEMENT_3D('',#68,#69,#70);
#68 = CARTESIAN_POINT('',(0.,0.,0.));
#69 = DIRECTION('',(0.,-0.,1.));
#70 = DIRECTION('',(1.,0.,0.));
#71 = DEFINITIONAL_REPRESENTATION('',(#72),#76);
#72 = LINE('',#73,#74);
#73 = CARTESIAN_POINT('',(-0.,0.221136720391));
#74 = VECTOR('',#75,1.);
#75 = DIRECTION('',(1.,-0.));
#76 = ( GEOMETRIC_REPRESENTATION_CONTEXT(2) 
PARAMETRIC_REPRESENTATION_CONTEXT() REPRESENTATION_CONTEXT('2D SPACE',''
  ) );
#77 = ORIENTED_EDGE('',*,*,#21,.T.);
#78 = ORIENTED_EDGE('',*,*,#79,.F.);
#79 = EDGE_CURVE('',#24,#24,#80,.T.);
#80 = SURFACE_CURVE('',#81,(#86,#93),.PCURVE_S1.);
#81 = CIRCLE('',#82,2.);
#82 = AXIS2_PLACEMENT_3D('',#83,#84,#85);
#83 = CARTESIAN_POINT('',(0.,0.,0.35));
#84 = DIRECTION('',(0.,0.,1.));
#85 = DIRECTION('',(1.,0.,-0.));
#86 = PCURVE('',#32,#87);
#87 = DEFINITIONAL_REPRESENTATION('',(#88),#92);
#88 = LINE('',#89,#90);
#89 = CARTESIAN_POINT('',(0.,0.35));
#90 = VECTOR('',#91,1.);
#91 = DIRECTION('',(1.,0.));
#92 = ( GEOMETRIC_REPRESENTATION_CONTEXT(2) 
PARAMETRIC_REPRESENTATION_CONTEXT() REPRESENTATION_CONTEXT('2D SPACE',''
  ) );
#93 = PCURVE('',#94,#99);
#94 = CONICAL_SURFACE('',#95,2.,0.88689834824);
#95 = AXIS2_PLACEMENT_3D('',#96,#97,#98);
#96 = CARTESIAN_POINT('',(0.,0.,0.35));
#97 = DIRECTION('',(-0.,-0.,-1.));
#98 = DIRECTION('',(1.,0.,-0.));
#99 = DEFINITIONAL_REPRESENTATION('',(#100),#104);
#100 = LINE('',#101,#102);
#101 = CARTESIAN_POINT('',(-0.,-0.));
#102 = VECTOR('',#103,1.);
#103 = DIRECTION('',(-1.,-0.));
#104 = ( GEOMETRIC_REPRESENTATION_CONTEXT(2) 
PARAMETRIC_REPRESENTATION_CONTEXT() REPRESENTATION_CONTEXT('2D SPACE',''
  ) );
#105 = ADVANCED_FACE('',(#106),#66,.T.);
#106 = FACE_BOUND('',#107,.F.);
#107 = EDGE_LOOP('',(#108,#129,#130,#131));
#108 = ORIENTED_EDGE('',*,*,#109,.F.);
#109 = EDGE_CURVE('',#22,#110,#112,.T.);
#110 = VERTEX_POINT('',#111);
#111 = CARTESIAN_POINT('',(1.22062,0.,0.));
#112 = SEAM_CURVE('',#113,(#117,#123),.PCURVE_S1.);
#113 = LINE('',#114,#115);
#114 = CARTESIAN_POINT('',(1.22062,0.,0.));
#115 = VECTOR('',#116,1.);
#116 = DIRECTION('',(-0.942102912619,0.,-0.335323876327));
#117 = PCURVE('',#66,#118);
#118 = DEFINITIONAL_REPRESENTATION('',(#119),#122);
#119 = B_SPLINE_CURVE_WITH_KNOTS('',1,(#120,#121),.UNSPECIFIED.,.F.,.F.,
  (2,2),(-0.659472038833,0.),.PIECEWISE_BEZIER_KNOTS.);
#120 = CARTESIAN_POINT('',(0.,0.221136720391));
#121 = CARTESIAN_POINT('',(0.,0.));
#122 = ( GEOMETRIC_REPRESENTATION_CONTEXT(2) 
PARAMETRIC_REPRESENTATION_CONTEXT() REPRESENTATION_CONTEXT('2D SPACE',''
  ) );
#123 = PCURVE('',#66,#124);
#124 = DEFINITIONAL_REPRESENTATION('',(#125),#128);
#125 = B_SPLINE_CURVE_WITH_KNOTS('',1,(#126,#127),.UNSPECIFIED.,.F.,.F.,
  (2,2),(-0.659472038833,0.),.PIECEWISE_BEZIER_KNOTS.);
#126 = CARTESIAN_POINT('',(6.28318530718,0.221136720391));
#127 = CARTESIAN_POINT('',(6.28318530718,0.));
#128 = ( GEOMETRIC_REPRESENTATION_CONTEXT(2) 
PARAMETRIC_REPRESENTATION_CONTEXT() REPRESENTATION_CONTEXT('2D SPACE',''
  ) );
#129 = ORIENTED_EDGE('',*,*,#51,.T.);
#130 = ORIENTED_EDGE('',*,*,#109,.T.);
#131 = ORIENTED_EDGE('',*,*,#132,.F.);
#132 = EDGE_CURVE('',#110,#110,#133,.T.);
#133 = SURFACE_CURVE('',#134,(#139,#146),.PCURVE_S1.);
#134 = CIRCLE('',#135,1.22062);
#135 = AXIS2_PLACEMENT_3D('',#136,#137,#138);
#136 = CARTESIAN_POINT('',(0.,0.,0.));
#137 = DIRECTION('',(0.,-0.,1.));
#138 = DIRECTION('',(1.,0.,0.));
#139 = PCURVE('',#66,#140);
#140 = DEFINITIONAL_REPRESENTATION('',(#141),#145);
#141 = LINE('',#142,#143);
#142 = CARTESIAN_POINT('',(0.,-0.));
#143 = VECTOR('',#144,1.);
#144 = DIRECTION('',(1.,-0.));
#145 = ( GEOMETRIC_REPRESENTATION_CONTEXT(2) 
PARAMETRIC_REPRESENTATION_CONTEXT() REPRESENTATION_CONTEXT('2D SPACE',''
  ) );
#146 = PCURVE('',#147,#152);
#147 = PLANE('',#148);
#148 = AXIS2_PLACEMENT_3D('',#149,#150,#151);
#149 = CARTESIAN_POINT('',(0.,0.,0.));
#150 = DIRECTION('',(0.,0.,1.));
#151 = DIRECTION('',(1.,0.,-0.));
#152 = DEFINITIONAL_REPRESENTATION('',(#153),#157);
#153 = CIRCLE('',#154,1.22062);
#154 = AXIS2_PLACEMENT_2D('',#155,#156);
#155 = CARTESIAN_POINT('',(0.,0.));
#156 = DIRECTION('',(1.,-0.));
#157 = ( GEOMETRIC_REPRESENTATION_CONTEXT(2) 
PARAMETRIC_REPRESENTATION_CONTEXT() REPRESENTATION_CONTEXT('2D SPACE',''
  ) );
#158 = ADVANCED_FACE('',(#159),#94,.T.);
#159 = FACE_BOUND('',#160,.T.);
#160 = EDGE_LOOP('',(#161,#162,#185,#212));
#161 = ORIENTED_EDGE('',*,*,#79,.T.);
#162 = ORIENTED_EDGE('',*,*,#163,.T.);
#163 = EDGE_CURVE('',#24,#164,#166,.T.);
#164 = VERTEX_POINT('',#165);
#165 = CARTESIAN_POINT('',(1.57062,0.,0.7));
#166 = SEAM_CURVE('',#167,(#171,#178),.PCURVE_S1.);
#167 = LINE('',#168,#169);
#168 = CARTESIAN_POINT('',(2.,0.,0.35));
#169 = VECTOR('',#170,1.);
#170 = DIRECTION('',(-0.77511579593,0.,0.631819201117));
#171 = PCURVE('',#94,#172);
#172 = DEFINITIONAL_REPRESENTATION('',(#173),#177);
#173 = LINE('',#174,#175);
#174 = CARTESIAN_POINT('',(-0.,-0.));
#175 = VECTOR('',#176,1.);
#176 = DIRECTION('',(-0.,-1.));
#177 = ( GEOMETRIC_REPRESENTATION_CONTEXT(2) 
PARAMETRIC_REPRESENTATION_CONTEXT() REPRESENTATION_CONTEXT('2D SPACE',''
  ) );
#178 = PCURVE('',#94,#179);
#179 = DEFINITIONAL_REPRESENTATION('',(#180),#184);
#180 = LINE('',#181,#182);
#181 = CARTESIAN_POINT('',(-6.28318530718,-0.));
#182 = VECTOR('',#183,1.);
#183 = DIRECTION('',(-0.,-1.));
#184 = ( GEOMETRIC_REPRESENTATION_CONTEXT(2) 
PARAMETRIC_REPRESENTATION_CONTEXT() REPRESENTATION_CONTEXT('2D SPACE',''
  ) );
#185 = ORIENTED_EDGE('',*,*,#186,.F.);
#186 = EDGE_CURVE('',#164,#164,#187,.T.);
#187 = SURFACE_CURVE('',#188,(#193,#200),.PCURVE_S1.);
#188 = CIRCLE('',#189,1.57062);
#189 = AXIS2_PLACEMENT_3D('',#190,#191,#192);
#190 = CARTESIAN_POINT('',(0.,0.,0.7));
#191 = DIRECTION('',(0.,0.,1.));
#192 = DIRECTION('',(1.,0.,-0.));
#193 = PCURVE('',#94,#194);
#194 = DEFINITIONAL_REPRESENTATION('',(#195),#199);
#195 = LINE('',#196,#197);
#196 = CARTESIAN_POINT('',(-0.,-0.35));
#197 = VECTOR('',#198,1.);
#198 = DIRECTION('',(-1.,-0.));
#199 = ( GEOMETRIC_REPRESENTATION_CONTEXT(2) 
PARAMETRIC_REPRESENTATION_CONTEXT() REPRESENTATION_CONTEXT('2D SPACE',''
  ) );
#200 = PCURVE('',#201,#206);
#201 = CONICAL_SURFACE('',#202,1.57062,0.88689834824);
#202 = AXIS2_PLACEMENT_3D('',#203,#204,#205);
#203 = CARTESIAN_POINT('',(0.,0.,0.7));
#204 = DIRECTION('',(0.,0.,1.));
#205 = DIRECTION('',(1.,0.,-0.));
#206 = DEFINITIONAL_REPRESENTATION('',(#207),#211);
#207 = LINE('',#208,#209);
#208 = CARTESIAN_POINT('',(0.,0.));
#209 = VECTOR('',#210,1.);
#210 = DIRECTION('',(1.,0.));
#211 = ( GEOMETRIC_REPRESENTATION_CONTEXT(2) 
PARAMETRIC_REPRESENTATION_CONTEXT() REPRESENTATION_CONTEXT('2D SPACE',''
  ) );
#212 = ORIENTED_EDGE('',*,*,#163,.F.);
#213 = ADVANCED_FACE('',(#214),#147,.F.);
#214 = FACE_BOUND('',#215,.T.);
#215 = EDGE_LOOP('',(#216));
#216 = ORIENTED_EDGE('',*,*,#132,.F.);
#217 = ADVANCED_FACE('',(#218),#201,.T.);
#218 = FACE_BOUND('',#219,.T.);
#219 = EDGE_LOOP('',(#220,#221,#244,#271));
#220 = ORIENTED_EDGE('',*,*,#186,.T.);
#221 = ORIENTED_EDGE('',*,*,#222,.T.);
#222 = EDGE_CURVE('',#164,#223,#225,.T.);
#223 = VERTEX_POINT('',#224);
#224 = CARTESIAN_POINT('',(2.,0.,1.05));
#225 = SEAM_CURVE('',#226,(#230,#237),.PCURVE_S1.);
#226 = LINE('',#227,#228);
#227 = CARTESIAN_POINT('',(1.57062,0.,0.7));
#228 = VECTOR('',#229,1.);
#229 = DIRECTION('',(0.77511579593,0.,0.631819201117));
#230 = PCURVE('',#201,#231);
#231 = DEFINITIONAL_REPRESENTATION('',(#232),#236);
#232 = LINE('',#233,#234);
#233 = CARTESIAN_POINT('',(0.,0.));
#234 = VECTOR('',#235,1.);
#235 = DIRECTION('',(0.,1.));
#236 = ( GEOMETRIC_REPRESENTATION_CONTEXT(2) 
PARAMETRIC_REPRESENTATION_CONTEXT() REPRESENTATION_CONTEXT('2D SPACE',''
  ) );
#237 = PCURVE('',#201,#238);
#238 = DEFINITIONAL_REPRESENTATION('',(#239),#243);
#239 = LINE('',#240,#241);
#240 = CARTESIAN_POINT('',(6.28318530718,0.));
#241 = VECTOR('',#242,1.);
#242 = DIRECTION('',(0.,1.));
#243 = ( GEOMETRIC_REPRESENTATION_CONTEXT(2) 
PARAMETRIC_REPRESENTATION_CONTEXT() REPRESENTATION_CONTEXT('2D SPACE',''
  ) );
#244 = ORIENTED_EDGE('',*,*,#245,.F.);
#245 = EDGE_CURVE('',#223,#223,#246,.T.);
#246 = SURFACE_CURVE('',#247,(#252,#259),.PCURVE_S1.);
#247 = CIRCLE('',#248,2.);
#248 = AXIS2_PLACEMENT_3D('',#249,#250,#251);
#249 = CARTESIAN_POINT('',(0.,0.,1.05));
#250 = DIRECTION('',(0.,0.,1.));
#251 = DIRECTION('',(1.,0.,-0.));
#252 = PCURVE('',#201,#253);
#253 = DEFINITIONAL_REPRESENTATION('',(#254),#258);
#254 = LINE('',#255,#256);
#255 = CARTESIAN_POINT('',(0.,0.35));
#256 = VECTOR('',#257,1.);
#257 = DIRECTION('',(1.,0.));
#258 = ( GEOMETRIC_REPRESENTATION_CONTEXT(2) 
PARAMETRIC_REPRESENTATION_CONTEXT() REPRESENTATION_CONTEXT('2D SPACE',''
  ) );
#259 = PCURVE('',#260,#265);
#260 = CONICAL_SURFACE('',#261,2.,0.88689834824);
#261 = AXIS2_PLACEMENT_3D('',#262,#263,#264);
#262 = CARTESIAN_POINT('',(0.,0.,1.05));
#263 = DIRECTION('',(-0.,-0.,-1.));
#264 = DIRECTION('',(1.,0.,-0.));
#265 = DEFINITIONAL_REPRESENTATION('',(#266),#270);
#266 = LINE('',#267,#268);
#267 = CARTESIAN_POINT('',(-0.,-0.));
#268 = VECTOR('',#269,1.);
#269 = DIRECTION('',(-1.,-0.));
#270 = ( GEOMETRIC_REPRESENTATION_CONTEXT(2) 
PARAMETRIC_REPRESENTATION_CONTEXT() REPRESENTATION_CONTEXT('2D SPACE',''
  ) );
#271 = ORIENTED_EDGE('',*,*,#222,.F.);
#272 = ADVANCED_FACE('',(#273),#260,.T.);
#273 = FACE_BOUND('',#274,.T.);
#274 = EDGE_LOOP('',(#275,#276,#299,#326));
#275 = ORIENTED_EDGE('',*,*,#245,.T.);
#276 = ORIENTED_EDGE('',*,*,#277,.T.);
#277 = EDGE_CURVE('',#223,#278,#280,.T.);
#278 = VERTEX_POINT('',#279);
#279 = CARTESIAN_POINT('',(1.57062,0.,1.4));
#280 = SEAM_CURVE('',#281,(#285,#292),.PCURVE_S1.);
#281 = LINE('',#282,#283);
#282 = CARTESIAN_POINT('',(2.,0.,1.05));
#283 = VECTOR('',#284,1.);
#284 = DIRECTION('',(-0.77511579593,0.,0.631819201117));
#285 = PCURVE('',#260,#286);
#286 = DEFINITIONAL_REPRESENTATION('',(#287),#291);
#287 = LINE('',#288,#289);
#288 = CARTESIAN_POINT('',(-0.,-0.));
#289 = VECTOR('',#290,1.);
#290 = DIRECTION('',(-0.,-1.));
#291 = ( GEOMETRIC_REPRESENTATION_CONTEXT(2) 
PARAMETRIC_REPRESENTATION_CONTEXT() REPRESENTATION_CONTEXT('2D SPACE',''
  ) );
#292 = PCURVE('',#260,#293);
#293 = DEFINITIONAL_REPRESENTATION('',(#294),#298);
#294 = LINE('',#295,#296);
#295 = CARTESIAN_POINT('',(-6.28318530718,-0.));
#296 = VECTOR('',#297,1.);
#297 = DIRECTION('',(-0.,-1.));
#298 = ( GEOMETRIC_REPRESENTATION_CONTEXT(2) 
PARAMETRIC_REPRESENTATION_CONTEXT() REPRESENTATION_CONTEXT('2D SPACE',''
  ) );
#299 = ORIENTED_EDGE('',*,*,#300,.F.);
#300 = EDGE_CURVE('',#278,#278,#301,.T.);
#301 = SURFACE_CURVE('',#302,(#307,#314),.PCURVE_S1.);
#302 = CIRCLE('',#303,1.57062);
#303 = AXIS2_PLACEMENT_3D('',#304,#305,#306);
#304 = CARTESIAN_POINT('',(0.,0.,1.4));
#305 = DIRECTION('',(0.,0.,1.));
#306 = DIRECTION('',(1.,0.,-0.));
#307 = PCURVE('',#260,#308);
#308 = DEFINITIONAL_REPRESENTATION('',(#309),#313);
#309 = LINE('',#310,#311);
#310 = CARTESIAN_POINT('',(-0.,-0.35));
#311 = VECTOR('',#312,1.);
#312 = DIRECTION('',(-1.,-0.));
#313 = ( GEOMETRIC_REPRESENTATION_CONTEXT(2) 
PARAMETRIC_REPRESENTATION_CONTEXT() REPRESENTATION_CONTEXT('2D SPACE',''
  ) );
#314 = PCURVE('',#315,#320);
#315 = CONICAL_SURFACE('',#316,1.57062,0.88689834824);
#316 = AXIS2_PLACEMENT_3D('',#317,#318,#319);
#317 = CARTESIAN_POINT('',(0.,0.,1.4));
#318 = DIRECTION('',(0.,0.,1.));
#319 = DIRECTION('',(1.,0.,-0.));
#320 = DEFINITIONAL_REPRESENTATION('',(#321),#325);
#321 = LINE('',#322,#323);
#322 = CARTESIAN_POINT('',(0.,0.));
#323 = VECTOR('',#324,1.);
#324 = DIRECTION('',(1.,0.));
#325 = ( GEOMETRIC_REPRESENTATION_CONTEXT(2) 
PARAMETRIC_REPRESENTATION_CONTEXT() REPRESENTATION_CONTEXT('2D SPACE',''
  ) );
#326 = ORIENTED_EDGE('',*,*,#277,.F.);
#327 = ADVANCED_FACE('',(#328),#315,.T.);
#328 = FACE_BOUND('',#329,.T.);
#329 = EDGE_LOOP('',(#330,#331,#354,#381));
#330 = ORIENTED_EDGE('',*,*,#300,.T.);
#331 = ORIENTED_EDGE('',*,*,#332,.T.);
#332 = EDGE_CURVE('',#278,#333,#335,.T.);
#333 = VERTEX_POINT('',#334);
#334 = CARTESIAN_POINT('',(2.,0.,1.75));
#335 = SEAM_CURVE('',#336,(#340,#347),.PCURVE_S1.);
#336 = LINE('',#337,#338);
#337 = CARTESIAN_POINT('',(1.57062,0.,1.4));
#338 = VECTOR('',#339,1.);
#339 = DIRECTION('',(0.77511579593,0.,0.631819201117));
#340 = PCURVE('',#315,#341);
#341 = DEFINITIONAL_REPRESENTATION('',(#342),#346);
#342 = LINE('',#343,#344);
#343 = CARTESIAN_POINT('',(0.,0.));
#344 = VECTOR('',#345,1.);
#345 = DIRECTION('',(0.,1.));
#346 = ( GEOMETRIC_REPRESENTATION_CONTEXT(2) 
PARAMETRIC_REPRESENTATION_CONTEXT() REPRESENTATION_CONTEXT('2D SPACE',''
  ) );
#347 = PCURVE('',#315,#348);
#348 = DEFINITIONAL_REPRESENTATION('',(#349),#353);
#349 = LINE('',#350,#351);
#350 = CARTESIAN_POINT('',(6.28318530718,0.));
#351 = VECTOR('',#352,1.);
#352 = DIRECTION('',(0.,1.));
#353 = ( GEOMETRIC_REPRESENTATION_CONTEXT(2) 
PARAMETRIC_REPRESENTATION_CONTEXT() REPRESENTATION_CONTEXT('2D SPACE',''
  ) );
#354 = ORIENTED_EDGE('',*,*,#355,.F.);
#355 = EDGE_CURVE('',#333,#333,#356,.T.);
#356 = SURFACE_CURVE('',#357,(#362,#369),.PCURVE_S1.);
#357 = CIRCLE('',#358,2.);
#358 = AXIS2_PLACEMENT_3D('',#359,#360,#361);
#359 = CARTESIAN_POINT('',(0.,0.,1.75));
#360 = DIRECTION('',(0.,0.,1.));
#361 = DIRECTION('',(1.,0.,-0.));
#362 = PCURVE('',#315,#363);
#363 = DEFINITIONAL_REPRESENTATION('',(#364),#368);
#364 = LINE('',#365,#366);
#365 = CARTESIAN_POINT('',(0.,0.35));
#366 = VECTOR('',#367,1.);
#367 = DIRECTION('',(1.,0.));
#368 = ( GEOMETRIC_REPRESENTATION_CONTEXT(2) 
PARAMETRIC_REPRESENTATION_CONTEXT() REPRESENTATION_CONTEXT('2D SPACE',''
  ) );
#369 = PCURVE('',#370,#375);
#370 = CONICAL_SURFACE('',#371,2.,0.88689834824);
#371 = AXIS2_PLACEMENT_3D('',#372,#373,#374);
#372 = CARTESIAN_POINT('',(0.,0.,1.75));
#373 = DIRECTION('',(-0.,-0.,-1.));
#374 = DIRECTION('',(1.,0.,-0.));
#375 = DEFINITIONAL_REPRESENTATION('',(#376),#380);
#376 = LINE('',#377,#378);
#377 = CARTESIAN_POINT('',(-0.,-0.));
#378 = VECTOR('',#379,1.);
#379 = DIRECTION('',(-1.,-0.));
#380 = ( GEOMETRIC_REPRESENTATION_CONTEXT(2) 
PARAMETRIC_REPRESENTATION_CONTEXT() REPRESENTATION_CONTEXT('2D SPACE',''
  ) );
#381 = ORIENTED_EDGE('',*,*,#332,.F.);
#382 = ADVANCED_FACE('',(#383),#370,.T.);
#383 = FACE_BOUND('',#384,.T.);
#384 = EDGE_LOOP('',(#385,#386,#409,#436));
#385 = ORIENTED_EDGE('',*,*,#355,.T.);
#386 = ORIENTED_EDGE('',*,*,#387,.T.);
#387 = EDGE_CURVE('',#333,#388,#390,.T.);
#388 = VERTEX_POINT('',#389);
#389 = CARTESIAN_POINT('',(1.57062,0.,2.1));
#390 = SEAM_CURVE('',#391,(#395,#402),.PCURVE_S1.);
#391 = LINE('',#392,#393);
#392 = CARTESIAN_POINT('',(2.,0.,1.75));
#393 = VECTOR('',#394,1.);
#394 = DIRECTION('',(-0.77511579593,0.,0.631819201117));
#395 = PCURVE('',#370,#396);
#396 = DEFINITIONAL_REPRESENTATION('',(#397),#401);
#397 = LINE('',#398,#399);
#398 = CARTESIAN_POINT('',(-0.,-0.));
#399 = VECTOR('',#400,1.);
#400 = DIRECTION('',(-0.,-1.));
#401 = ( GEOMETRIC_REPRESENTATION_CONTEXT(2) 
PARAMETRIC_REPRESENTATION_CONTEXT() REPRESENTATION_CONTEXT('2D SPACE',''
  ) );
#402 = PCURVE('',#370,#403);
#403 = DEFINITIONAL_REPRESENTATION('',(#404),#408);
#404 = LINE('',#405,#406);
#405 = CARTESIAN_POINT('',(-6.28318530718,-0.));
#406 = VECTOR('',#407,1.);
#407 = DIRECTION('',(-0.,-1.));
#408 = ( GEOMETRIC_REPRESENTATION_CONTEXT(2) 
PARAMETRIC_REPRESENTATION_CONTEXT() REPRESENTATION_CONTEXT('2D SPACE',''
  ) );
#409 = ORIENTED_EDGE('',*,*,#410,.F.);
#410 = EDGE_CURVE('',#388,#388,#411,.T.);
#411 = SURFACE_CURVE('',#412,(#417,#424),.PCURVE_S1.);
#412 = CIRCLE('',#413,1.57062);
#413 = AXIS2_PLACEMENT_3D('',#414,#415,#416);
#414 = CARTESIAN_POINT('',(0.,0.,2.1));
#415 = DIRECTION('',(0.,0.,1.));
#416 = DIRECTION('',(1.,0.,-0.));
#417 = PCURVE('',#370,#418);
#418 = DEFINITIONAL_REPRESENTATION('',(#419),#423);
#419 = LINE('',#420,#421);
#420 = CARTESIAN_POINT('',(-0.,-0.35));
#421 = VECTOR('',#422,1.);
#422 = DIRECTION('',(-1.,-0.));
#423 = ( GEOMETRIC_REPRESENTATION_CONTEXT(2) 
PARAMETRIC_REPRESENTATION_CONTEXT() REPRESENTATION_CONTEXT('2D SPACE',''
  ) );
#424 = PCURVE('',#425,#430);
#425 = CONICAL_SURFACE('',#426,1.57062,0.88689834824);
#426 = AXIS2_PLACEMENT_3D('',#427,#428,#429);
#427 = CARTESIAN_POINT('',(0.,0.,2.1));
#428 = DIRECTION('',(0.,0.,1.));
#429 = DIRECTION('',(1.,0.,-0.));
#430 = DEFINITIONAL_REPRESENTATION('',(#431),#435);
#431 = LINE('',#432,#433);
#432 = CARTESIAN_POINT('',(0.,0.));
#433 = VECTOR('',#434,1.);
#434 = DIRECTION('',(1.,0.));
#435 = ( GEOMETRIC_REPRESENTATION_CONTEXT(2) 
PARAMETRIC_REPRESENTATION_CONTEXT() REPRESENTATION_CONTEXT('2D SPACE',''
  ) );
#436 = ORIENTED_EDGE('',*,*,#387,.F.);
#437 = ADVANCED_FACE('',(#438),#425,.T.);
#438 = FACE_BOUND('',#439,.T.);
#439 = EDGE_LOOP('',(#440,#441,#464,#491));
#440 = ORIENTED_EDGE('',*,*,#410,.T.);
#441 = ORIENTED_EDGE('',*,*,#442,.T.);
#442 = EDGE_CURVE('',#388,#443,#445,.T.);
#443 = VERTEX_POINT('',#444);
#444 = CARTESIAN_POINT('',(2.,0.,2.45));
#445 = SEAM_CURVE('',#446,(#450,#457),.PCURVE_S1.);
#446 = LINE('',#447,#448);
#447 = CARTESIAN_POINT('',(1.57062,0.,2.1));
#448 = VECTOR('',#449,1.);
#449 = DIRECTION('',(0.77511579593,0.,0.631819201117));
#450 = PCURVE('',#425,#451);
#451 = DEFINITIONAL_REPRESENTATION('',(#452),#456);
#452 = LINE('',#453,#454);
#453 = CARTESIAN_POINT('',(0.,0.));
#454 = VECTOR('',#455,1.);
#455 = DIRECTION('',(0.,1.));
#456 = ( GEOMETRIC_REPRESENTATION_CONTEXT(2) 
PARAMETRIC_REPRESENTATION_CONTEXT() REPRESENTATION_CONTEXT('2D SPACE',''
  ) );
#457 = PCURVE('',#425,#458);
#458 = DEFINITIONAL_REPRESENTATION('',(#459),#463);
#459 = LINE('',#460,#461);
#460 = CARTESIAN_POINT('',(6.28318530718,0.));
#461 = VECTOR('',#462,1.);
#462 = DIRECTION('',(0.,1.));
#463 = ( GEOMETRIC_REPRESENTATION_CONTEXT(2) 
PARAMETRIC_REPRESENTATION_CONTEXT() REPRESENTATION_CONTEXT('2D SPACE',''
  ) );
#464 = ORIENTED_EDGE('',*,*,#465,.F.);
#465 = EDGE_CURVE('',#443,#443,#466,.T.);
#466 = SURFACE_CURVE('',#467,(#472,#479),.PCURVE_S1.);
#467 = CIRCLE('',#468,2.);
#468 = AXIS2_PLACEMENT_3D('',#469,#470,#471);
#469 = CARTESIAN_POINT('',(0.,0.,2.45));
#470 = DIRECTION('',(0.,0.,1.));
#471 = DIRECTION('',(1.,0.,-0.));
#472 = PCURVE('',#425,#473);
#473 = DEFINITIONAL_REPRESENTATION('',(#474),#478);
#474 = LINE('',#475,#476);
#475 = CARTESIAN_POINT('',(0.,0.35));
#476 = VECTOR('',#477,1.);
#477 = DIRECTION('',(1.,0.));
#478 = ( GEOMETRIC_REPRESENTATION_CONTEXT(2) 
PARAMETRIC_REPRESENTATION_CONTEXT() REPRESENTATION_CONTEXT('2D SPACE',''
  ) );
#479 = PCURVE('',#480,#485);
#480 = CONICAL_SURFACE('',#481,2.,0.88689834824);
#481 = AXIS2_PLACEMENT_3D('',#482,#483,#484);
#482 = CARTESIAN_POINT('',(0.,0.,2.45));
#483 = DIRECTION('',(-0.,-0.,-1.));
#484 = DIRECTION('',(1.,0.,-0.));
#485 = DEFINITIONAL_REPRESENTATION('',(#486),#490);
#486 = LINE('',#487,#488);
#487 = CARTESIAN_POINT('',(-0.,-0.));
#488 = VECTOR('',#489,1.);
#489 = DIRECTION('',(-1.,-0.));
#490 = ( GEOMETRIC_REPRESENTATION_CONTEXT(2) 
PARAMETRIC_REPRESENTATION_CONTEXT() REPRESENTATION_CONTEXT('2D SPACE',''
  ) );
#491 = ORIENTED_EDGE('',*,*,#442,.F.);
#492 = ADVANCED_FACE('',(#493),#480,.T.);
#493 = FACE_BOUND('',#494,.T.);
#494 = EDGE_LOOP('',(#495,#496,#519,#546));
#495 = ORIENTED_EDGE('',*,*,#465,.T.);
#496 = ORIENTED_EDGE('',*,*,#497,.T.);
#497 = EDGE_CURVE('',#443,#498,#500,.T.);
#498 = VERTEX_POINT('',#499);
#499 = CARTESIAN_POINT('',(1.57062,0.,2.8));
#500 = SEAM_CURVE('',#501,(#505,#512),.PCURVE_S1.);
#501 = LINE('',#502,#503);
#502 = CARTESIAN_POINT('',(2.,0.,2.45));
#503 = VECTOR('',#504,1.);
#504 = DIRECTION('',(-0.77511579593,0.,0.631819201117));
#505 = PCURVE('',#480,#506);
#506 = DEFINITIONAL_REPRESENTATION('',(#507),#511);
#507 = LINE('',#508,#509);
#508 = CARTESIAN_POINT('',(-0.,-0.));
#509 = VECTOR('',#510,1.);
#510 = DIRECTION('',(-0.,-1.));
#511 = ( GEOMETRIC_REPRESENTATION_CONTEXT(2) 
PARAMETRIC_REPRESENTATION_CONTEXT() REPRESENTATION_CONTEXT('2D SPACE',''
  ) );
#512 = PCURVE('',#480,#513);
#513 = DEFINITIONAL_REPRESENTATION('',(#514),#518);
#514 = LINE('',#515,#516);
#515 = CARTESIAN_POINT('',(-6.28318530718,-0.));
#516 = VECTOR('',#517,1.);
#517 = DIRECTION('',(-0.,-1.));
#518 = ( GEOMETRIC_REPRESENTATION_CONTEXT(2) 
PARAMETRIC_REPRESENTATION_CONTEXT() REPRESENTATION_CONTEXT('2D SPACE',''
  ) );
#519 = ORIENTED_EDGE('',*,*,#520,.F.);
#520 = EDGE_CURVE('',#498,#498,#521,.T.);
#521 = SURFACE_CURVE('',#522,(#527,#534),.PCURVE_S1.);
#522 = CIRCLE('',#523,1.57062);
#523 = AXIS2_PLACEMENT_3D('',#524,#525,#526);
#524 = CARTESIAN_POINT('',(0.,0.,2.8));
#525 = DIRECTION('',(0.,0.,1.));
#526 = DIRECTION('',(1.,0.,-0.));
#527 = PCURVE('',#480,#528);
#528 = DEFINITIONAL_REPRESENTATION('',(#529),#533);
#529 = LINE('',#530,#531);
#530 = CARTESIAN_POINT('',(-0.,-0.35));
#531 = VECTOR('',#532,1.);
#532 = DIRECTION('',(-1.,-0.));
#533 = ( GEOMETRIC_REPRESENTATION_CONTEXT(2) 
PARAMETRIC_REPRESENTATION_CONTEXT() REPRESENTATION_CONTEXT('2D SPACE',''
  ) );
#534 = PCURVE('',#535,#540);
#535 = CONICAL_SURFACE('',#536,1.57062,0.88689834824);
#536 = AXIS2_PLACEMENT_3D('',#537,#538,#539);
#537 = CARTESIAN_POINT('',(0.,0.,2.8));
#538 = DIRECTION('',(0.,0.,1.));
#539 = DIRECTION('',(1.,0.,-0.));
#540 = DEFINITIONAL_REPRESENTATION('',(#541),#545);
#541 = LINE('',#542,#543);
#542 = CARTESIAN_POINT('',(0.,0.));
#543 = VECTOR('',#544,1.);
#544 = DIRECTION('',(1.,0.));
#545 = ( GEOMETRIC_REPRESENTATION_CONTEXT(2) 
PARAMETRIC_REPRESENTATION_CONTEXT() REPRESENTATION_CONTEXT('2D SPACE',''
  ) );
#546 = ORIENTED_EDGE('',*,*,#497,.F.);
#547 = ADVANCED_FACE('',(#548),#535,.T.);
#548 = FACE_BOUND('',#549,.T.);
#549 = EDGE_LOOP('',(#550,#551,#574,#601));
#550 = ORIENTED_EDGE('',*,*,#520,.T.);
#551 = ORIENTED_EDGE('',*,*,#552,.T.);
#552 = EDGE_CURVE('',#498,#553,#555,.T.);
#553 = VERTEX_POINT('',#554);
#554 = CARTESIAN_POINT('',(2.,0.,3.15));
#555 = SEAM_CURVE('',#556,(#560,#567),.PCURVE_S1.);
#556 = LINE('',#557,#558);
#557 = CARTESIAN_POINT('',(1.57062,0.,2.8));
#558 = VECTOR('',#559,1.);
#559 = DIRECTION('',(0.77511579593,0.,0.631819201117));
#560 = PCURVE('',#535,#561);
#561 = DEFINITIONAL_REPRESENTATION('',(#562),#566);
#562 = LINE('',#563,#564);
#563 = CARTESIAN_POINT('',(0.,0.));
#564 = VECTOR('',#565,1.);
#565 = DIRECTION('',(0.,1.));
#566 = ( GEOMETRIC_REPRESENTATION_CONTEXT(2) 
PARAMETRIC_REPRESENTATION_CONTEXT() REPRESENTATION_CONTEXT('2D SPACE',''
  ) );
#567 = PCURVE('',#535,#568);
#568 = DEFINITIONAL_REPRESENTATION('',(#569),#573);
#569 = LINE('',#570,#571);
#570 = CARTESIAN_POINT('',(6.28318530718,0.));
#571 = VECTOR('',#572,1.);
#572 = DIRECTION('',(0.,1.));
#573 = ( GEOMETRIC_REPRESENTATION_CONTEXT(2) 
PARAMETRIC_REPRESENTATION_CONTEXT() REPRESENTATION_CONTEXT('2D SPACE',''
  ) );
#574 = ORIENTED_EDGE('',*,*,#575,.F.);
#575 = EDGE_CURVE('',#553,#553,#576,.T.);
#576 = SURFACE_CURVE('',#577,(#582,#589),.PCURVE_S1.);
#577 = CIRCLE('',#578,2.);
#578 = AXIS2_PLACEMENT_3D('',#579,#580,#581);
#579 = CARTESIAN_POINT('',(0.,0.,3.15));
#580 = DIRECTION('',(0.,0.,1.));
#581 = DIRECTION('',(1.,0.,-0.));
#582 = PCURVE('',#535,#583);
#583 = DEFINITIONAL_REPRESENTATION('',(#584),#588);
#584 = LINE('',#585,#586);
#585 = CARTESIAN_POINT('',(0.,0.35));
#586 = VECTOR('',#587,1.);
#587 = DIRECTION('',(1.,0.));
#588 = ( GEOMETRIC_REPRESENTATION_CONTEXT(2) 
PARAMETRIC_REPRESENTATION_CONTEXT() REPRESENTATION_CONTEXT('2D SPACE',''
  ) );
#589 = PCURVE('',#590,#595);
#590 = CONICAL_SURFACE('',#591,2.,0.88689834824);
#591 = AXIS2_PLACEMENT_3D('',#592,#593,#594);
#592 = CARTESIAN_POINT('',(0.,0.,3.15));
#593 = DIRECTION('',(-0.,-0.,-1.));
#594 = DIRECTION('',(1.,0.,-0.));
#595 = DEFINITIONAL_REPRESENTATION('',(#596),#600);
#596 = LINE('',#597,#598);
#597 = CARTESIAN_POINT('',(-0.,-0.));
#598 = VECTOR('',#599,1.);
#599 = DIRECTION('',(-1.,-0.));
#600 = ( GEOMETRIC_REPRESENTATION_CONTEXT(2) 
PARAMETRIC_REPRESENTATION_CONTEXT() REPRESENTATION_CONTEXT('2D SPACE',''
  ) );
#601 = ORIENTED_EDGE('',*,*,#552,.F.);
#602 = ADVANCED_FACE('',(#603),#590,.T.);
#603 = FACE_BOUND('',#604,.T.);
#604 = EDGE_LOOP('',(#605,#606,#629,#656));
#605 = ORIENTED_EDGE('',*,*,#575,.T.);
#606 = ORIENTED_EDGE('',*,*,#607,.T.);
#607 = EDGE_CURVE('',#553,#608,#610,.T.);
#608 = VERTEX_POINT('',#609);
#609 = CARTESIAN_POINT('',(1.57062,0.,3.5));
#610 = SEAM_CURVE('',#611,(#615,#622),.PCURVE_S1.);
#611 = LINE('',#612,#613);
#612 = CARTESIAN_POINT('',(2.,0.,3.15));
#613 = VECTOR('',#614,1.);
#614 = DIRECTION('',(-0.77511579593,0.,0.631819201117));
#615 = PCURVE('',#590,#616);
#616 = DEFINITIONAL_REPRESENTATION('',(#617),#621);
#617 = LINE('',#618,#619);
#618 = CARTESIAN_POINT('',(-0.,-0.));
#619 = VECTOR('',#620,1.);
#620 = DIRECTION('',(-0.,-1.));
#621 = ( GEOMETRIC_REPRESENTATION_CONTEXT(2) 
PARAMETRIC_REPRESENTATION_CONTEXT() REPRESENTATION_CONTEXT('2D SPACE',''
  ) );
#622 = PCURVE('',#590,#623);
#623 = DEFINITIONAL_REPRESENTATION('',(#624),#628);
#624 = LINE('',#625,#626);
#625 = CARTESIAN_POINT('',(-6.28318530718,-0.));
#626 = VECTOR('',#627,1.);
#627 = DIRECTION('',(-0.,-1.));
#628 = ( GEOMETRIC_REPRESENTATION_CONTEXT(2) 
PARAMETRIC_REPRESENTATION_CONTEXT() REPRESENTATION_CONTEXT('2D SPACE',''
  ) );
#629 = ORIENTED_EDGE('',*,*,#630,.F.);
#630 = EDGE_CURVE('',#608,#608,#631,.T.);
#631 = SURFACE_CURVE('',#632,(#637,#644),.PCURVE_S1.);
#632 = CIRCLE('',#633,1.57062);
#633 = AXIS2_PLACEMENT_3D('',#634,#635,#636);
#634 = CARTESIAN_POINT('',(0.,0.,3.5));
#635 = DIRECTION('',(0.,0.,1.));
#636 = DIRECTION('',(1.,0.,-0.));
#637 = PCURVE('',#590,#638);
#638 = DEFINITIONAL_REPRESENTATION('',(#639),#643);
#639 = LINE('',#640,#641);
#640 = CARTESIAN_POINT('',(-0.,-0.35));
#641 = VECTOR('',#642,1.);
#642 = DIRECTION('',(-1.,-0.));
#643 = ( GEOMETRIC_REPRESENTATION_CONTEXT(2) 
PARAMETRIC_REPRESENTATION_CONTEXT() REPRESENTATION_CONTEXT('2D SPACE',''
  ) );
#644 = PCURVE('',#645,#650);
#645 = CONICAL_SURFACE('',#646,1.57062,0.88689834824);
#646 = AXIS2_PLACEMENT_3D('',#647,#648,#649);
#647 = CARTESIAN_POINT('',(0.,0.,3.5));
#648 = DIRECTION('',(0.,0.,1.));
#649 = DIRECTION('',(1.,0.,-0.));
#650 = DEFINITIONAL_REPRESENTATION('',(#651),#655);
#651 = LINE('',#652,#653);
#652 = CARTESIAN_POINT('',(0.,0.));
#653 = VECTOR('',#654,1.);
#654 = DIRECTION('',(1.,0.));
#655 = ( GEOMETRIC_REPRESENTATION_CONTEXT(2) 
PARAMETRIC_REPRESENTATION_CONTEXT() REPRESENTATION_CONTEXT('2D SPACE',''
  ) );
#656 = ORIENTED_EDGE('',*,*,#607,.F.);
#657 = ADVANCED_FACE('',(#658),#645,.T.);
#658 = FACE_BOUND('',#659,.T.);
#659 = EDGE_LOOP('',(#660,#661,#684,#711));
#660 = ORIENTED_EDGE('',*,*,#630,.T.);
#661 = ORIENTED_EDGE('',*,*,#662,.T.);
#662 = EDGE_CURVE('',#608,#663,#665,.T.);
#663 = VERTEX_POINT('',#664);
#664 = CARTESIAN_POINT('',(2.,0.,3.85));
#665 = SEAM_CURVE('',#666,(#670,#677),.PCURVE_S1.);
#666 = LINE('',#667,#668);
#667 = CARTESIAN_POINT('',(1.57062,0.,3.5));
#668 = VECTOR('',#669,1.);
#669 = DIRECTION('',(0.77511579593,0.,0.631819201117));
#670 = PCURVE('',#645,#671);
#671 = DEFINITIONAL_REPRESENTATION('',(#672),#676);
#672 = LINE('',#673,#674);
#673 = CARTESIAN_POINT('',(0.,0.));
#674 = VECTOR('',#675,1.);
#675 = DIRECTION('',(0.,1.));
#676 = ( GEOMETRIC_REPRESENTATION_CONTEXT(2) 
PARAMETRIC_REPRESENTATION_CONTEXT() REPRESENTATION_CONTEXT('2D SPACE',''
  ) );
#677 = PCURVE('',#645,#678);
#678 = DEFINITIONAL_REPRESENTATION('',(#679),#683);
#679 = LINE('',#680,#681);
#680 = CARTESIAN_POINT('',(6.28318530718,0.));
#681 = VECTOR('',#682,1.);
#682 = DIRECTION('',(0.,1.));
#683 = ( GEOMETRIC_REPRESENTATION_CONTEXT(2) 
PARAMETRIC_REPRESENTATION_CONTEXT() REPRESENTATION_CONTEXT('2D SPACE',''
  ) );
#684 = ORIENTED_EDGE('',*,*,#685,.F.);
#685 = EDGE_CURVE('',#663,#663,#686,.T.);
#686 = SURFACE_CURVE('',#687,(#692,#699),.PCURVE_S1.);
#687 = CIRCLE('',#688,2.);
#688 = AXIS2_PLACEMENT_3D('',#689,#690,#691);
#689 = CARTESIAN_POINT('',(0.,0.,3.85));
#690 = DIRECTION('',(0.,0.,1.));
#691 = DIRECTION('',(1.,0.,-0.));
#692 = PCURVE('',#645,#693);
#693 = DEFINITIONAL_REPRESENTATION('',(#694),#698);
#694 = LINE('',#695,#696);
#695 = CARTESIAN_POINT('',(0.,0.35));
#696 = VECTOR('',#697,1.);
#697 = DIRECTION('',(1.,0.));
#698 = ( GEOMETRIC_REPRESENTATION_CONTEXT(2) 
PARAMETRIC_REPRESENTATION_CONTEXT() REPRESENTATION_CONTEXT('2D SPACE',''
  ) );
#699 = PCURVE('',#700,#705);
#700 = CONICAL_SURFACE('',#701,2.,0.88689834824);
#701 = AXIS2_PLACEMENT_3D('',#702,#703,#704);
#702 = CARTESIAN_POINT('',(0.,0.,3.85));
#703 = DIRECTION('',(-0.,-0.,-1.));
#704 = DIRECTION('',(1.,0.,-0.));
#705 = DEFINITIONAL_REPRESENTATION('',(#706),#710);
#706 = LINE('',#707,#708);
#707 = CARTESIAN_POINT('',(-0.,-0.));
#708 = VECTOR('',#709,1.);
#709 = DIRECTION('',(-1.,-0.));
#710 = ( GEOMETRIC_REPRESENTATION_CONTEXT(2) 
PARAMETRIC_REPRESENTATION_CONTEXT() REPRESENTATION_CONTEXT('2D SPACE',''
  ) );
#711 = ORIENTED_EDGE('',*,*,#662,.F.);
#712 = ADVANCED_FACE('',(#713),#700,.T.);
#713 = FACE_BOUND('',#714,.T.);
#714 = EDGE_LOOP('',(#715,#716,#739,#766));
#715 = ORIENTED_EDGE('',*,*,#685,.T.);
#716 = ORIENTED_EDGE('',*,*,#717,.T.);
#717 = EDGE_CURVE('',#663,#718,#720,.T.);
#718 = VERTEX_POINT('',#719);
#719 = CARTESIAN_POINT('',(1.57062,0.,4.2));
#720 = SEAM_CURVE('',#721,(#725,#732),.PCURVE_S1.);
#721 = LINE('',#722,#723);
#722 = CARTESIAN_POINT('',(2.,0.,3.85));
#723 = VECTOR('',#724,1.);
#724 = DIRECTION('',(-0.77511579593,0.,0.631819201117));
#725 = PCURVE('',#700,#726);
#726 = DEFINITIONAL_REPRESENTATION('',(#727),#731);
#727 = LINE('',#728,#729);
#728 = CARTESIAN_POINT('',(-0.,-0.));
#729 = VECTOR('',#730,1.);
#730 = DIRECTION('',(-0.,-1.));
#731 = ( GEOMETRIC_REPRESENTATION_CONTEXT(2) 
PARAMETRIC_REPRESENTATION_CONTEXT() REPRESENTATION_CONTEXT('2D SPACE',''
  ) );
#732 = PCURVE('',#700,#733);
#733 = DEFINITIONAL_REPRESENTATION('',(#734),#738);
#734 = LINE('',#735,#736);
#735 = CARTESIAN_POINT('',(-6.28318530718,-0.));
#736 = VECTOR('',#737,1.);
#737 = DIRECTION('',(-0.,-1.));
#738 = ( GEOMETRIC_REPRESENTATION_CONTEXT(2) 
PARAMETRIC_REPRESENTATION_CONTEXT() REPRESENTATION_CONTEXT('2D SPACE',''
  ) );
#739 = ORIENTED_EDGE('',*,*,#740,.F.);
#740 = EDGE_CURVE('',#718,#718,#741,.T.);
#741 = SURFACE_CURVE('',#742,(#747,#754),.PCURVE_S1.);
#742 = CIRCLE('',#743,1.57062);
#743 = AXIS2_PLACEMENT_3D('',#744,#745,#746);
#744 = CARTESIAN_POINT('',(0.,0.,4.2));
#745 = DIRECTION('',(0.,0.,1.));
#746 = DIRECTION('',(1.,0.,-0.));
#747 = PCURVE('',#700,#748);
#748 = DEFINITIONAL_REPRESENTATION('',(#749),#753);
#749 = LINE('',#750,#751);
#750 = CARTESIAN_POINT('',(-0.,-0.35));
#751 = VECTOR('',#752,1.);
#752 = DIRECTION('',(-1.,-0.));
#753 = ( GEOMETRIC_REPRESENTATION_CONTEXT(2) 
PARAMETRIC_REPRESENTATION_CONTEXT() REPRESENTATION_CONTEXT('2D SPACE',''
  ) );
#754 = PCURVE('',#755,#760);
#755 = CONICAL_SURFACE('',#756,1.57062,0.88689834824);
#756 = AXIS2_PLACEMENT_3D('',#757,#758,#759);
#757 = CARTESIAN_POINT('',(0.,0.,4.2));
#758 = DIRECTION('',(0.,0.,1.));
#759 = DIRECTION('',(1.,0.,-0.));
#760 = DEFINITIONAL_REPRESENTATION('',(#761),#765);
#761 = LINE('',#762,#763);
#762 = CARTESIAN_POINT('',(0.,0.));
#763 = VECTOR('',#764,1.);
#764 = DIRECTION('',(1.,0.));
#765 = ( GEOMETRIC_REPRESENTATION_CONTEXT(2) 
PARAMETRIC_REPRESENTATION_CONTEXT() REPRESENTATION_CONTEXT('2D SPACE',''
  ) );
#766 = ORIENTED_EDGE('',*,*,#717,.F.);
#767 = ADVANCED_FACE('',(#768),#755,.T.);
#768 = FACE_BOUND('',#769,.T.);
#769 = EDGE_LOOP('',(#770,#771,#794,#821));
#770 = ORIENTED_EDGE('',*,*,#740,.T.);
#771 = ORIENTED_EDGE('',*,*,#772,.T.);
#772 = EDGE_CURVE('',#718,#773,#775,.T.);
#773 = VERTEX_POINT('',#774);
#774 = CARTESIAN_POINT('',(2.,0.,4.55));
#775 = SEAM_CURVE('',#776,(#780,#787),.PCURVE_S1.);
#776 = LINE('',#777,#778);
#777 = CARTESIAN_POINT('',(1.57062,0.,4.2));
#778 = VECTOR('',#779,1.);
#779 = DIRECTION('',(0.77511579593,0.,0.631819201117));
#780 = PCURVE('',#755,#781);
#781 = DEFINITIONAL_REPRESENTATION('',(#782),#786);
#782 = LINE('',#783,#784);
#783 = CARTESIAN_POINT('',(0.,0.));
#784 = VECTOR('',#785,1.);
#785 = DIRECTION('',(0.,1.));
#786 = ( GEOMETRIC_REPRESENTATION_CONTEXT(2) 
PARAMETRIC_REPRESENTATION_CONTEXT() REPRESENTATION_CONTEXT('2D SPACE',''
  ) );
#787 = PCURVE('',#755,#788);
#788 = DEFINITIONAL_REPRESENTATION('',(#789),#793);
#789 = LINE('',#790,#791);
#790 = CARTESIAN_POINT('',(6.28318530718,0.));
#791 = VECTOR('',#792,1.);
#792 = DIRECTION('',(0.,1.));
#793 = ( GEOMETRIC_REPRESENTATION_CONTEXT(2) 
PARAMETRIC_REPRESENTATION_CONTEXT() REPRESENTATION_CONTEXT('2D SPACE',''
  ) );
#794 = ORIENTED_EDGE('',*,*,#795,.F.);
#795 = EDGE_CURVE('',#773,#773,#796,.T.);
#796 = SURFACE_CURVE('',#797,(#802,#809),.PCURVE_S1.);
#797 = CIRCLE('',#798,2.);
#798 = AXIS2_PLACEMENT_3D('',#799,#800,#801);
#799 = CARTESIAN_POINT('',(0.,0.,4.55));
#800 = DIRECTION('',(0.,0.,1.));
#801 = DIRECTION('',(1.,0.,-0.));
#802 = PCURVE('',#755,#803);
#803 = DEFINITIONAL_REPRESENTATION('',(#804),#808);
#804 = LINE('',#805,#806);
#805 = CARTESIAN_POINT('',(0.,0.35));
#806 = VECTOR('',#807,1.);
#807 = DIRECTION('',(1.,0.));
#808 = ( GEOMETRIC_REPRESENTATION_CONTEXT(2) 
PARAMETRIC_REPRESENTATION_CONTEXT() REPRESENTATION_CONTEXT('2D SPACE',''
  ) );
#809 = PCURVE('',#810,#815);
#810 = CONICAL_SURFACE('',#811,2.,0.88689834824);
#811 = AXIS2_PLACEMENT_3D('',#812,#813,#814);
#812 = CARTESIAN_POINT('',(0.,0.,4.55));
#813 = DIRECTION('',(-0.,-0.,-1.));
#814 = DIRECTION('',(1.,0.,-0.));
#815 = DEFINITIONAL_REPRESENTATION('',(#816),#820);
#816 = LINE('',#817,#818);
#817 = CARTESIAN_POINT('',(-0.,-0.));
#818 = VECTOR('',#819,1.);
#819 = DIRECTION('',(-1.,-0.));
#820 = ( GEOMETRIC_REPRESENTATION_CONTEXT(2) 
PARAMETRIC_REPRESENTATION_CONTEXT() REPRESENTATION_CONTEXT('2D SPACE',''
  ) );
#821 = ORIENTED_EDGE('',*,*,#772,.F.);
#822 = ADVANCED_FACE('',(#823),#810,.T.);
#823 = FACE_BOUND('',#824,.T.);
#824 = EDGE_LOOP('',(#825,#826,#849,#876));
#825 = ORIENTED_EDGE('',*,*,#795,.T.);
#826 = ORIENTED_EDGE('',*,*,#827,.T.);
#827 = EDGE_CURVE('',#773,#828,#830,.T.);
#828 = VERTEX_POINT('',#829);
#829 = CARTESIAN_POINT('',(1.57062,0.,4.9));
#830 = SEAM_CURVE('',#831,(#835,#842),.PCURVE_S1.);
#831 = LINE('',#832,#833);
#832 = CARTESIAN_POINT('',(2.,0.,4.55));
#833 = VECTOR('',#834,1.);
#834 = DIRECTION('',(-0.77511579593,0.,0.631819201117));
#835 = PCURVE('',#810,#836);
#836 = DEFINITIONAL_REPRESENTATION('',(#837),#841);
#837 = LINE('',#838,#839);
#838 = CARTESIAN_POINT('',(-0.,-0.));
#839 = VECTOR('',#840,1.);
#840 = DIRECTION('',(-0.,-1.));
#841 = ( GEOMETRIC_REPRESENTATION_CONTEXT(2) 
PARAMETRIC_REPRESENTATION_CONTEXT() REPRESENTATION_CONTEXT('2D SPACE',''
  ) );
#842 = PCURVE('',#810,#843);
#843 = DEFINITIONAL_REPRESENTATION('',(#844),#848);
#844 = LINE('',#845,#846);
#845 = CARTESIAN_POINT('',(-6.28318530718,-0.));
#846 = VECTOR('',#847,1.);
#847 = DIRECTION('',(-0.,-1.));
#848 = ( GEOMETRIC_REPRESENTATION_CONTEXT(2) 
PARAMETRIC_REPRESENTATION_CONTEXT() REPRESENTATION_CONTEXT('2D SPACE',''
  ) );
#849 = ORIENTED_EDGE('',*,*,#850,.F.);
#850 = EDGE_CURVE('',#828,#828,#851,.T.);
#851 = SURFACE_CURVE('',#852,(#857,#864),.PCURVE_S1.);
#852 = CIRCLE('',#853,1.57062);
#853 = AXIS2_PLACEMENT_3D('',#854,#855,#856);
#854 = CARTESIAN_POINT('',(0.,0.,4.9));
#855 = DIRECTION('',(0.,0.,1.));
#856 = DIRECTION('',(1.,0.,-0.));
#857 = PCURVE('',#810,#858);
#858 = DEFINITIONAL_REPRESENTATION('',(#859),#863);
#859 = LINE('',#860,#861);
#860 = CARTESIAN_POINT('',(-0.,-0.35));
#861 = VECTOR('',#862,1.);
#862 = DIRECTION('',(-1.,-0.));
#863 = ( GEOMETRIC_REPRESENTATION_CONTEXT(2) 
PARAMETRIC_REPRESENTATION_CONTEXT() REPRESENTATION_CONTEXT('2D SPACE',''
  ) );
#864 = PCURVE('',#865,#870);
#865 = CONICAL_SURFACE('',#866,1.57062,0.88689834824);
#866 = AXIS2_PLACEMENT_3D('',#867,#868,#869);
#867 = CARTESIAN_POINT('',(0.,0.,4.9));
#868 = DIRECTION('',(0.,0.,1.));
#869 = DIRECTION('',(1.,0.,-0.));
#870 = DEFINITIONAL_REPRESENTATION('',(#871),#875);
#871 = LINE('',#872,#873);
#872 = CARTESIAN_POINT('',(0.,0.));
#873 = VECTOR('',#874,1.);
#874 = DIRECTION('',(1.,0.));
#875 = ( GEOMETRIC_REPRESENTATION_CONTEXT(2) 
PARAMETRIC_REPRESENTATION_CONTEXT() REPRESENTATION_CONTEXT('2D SPACE',''
  ) );
#876 = ORIENTED_EDGE('',*,*,#827,.F.);
#877 = ADVANCED_FACE('',(#878),#865,.T.);
#878 = FACE_BOUND('',#879,.T.);
#879 = EDGE_LOOP('',(#880,#881,#904,#931));
#880 = ORIENTED_EDGE('',*,*,#850,.T.);
#881 = ORIENTED_EDGE('',*,*,#882,.T.);
#882 = EDGE_CURVE('',#828,#883,#885,.T.);
#883 = VERTEX_POINT('',#884);
#884 = CARTESIAN_POINT('',(2.,0.,5.25));
#885 = SEAM_CURVE('',#886,(#890,#897),.PCURVE_S1.);
#886 = LINE('',#887,#888);
#887 = CARTESIAN_POINT('',(1.57062,0.,4.9));
#888 = VECTOR('',#889,1.);
#889 = DIRECTION('',(0.77511579593,0.,0.631819201117));
#890 = PCURVE('',#865,#891);
#891 = DEFINITIONAL_REPRESENTATION('',(#892),#896);
#892 = LINE('',#893,#894);
#893 = CARTESIAN_POINT('',(0.,0.));
#894 = VECTOR('',#895,1.);
#895 = DIRECTION('',(0.,1.));
#896 = ( GEOMETRIC_REPRESENTATION_CONTEXT(2) 
PARAMETRIC_REPRESENTATION_CONTEXT() REPRESENTATION_CONTEXT('2D SPACE',''
  ) );
#897 = PCURVE('',#865,#898);
#898 = DEFINITIONAL_REPRESENTATION('',(#899),#903);
#899 = LINE('',#900,#901);
#900 = CARTESIAN_POINT('',(6.28318530718,0.));
#901 = VECTOR('',#902,1.);
#902 = DIRECTION('',(0.,1.));
#903 = ( GEOMETRIC_REPRESENTATION_CONTEXT(2) 
PARAMETRIC_REPRESENTATION_CONTEXT() REPRESENTATION_CONTEXT('2D SPACE',''
  ) );
#904 = ORIENTED_EDGE('',*,*,#905,.F.);
#905 = EDGE_CURVE('',#883,#883,#906,.T.);
#906 = SURFACE_CURVE('',#907,(#912,#919),.PCURVE_S1.);
#907 = CIRCLE('',#908,2.);
#908 = AXIS2_PLACEMENT_3D('',#909,#910,#911);
#909 = CARTESIAN_POINT('',(0.,0.,5.25));
#910 = DIRECTION('',(0.,0.,1.));
#911 = DIRECTION('',(1.,0.,-0.));
#912 = PCURVE('',#865,#913);
#913 = DEFINITIONAL_REPRESENTATION('',(#914),#918);
#914 = LINE('',#915,#916);
#915 = CARTESIAN_POINT('',(0.,0.35));
#916 = VECTOR('',#917,1.);
#917 = DIRECTION('',(1.,0.));
#918 = ( GEOMETRIC_REPRESENTATION_CONTEXT(2) 
PARAMETRIC_REPRESENTATION_CONTEXT() REPRESENTATION_CONTEXT('2D SPACE',''
  ) );
#919 = PCURVE('',#920,#925);
#920 = CONICAL_SURFACE('',#921,2.,0.88689834824);
#921 = AXIS2_PLACEMENT_3D('',#922,#923,#924);
#922 = CARTESIAN_POINT('',(0.,0.,5.25));
#923 = DIRECTION('',(-0.,-0.,-1.));
#924 = DIRECTION('',(1.,0.,-0.));
#925 = DEFINITIONAL_REPRESENTATION('',(#926),#930);
#926 = LINE('',#927,#928);
#927 = CARTESIAN_POINT('',(-0.,-0.));
#928 = VECTOR('',#929,1.);
#929 = DIRECTION('',(-1.,-0.));
#930 = ( GEOMETRIC_REPRESENTATION_CONTEXT(2) 
PARAMETRIC_REPRESENTATION_CONTEXT() REPRESENTATION_CONTEXT('2D SPACE',''
  ) );
#931 = ORIENTED_EDGE('',*,*,#882,.F.);
#932 = ADVANCED_FACE('',(#933),#920,.T.);
#933 = FACE_BOUND('',#934,.T.);
#934 = EDGE_LOOP('',(#935,#936,#959,#986));
#935 = ORIENTED_EDGE('',*,*,#905,.T.);
#936 = ORIENTED_EDGE('',*,*,#937,.T.);
#937 = EDGE_CURVE('',#883,#938,#940,.T.);
#938 = VERTEX_POINT('',#939);
#939 = CARTESIAN_POINT('',(1.57062,0.,5.6));
#940 = SEAM_CURVE('',#941,(#945,#952),.PCURVE_S1.);
#941 = LINE('',#942,#943);
#942 = CARTESIAN_POINT('',(2.,0.,5.25));
#943 = VECTOR('',#944,1.);
#944 = DIRECTION('',(-0.77511579593,0.,0.631819201117));
#945 = PCURVE('',#920,#946);
#946 = DEFINITIONAL_REPRESENTATION('',(#947),#951);
#947 = LINE('',#948,#949);
#948 = CARTESIAN_POINT('',(-0.,-0.));
#949 = VECTOR('',#950,1.);
#950 = DIRECTION('',(-0.,-1.));
#951 = ( GEOMETRIC_REPRESENTATION_CONTEXT(2) 
PARAMETRIC_REPRESENTATION_CONTEXT() REPRESENTATION_CONTEXT('2D SPACE',''
  ) );
#952 = PCURVE('',#920,#953);
#953 = DEFINITIONAL_REPRESENTATION('',(#954),#958);
#954 = LINE('',#955,#956);
#955 = CARTESIAN_POINT('',(-6.28318530718,-0.));
#956 = VECTOR('',#957,1.);
#957 = DIRECTION('',(-0.,-1.));
#958 = ( GEOMETRIC_REPRESENTATION_CONTEXT(2) 
PARAMETRIC_REPRESENTATION_CONTEXT() REPRESENTATION_CONTEXT('2D SPACE',''
  ) );
#959 = ORIENTED_EDGE('',*,*,#960,.F.);
#960 = EDGE_CURVE('',#938,#938,#961,.T.);
#961 = SURFACE_CURVE('',#962,(#967,#974),.PCURVE_S1.);
#962 = CIRCLE('',#963,1.57062);
#963 = AXIS2_PLACEMENT_3D('',#964,#965,#966);
#964 = CARTESIAN_POINT('',(0.,0.,5.6));
#965 = DIRECTION('',(0.,0.,1.));
#966 = DIRECTION('',(1.,0.,-0.));
#967 = PCURVE('',#920,#968);
#968 = DEFINITIONAL_REPRESENTATION('',(#969),#973);
#969 = LINE('',#970,#971);
#970 = CARTESIAN_POINT('',(-0.,-0.35));
#971 = VECTOR('',#972,1.);
#972 = DIRECTION('',(-1.,-0.));
#973 = ( GEOMETRIC_REPRESENTATION_CONTEXT(2) 
PARAMETRIC_REPRESENTATION_CONTEXT() REPRESENTATION_CONTEXT('2D SPACE',''
  ) );
#974 = PCURVE('',#975,#980);
#975 = CONICAL_SURFACE('',#976,1.57062,0.88689834824);
#976 = AXIS2_PLACEMENT_3D('',#977,#978,#979);
#977 = CARTESIAN_POINT('',(0.,0.,5.6));
#978 = DIRECTION('',(0.,0.,1.));
#979 = DIRECTION('',(1.,0.,-0.));
#980 = DEFINITIONAL_REPRESENTATION('',(#981),#985);
#981 = LINE('',#982,#983);
#982 = CARTESIAN_POINT('',(0.,0.));
#983 = VECTOR('',#984,1.);
#984 = DIRECTION('',(1.,0.));
#985 = ( GEOMETRIC_REPRESENTATION_CONTEXT(2) 
PARAMETRIC_REPRESENTATION_CONTEXT() REPRESENTATION_CONTEXT('2D SPACE',''
  ) );
#986 = ORIENTED_EDGE('',*,*,#937,.F.);
#987 = ADVANCED_FACE('',(#988),#975,.T.);
#988 = FACE_BOUND('',#989,.T.);
#989 = EDGE_LOOP('',(#990,#991,#1014,#1041));
#990 = ORIENTED_EDGE('',*,*,#960,.T.);
#991 = ORIENTED_EDGE('',*,*,#992,.T.);
#992 = EDGE_CURVE('',#938,#993,#995,.T.);
#993 = VERTEX_POINT('',#994);
#994 = CARTESIAN_POINT('',(2.,0.,5.95));
#995 = SEAM_CURVE('',#996,(#1000,#1007),.PCURVE_S1.);
#996 = LINE('',#997,#998);
#997 = CARTESIAN_POINT('',(1.57062,0.,5.6));
#998 = VECTOR('',#999,1.);
#999 = DIRECTION('',(0.77511579593,0.,0.631819201117));
#1000 = PCURVE('',#975,#1001);
#1001 = DEFINITIONAL_REPRESENTATION('',(#1002),#1006);
#1002 = LINE('',#1003,#1004);
#1003 = CARTESIAN_POINT('',(0.,0.));
#1004 = VECTOR('',#1005,1.);
#1005 = DIRECTION('',(0.,1.));
#1006 = ( GEOMETRIC_REPRESENTATION_CONTEXT(2) 
PARAMETRIC_REPRESENTATION_CONTEXT() REPRESENTATION_CONTEXT('2D SPACE',''
  ) );
#1007 = PCURVE('',#975,#1008);
#1008 = DEFINITIONAL_REPRESENTATION('',(#1009),#1013);
#1009 = LINE('',#1010,#1011);
#1010 = CARTESIAN_POINT('',(6.28318530718,0.));
#1011 = VECTOR('',#1012,1.);
#1012 = DIRECTION('',(0.,1.));
#1013 = ( GEOMETRIC_REPRESENTATION_CONTEXT(2) 
PARAMETRIC_REPRESENTATION_CONTEXT() REPRESENTATION_CONTEXT('2D SPACE',''
  ) );
#1014 = ORIENTED_EDGE('',*,*,#1015,.F.);
#1015 = EDGE_CURVE('',#993,#993,#1016,.T.);
#1016 = SURFACE_CURVE('',#1017,(#1022,#1029),.PCURVE_S1.);
#1017 = CIRCLE('',#1018,2.);
#1018 = AXIS2_PLACEMENT_3D('',#1019,#1020,#1021);
#1019 = CARTESIAN_POINT('',(0.,0.,5.95));
#1020 = DIRECTION('',(0.,0.,1.));
#1021 = DIRECTION('',(1.,0.,-0.));
#1022 = PCURVE('',#975,#1023);
#1023 = DEFINITIONAL_REPRESENTATION('',(#1024),#1028);
#1024 = LINE('',#1025,#1026);
#1025 = CARTESIAN_POINT('',(0.,0.35));
#1026 = VECTOR('',#1027,1.);
#1027 = DIRECTION('',(1.,0.));
#1028 = ( GEOMETRIC_REPRESENTATION_CONTEXT(2) 
PARAMETRIC_REPRESENTATION_CONTEXT() REPRESENTATION_CONTEXT('2D SPACE',''
  ) );
#1029 = PCURVE('',#1030,#1035);
#1030 = CONICAL_SURFACE('',#1031,2.,0.88689834824);
#1031 = AXIS2_PLACEMENT_3D('',#1032,#1033,#1034);
#1032 = CARTESIAN_POINT('',(0.,0.,5.95));
#1033 = DIRECTION('',(-0.,-0.,-1.));
#1034 = DIRECTION('',(1.,0.,-0.));
#1035 = DEFINITIONAL_REPRESENTATION('',(#1036),#1040);
#1036 = LINE('',#1037,#1038);
#1037 = CARTESIAN_POINT('',(-0.,-0.));
#1038 = VECTOR('',#1039,1.);
#1039 = DIRECTION('',(-1.,-0.));
#1040 = ( GEOMETRIC_REPRESENTATION_CONTEXT(2) 
PARAMETRIC_REPRESENTATION_CONTEXT() REPRESENTATION_CONTEXT('2D SPACE',''
  ) );
#1041 = ORIENTED_EDGE('',*,*,#992,.F.);
#1042 = ADVANCED_FACE('',(#1043),#1030,.T.);
#1043 = FACE_BOUND('',#1044,.T.);
#1044 = EDGE_LOOP('',(#1045,#1046,#1069,#1096));
#1045 = ORIENTED_EDGE('',*,*,#1015,.T.);
#1046 = ORIENTED_EDGE('',*,*,#1047,.T.);
#1047 = EDGE_CURVE('',#993,#1048,#1050,.T.);
#1048 = VERTEX_POINT('',#1049);
#1049 = CARTESIAN_POINT('',(1.57062,0.,6.3));
#1050 = SEAM_CURVE('',#1051,(#1055,#1062),.PCURVE_S1.);
#1051 = LINE('',#1052,#1053);
#1052 = CARTESIAN_POINT('',(2.,0.,5.95));
#1053 = VECTOR('',#1054,1.);
#1054 = DIRECTION('',(-0.77511579593,0.,0.631819201117));
#1055 = PCURVE('',#1030,#1056);
#1056 = DEFINITIONAL_REPRESENTATION('',(#1057),#1061);
#1057 = LINE('',#1058,#1059);
#1058 = CARTESIAN_POINT('',(-0.,-0.));
#1059 = VECTOR('',#1060,1.);
#1060 = DIRECTION('',(-0.,-1.));
#1061 = ( GEOMETRIC_REPRESENTATION_CONTEXT(2) 
PARAMETRIC_REPRESENTATION_CONTEXT() REPRESENTATION_CONTEXT('2D SPACE',''
  ) );
#1062 = PCURVE('',#1030,#1063);
#1063 = DEFINITIONAL_REPRESENTATION('',(#1064),#1068);
#1064 = LINE('',#1065,#1066);
#1065 = CARTESIAN_POINT('',(-6.28318530718,-0.));
#1066 = VECTOR('',#1067,1.);
#1067 = DIRECTION('',(-0.,-1.));
#1068 = ( GEOMETRIC_REPRESENTATION_CONTEXT(2) 
PARAMETRIC_REPRESENTATION_CONTEXT() REPRESENTATION_CONTEXT('2D SPACE',''
  ) );
#1069 = ORIENTED_EDGE('',*,*,#1070,.F.);
#1070 = EDGE_CURVE('',#1048,#1048,#1071,.T.);
#1071 = SURFACE_CURVE('',#1072,(#1077,#1084),.PCURVE_S1.);
#1072 = CIRCLE('',#1073,1.57062);
#1073 = AXIS2_PLACEMENT_3D('',#1074,#1075,#1076);
#1074 = CARTESIAN_POINT('',(0.,0.,6.3));
#1075 = DIRECTION('',(0.,0.,1.));
#1076 = DIRECTION('',(1.,0.,-0.));
#1077 = PCURVE('',#1030,#1078);
#1078 = DEFINITIONAL_REPRESENTATION('',(#1079),#1083);
#1079 = LINE('',#1080,#1081);
#1080 = CARTESIAN_POINT('',(-0.,-0.35));
#1081 = VECTOR('',#1082,1.);
#1082 = DIRECTION('',(-1.,-0.));
#1083 = ( GEOMETRIC_REPRESENTATION_CONTEXT(2) 
PARAMETRIC_REPRESENTATION_CONTEXT() REPRESENTATION_CONTEXT('2D SPACE',''
  ) );
#1084 = PCURVE('',#1085,#1090);
#1085 = CONICAL_SURFACE('',#1086,1.57062,0.88689834824);
#1086 = AXIS2_PLACEMENT_3D('',#1087,#1088,#1089);
#1087 = CARTESIAN_POINT('',(0.,0.,6.3));
#1088 = DIRECTION('',(0.,0.,1.));
#1089 = DIRECTION('',(1.,0.,-0.));
#1090 = DEFINITIONAL_REPRESENTATION('',(#1091),#1095);
#1091 = LINE('',#1092,#1093);
#1092 = CARTESIAN_POINT('',(0.,0.));
#1093 = VECTOR('',#1094,1.);
#1094 = DIRECTION('',(1.,0.));
#1095 = ( GEOMETRIC_REPRESENTATION_CONTEXT(2) 
PARAMETRIC_REPRESENTATION_CONTEXT() REPRESENTATION_CONTEXT('2D SPACE',''
  ) );
#1096 = ORIENTED_EDGE('',*,*,#1047,.F.);
#1097 = ADVANCED_FACE('',(#1098),#1085,.T.);
#1098 = FACE_BOUND('',#1099,.T.);
#1099 = EDGE_LOOP('',(#1100,#1101,#1124,#1151));
#1100 = ORIENTED_EDGE('',*,*,#1070,.T.);
#1101 = ORIENTED_EDGE('',*,*,#1102,.T.);
#1102 = EDGE_CURVE('',#1048,#1103,#1105,.T.);
#1103 = VERTEX_POINT('',#1104);
#1104 = CARTESIAN_POINT('',(2.,0.,6.65));
#1105 = SEAM_CURVE('',#1106,(#1110,#1117),.PCURVE_S1.);
#1106 = LINE('',#1107,#1108);
#1107 = CARTESIAN_POINT('',(1.57062,0.,6.3));
#1108 = VECTOR('',#1109,1.);
#1109 = DIRECTION('',(0.77511579593,0.,0.631819201117));
#1110 = PCURVE('',#1085,#1111);
#1111 = DEFINITIONAL_REPRESENTATION('',(#1112),#1116);
#1112 = LINE('',#1113,#1114);
#1113 = CARTESIAN_POINT('',(0.,0.));
#1114 = VECTOR('',#1115,1.);
#1115 = DIRECTION('',(0.,1.));
#1116 = ( GEOMETRIC_REPRESENTATION_CONTEXT(2) 
PARAMETRIC_REPRESENTATION_CONTEXT() REPRESENTATION_CONTEXT('2D SPACE',''
  ) );
#1117 = PCURVE('',#1085,#1118);
#1118 = DEFINITIONAL_REPRESENTATION('',(#1119),#1123);
#1119 = LINE('',#1120,#1121);
#1120 = CARTESIAN_POINT('',(6.28318530718,0.));
#1121 = VECTOR('',#1122,1.);
#1122 = DIRECTION('',(0.,1.));
#1123 = ( GEOMETRIC_REPRESENTATION_CONTEXT(2) 
PARAMETRIC_REPRESENTATION_CONTEXT() REPRESENTATION_CONTEXT('2D SPACE',''
  ) );
#1124 = ORIENTED_EDGE('',*,*,#1125,.F.);
#1125 = EDGE_CURVE('',#1103,#1103,#1126,.T.);
#1126 = SURFACE_CURVE('',#1127,(#1132,#1139),.PCURVE_S1.);
#1127 = CIRCLE('',#1128,2.);
#1128 = AXIS2_PLACEMENT_3D('',#1129,#1130,#1131);
#1129 = CARTESIAN_POINT('',(0.,0.,6.65));
#1130 = DIRECTION('',(0.,0.,1.));
#1131 = DIRECTION('',(1.,0.,-0.));
#1132 = PCURVE('',#1085,#1133);
#1133 = DEFINITIONAL_REPRESENTATION('',(#1134),#1138);
#1134 = LINE('',#1135,#1136);
#1135 = CARTESIAN_POINT('',(0.,0.35));
#1136 = VECTOR('',#1137,1.);
#1137 = DIRECTION('',(1.,0.));
#1138 = ( GEOMETRIC_REPRESENTATION_CONTEXT(2) 
PARAMETRIC_REPRESENTATION_CONTEXT() REPRESENTATION_CONTEXT('2D SPACE',''
  ) );
#1139 = PCURVE('',#1140,#1145);
#1140 = CONICAL_SURFACE('',#1141,2.,0.88689834824);
#1141 = AXIS2_PLACEMENT_3D('',#1142,#1143,#1144);
#1142 = CARTESIAN_POINT('',(0.,0.,6.65));
#1143 = DIRECTION('',(-0.,-0.,-1.));
#1144 = DIRECTION('',(1.,0.,-0.));
#1145 = DEFINITIONAL_REPRESENTATION('',(#1146),#1150);
#1146 = LINE('',#1147,#1148);
#1147 = CARTESIAN_POINT('',(-0.,-0.));
#1148 = VECTOR('',#1149,1.);
#1149 = DIRECTION('',(-1.,-0.));
#1150 = ( GEOMETRIC_REPRESENTATION_CONTEXT(2) 
PARAMETRIC_REPRESENTATION_CONTEXT() REPRESENTATION_CONTEXT('2D SPACE',''
  ) );
#1151 = ORIENTED_EDGE('',*,*,#1102,.F.);
#1152 = ADVANCED_FACE('',(#1153),#1140,.T.);
#1153 = FACE_BOUND('',#1154,.T.);
#1154 = EDGE_LOOP('',(#1155,#1156,#1179,#1206));
#1155 = ORIENTED_EDGE('',*,*,#1125,.T.);
#1156 = ORIENTED_EDGE('',*,*,#1157,.T.);
#1157 = EDGE_CURVE('',#1103,#1158,#1160,.T.);
#1158 = VERTEX_POINT('',#1159);
#1159 = CARTESIAN_POINT('',(1.57062,0.,7.));
#1160 = SEAM_CURVE('',#1161,(#1165,#1172),.PCURVE_S1.);
#1161 = LINE('',#1162,#1163);
#1162 = CARTESIAN_POINT('',(2.,0.,6.65));
#1163 = VECTOR('',#1164,1.);
#1164 = DIRECTION('',(-0.77511579593,0.,0.631819201117));
#1165 = PCURVE('',#1140,#1166);
#1166 = DEFINITIONAL_REPRESENTATION('',(#1167),#1171);
#1167 = LINE('',#1168,#1169);
#1168 = CARTESIAN_POINT('',(-0.,-0.));
#1169 = VECTOR('',#1170,1.);
#1170 = DIRECTION('',(-0.,-1.));
#1171 = ( GEOMETRIC_REPRESENTATION_CONTEXT(2) 
PARAMETRIC_REPRESENTATION_CONTEXT() REPRESENTATION_CONTEXT('2D SPACE',''
  ) );
#1172 = PCURVE('',#1140,#1173);
#1173 = DEFINITIONAL_REPRESENTATION('',(#1174),#1178);
#1174 = LINE('',#1175,#1176);
#1175 = CARTESIAN_POINT('',(-6.28318530718,-0.));
#1176 = VECTOR('',#1177,1.);
#1177 = DIRECTION('',(-0.,-1.));
#1178 = ( GEOMETRIC_REPRESENTATION_CONTEXT(2) 
PARAMETRIC_REPRESENTATION_CONTEXT() REPRESENTATION_CONTEXT('2D SPACE',''
  ) );
#1179 = ORIENTED_EDGE('',*,*,#1180,.F.);
#1180 = EDGE_CURVE('',#1158,#1158,#1181,.T.);
#1181 = SURFACE_CURVE('',#1182,(#1187,#1194),.PCURVE_S1.);
#1182 = CIRCLE('',#1183,1.57062);
#1183 = AXIS2_PLACEMENT_3D('',#1184,#1185,#1186);
#1184 = CARTESIAN_POINT('',(0.,0.,7.));
#1185 = DIRECTION('',(0.,0.,1.));
#1186 = DIRECTION('',(1.,0.,-0.));
#1187 = PCURVE('',#1140,#1188);
#1188 = DEFINITIONAL_REPRESENTATION('',(#1189),#1193);
#1189 = LINE('',#1190,#1191);
#1190 = CARTESIAN_POINT('',(-0.,-0.35));
#1191 = VECTOR('',#1192,1.);
#1192 = DIRECTION('',(-1.,-0.));
#1193 = ( GEOMETRIC_REPRESENTATION_CONTEXT(2) 
PARAMETRIC_REPRESENTATION_CONTEXT() REPRESENTATION_CONTEXT('2D SPACE',''
  ) );
#1194 = PCURVE('',#1195,#1200);
#1195 = CONICAL_SURFACE('',#1196,1.57062,0.88689834824);
#1196 = AXIS2_PLACEMENT_3D('',#1197,#1198,#1199);
#1197 = CARTESIAN_POINT('',(0.,0.,7.));
#1198 = DIRECTION('',(0.,0.,1.));
#1199 = DIRECTION('',(1.,0.,-0.));
#1200 = DEFINITIONAL_REPRESENTATION('',(#1201),#1205);
#1201 = LINE('',#1202,#1203);
#1202 = CARTESIAN_POINT('',(0.,0.));
#1203 = VECTOR('',#1204,1.);
#1204 = DIRECTION('',(1.,0.));
#1205 = ( GEOMETRIC_REPRESENTATION_CONTEXT(2) 
PARAMETRIC_REPRESENTATION_CONTEXT() REPRESENTATION_CONTEXT('2D SPACE',''
  ) );
#1206 = ORIENTED_EDGE('',*,*,#1157,.F.);
#1207 = ADVANCED_FACE('',(#1208),#1195,.T.);
#1208 = FACE_BOUND('',#1209,.T.);
#1209 = EDGE_LOOP('',(#1210,#1211,#1234,#1261));
#1210 = ORIENTED_EDGE('',*,*,#1180,.T.);
#1211 = ORIENTED_EDGE('',*,*,#1212,.T.);
#1212 = EDGE_CURVE('',#1158,#1213,#1215,.T.);
#1213 = VERTEX_POINT('',#1214);
#1214 = CARTESIAN_POINT('',(2.,0.,7.35));
#1215 = SEAM_CURVE('',#1216,(#1220,#1227),.PCURVE_S1.);
#1216 = LINE('',#1217,#1218);
#1217 = CARTESIAN_POINT('',(1.57062,0.,7.));
#1218 = VECTOR('',#1219,1.);
#1219 = DIRECTION('',(0.77511579593,0.,0.631819201117));
#1220 = PCURVE('',#1195,#1221);
#1221 = DEFINITIONAL_REPRESENTATION('',(#1222),#1226);
#1222 = LINE('',#1223,#1224);
#1223 = CARTESIAN_POINT('',(0.,0.));
#1224 = VECTOR('',#1225,1.);
#1225 = DIRECTION('',(0.,1.));
#1226 = ( GEOMETRIC_REPRESENTATION_CONTEXT(2) 
PARAMETRIC_REPRESENTATION_CONTEXT() REPRESENTATION_CONTEXT('2D SPACE',''
  ) );
#1227 = PCURVE('',#1195,#1228);
#1228 = DEFINITIONAL_REPRESENTATION('',(#1229),#1233);
#1229 = LINE('',#1230,#1231);
#1230 = CARTESIAN_POINT('',(6.28318530718,0.));
#1231 = VECTOR('',#1232,1.);
#1232 = DIRECTION('',(0.,1.));
#1233 = ( GEOMETRIC_REPRESENTATION_CONTEXT(2) 
PARAMETRIC_REPRESENTATION_CONTEXT() REPRESENTATION_CONTEXT('2D SPACE',''
  ) );
#1234 = ORIENTED_EDGE('',*,*,#1235,.F.);
#1235 = EDGE_CURVE('',#1213,#1213,#1236,.T.);
#1236 = SURFACE_CURVE('',#1237,(#1242,#1249),.PCURVE_S1.);
#1237 = CIRCLE('',#1238,2.);
#1238 = AXIS2_PLACEMENT_3D('',#1239,#1240,#1241);
#1239 = CARTESIAN_POINT('',(0.,0.,7.35));
#1240 = DIRECTION('',(0.,0.,1.));
#1241 = DIRECTION('',(1.,0.,-0.));
#1242 = PCURVE('',#1195,#1243);
#1243 = DEFINITIONAL_REPRESENTATION('',(#1244),#1248);
#1244 = LINE('',#1245,#1246);
#1245 = CARTESIAN_POINT('',(0.,0.35));
#1246 = VECTOR('',#1247,1.);
#1247 = DIRECTION('',(1.,0.));
#1248 = ( GEOMETRIC_REPRESENTATION_CONTEXT(2) 
PARAMETRIC_REPRESENTATION_CONTEXT() REPRESENTATION_CONTEXT('2D SPACE',''
  ) );
#1249 = PCURVE('',#1250,#1255);
#1250 = CONICAL_SURFACE('',#1251,2.,0.88689834824);
#1251 = AXIS2_PLACEMENT_3D('',#1252,#1253,#1254);
#1252 = CARTESIAN_POINT('',(0.,0.,7.35));
#1253 = DIRECTION('',(-0.,-0.,-1.));
#1254 = DIRECTION('',(1.,0.,-0.));
#1255 = DEFINITIONAL_REPRESENTATION('',(#1256),#1260);
#1256 = LINE('',#1257,#1258);
#1257 = CARTESIAN_POINT('',(-0.,-0.));
#1258 = VECTOR('',#1259,1.);
#1259 = DIRECTION('',(-1.,-0.));
#1260 = ( GEOMETRIC_REPRESENTATION_CONTEXT(2) 
PARAMETRIC_REPRESENTATION_CONTEXT() REPRESENTATION_CONTEXT('2D SPACE',''
  ) );
#1261 = ORIENTED_EDGE('',*,*,#1212,.F.);
#1262 = ADVANCED_FACE('',(#1263),#1250,.T.);
#1263 = FACE_BOUND('',#1264,.T.);
#1264 = EDGE_LOOP('',(#1265,#1266,#1289,#1316));
#1265 = ORIENTED_EDGE('',*,*,#1235,.T.);
#1266 = ORIENTED_EDGE('',*,*,#1267,.T.);
#1267 = EDGE_CURVE('',#1213,#1268,#1270,.T.);
#1268 = VERTEX_POINT('',#1269);
#1269 = CARTESIAN_POINT('',(1.57062,0.,7.7));
#1270 = SEAM_CURVE('',#1271,(#1275,#1282),.PCURVE_S1.);
#1271 = LINE('',#1272,#1273);
#1272 = CARTESIAN_POINT('',(2.,0.,7.35));
#1273 = VECTOR('',#1274,1.);
#1274 = DIRECTION('',(-0.77511579593,0.,0.631819201117));
#1275 = PCURVE('',#1250,#1276);
#1276 = DEFINITIONAL_REPRESENTATION('',(#1277),#1281);
#1277 = LINE('',#1278,#1279);
#1278 = CARTESIAN_POINT('',(-0.,-0.));
#1279 = VECTOR('',#1280,1.);
#1280 = DIRECTION('',(-0.,-1.));
#1281 = ( GEOMETRIC_REPRESENTATION_CONTEXT(2) 
PARAMETRIC_REPRESENTATION_CONTEXT() REPRESENTATION_CONTEXT('2D SPACE',''
  ) );
#1282 = PCURVE('',#1250,#1283);
#1283 = DEFINITIONAL_REPRESENTATION('',(#1284),#1288);
#1284 = LINE('',#1285,#1286);
#1285 = CARTESIAN_POINT('',(-6.28318530718,-0.));
#1286 = VECTOR('',#1287,1.);
#1287 = DIRECTION('',(-0.,-1.));
#1288 = ( GEOMETRIC_REPRESENTATION_CONTEXT(2) 
PARAMETRIC_REPRESENTATION_CONTEXT() REPRESENTATION_CONTEXT('2D SPACE',''
  ) );
#1289 = ORIENTED_EDGE('',*,*,#1290,.F.);
#1290 = EDGE_CURVE('',#1268,#1268,#1291,.T.);
#1291 = SURFACE_CURVE('',#1292,(#1297,#1304),.PCURVE_S1.);
#1292 = CIRCLE('',#1293,1.57062);
#1293 = AXIS2_PLACEMENT_3D('',#1294,#1295,#1296);
#1294 = CARTESIAN_POINT('',(0.,0.,7.7));
#1295 = DIRECTION('',(0.,0.,1.));
#1296 = DIRECTION('',(1.,0.,-0.));
#1297 = PCURVE('',#1250,#1298);
#1298 = DEFINITIONAL_REPRESENTATION('',(#1299),#1303);
#1299 = LINE('',#1300,#1301);
#1300 = CARTESIAN_POINT('',(-0.,-0.35));
#1301 = VECTOR('',#1302,1.);
#1302 = DIRECTION('',(-1.,-0.));
#1303 = ( GEOMETRIC_REPRESENTATION_CONTEXT(2) 
PARAMETRIC_REPRESENTATION_CONTEXT() REPRESENTATION_CONTEXT('2D SPACE',''
  ) );
#1304 = PCURVE('',#1305,#1310);
#1305 = CONICAL_SURFACE('',#1306,1.57062,0.88689834824);
#1306 = AXIS2_PLACEMENT_3D('',#1307,#1308,#1309);
#1307 = CARTESIAN_POINT('',(0.,0.,7.7));
#1308 = DIRECTION('',(0.,0.,1.));
#1309 = DIRECTION('',(1.,0.,-0.));
#1310 = DEFINITIONAL_REPRESENTATION('',(#1311),#1315);
#1311 = LINE('',#1312,#1313);
#1312 = CARTESIAN_POINT('',(0.,0.));
#1313 = VECTOR('',#1314,1.);
#1314 = DIRECTION('',(1.,0.));
#1315 = ( GEOMETRIC_REPRESENTATION_CONTEXT(2) 
PARAMETRIC_REPRESENTATION_CONTEXT() REPRESENTATION_CONTEXT('2D SPACE',''
  ) );
#1316 = ORIENTED_EDGE('',*,*,#1267,.F.);
#1317 = ADVANCED_FACE('',(#1318),#1305,.T.);
#1318 = FACE_BOUND('',#1319,.T.);
#1319 = EDGE_LOOP('',(#1320,#1321,#1344,#1371));
#1320 = ORIENTED_EDGE('',*,*,#1290,.T.);
#1321 = ORIENTED_EDGE('',*,*,#1322,.T.);
#1322 = EDGE_CURVE('',#1268,#1323,#1325,.T.);
#1323 = VERTEX_POINT('',#1324);
#1324 = CARTESIAN_POINT('',(2.,0.,8.05));
#1325 = SEAM_CURVE('',#1326,(#1330,#1337),.PCURVE_S1.);
#1326 = LINE('',#1327,#1328);
#1327 = CARTESIAN_POINT('',(1.57062,0.,7.7));
#1328 = VECTOR('',#1329,1.);
#1329 = DIRECTION('',(0.77511579593,0.,0.631819201117));
#1330 = PCURVE('',#1305,#1331);
#1331 = DEFINITIONAL_REPRESENTATION('',(#1332),#1336);
#1332 = LINE('',#1333,#1334);
#1333 = CARTESIAN_POINT('',(0.,0.));
#1334 = VECTOR('',#1335,1.);
#1335 = DIRECTION('',(0.,1.));
#1336 = ( GEOMETRIC_REPRESENTATION_CONTEXT(2) 
PARAMETRIC_REPRESENTATION_CONTEXT() REPRESENTATION_CONTEXT('2D SPACE',''
  ) );
#1337 = PCURVE('',#1305,#1338);
#1338 = DEFINITIONAL_REPRESENTATION('',(#1339),#1343);
#1339 = LINE('',#1340,#1341);
#1340 = CARTESIAN_POINT('',(6.28318530718,0.));
#1341 = VECTOR('',#1342,1.);
#1342 = DIRECTION('',(0.,1.));
#1343 = ( GEOMETRIC_REPRESENTATION_CONTEXT(2) 
PARAMETRIC_REPRESENTATION_CONTEXT() REPRESENTATION_CONTEXT('2D SPACE',''
  ) );
#1344 = ORIENTED_EDGE('',*,*,#1345,.F.);
#1345 = EDGE_CURVE('',#1323,#1323,#1346,.T.);
#1346 = SURFACE_CURVE('',#1347,(#1352,#1359),.PCURVE_S1.);
#1347 = CIRCLE('',#1348,2.);
#1348 = AXIS2_PLACEMENT_3D('',#1349,#1350,#1351);
#1349 = CARTESIAN_POINT('',(0.,0.,8.05));
#1350 = DIRECTION('',(0.,0.,1.));
#1351 = DIRECTION('',(1.,0.,-0.));
#1352 = PCURVE('',#1305,#1353);
#1353 = DEFINITIONAL_REPRESENTATION('',(#1354),#1358);
#1354 = LINE('',#1355,#1356);
#1355 = CARTESIAN_POINT('',(0.,0.35));
#1356 = VECTOR('',#1357,1.);
#1357 = DIRECTION('',(1.,0.));
#1358 = ( GEOMETRIC_REPRESENTATION_CONTEXT(2) 
PARAMETRIC_REPRESENTATION_CONTEXT() REPRESENTATION_CONTEXT('2D SPACE',''
  ) );
#1359 = PCURVE('',#1360,#1365);
#1360 = CONICAL_SURFACE('',#1361,2.,0.88689834824);
#1361 = AXIS2_PLACEMENT_3D('',#1362,#1363,#1364);
#1362 = CARTESIAN_POINT('',(0.,0.,8.05));
#1363 = DIRECTION('',(-0.,-0.,-1.));
#1364 = DIRECTION('',(1.,0.,-0.));
#1365 = DEFINITIONAL_REPRESENTATION('',(#1366),#1370);
#1366 = LINE('',#1367,#1368);
#1367 = CARTESIAN_POINT('',(-0.,-0.));
#1368 = VECTOR('',#1369,1.);
#1369 = DIRECTION('',(-1.,-0.));
#1370 = ( GEOMETRIC_REPRESENTATION_CONTEXT(2) 
PARAMETRIC_REPRESENTATION_CONTEXT() REPRESENTATION_CONTEXT('2D SPACE',''
  ) );
#1371 = ORIENTED_EDGE('',*,*,#1322,.F.);
#1372 = ADVANCED_FACE('',(#1373),#1360,.T.);
#1373 = FACE_BOUND('',#1374,.T.);
#1374 = EDGE_LOOP('',(#1375,#1376,#1399,#1426));
#1375 = ORIENTED_EDGE('',*,*,#1345,.T.);
#1376 = ORIENTED_EDGE('',*,*,#1377,.T.);
#1377 = EDGE_CURVE('',#1323,#1378,#1380,.T.);
#1378 = VERTEX_POINT('',#1379);
#1379 = CARTESIAN_POINT('',(1.57062,0.,8.4));
#1380 = SEAM_CURVE('',#1381,(#1385,#1392),.PCURVE_S1.);
#1381 = LINE('',#1382,#1383);
#1382 = CARTESIAN_POINT('',(2.,0.,8.05));
#1383 = VECTOR('',#1384,1.);
#1384 = DIRECTION('',(-0.77511579593,0.,0.631819201117));
#1385 = PCURVE('',#1360,#1386);
#1386 = DEFINITIONAL_REPRESENTATION('',(#1387),#1391);
#1387 = LINE('',#1388,#1389);
#1388 = CARTESIAN_POINT('',(-0.,-0.));
#1389 = VECTOR('',#1390,1.);
#1390 = DIRECTION('',(-0.,-1.));
#1391 = ( GEOMETRIC_REPRESENTATION_CONTEXT(2) 
PARAMETRIC_REPRESENTATION_CONTEXT() REPRESENTATION_CONTEXT('2D SPACE',''
  ) );
#1392 = PCURVE('',#1360,#1393);
#1393 = DEFINITIONAL_REPRESENTATION('',(#1394),#1398);
#1394 = LINE('',#1395,#1396);
#1395 = CARTESIAN_POINT('',(-6.28318530718,-0.));
#1396 = VECTOR('',#1397,1.);
#1397 = DIRECTION('',(-0.,-1.));
#1398 = ( GEOMETRIC_REPRESENTATION_CONTEXT(2) 
PARAMETRIC_REPRESENTATION_CONTEXT() REPRESENTATION_CONTEXT('2D SPACE',''
  ) );
#1399 = ORIENTED_EDGE('',*,*,#1400,.F.);
#1400 = EDGE_CURVE('',#1378,#1378,#1401,.T.);
#1401 = SURFACE_CURVE('',#1402,(#1407,#1414),.PCURVE_S1.);
#1402 = CIRCLE('',#1403,1.57062);
#1403 = AXIS2_PLACEMENT_3D('',#1404,#1405,#1406);
#1404 = CARTESIAN_POINT('',(0.,0.,8.4));
#1405 = DIRECTION('',(0.,0.,1.));
#1406 = DIRECTION('',(1.,0.,-0.));
#1407 = PCURVE('',#1360,#1408);
#1408 = DEFINITIONAL_REPRESENTATION('',(#1409),#1413);
#1409 = LINE('',#1410,#1411);
#1410 = CARTESIAN_POINT('',(-0.,-0.35));
#1411 = VECTOR('',#1412,1.);
#1412 = DIRECTION('',(-1.,-0.));
#1413 = ( GEOMETRIC_REPRESENTATION_CONTEXT(2) 
PARAMETRIC_REPRESENTATION_CONTEXT() REPRESENTATION_CONTEXT('2D SPACE',''
  ) );
#1414 = PCURVE('',#1415,#1420);
#1415 = CONICAL_SURFACE('',#1416,1.57062,0.88689834824);
#1416 = AXIS2_PLACEMENT_3D('',#1417,#1418,#1419);
#1417 = CARTESIAN_POINT('',(0.,0.,8.4));
#1418 = DIRECTION('',(0.,0.,1.));
#1419 = DIRECTION('',(1.,0.,-0.));
#1420 = DEFINITIONAL_REPRESENTATION('',(#1421),#1425);
#1421 = LINE('',#1422,#1423);
#1422 = CARTESIAN_POINT('',(0.,0.));
#1423 = VECTOR('',#1424,1.);
#1424 = DIRECTION('',(1.,0.));
#1425 = ( GEOMETRIC_REPRESENTATION_CONTEXT(2) 
PARAMETRIC_REPRESENTATION_CONTEXT() REPRESENTATION_CONTEXT('2D SPACE',''
  ) );
#1426 = ORIENTED_EDGE('',*,*,#1377,.F.);
#1427 = ADVANCED_FACE('',(#1428),#1415,.T.);
#1428 = FACE_BOUND('',#1429,.T.);
#1429 = EDGE_LOOP('',(#1430,#1431,#1454,#1481));
#1430 = ORIENTED_EDGE('',*,*,#1400,.T.);
#1431 = ORIENTED_EDGE('',*,*,#1432,.T.);
#1432 = EDGE_CURVE('',#1378,#1433,#1435,.T.);
#1433 = VERTEX_POINT('',#1434);
#1434 = CARTESIAN_POINT('',(2.,0.,8.75));
#1435 = SEAM_CURVE('',#1436,(#1440,#1447),.PCURVE_S1.);
#1436 = LINE('',#1437,#1438);
#1437 = CARTESIAN_POINT('',(1.57062,0.,8.4));
#1438 = VECTOR('',#1439,1.);
#1439 = DIRECTION('',(0.77511579593,0.,0.631819201117));
#1440 = PCURVE('',#1415,#1441);
#1441 = DEFINITIONAL_REPRESENTATION('',(#1442),#1446);
#1442 = LINE('',#1443,#1444);
#1443 = CARTESIAN_POINT('',(0.,0.));
#1444 = VECTOR('',#1445,1.);
#1445 = DIRECTION('',(0.,1.));
#1446 = ( GEOMETRIC_REPRESENTATION_CONTEXT(2) 
PARAMETRIC_REPRESENTATION_CONTEXT() REPRESENTATION_CONTEXT('2D SPACE',''
  ) );
#1447 = PCURVE('',#1415,#1448);
#1448 = DEFINITIONAL_REPRESENTATION('',(#1449),#1453);
#1449 = LINE('',#1450,#1451);
#1450 = CARTESIAN_POINT('',(6.28318530718,0.));
#1451 = VECTOR('',#1452,1.);
#1452 = DIRECTION('',(0.,1.));
#1453 = ( GEOMETRIC_REPRESENTATION_CONTEXT(2) 
PARAMETRIC_REPRESENTATION_CONTEXT() REPRESENTATION_CONTEXT('2D SPACE',''
  ) );
#1454 = ORIENTED_EDGE('',*,*,#1455,.F.);
#1455 = EDGE_CURVE('',#1433,#1433,#1456,.T.);
#1456 = SURFACE_CURVE('',#1457,(#1462,#1469),.PCURVE_S1.);
#1457 = CIRCLE('',#1458,2.);
#1458 = AXIS2_PLACEMENT_3D('',#1459,#1460,#1461);
#1459 = CARTESIAN_POINT('',(0.,0.,8.75));
#1460 = DIRECTION('',(0.,0.,1.));
#1461 = DIRECTION('',(1.,0.,-0.));
#1462 = PCURVE('',#1415,#1463);
#1463 = DEFINITIONAL_REPRESENTATION('',(#1464),#1468);
#1464 = LINE('',#1465,#1466);
#1465 = CARTESIAN_POINT('',(0.,0.35));
#1466 = VECTOR('',#1467,1.);
#1467 = DIRECTION('',(1.,0.));
#1468 = ( GEOMETRIC_REPRESENTATION_CONTEXT(2) 
PARAMETRIC_REPRESENTATION_CONTEXT() REPRESENTATION_CONTEXT('2D SPACE',''
  ) );
#1469 = PCURVE('',#1470,#1475);
#1470 = CONICAL_SURFACE('',#1471,2.,0.88689834824);
#1471 = AXIS2_PLACEMENT_3D('',#1472,#1473,#1474);
#1472 = CARTESIAN_POINT('',(0.,0.,8.75));
#1473 = DIRECTION('',(-0.,-0.,-1.));
#1474 = DIRECTION('',(1.,0.,-0.));
#1475 = DEFINITIONAL_REPRESENTATION('',(#1476),#1480);
#1476 = LINE('',#1477,#1478);
#1477 = CARTESIAN_POINT('',(-0.,-0.));
#1478 = VECTOR('',#1479,1.);
#1479 = DIRECTION('',(-1.,-0.));
#1480 = ( GEOMETRIC_REPRESENTATION_CONTEXT(2) 
PARAMETRIC_REPRESENTATION_CONTEXT() REPRESENTATION_CONTEXT('2D SPACE',''
  ) );
#1481 = ORIENTED_EDGE('',*,*,#1432,.F.);
#1482 = ADVANCED_FACE('',(#1483),#1470,.T.);
#1483 = FACE_BOUND('',#1484,.T.);
#1484 = EDGE_LOOP('',(#1485,#1486,#1509,#1536));
#1485 = ORIENTED_EDGE('',*,*,#1455,.T.);
#1486 = ORIENTED_EDGE('',*,*,#1487,.T.);
#1487 = EDGE_CURVE('',#1433,#1488,#1490,.T.);
#1488 = VERTEX_POINT('',#1489);
#1489 = CARTESIAN_POINT('',(1.57062,0.,9.1));
#1490 = SEAM_CURVE('',#1491,(#1495,#1502),.PCURVE_S1.);
#1491 = LINE('',#1492,#1493);
#1492 = CARTESIAN_POINT('',(2.,0.,8.75));
#1493 = VECTOR('',#1494,1.);
#1494 = DIRECTION('',(-0.77511579593,0.,0.631819201117));
#1495 = PCURVE('',#1470,#1496);
#1496 = DEFINITIONAL_REPRESENTATION('',(#1497),#1501);
#1497 = LINE('',#1498,#1499);
#1498 = CARTESIAN_POINT('',(-0.,-0.));
#1499 = VECTOR('',#1500,1.);
#1500 = DIRECTION('',(-0.,-1.));
#1501 = ( GEOMETRIC_REPRESENTATION_CONTEXT(2) 
PARAMETRIC_REPRESENTATION_CONTEXT() REPRESENTATION_CONTEXT('2D SPACE',''
  ) );
#1502 = PCURVE('',#1470,#1503);
#1503 = DEFINITIONAL_REPRESENTATION('',(#1504),#1508);
#1504 = LINE('',#1505,#1506);
#1505 = CARTESIAN_POINT('',(-6.28318530718,-0.));
#1506 = VECTOR('',#1507,1.);
#1507 = DIRECTION('',(-0.,-1.));
#1508 = ( GEOMETRIC_REPRESENTATION_CONTEXT(2) 
PARAMETRIC_REPRESENTATION_CONTEXT() REPRESENTATION_CONTEXT('2D SPACE',''
  ) );
#1509 = ORIENTED_EDGE('',*,*,#1510,.F.);
#1510 = EDGE_CURVE('',#1488,#1488,#1511,.T.);
#1511 = SURFACE_CURVE('',#1512,(#1517,#1524),.PCURVE_S1.);
#1512 = CIRCLE('',#1513,1.57062);
#1513 = AXIS2_PLACEMENT_3D('',#1514,#1515,#1516);
#1514 = CARTESIAN_POINT('',(0.,0.,9.1));
#1515 = DIRECTION('',(0.,0.,1.));
#1516 = DIRECTION('',(1.,0.,-0.));
#1517 = PCURVE('',#1470,#1518);
#1518 = DEFINITIONAL_REPRESENTATION('',(#1519),#1523);
#1519 = LINE('',#1520,#1521);
#1520 = CARTESIAN_POINT('',(-0.,-0.35));
#1521 = VECTOR('',#1522,1.);
#1522 = DIRECTION('',(-1.,-0.));
#1523 = ( GEOMETRIC_REPRESENTATION_CONTEXT(2) 
PARAMETRIC_REPRESENTATION_CONTEXT() REPRESENTATION_CONTEXT('2D SPACE',''
  ) );
#1524 = PCURVE('',#1525,#1530);
#1525 = CONICAL_SURFACE('',#1526,1.57062,0.88689834824);
#1526 = AXIS2_PLACEMENT_3D('',#1527,#1528,#1529);
#1527 = CARTESIAN_POINT('',(0.,0.,9.1));
#1528 = DIRECTION('',(0.,0.,1.));
#1529 = DIRECTION('',(1.,0.,-0.));
#1530 = DEFINITIONAL_REPRESENTATION('',(#1531),#1535);
#1531 = LINE('',#1532,#1533);
#1532 = CARTESIAN_POINT('',(0.,0.));
#1533 = VECTOR('',#1534,1.);
#1534 = DIRECTION('',(1.,0.));
#1535 = ( GEOMETRIC_REPRESENTATION_CONTEXT(2) 
PARAMETRIC_REPRESENTATION_CONTEXT() REPRESENTATION_CONTEXT('2D SPACE',''
  ) );
#1536 = ORIENTED_EDGE('',*,*,#1487,.F.);
#1537 = ADVANCED_FACE('',(#1538),#1525,.T.);
#1538 = FACE_BOUND('',#1539,.T.);
#1539 = EDGE_LOOP('',(#1540,#1541,#1564,#1591));
#1540 = ORIENTED_EDGE('',*,*,#1510,.T.);
#1541 = ORIENTED_EDGE('',*,*,#1542,.T.);
#1542 = EDGE_CURVE('',#1488,#1543,#1545,.T.);
#1543 = VERTEX_POINT('',#1544);
#1544 = CARTESIAN_POINT('',(2.,0.,9.45));
#1545 = SEAM_CURVE('',#1546,(#1550,#1557),.PCURVE_S1.);
#1546 = LINE('',#1547,#1548);
#1547 = CARTESIAN_POINT('',(1.57062,0.,9.1));
#1548 = VECTOR('',#1549,1.);
#1549 = DIRECTION('',(0.77511579593,0.,0.631819201117));
#1550 = PCURVE('',#1525,#1551);
#1551 = DEFINITIONAL_REPRESENTATION('',(#1552),#1556);
#1552 = LINE('',#1553,#1554);
#1553 = CARTESIAN_POINT('',(0.,0.));
#1554 = VECTOR('',#1555,1.);
#1555 = DIRECTION('',(0.,1.));
#1556 = ( GEOMETRIC_REPRESENTATION_CONTEXT(2) 
PARAMETRIC_REPRESENTATION_CONTEXT() REPRESENTATION_CONTEXT('2D SPACE',''
  ) );
#1557 = PCURVE('',#1525,#1558);
#1558 = DEFINITIONAL_REPRESENTATION('',(#1559),#1563);
#1559 = LINE('',#1560,#1561);
#1560 = CARTESIAN_POINT('',(6.28318530718,0.));
#1561 = VECTOR('',#1562,1.);
#1562 = DIRECTION('',(0.,1.));
#1563 = ( GEOMETRIC_REPRESENTATION_CONTEXT(2) 
PARAMETRIC_REPRESENTATION_CONTEXT() REPRESENTATION_CONTEXT('2D SPACE',''
  ) );
#1564 = ORIENTED_EDGE('',*,*,#1565,.F.);
#1565 = EDGE_CURVE('',#1543,#1543,#1566,.T.);
#1566 = SURFACE_CURVE('',#1567,(#1572,#1579),.PCURVE_S1.);
#1567 = CIRCLE('',#1568,2.);
#1568 = AXIS2_PLACEMENT_3D('',#1569,#1570,#1571);
#1569 = CARTESIAN_POINT('',(0.,0.,9.45));
#1570 = DIRECTION('',(0.,0.,1.));
#1571 = DIRECTION('',(1.,0.,-0.));
#1572 = PCURVE('',#1525,#1573);
#1573 = DEFINITIONAL_REPRESENTATION('',(#1574),#1578);
#1574 = LINE('',#1575,#1576);
#1575 = CARTESIAN_POINT('',(0.,0.35));
#1576 = VECTOR('',#1577,1.);
#1577 = DIRECTION('',(1.,0.));
#1578 = ( GEOMETRIC_REPRESENTATION_CONTEXT(2) 
PARAMETRIC_REPRESENTATION_CONTEXT() REPRESENTATION_CONTEXT('2D SPACE',''
  ) );
#1579 = PCURVE('',#1580,#1585);
#1580 = CONICAL_SURFACE('',#1581,2.,0.88689834824);
#1581 = AXIS2_PLACEMENT_3D('',#1582,#1583,#1584);
#1582 = CARTESIAN_POINT('',(0.,0.,9.45));
#1583 = DIRECTION('',(-0.,-0.,-1.));
#1584 = DIRECTION('',(1.,0.,-0.));
#1585 = DEFINITIONAL_REPRESENTATION('',(#1586),#1590);
#1586 = LINE('',#1587,#1588);
#1587 = CARTESIAN_POINT('',(-0.,-0.));
#1588 = VECTOR('',#1589,1.);
#1589 = DIRECTION('',(-1.,-0.));
#1590 = ( GEOMETRIC_REPRESENTATION_CONTEXT(2) 
PARAMETRIC_REPRESENTATION_CONTEXT() REPRESENTATION_CONTEXT('2D SPACE',''
  ) );
#1591 = ORIENTED_EDGE('',*,*,#1542,.F.);
#1592 = ADVANCED_FACE('',(#1593),#1580,.T.);
#1593 = FACE_BOUND('',#1594,.T.);
#1594 = EDGE_LOOP('',(#1595,#1596,#1619,#1646));
#1595 = ORIENTED_EDGE('',*,*,#1565,.T.);
#1596 = ORIENTED_EDGE('',*,*,#1597,.T.);
#1597 = EDGE_CURVE('',#1543,#1598,#1600,.T.);
#1598 = VERTEX_POINT('',#1599);
#1599 = CARTESIAN_POINT('',(1.57062,0.,9.8));
#1600 = SEAM_CURVE('',#1601,(#1605,#1612),.PCURVE_S1.);
#1601 = LINE('',#1602,#1603);
#1602 = CARTESIAN_POINT('',(2.,0.,9.45));
#1603 = VECTOR('',#1604,1.);
#1604 = DIRECTION('',(-0.77511579593,0.,0.631819201117));
#1605 = PCURVE('',#1580,#1606);
#1606 = DEFINITIONAL_REPRESENTATION('',(#1607),#1611);
#1607 = LINE('',#1608,#1609);
#1608 = CARTESIAN_POINT('',(-0.,-0.));
#1609 = VECTOR('',#1610,1.);
#1610 = DIRECTION('',(-0.,-1.));
#1611 = ( GEOMETRIC_REPRESENTATION_CONTEXT(2) 
PARAMETRIC_REPRESENTATION_CONTEXT() REPRESENTATION_CONTEXT('2D SPACE',''
  ) );
#1612 = PCURVE('',#1580,#1613);
#1613 = DEFINITIONAL_REPRESENTATION('',(#1614),#1618);
#1614 = LINE('',#1615,#1616);
#1615 = CARTESIAN_POINT('',(-6.28318530718,-0.));
#1616 = VECTOR('',#1617,1.);
#1617 = DIRECTION('',(-0.,-1.));
#1618 = ( GEOMETRIC_REPRESENTATION_CONTEXT(2) 
PARAMETRIC_REPRESENTATION_CONTEXT() REPRESENTATION_CONTEXT('2D SPACE',''
  ) );
#1619 = ORIENTED_EDGE('',*,*,#1620,.F.);
#1620 = EDGE_CURVE('',#1598,#1598,#1621,.T.);
#1621 = SURFACE_CURVE('',#1622,(#1627,#1634),.PCURVE_S1.);
#1622 = CIRCLE('',#1623,1.57062);
#1623 = AXIS2_PLACEMENT_3D('',#1624,#1625,#1626);
#1624 = CARTESIAN_POINT('',(0.,0.,9.8));
#1625 = DIRECTION('',(0.,0.,1.));
#1626 = DIRECTION('',(1.,0.,-0.));
#1627 = PCURVE('',#1580,#1628);
#1628 = DEFINITIONAL_REPRESENTATION('',(#1629),#1633);
#1629 = LINE('',#1630,#1631);
#1630 = CARTESIAN_POINT('',(-0.,-0.35));
#1631 = VECTOR('',#1632,1.);
#1632 = DIRECTION('',(-1.,-0.));
#1633 = ( GEOMETRIC_REPRESENTATION_CONTEXT(2) 
PARAMETRIC_REPRESENTATION_CONTEXT() REPRESENTATION_CONTEXT('2D SPACE',''
  ) );
#1634 = PCURVE('',#1635,#1640);
#1635 = CONICAL_SURFACE('',#1636,1.57062,0.88689834824);
#1636 = AXIS2_PLACEMENT_3D('',#1637,#1638,#1639);
#1637 = CARTESIAN_POINT('',(0.,0.,9.8));
#1638 = DIRECTION('',(0.,0.,1.));
#1639 = DIRECTION('',(1.,0.,-0.));
#1640 = DEFINITIONAL_REPRESENTATION('',(#1641),#1645);
#1641 = LINE('',#1642,#1643);
#1642 = CARTESIAN_POINT('',(0.,0.));
#1643 = VECTOR('',#1644,1.);
#1644 = DIRECTION('',(1.,0.));
#1645 = ( GEOMETRIC_REPRESENTATION_CONTEXT(2) 
PARAMETRIC_REPRESENTATION_CONTEXT() REPRESENTATION_CONTEXT('2D SPACE',''
  ) );
#1646 = ORIENTED_EDGE('',*,*,#1597,.F.);
#1647 = ADVANCED_FACE('',(#1648),#1635,.T.);
#1648 = FACE_BOUND('',#1649,.T.);
#1649 = EDGE_LOOP('',(#1650,#1651,#1674,#1701));
#1650 = ORIENTED_EDGE('',*,*,#1620,.T.);
#1651 = ORIENTED_EDGE('',*,*,#1652,.T.);
#1652 = EDGE_CURVE('',#1598,#1653,#1655,.T.);
#1653 = VERTEX_POINT('',#1654);
#1654 = CARTESIAN_POINT('',(2.,0.,10.15));
#1655 = SEAM_CURVE('',#1656,(#1660,#1667),.PCURVE_S1.);
#1656 = LINE('',#1657,#1658);
#1657 = CARTESIAN_POINT('',(1.57062,0.,9.8));
#1658 = VECTOR('',#1659,1.);
#1659 = DIRECTION('',(0.77511579593,0.,0.631819201117));
#1660 = PCURVE('',#1635,#1661);
#1661 = DEFINITIONAL_REPRESENTATION('',(#1662),#1666);
#1662 = LINE('',#1663,#1664);
#1663 = CARTESIAN_POINT('',(0.,0.));
#1664 = VECTOR('',#1665,1.);
#1665 = DIRECTION('',(0.,1.));
#1666 = ( GEOMETRIC_REPRESENTATION_CONTEXT(2) 
PARAMETRIC_REPRESENTATION_CONTEXT() REPRESENTATION_CONTEXT('2D SPACE',''
  ) );
#1667 = PCURVE('',#1635,#1668);
#1668 = DEFINITIONAL_REPRESENTATION('',(#1669),#1673);
#1669 = LINE('',#1670,#1671);
#1670 = CARTESIAN_POINT('',(6.28318530718,0.));
#1671 = VECTOR('',#1672,1.);
#1672 = DIRECTION('',(0.,1.));
#1673 = ( GEOMETRIC_REPRESENTATION_CONTEXT(2) 
PARAMETRIC_REPRESENTATION_CONTEXT() REPRESENTATION_CONTEXT('2D SPACE',''
  ) );
#1674 = ORIENTED_EDGE('',*,*,#1675,.F.);
#1675 = EDGE_CURVE('',#1653,#1653,#1676,.T.);
#1676 = SURFACE_CURVE('',#1677,(#1682,#1689),.PCURVE_S1.);
#1677 = CIRCLE('',#1678,2.);
#1678 = AXIS2_PLACEMENT_3D('',#1679,#1680,#1681);
#1679 = CARTESIAN_POINT('',(0.,0.,10.15));
#1680 = DIRECTION('',(0.,0.,1.));
#1681 = DIRECTION('',(1.,0.,-0.));
#1682 = PCURVE('',#1635,#1683);
#1683 = DEFINITIONAL_REPRESENTATION('',(#1684),#1688);
#1684 = LINE('',#1685,#1686);
#1685 = CARTESIAN_POINT('',(0.,0.35));
#1686 = VECTOR('',#1687,1.);
#1687 = DIRECTION('',(1.,0.));
#1688 = ( GEOMETRIC_REPRESENTATION_CONTEXT(2) 
PARAMETRIC_REPRESENTATION_CONTEXT() REPRESENTATION_CONTEXT('2D SPACE',''
  ) );
#1689 = PCURVE('',#1690,#1695);
#1690 = CONICAL_SURFACE('',#1691,2.,0.88689834824);
#1691 = AXIS2_PLACEMENT_3D('',#1692,#1693,#1694);
#1692 = CARTESIAN_POINT('',(0.,0.,10.15));
#1693 = DIRECTION('',(-0.,-0.,-1.));
#1694 = DIRECTION('',(1.,0.,-0.));
#1695 = DEFINITIONAL_REPRESENTATION('',(#1696),#1700);
#1696 = LINE('',#1697,#1698);
#1697 = CARTESIAN_POINT('',(-0.,-0.));
#1698 = VECTOR('',#1699,1.);
#1699 = DIRECTION('',(-1.,-0.));
#1700 = ( GEOMETRIC_REPRESENTATION_CONTEXT(2) 
PARAMETRIC_REPRESENTATION_CONTEXT() REPRESENTATION_CONTEXT('2D SPACE',''
  ) );
#1701 = ORIENTED_EDGE('',*,*,#1652,.F.);
#1702 = ADVANCED_FACE('',(#1703),#1690,.T.);
#1703 = FACE_BOUND('',#1704,.T.);
#1704 = EDGE_LOOP('',(#1705,#1706,#1729,#1756));
#1705 = ORIENTED_EDGE('',*,*,#1675,.T.);
#1706 = ORIENTED_EDGE('',*,*,#1707,.T.);
#1707 = EDGE_CURVE('',#1653,#1708,#1710,.T.);
#1708 = VERTEX_POINT('',#1709);
#1709 = CARTESIAN_POINT('',(1.57062,0.,10.5));
#1710 = SEAM_CURVE('',#1711,(#1715,#1722),.PCURVE_S1.);
#1711 = LINE('',#1712,#1713);
#1712 = CARTESIAN_POINT('',(2.,0.,10.15));
#1713 = VECTOR('',#1714,1.);
#1714 = DIRECTION('',(-0.77511579593,0.,0.631819201117));
#1715 = PCURVE('',#1690,#1716);
#1716 = DEFINITIONAL_REPRESENTATION('',(#1717),#1721);
#1717 = LINE('',#1718,#1719);
#1718 = CARTESIAN_POINT('',(-0.,-0.));
#1719 = VECTOR('',#1720,1.);
#1720 = DIRECTION('',(-0.,-1.));
#1721 = ( GEOMETRIC_REPRESENTATION_CONTEXT(2) 
PARAMETRIC_REPRESENTATION_CONTEXT() REPRESENTATION_CONTEXT('2D SPACE',''
  ) );
#1722 = PCURVE('',#1690,#1723);
#1723 = DEFINITIONAL_REPRESENTATION('',(#1724),#1728);
#1724 = LINE('',#1725,#1726);
#1725 = CARTESIAN_POINT('',(-6.28318530718,-0.));
#1726 = VECTOR('',#1727,1.);
#1727 = DIRECTION('',(-0.,-1.));
#1728 = ( GEOMETRIC_REPRESENTATION_CONTEXT(2) 
PARAMETRIC_REPRESENTATION_CONTEXT() REPRESENTATION_CONTEXT('2D SPACE',''
  ) );
#1729 = ORIENTED_EDGE('',*,*,#1730,.F.);
#1730 = EDGE_CURVE('',#1708,#1708,#1731,.T.);
#1731 = SURFACE_CURVE('',#1732,(#1737,#1744),.PCURVE_S1.);
#1732 = CIRCLE('',#1733,1.57062);
#1733 = AXIS2_PLACEMENT_3D('',#1734,#1735,#1736);
#1734 = CARTESIAN_POINT('',(0.,0.,10.5));
#1735 = DIRECTION('',(0.,0.,1.));
#1736 = DIRECTION('',(1.,0.,-0.));
#1737 = PCURVE('',#1690,#1738);
#1738 = DEFINITIONAL_REPRESENTATION('',(#1739),#1743);
#1739 = LINE('',#1740,#1741);
#1740 = CARTESIAN_POINT('',(-0.,-0.35));
#1741 = VECTOR('',#1742,1.);
#1742 = DIRECTION('',(-1.,-0.));
#1743 = ( GEOMETRIC_REPRESENTATION_CONTEXT(2) 
PARAMETRIC_REPRESENTATION_CONTEXT() REPRESENTATION_CONTEXT('2D SPACE',''
  ) );
#1744 = PCURVE('',#1745,#1750);
#1745 = CONICAL_SURFACE('',#1746,1.57062,0.88689834824);
#1746 = AXIS2_PLACEMENT_3D('',#1747,#1748,#1749);
#1747 = CARTESIAN_POINT('',(0.,0.,10.5));
#1748 = DIRECTION('',(0.,0.,1.));
#1749 = DIRECTION('',(1.,0.,-0.));
#1750 = DEFINITIONAL_REPRESENTATION('',(#1751),#1755);
#1751 = LINE('',#1752,#1753);
#1752 = CARTESIAN_POINT('',(0.,0.));
#1753 = VECTOR('',#1754,1.);
#1754 = DIRECTION('',(1.,0.));
#1755 = ( GEOMETRIC_REPRESENTATION_CONTEXT(2) 
PARAMETRIC_REPRESENTATION_CONTEXT() REPRESENTATION_CONTEXT('2D SPACE',''
  ) );
#1756 = ORIENTED_EDGE('',*,*,#1707,.F.);
#1757 = ADVANCED_FACE('',(#1758),#1745,.T.);
#1758 = FACE_BOUND('',#1759,.T.);
#1759 = EDGE_LOOP('',(#1760,#1761,#1784,#1811));
#1760 = ORIENTED_EDGE('',*,*,#1730,.T.);
#1761 = ORIENTED_EDGE('',*,*,#1762,.T.);
#1762 = EDGE_CURVE('',#1708,#1763,#1765,.T.);
#1763 = VERTEX_POINT('',#1764);
#1764 = CARTESIAN_POINT('',(2.,0.,10.85));
#1765 = SEAM_CURVE('',#1766,(#1770,#1777),.PCURVE_S1.);
#1766 = LINE('',#1767,#1768);
#1767 = CARTESIAN_POINT('',(1.57062,0.,10.5));
#1768 = VECTOR('',#1769,1.);
#1769 = DIRECTION('',(0.77511579593,0.,0.631819201117));
#1770 = PCURVE('',#1745,#1771);
#1771 = DEFINITIONAL_REPRESENTATION('',(#1772),#1776);
#1772 = LINE('',#1773,#1774);
#1773 = CARTESIAN_POINT('',(0.,0.));
#1774 = VECTOR('',#1775,1.);
#1775 = DIRECTION('',(0.,1.));
#1776 = ( GEOMETRIC_REPRESENTATION_CONTEXT(2) 
PARAMETRIC_REPRESENTATION_CONTEXT() REPRESENTATION_CONTEXT('2D SPACE',''
  ) );
#1777 = PCURVE('',#1745,#1778);
#1778 = DEFINITIONAL_REPRESENTATION('',(#1779),#1783);
#1779 = LINE('',#1780,#1781);
#1780 = CARTESIAN_POINT('',(6.28318530718,0.));
#1781 = VECTOR('',#1782,1.);
#1782 = DIRECTION('',(0.,1.));
#1783 = ( GEOMETRIC_REPRESENTATION_CONTEXT(2) 
PARAMETRIC_REPRESENTATION_CONTEXT() REPRESENTATION_CONTEXT('2D SPACE',''
  ) );
#1784 = ORIENTED_EDGE('',*,*,#1785,.F.);
#1785 = EDGE_CURVE('',#1763,#1763,#1786,.T.);
#1786 = SURFACE_CURVE('',#1787,(#1792,#1799),.PCURVE_S1.);
#1787 = CIRCLE('',#1788,2.);
#1788 = AXIS2_PLACEMENT_3D('',#1789,#1790,#1791);
#1789 = CARTESIAN_POINT('',(0.,0.,10.85));
#1790 = DIRECTION('',(0.,0.,1.));
#1791 = DIRECTION('',(1.,0.,-0.));
#1792 = PCURVE('',#1745,#1793);
#1793 = DEFINITIONAL_REPRESENTATION('',(#1794),#1798);
#1794 = LINE('',#1795,#1796);
#1795 = CARTESIAN_POINT('',(0.,0.35));
#1796 = VECTOR('',#1797,1.);
#1797 = DIRECTION('',(1.,0.));
#1798 = ( GEOMETRIC_REPRESENTATION_CONTEXT(2) 
PARAMETRIC_REPRESENTATION_CONTEXT() REPRESENTATION_CONTEXT('2D SPACE',''
  ) );
#1799 = PCURVE('',#1800,#1805);
#1800 = CONICAL_SURFACE('',#1801,2.,0.88689834824);
#1801 = AXIS2_PLACEMENT_3D('',#1802,#1803,#1804);
#1802 = CARTESIAN_POINT('',(0.,0.,10.85));
#1803 = DIRECTION('',(-0.,-0.,-1.));
#1804 = DIRECTION('',(1.,0.,-0.));
#1805 = DEFINITIONAL_REPRESENTATION('',(#1806),#1810);
#1806 = LINE('',#1807,#1808);
#1807 = CARTESIAN_POINT('',(-0.,-0.));
#1808 = VECTOR('',#1809,1.);
#1809 = DIRECTION('',(-1.,-0.));
#1810 = ( GEOMETRIC_REPRESENTATION_CONTEXT(2) 
PARAMETRIC_REPRESENTATION_CONTEXT() REPRESENTATION_CONTEXT('2D SPACE',''
  ) );
#1811 = ORIENTED_EDGE('',*,*,#1762,.F.);
#1812 = ADVANCED_FACE('',(#1813),#1800,.T.);
#1813 = FACE_BOUND('',#1814,.T.);
#1814 = EDGE_LOOP('',(#1815,#1816,#1839,#1866));
#1815 = ORIENTED_EDGE('',*,*,#1785,.T.);
#1816 = ORIENTED_EDGE('',*,*,#1817,.T.);
#1817 = EDGE_CURVE('',#1763,#1818,#1820,.T.);
#1818 = VERTEX_POINT('',#1819);
#1819 = CARTESIAN_POINT('',(1.57062,0.,11.2));
#1820 = SEAM_CURVE('',#1821,(#1825,#1832),.PCURVE_S1.);
#1821 = LINE('',#1822,#1823);
#1822 = CARTESIAN_POINT('',(2.,0.,10.85));
#1823 = VECTOR('',#1824,1.);
#1824 = DIRECTION('',(-0.77511579593,0.,0.631819201117));
#1825 = PCURVE('',#1800,#1826);
#1826 = DEFINITIONAL_REPRESENTATION('',(#1827),#1831);
#1827 = LINE('',#1828,#1829);
#1828 = CARTESIAN_POINT('',(-0.,-0.));
#1829 = VECTOR('',#1830,1.);
#1830 = DIRECTION('',(-0.,-1.));
#1831 = ( GEOMETRIC_REPRESENTATION_CONTEXT(2) 
PARAMETRIC_REPRESENTATION_CONTEXT() REPRESENTATION_CONTEXT('2D SPACE',''
  ) );
#1832 = PCURVE('',#1800,#1833);
#1833 = DEFINITIONAL_REPRESENTATION('',(#1834),#1838);
#1834 = LINE('',#1835,#1836);
#1835 = CARTESIAN_POINT('',(-6.28318530718,-0.));
#1836 = VECTOR('',#1837,1.);
#1837 = DIRECTION('',(-0.,-1.));
#1838 = ( GEOMETRIC_REPRESENTATION_CONTEXT(2) 
PARAMETRIC_REPRESENTATION_CONTEXT() REPRESENTATION_CONTEXT('2D SPACE',''
  ) );
#1839 = ORIENTED_EDGE('',*,*,#1840,.F.);
#1840 = EDGE_CURVE('',#1818,#1818,#1841,.T.);
#1841 = SURFACE_CURVE('',#1842,(#1847,#1854),.PCURVE_S1.);
#1842 = CIRCLE('',#1843,1.57062);
#1843 = AXIS2_PLACEMENT_3D('',#1844,#1845,#1846);
#1844 = CARTESIAN_POINT('',(0.,0.,11.2));
#1845 = DIRECTION('',(0.,0.,1.));
#1846 = DIRECTION('',(1.,0.,-0.));
#1847 = PCURVE('',#1800,#1848);
#1848 = DEFINITIONAL_REPRESENTATION('',(#1849),#1853);
#1849 = LINE('',#1850,#1851);
#1850 = CARTESIAN_POINT('',(-0.,-0.35));
#1851 = VECTOR('',#1852,1.);
#1852 = DIRECTION('',(-1.,-0.));
#1853 = ( GEOMETRIC_REPRESENTATION_CONTEXT(2) 
PARAMETRIC_REPRESENTATION_CONTEXT() REPRESENTATION_CONTEXT('2D SPACE',''
  ) );
#1854 = PCURVE('',#1855,#1860);
#1855 = CONICAL_SURFACE('',#1856,1.57062,0.88689834824);
#1856 = AXIS2_PLACEMENT_3D('',#1857,#1858,#1859);
#1857 = CARTESIAN_POINT('',(0.,0.,11.2));
#1858 = DIRECTION('',(0.,0.,1.));
#1859 = DIRECTION('',(1.,0.,-0.));
#1860 = DEFINITIONAL_REPRESENTATION('',(#1861),#1865);
#1861 = LINE('',#1862,#1863);
#1862 = CARTESIAN_POINT('',(0.,0.));
#1863 = VECTOR('',#1864,1.);
#1864 = DIRECTION('',(1.,0.));
#1865 = ( GEOMETRIC_REPRESENTATION_CONTEXT(2) 
PARAMETRIC_REPRESENTATION_CONTEXT() REPRESENTATION_CONTEXT('2D SPACE',''
  ) );
#1866 = ORIENTED_EDGE('',*,*,#1817,.F.);
#1867 = ADVANCED_FACE('',(#1868),#1855,.T.);
#1868 = FACE_BOUND('',#1869,.T.);
#1869 = EDGE_LOOP('',(#1870,#1871,#1894,#1921));
#1870 = ORIENTED_EDGE('',*,*,#1840,.T.);
#1871 = ORIENTED_EDGE('',*,*,#1872,.T.);
#1872 = EDGE_CURVE('',#1818,#1873,#1875,.T.);
#1873 = VERTEX_POINT('',#1874);
#1874 = CARTESIAN_POINT('',(2.,0.,11.55));
#1875 = SEAM_CURVE('',#1876,(#1880,#1887),.PCURVE_S1.);
#1876 = LINE('',#1877,#1878);
#1877 = CARTESIAN_POINT('',(1.57062,0.,11.2));
#1878 = VECTOR('',#1879,1.);
#1879 = DIRECTION('',(0.77511579593,0.,0.631819201117));
#1880 = PCURVE('',#1855,#1881);
#1881 = DEFINITIONAL_REPRESENTATION('',(#1882),#1886);
#1882 = LINE('',#1883,#1884);
#1883 = CARTESIAN_POINT('',(0.,0.));
#1884 = VECTOR('',#1885,1.);
#1885 = DIRECTION('',(0.,1.));
#1886 = ( GEOMETRIC_REPRESENTATION_CONTEXT(2) 
PARAMETRIC_REPRESENTATION_CONTEXT() REPRESENTATION_CONTEXT('2D SPACE',''
  ) );
#1887 = PCURVE('',#1855,#1888);
#1888 = DEFINITIONAL_REPRESENTATION('',(#1889),#1893);
#1889 = LINE('',#1890,#1891);
#1890 = CARTESIAN_POINT('',(6.28318530718,0.));
#1891 = VECTOR('',#1892,1.);
#1892 = DIRECTION('',(0.,1.));
#1893 = ( GEOMETRIC_REPRESENTATION_CONTEXT(2) 
PARAMETRIC_REPRESENTATION_CONTEXT() REPRESENTATION_CONTEXT('2D SPACE',''
  ) );
#1894 = ORIENTED_EDGE('',*,*,#1895,.F.);
#1895 = EDGE_CURVE('',#1873,#1873,#1896,.T.);
#1896 = SURFACE_CURVE('',#1897,(#1902,#1909),.PCURVE_S1.);
#1897 = CIRCLE('',#1898,2.);
#1898 = AXIS2_PLACEMENT_3D('',#1899,#1900,#1901);
#1899 = CARTESIAN_POINT('',(0.,0.,11.55));
#1900 = DIRECTION('',(0.,0.,1.));
#1901 = DIRECTION('',(1.,0.,-0.));
#1902 = PCURVE('',#1855,#1903);
#1903 = DEFINITIONAL_REPRESENTATION('',(#1904),#1908);
#1904 = LINE('',#1905,#1906);
#1905 = CARTESIAN_POINT('',(0.,0.35));
#1906 = VECTOR('',#1907,1.);
#1907 = DIRECTION('',(1.,0.));
#1908 = ( GEOMETRIC_REPRESENTATION_CONTEXT(2) 
PARAMETRIC_REPRESENTATION_CONTEXT() REPRESENTATION_CONTEXT('2D SPACE',''
  ) );
#1909 = PCURVE('',#1910,#1915);
#1910 = CONICAL_SURFACE('',#1911,2.,0.88689834824);
#1911 = AXIS2_PLACEMENT_3D('',#1912,#1913,#1914);
#1912 = CARTESIAN_POINT('',(0.,0.,11.55));
#1913 = DIRECTION('',(-0.,-0.,-1.));
#1914 = DIRECTION('',(1.,0.,-0.));
#1915 = DEFINITIONAL_REPRESENTATION('',(#1916),#1920);
#1916 = LINE('',#1917,#1918);
#1917 = CARTESIAN_POINT('',(-0.,-0.));
#1918 = VECTOR('',#1919,1.);
#1919 = DIRECTION('',(-1.,-0.));
#1920 = ( GEOMETRIC_REPRESENTATION_CONTEXT(2) 
PARAMETRIC_REPRESENTATION_CONTEXT() REPRESENTATION_CONTEXT('2D SPACE',''
  ) );
#1921 = ORIENTED_EDGE('',*,*,#1872,.F.);
#1922 = ADVANCED_FACE('',(#1923),#1910,.T.);
#1923 = FACE_BOUND('',#1924,.T.);
#1924 = EDGE_LOOP('',(#1925,#1926,#1949,#1976));
#1925 = ORIENTED_EDGE('',*,*,#1895,.T.);
#1926 = ORIENTED_EDGE('',*,*,#1927,.T.);
#1927 = EDGE_CURVE('',#1873,#1928,#1930,.T.);
#1928 = VERTEX_POINT('',#1929);
#1929 = CARTESIAN_POINT('',(1.57062,0.,11.9));
#1930 = SEAM_CURVE('',#1931,(#1935,#1942),.PCURVE_S1.);
#1931 = LINE('',#1932,#1933);
#1932 = CARTESIAN_POINT('',(2.,0.,11.55));
#1933 = VECTOR('',#1934,1.);
#1934 = DIRECTION('',(-0.77511579593,0.,0.631819201117));
#1935 = PCURVE('',#1910,#1936);
#1936 = DEFINITIONAL_REPRESENTATION('',(#1937),#1941);
#1937 = LINE('',#1938,#1939);
#1938 = CARTESIAN_POINT('',(-0.,-0.));
#1939 = VECTOR('',#1940,1.);
#1940 = DIRECTION('',(-0.,-1.));
#1941 = ( GEOMETRIC_REPRESENTATION_CONTEXT(2) 
PARAMETRIC_REPRESENTATION_CONTEXT() REPRESENTATION_CONTEXT('2D SPACE',''
  ) );
#1942 = PCURVE('',#1910,#1943);
#1943 = DEFINITIONAL_REPRESENTATION('',(#1944),#1948);
#1944 = LINE('',#1945,#1946);
#1945 = CARTESIAN_POINT('',(-6.28318530718,-0.));
#1946 = VECTOR('',#1947,1.);
#1947 = DIRECTION('',(-0.,-1.));
#1948 = ( GEOMETRIC_REPRESENTATION_CONTEXT(2) 
PARAMETRIC_REPRESENTATION_CONTEXT() REPRESENTATION_CONTEXT('2D SPACE',''
  ) );
#1949 = ORIENTED_EDGE('',*,*,#1950,.F.);
#1950 = EDGE_CURVE('',#1928,#1928,#1951,.T.);
#1951 = SURFACE_CURVE('',#1952,(#1957,#1964),.PCURVE_S1.);
#1952 = CIRCLE('',#1953,1.57062);
#1953 = AXIS2_PLACEMENT_3D('',#1954,#1955,#1956);
#1954 = CARTESIAN_POINT('',(0.,0.,11.9));
#1955 = DIRECTION('',(0.,0.,1.));
#1956 = DIRECTION('',(1.,0.,-0.));
#1957 = PCURVE('',#1910,#1958);
#1958 = DEFINITIONAL_REPRESENTATION('',(#1959),#1963);
#1959 = LINE('',#1960,#1961);
#1960 = CARTESIAN_POINT('',(-0.,-0.35));
#1961 = VECTOR('',#1962,1.);
#1962 = DIRECTION('',(-1.,-0.));
#1963 = ( GEOMETRIC_REPRESENTATION_CONTEXT(2) 
PARAMETRIC_REPRESENTATION_CONTEXT() REPRESENTATION_CONTEXT('2D SPACE',''
  ) );
#1964 = PCURVE('',#1965,#1970);
#1965 = CONICAL_SURFACE('',#1966,1.57062,0.88689834824);
#1966 = AXIS2_PLACEMENT_3D('',#1967,#1968,#1969);
#1967 = CARTESIAN_POINT('',(0.,0.,11.9));
#1968 = DIRECTION('',(0.,0.,1.));
#1969 = DIRECTION('',(1.,0.,-0.));
#1970 = DEFINITIONAL_REPRESENTATION('',(#1971),#1975);
#1971 = LINE('',#1972,#1973);
#1972 = CARTESIAN_POINT('',(0.,0.));
#1973 = VECTOR('',#1974,1.);
#1974 = DIRECTION('',(1.,0.));
#1975 = ( GEOMETRIC_REPRESENTATION_CONTEXT(2) 
PARAMETRIC_REPRESENTATION_CONTEXT() REPRESENTATION_CONTEXT('2D SPACE',''
  ) );
#1976 = ORIENTED_EDGE('',*,*,#1927,.F.);
#1977 = ADVANCED_FACE('',(#1978),#1965,.T.);
#1978 = FACE_BOUND('',#1979,.T.);
#1979 = EDGE_LOOP('',(#1980,#2003,#2004,#2005));
#1980 = ORIENTED_EDGE('',*,*,#1981,.F.);
#1981 = EDGE_CURVE('',#1928,#1982,#1984,.T.);
#1982 = VERTEX_POINT('',#1983);
#1983 = CARTESIAN_POINT('',(1.6933,0.,12.));
#1984 = SEAM_CURVE('',#1985,(#1989,#1996),.PCURVE_S1.);
#1985 = LINE('',#1986,#1987);
#1986 = CARTESIAN_POINT('',(1.57062,0.,11.9));
#1987 = VECTOR('',#1988,1.);
#1988 = DIRECTION('',(0.77511579593,0.,0.631819201117));
#1989 = PCURVE('',#1965,#1990);
#1990 = DEFINITIONAL_REPRESENTATION('',(#1991),#1995);
#1991 = LINE('',#1992,#1993);
#1992 = CARTESIAN_POINT('',(0.,0.));
#1993 = VECTOR('',#1994,1.);
#1994 = DIRECTION('',(0.,1.));
#1995 = ( GEOMETRIC_REPRESENTATION_CONTEXT(2) 
PARAMETRIC_REPRESENTATION_CONTEXT() REPRESENTATION_CONTEXT('2D SPACE',''
  ) );
#1996 = PCURVE('',#1965,#1997);
#1997 = DEFINITIONAL_REPRESENTATION('',(#1998),#2002);
#1998 = LINE('',#1999,#2000);
#1999 = CARTESIAN_POINT('',(6.28318530718,0.));
#2000 = VECTOR('',#2001,1.);
#2001 = DIRECTION('',(0.,1.));
#2002 = ( GEOMETRIC_REPRESENTATION_CONTEXT(2) 
PARAMETRIC_REPRESENTATION_CONTEXT() REPRESENTATION_CONTEXT('2D SPACE',''
  ) );
#2003 = ORIENTED_EDGE('',*,*,#1950,.T.);
#2004 = ORIENTED_EDGE('',*,*,#1981,.T.);
#2005 = ORIENTED_EDGE('',*,*,#2006,.F.);
#2006 = EDGE_CURVE('',#1982,#1982,#2007,.T.);
#2007 = SURFACE_CURVE('',#2008,(#2013,#2020),.PCURVE_S1.);
#2008 = CIRCLE('',#2009,1.6933);
#2009 = AXIS2_PLACEMENT_3D('',#2010,#2011,#2012);
#2010 = CARTESIAN_POINT('',(0.,0.,12.));
#2011 = DIRECTION('',(0.,0.,1.));
#2012 = DIRECTION('',(1.,0.,-0.));
#2013 = PCURVE('',#1965,#2014);
#2014 = DEFINITIONAL_REPRESENTATION('',(#2015),#2019);
#2015 = LINE('',#2016,#2017);
#2016 = CARTESIAN_POINT('',(0.,0.1));
#2017 = VECTOR('',#2018,1.);
#2018 = DIRECTION('',(1.,0.));
#2019 = ( GEOMETRIC_REPRESENTATION_CONTEXT(2) 
PARAMETRIC_REPRESENTATION_CONTEXT() REPRESENTATION_CONTEXT('2D SPACE',''
  ) );
#2020 = PCURVE('',#2021,#2026);
#2021 = PLANE('',#2022);
#2022 = AXIS2_PLACEMENT_3D('',#2023,#2024,#2025);
#2023 = CARTESIAN_POINT('',(0.,0.,12.));
#2024 = DIRECTION('',(0.,0.,1.));
#2025 = DIRECTION('',(1.,0.,0.));
#2026 = DEFINITIONAL_REPRESENTATION('',(#2027),#2031);
#2027 = CIRCLE('',#2028,1.6933);
#2028 = AXIS2_PLACEMENT_2D('',#2029,#2030);
#2029 = CARTESIAN_POINT('',(0.,0.));
#2030 = DIRECTION('',(1.,0.));
#2031 = ( GEOMETRIC_REPRESENTATION_CONTEXT(2) 
PARAMETRIC_REPRESENTATION_CONTEXT() REPRESENTATION_CONTEXT('2D SPACE',''
  ) );
#2032 = ADVANCED_FACE('',(#2033,#2064),#2021,.F.);
#2033 = FACE_BOUND('',#2034,.F.);
#2034 = EDGE_LOOP('',(#2035));
#2035 = ORIENTED_EDGE('',*,*,#2036,.T.);
#2036 = EDGE_CURVE('',#2037,#2037,#2039,.T.);
#2037 = VERTEX_POINT('',#2038);
#2038 = CARTESIAN_POINT('',(3.75,-9.184850993605E-16,12.));
#2039 = SURFACE_CURVE('',#2040,(#2045,#2052),.PCURVE_S1.);
#2040 = CIRCLE('',#2041,3.75);
#2041 = AXIS2_PLACEMENT_3D('',#2042,#2043,#2044);
#2042 = CARTESIAN_POINT('',(0.,0.,12.));
#2043 = DIRECTION('',(0.,0.,1.));
#2044 = DIRECTION('',(1.,0.,0.));
#2045 = PCURVE('',#2021,#2046);
#2046 = DEFINITIONAL_REPRESENTATION('',(#2047),#2051);
#2047 = CIRCLE('',#2048,3.75);
#2048 = AXIS2_PLACEMENT_2D('',#2049,#2050);
#2049 = CARTESIAN_POINT('',(0.,0.));
#2050 = DIRECTION('',(1.,0.));
#2051 = ( GEOMETRIC_REPRESENTATION_CONTEXT(2) 
PARAMETRIC_REPRESENTATION_CONTEXT() REPRESENTATION_CONTEXT('2D SPACE',''
  ) );
#2052 = PCURVE('',#2053,#2058);
#2053 = CONICAL_SURFACE('',#2054,3.75,0.67196317159);
#2054 = AXIS2_PLACEMENT_3D('',#2055,#2056,#2057);
#2055 = CARTESIAN_POINT('',(0.,0.,12.));
#2056 = DIRECTION('',(-0.,-0.,-1.));
#2057 = DIRECTION('',(1.,0.,0.));
#2058 = DEFINITIONAL_REPRESENTATION('',(#2059),#2063);
#2059 = LINE('',#2060,#2061);
#2060 = CARTESIAN_POINT('',(-0.,-0.));
#2061 = VECTOR('',#2062,1.);
#2062 = DIRECTION('',(-1.,-0.));
#2063 = ( GEOMETRIC_REPRESENTATION_CONTEXT(2) 
PARAMETRIC_REPRESENTATION_CONTEXT() REPRESENTATION_CONTEXT('2D SPACE',''
  ) );
#2064 = FACE_BOUND('',#2065,.F.);
#2065 = EDGE_LOOP('',(#2066));
#2066 = ORIENTED_EDGE('',*,*,#2006,.F.);
#2067 = ADVANCED_FACE('',(#2068),#2053,.T.);
#2068 = FACE_BOUND('',#2069,.T.);
#2069 = EDGE_LOOP('',(#2070,#2101,#2133,#2162,#2183,#2184,#2185,#2209,
    #2241,#2270,#2297,#2321));
#2070 = ORIENTED_EDGE('',*,*,#2071,.F.);
#2071 = EDGE_CURVE('',#2072,#2074,#2076,.T.);
#2072 = VERTEX_POINT('',#2073);
#2073 = CARTESIAN_POINT('',(1.936491673104,0.5,14.2));
#2074 = VERTEX_POINT('',#2075);
#2075 = CARTESIAN_POINT('',(-1.936491673104,0.5,14.2));
#2076 = SURFACE_CURVE('',#2077,(#2082,#2089),.PCURVE_S1.);
#2077 = CIRCLE('',#2078,2.);
#2078 = AXIS2_PLACEMENT_3D('',#2079,#2080,#2081);
#2079 = CARTESIAN_POINT('',(0.,0.,14.2));
#2080 = DIRECTION('',(0.,0.,1.));
#2081 = DIRECTION('',(1.,0.,0.));
#2082 = PCURVE('',#2053,#2083);
#2083 = DEFINITIONAL_REPRESENTATION('',(#2084),#2088);
#2084 = LINE('',#2085,#2086);
#2085 = CARTESIAN_POINT('',(-0.,-2.2));
#2086 = VECTOR('',#2087,1.);
#2087 = DIRECTION('',(-1.,-0.));
#2088 = ( GEOMETRIC_REPRESENTATION_CONTEXT(2) 
PARAMETRIC_REPRESENTATION_CONTEXT() REPRESENTATION_CONTEXT('2D SPACE',''
  ) );
#2089 = PCURVE('',#2090,#2095);
#2090 = PLANE('',#2091);
#2091 = AXIS2_PLACEMENT_3D('',#2092,#2093,#2094);
#2092 = CARTESIAN_POINT('',(0.,0.,14.2));
#2093 = DIRECTION('',(0.,0.,1.));
#2094 = DIRECTION('',(1.,0.,0.));
#2095 = DEFINITIONAL_REPRESENTATION('',(#2096),#2100);
#2096 = CIRCLE('',#2097,2.);
#2097 = AXIS2_PLACEMENT_2D('',#2098,#2099);
#2098 = CARTESIAN_POINT('',(0.,0.));
#2099 = DIRECTION('',(1.,0.));
#2100 = ( GEOMETRIC_REPRESENTATION_CONTEXT(2) 
PARAMETRIC_REPRESENTATION_CONTEXT() REPRESENTATION_CONTEXT('2D SPACE',''
  ) );
#2101 = ORIENTED_EDGE('',*,*,#2102,.F.);
#2102 = EDGE_CURVE('',#2103,#2072,#2105,.T.);
#2103 = VERTEX_POINT('',#2104);
#2104 = CARTESIAN_POINT('',(2.790790871423,0.5,13.15));
#2105 = SURFACE_CURVE('',#2106,(#2111,#2121),.PCURVE_S1.);
#2106 = HYPERBOLA('',#2107,0.628571428571,0.5);
#2107 = AXIS2_PLACEMENT_3D('',#2108,#2109,#2110);
#2108 = CARTESIAN_POINT('',(0.,0.5,16.714285714286));
#2109 = DIRECTION('',(0.,1.,0.));
#2110 = DIRECTION('',(0.,0.,-1.));
#2111 = PCURVE('',#2053,#2112);
#2112 = DEFINITIONAL_REPRESENTATION('',(#2113),#2120);
#2113 = B_SPLINE_CURVE_WITH_KNOTS('',5,(#2114,#2115,#2116,#2117,#2118,
    #2119),.UNSPECIFIED.,.F.,.F.,(6,6),(-2.454171883993,-2.063437068896)
  ,.PIECEWISE_BEZIER_KNOTS.);
#2114 = CARTESIAN_POINT('',(-0.17144745718,-1.03));
#2115 = CARTESIAN_POINT('',(-0.18478001388,-1.313694563717));
#2116 = CARTESIAN_POINT('',(-0.199395877289,-1.569264788449));
#2117 = CARTESIAN_POINT('',(-0.215454627252,-1.800317829518));
#2118 = CARTESIAN_POINT('',(-0.233143514387,-2.009755385735));
#2119 = CARTESIAN_POINT('',(-0.252680255142,-2.2));
#2120 = ( GEOMETRIC_REPRESENTATION_CONTEXT(2) 
PARAMETRIC_REPRESENTATION_CONTEXT() REPRESENTATION_CONTEXT('2D SPACE',''
  ) );
#2121 = PCURVE('',#2122,#2127);
#2122 = PLANE('',#2123);
#2123 = AXIS2_PLACEMENT_3D('',#2124,#2125,#2126);
#2124 = CARTESIAN_POINT('',(-3.9375,0.5,13.15));
#2125 = DIRECTION('',(0.,1.,0.));
#2126 = DIRECTION('',(0.,0.,1.));
#2127 = DEFINITIONAL_REPRESENTATION('',(#2128),#2132);
#2128 = ( BOUNDED_CURVE() B_SPLINE_CURVE(2,(#2129,#2130,#2131),
.UNSPECIFIED.,.F.,.F.) B_SPLINE_CURVE_WITH_KNOTS((3,3),(-2.454171883993,
-2.063437068896),.PIECEWISE_BEZIER_KNOTS.) CURVE() 
GEOMETRIC_REPRESENTATION_ITEM() RATIONAL_B_SPLINE_CURVE((1.,
1.019144990439,1.)) REPRESENTATION_ITEM('') );
#2129 = CARTESIAN_POINT('',(-0.12,6.825214653393));
#2130 = CARTESIAN_POINT('',(0.580348599502,6.259829987303));
#2131 = CARTESIAN_POINT('',(1.05,5.873991673104));
#2132 = ( GEOMETRIC_REPRESENTATION_CONTEXT(2) 
PARAMETRIC_REPRESENTATION_CONTEXT() REPRESENTATION_CONTEXT('2D SPACE',''
  ) );
#2133 = ORIENTED_EDGE('',*,*,#2134,.F.);
#2134 = EDGE_CURVE('',#2135,#2103,#2137,.T.);
#2135 = VERTEX_POINT('',#2136);
#2136 = CARTESIAN_POINT('',(2.835227272727,-6.944304008801E-16,13.15));
#2137 = SURFACE_CURVE('',#2138,(#2143,#2150),.PCURVE_S1.);
#2138 = CIRCLE('',#2139,2.835227272727);
#2139 = AXIS2_PLACEMENT_3D('',#2140,#2141,#2142);
#2140 = CARTESIAN_POINT('',(0.,0.,13.15));
#2141 = DIRECTION('',(0.,0.,1.));
#2142 = DIRECTION('',(1.,0.,-0.));
#2143 = PCURVE('',#2053,#2144);
#2144 = DEFINITIONAL_REPRESENTATION('',(#2145),#2149);
#2145 = LINE('',#2146,#2147);
#2146 = CARTESIAN_POINT('',(-0.,-1.15));
#2147 = VECTOR('',#2148,1.);
#2148 = DIRECTION('',(-1.,-0.));
#2149 = ( GEOMETRIC_REPRESENTATION_CONTEXT(2) 
PARAMETRIC_REPRESENTATION_CONTEXT() REPRESENTATION_CONTEXT('2D SPACE',''
  ) );
#2150 = PCURVE('',#2151,#2156);
#2151 = PLANE('',#2152);
#2152 = AXIS2_PLACEMENT_3D('',#2153,#2154,#2155);
#2153 = CARTESIAN_POINT('',(-3.9375,-0.5,13.15));
#2154 = DIRECTION('',(0.,0.,1.));
#2155 = DIRECTION('',(1.,0.,0.));
#2156 = DEFINITIONAL_REPRESENTATION('',(#2157),#2161);
#2157 = CIRCLE('',#2158,2.835227272727);
#2158 = AXIS2_PLACEMENT_2D('',#2159,#2160);
#2159 = CARTESIAN_POINT('',(3.9375,0.5));
#2160 = DIRECTION('',(1.,0.));
#2161 = ( GEOMETRIC_REPRESENTATION_CONTEXT(2) 
PARAMETRIC_REPRESENTATION_CONTEXT() REPRESENTATION_CONTEXT('2D SPACE',''
  ) );
#2162 = ORIENTED_EDGE('',*,*,#2163,.F.);
#2163 = EDGE_CURVE('',#2037,#2135,#2164,.T.);
#2164 = SEAM_CURVE('',#2165,(#2169,#2176),.PCURVE_S1.);
#2165 = LINE('',#2166,#2167);
#2166 = CARTESIAN_POINT('',(3.75,-9.184850993605E-16,12.));
#2167 = VECTOR('',#2168,1.);
#2168 = DIRECTION('',(-0.622523565822,1.524742984554E-16,0.782601054176)
  );
#2169 = PCURVE('',#2053,#2170);
#2170 = DEFINITIONAL_REPRESENTATION('',(#2171),#2175);
#2171 = LINE('',#2172,#2173);
#2172 = CARTESIAN_POINT('',(-6.28318530718,0.));
#2173 = VECTOR('',#2174,1.);
#2174 = DIRECTION('',(-0.,-1.));
#2175 = ( GEOMETRIC_REPRESENTATION_CONTEXT(2) 
PARAMETRIC_REPRESENTATION_CONTEXT() REPRESENTATION_CONTEXT('2D SPACE',''
  ) );
#2176 = PCURVE('',#2053,#2177);
#2177 = DEFINITIONAL_REPRESENTATION('',(#2178),#2182);
#2178 = LINE('',#2179,#2180);
#2179 = CARTESIAN_POINT('',(0.,-0.));
#2180 = VECTOR('',#2181,1.);
#2181 = DIRECTION('',(-0.,-1.));
#2182 = ( GEOMETRIC_REPRESENTATION_CONTEXT(2) 
PARAMETRIC_REPRESENTATION_CONTEXT() REPRESENTATION_CONTEXT('2D SPACE',''
  ) );
#2183 = ORIENTED_EDGE('',*,*,#2036,.T.);
#2184 = ORIENTED_EDGE('',*,*,#2163,.T.);
#2185 = ORIENTED_EDGE('',*,*,#2186,.F.);
#2186 = EDGE_CURVE('',#2187,#2135,#2189,.T.);
#2187 = VERTEX_POINT('',#2188);
#2188 = CARTESIAN_POINT('',(2.790790871423,-0.5,13.15));
#2189 = SURFACE_CURVE('',#2190,(#2195,#2202),.PCURVE_S1.);
#2190 = CIRCLE('',#2191,2.835227272727);
#2191 = AXIS2_PLACEMENT_3D('',#2192,#2193,#2194);
#2192 = CARTESIAN_POINT('',(0.,0.,13.15));
#2193 = DIRECTION('',(0.,0.,1.));
#2194 = DIRECTION('',(1.,0.,-0.));
#2195 = PCURVE('',#2053,#2196);
#2196 = DEFINITIONAL_REPRESENTATION('',(#2197),#2201);
#2197 = LINE('',#2198,#2199);
#2198 = CARTESIAN_POINT('',(-0.,-1.15));
#2199 = VECTOR('',#2200,1.);
#2200 = DIRECTION('',(-1.,-0.));
#2201 = ( GEOMETRIC_REPRESENTATION_CONTEXT(2) 
PARAMETRIC_REPRESENTATION_CONTEXT() REPRESENTATION_CONTEXT('2D SPACE',''
  ) );
#2202 = PCURVE('',#2151,#2203);
#2203 = DEFINITIONAL_REPRESENTATION('',(#2204),#2208);
#2204 = CIRCLE('',#2205,2.835227272727);
#2205 = AXIS2_PLACEMENT_2D('',#2206,#2207);
#2206 = CARTESIAN_POINT('',(3.9375,0.5));
#2207 = DIRECTION('',(1.,0.));
#2208 = ( GEOMETRIC_REPRESENTATION_CONTEXT(2) 
PARAMETRIC_REPRESENTATION_CONTEXT() REPRESENTATION_CONTEXT('2D SPACE',''
  ) );
#2209 = ORIENTED_EDGE('',*,*,#2210,.T.);
#2210 = EDGE_CURVE('',#2187,#2211,#2213,.T.);
#2211 = VERTEX_POINT('',#2212);
#2212 = CARTESIAN_POINT('',(1.936491673104,-0.5,14.2));
#2213 = SURFACE_CURVE('',#2214,(#2219,#2229),.PCURVE_S1.);
#2214 = HYPERBOLA('',#2215,0.628571428571,0.5);
#2215 = AXIS2_PLACEMENT_3D('',#2216,#2217,#2218);
#2216 = CARTESIAN_POINT('',(0.,-0.5,16.714285714286));
#2217 = DIRECTION('',(0.,1.,0.));
#2218 = DIRECTION('',(0.,0.,-1.));
#2219 = PCURVE('',#2053,#2220);
#2220 = DEFINITIONAL_REPRESENTATION('',(#2221),#2228);
#2221 = B_SPLINE_CURVE_WITH_KNOTS('',5,(#2222,#2223,#2224,#2225,#2226,
    #2227),.UNSPECIFIED.,.F.,.F.,(6,6),(-2.454171883993,-2.063437068896)
  ,.PIECEWISE_BEZIER_KNOTS.);
#2222 = CARTESIAN_POINT('',(-6.11173785,-1.03));
#2223 = CARTESIAN_POINT('',(-6.0984052933,-1.313694563717));
#2224 = CARTESIAN_POINT('',(-6.083789429891,-1.569264788449));
#2225 = CARTESIAN_POINT('',(-6.067730679927,-1.800317829518));
#2226 = CARTESIAN_POINT('',(-6.050041792792,-2.009755385735));
#2227 = CARTESIAN_POINT('',(-6.030505052038,-2.2));
#2228 = ( GEOMETRIC_REPRESENTATION_CONTEXT(2) 
PARAMETRIC_REPRESENTATION_CONTEXT() REPRESENTATION_CONTEXT('2D SPACE',''
  ) );
#2229 = PCURVE('',#2230,#2235);
#2230 = PLANE('',#2231);
#2231 = AXIS2_PLACEMENT_3D('',#2232,#2233,#2234);
#2232 = CARTESIAN_POINT('',(-3.9375,-0.5,13.15));
#2233 = DIRECTION('',(0.,1.,0.));
#2234 = DIRECTION('',(0.,0.,1.));
#2235 = DEFINITIONAL_REPRESENTATION('',(#2236),#2240);
#2236 = ( BOUNDED_CURVE() B_SPLINE_CURVE(2,(#2237,#2238,#2239),
.UNSPECIFIED.,.F.,.F.) B_SPLINE_CURVE_WITH_KNOTS((3,3),(-2.454171883993,
-2.063437068896),.PIECEWISE_BEZIER_KNOTS.) CURVE() 
GEOMETRIC_REPRESENTATION_ITEM() RATIONAL_B_SPLINE_CURVE((1.,
1.019144990439,1.)) REPRESENTATION_ITEM('') );
#2237 = CARTESIAN_POINT('',(-0.12,6.825214653393));
#2238 = CARTESIAN_POINT('',(0.580348599502,6.259829987303));
#2239 = CARTESIAN_POINT('',(1.05,5.873991673104));
#2240 = ( GEOMETRIC_REPRESENTATION_CONTEXT(2) 
PARAMETRIC_REPRESENTATION_CONTEXT() REPRESENTATION_CONTEXT('2D SPACE',''
  ) );
#2241 = ORIENTED_EDGE('',*,*,#2242,.F.);
#2242 = EDGE_CURVE('',#2243,#2211,#2245,.T.);
#2243 = VERTEX_POINT('',#2244);
#2244 = CARTESIAN_POINT('',(-1.936491673104,-0.5,14.2));
#2245 = SURFACE_CURVE('',#2246,(#2251,#2258),.PCURVE_S1.);
#2246 = CIRCLE('',#2247,2.);
#2247 = AXIS2_PLACEMENT_3D('',#2248,#2249,#2250);
#2248 = CARTESIAN_POINT('',(0.,0.,14.2));
#2249 = DIRECTION('',(0.,0.,1.));
#2250 = DIRECTION('',(1.,0.,0.));
#2251 = PCURVE('',#2053,#2252);
#2252 = DEFINITIONAL_REPRESENTATION('',(#2253),#2257);
#2253 = LINE('',#2254,#2255);
#2254 = CARTESIAN_POINT('',(-0.,-2.2));
#2255 = VECTOR('',#2256,1.);
#2256 = DIRECTION('',(-1.,-0.));
#2257 = ( GEOMETRIC_REPRESENTATION_CONTEXT(2) 
PARAMETRIC_REPRESENTATION_CONTEXT() REPRESENTATION_CONTEXT('2D SPACE',''
  ) );
#2258 = PCURVE('',#2259,#2264);
#2259 = PLANE('',#2260);
#2260 = AXIS2_PLACEMENT_3D('',#2261,#2262,#2263);
#2261 = CARTESIAN_POINT('',(0.,0.,14.2));
#2262 = DIRECTION('',(0.,0.,1.));
#2263 = DIRECTION('',(1.,0.,0.));
#2264 = DEFINITIONAL_REPRESENTATION('',(#2265),#2269);
#2265 = CIRCLE('',#2266,2.);
#2266 = AXIS2_PLACEMENT_2D('',#2267,#2268);
#2267 = CARTESIAN_POINT('',(0.,0.));
#2268 = DIRECTION('',(1.,0.));
#2269 = ( GEOMETRIC_REPRESENTATION_CONTEXT(2) 
PARAMETRIC_REPRESENTATION_CONTEXT() REPRESENTATION_CONTEXT('2D SPACE',''
  ) );
#2270 = ORIENTED_EDGE('',*,*,#2271,.T.);
#2271 = EDGE_CURVE('',#2243,#2272,#2274,.T.);
#2272 = VERTEX_POINT('',#2273);
#2273 = CARTESIAN_POINT('',(-2.790790871423,-0.5,13.15));
#2274 = SURFACE_CURVE('',#2275,(#2280,#2290),.PCURVE_S1.);
#2275 = HYPERBOLA('',#2276,0.628571428571,0.5);
#2276 = AXIS2_PLACEMENT_3D('',#2277,#2278,#2279);
#2277 = CARTESIAN_POINT('',(0.,-0.5,16.714285714286));
#2278 = DIRECTION('',(0.,1.,0.));
#2279 = DIRECTION('',(0.,0.,-1.));
#2280 = PCURVE('',#2053,#2281);
#2281 = DEFINITIONAL_REPRESENTATION('',(#2282),#2289);
#2282 = B_SPLINE_CURVE_WITH_KNOTS('',5,(#2283,#2284,#2285,#2286,#2287,
    #2288),.UNSPECIFIED.,.F.,.F.,(6,6),(2.063437068896,2.454171883993),
  .PIECEWISE_BEZIER_KNOTS.);
#2283 = CARTESIAN_POINT('',(-3.394272908732,-2.2));
#2284 = CARTESIAN_POINT('',(-3.374736167977,-2.009755385735));
#2285 = CARTESIAN_POINT('',(-3.357047280842,-1.800317829518));
#2286 = CARTESIAN_POINT('',(-3.340988530879,-1.569264788449));
#2287 = CARTESIAN_POINT('',(-3.326372667469,-1.313694563717));
#2288 = CARTESIAN_POINT('',(-3.31304011077,-1.03));
#2289 = ( GEOMETRIC_REPRESENTATION_CONTEXT(2) 
PARAMETRIC_REPRESENTATION_CONTEXT() REPRESENTATION_CONTEXT('2D SPACE',''
  ) );
#2290 = PCURVE('',#2230,#2291);
#2291 = DEFINITIONAL_REPRESENTATION('',(#2292),#2296);
#2292 = ( BOUNDED_CURVE() B_SPLINE_CURVE(2,(#2293,#2294,#2295),
.UNSPECIFIED.,.F.,.F.) B_SPLINE_CURVE_WITH_KNOTS((3,3),(2.063437068896,
2.454171883993),.PIECEWISE_BEZIER_KNOTS.) CURVE() 
GEOMETRIC_REPRESENTATION_ITEM() RATIONAL_B_SPLINE_CURVE((1.,
1.019144990439,1.)) REPRESENTATION_ITEM('') );
#2293 = CARTESIAN_POINT('',(1.05,2.001008326896));
#2294 = CARTESIAN_POINT('',(0.580348599502,1.615170012697));
#2295 = CARTESIAN_POINT('',(-0.12,1.049785346607));
#2296 = ( GEOMETRIC_REPRESENTATION_CONTEXT(2) 
PARAMETRIC_REPRESENTATION_CONTEXT() REPRESENTATION_CONTEXT('2D SPACE',''
  ) );
#2297 = ORIENTED_EDGE('',*,*,#2298,.F.);
#2298 = EDGE_CURVE('',#2299,#2272,#2301,.T.);
#2299 = VERTEX_POINT('',#2300);
#2300 = CARTESIAN_POINT('',(-2.790790871423,0.5,13.15));
#2301 = SURFACE_CURVE('',#2302,(#2307,#2314),.PCURVE_S1.);
#2302 = CIRCLE('',#2303,2.835227272727);
#2303 = AXIS2_PLACEMENT_3D('',#2304,#2305,#2306);
#2304 = CARTESIAN_POINT('',(0.,0.,13.15));
#2305 = DIRECTION('',(0.,0.,1.));
#2306 = DIRECTION('',(1.,0.,-0.));
#2307 = PCURVE('',#2053,#2308);
#2308 = DEFINITIONAL_REPRESENTATION('',(#2309),#2313);
#2309 = LINE('',#2310,#2311);
#2310 = CARTESIAN_POINT('',(-0.,-1.15));
#2311 = VECTOR('',#2312,1.);
#2312 = DIRECTION('',(-1.,-0.));
#2313 = ( GEOMETRIC_REPRESENTATION_CONTEXT(2) 
PARAMETRIC_REPRESENTATION_CONTEXT() REPRESENTATION_CONTEXT('2D SPACE',''
  ) );
#2314 = PCURVE('',#2151,#2315);
#2315 = DEFINITIONAL_REPRESENTATION('',(#2316),#2320);
#2316 = CIRCLE('',#2317,2.835227272727);
#2317 = AXIS2_PLACEMENT_2D('',#2318,#2319);
#2318 = CARTESIAN_POINT('',(3.9375,0.5));
#2319 = DIRECTION('',(1.,0.));
#2320 = ( GEOMETRIC_REPRESENTATION_CONTEXT(2) 
PARAMETRIC_REPRESENTATION_CONTEXT() REPRESENTATION_CONTEXT('2D SPACE',''
  ) );
#2321 = ORIENTED_EDGE('',*,*,#2322,.F.);
#2322 = EDGE_CURVE('',#2074,#2299,#2323,.T.);
#2323 = SURFACE_CURVE('',#2324,(#2329,#2339),.PCURVE_S1.);
#2324 = HYPERBOLA('',#2325,0.628571428571,0.5);
#2325 = AXIS2_PLACEMENT_3D('',#2326,#2327,#2328);
#2326 = CARTESIAN_POINT('',(0.,0.5,16.714285714286));
#2327 = DIRECTION('',(0.,1.,0.));
#2328 = DIRECTION('',(0.,0.,-1.));
#2329 = PCURVE('',#2053,#2330);
#2330 = DEFINITIONAL_REPRESENTATION('',(#2331),#2338);
#2331 = B_SPLINE_CURVE_WITH_KNOTS('',5,(#2332,#2333,#2334,#2335,#2336,
    #2337),.UNSPECIFIED.,.F.,.F.,(6,6),(2.063437068896,2.454171883993),
  .PIECEWISE_BEZIER_KNOTS.);
#2332 = CARTESIAN_POINT('',(-2.888912398448,-2.2));
#2333 = CARTESIAN_POINT('',(-2.908449139203,-2.009755385735));
#2334 = CARTESIAN_POINT('',(-2.926138026337,-1.800317829518));
#2335 = CARTESIAN_POINT('',(-2.942196776301,-1.569264788449));
#2336 = CARTESIAN_POINT('',(-2.95681263971,-1.313694563717));
#2337 = CARTESIAN_POINT('',(-2.97014519641,-1.03));
#2338 = ( GEOMETRIC_REPRESENTATION_CONTEXT(2) 
PARAMETRIC_REPRESENTATION_CONTEXT() REPRESENTATION_CONTEXT('2D SPACE',''
  ) );
#2339 = PCURVE('',#2122,#2340);
#2340 = DEFINITIONAL_REPRESENTATION('',(#2341),#2345);
#2341 = ( BOUNDED_CURVE() B_SPLINE_CURVE(2,(#2342,#2343,#2344),
.UNSPECIFIED.,.F.,.F.) B_SPLINE_CURVE_WITH_KNOTS((3,3),(2.063437068896,
2.454171883993),.PIECEWISE_BEZIER_KNOTS.) CURVE() 
GEOMETRIC_REPRESENTATION_ITEM() RATIONAL_B_SPLINE_CURVE((1.,
1.019144990439,1.)) REPRESENTATION_ITEM('') );
#2342 = CARTESIAN_POINT('',(1.05,2.001008326896));
#2343 = CARTESIAN_POINT('',(0.580348599502,1.615170012697));
#2344 = CARTESIAN_POINT('',(-0.12,1.049785346607));
#2345 = ( GEOMETRIC_REPRESENTATION_CONTEXT(2) 
PARAMETRIC_REPRESENTATION_CONTEXT() REPRESENTATION_CONTEXT('2D SPACE',''
  ) );
#2346 = ADVANCED_FACE('',(#2347),#2090,.T.);
#2347 = FACE_BOUND('',#2348,.T.);
#2348 = EDGE_LOOP('',(#2349,#2368));
#2349 = ORIENTED_EDGE('',*,*,#2350,.F.);
#2350 = EDGE_CURVE('',#2072,#2074,#2351,.T.);
#2351 = SURFACE_CURVE('',#2352,(#2356,#2362),.PCURVE_S1.);
#2352 = LINE('',#2353,#2354);
#2353 = CARTESIAN_POINT('',(-1.96875,0.5,14.2));
#2354 = VECTOR('',#2355,1.);
#2355 = DIRECTION('',(-1.,0.,0.));
#2356 = PCURVE('',#2090,#2357);
#2357 = DEFINITIONAL_REPRESENTATION('',(#2358),#2361);
#2358 = B_SPLINE_CURVE_WITH_KNOTS('',1,(#2359,#2360),.UNSPECIFIED.,.F.,
  .F.,(2,2),(-3.96875,3.125E-02),.PIECEWISE_BEZIER_KNOTS.);
#2359 = CARTESIAN_POINT('',(2.,0.5));
#2360 = CARTESIAN_POINT('',(-2.,0.5));
#2361 = ( GEOMETRIC_REPRESENTATION_CONTEXT(2) 
PARAMETRIC_REPRESENTATION_CONTEXT() REPRESENTATION_CONTEXT('2D SPACE',''
  ) );
#2362 = PCURVE('',#2122,#2363);
#2363 = DEFINITIONAL_REPRESENTATION('',(#2364),#2367);
#2364 = B_SPLINE_CURVE_WITH_KNOTS('',1,(#2365,#2366),.UNSPECIFIED.,.F.,
  .F.,(2,2),(-3.96875,3.125E-02),.PIECEWISE_BEZIER_KNOTS.);
#2365 = CARTESIAN_POINT('',(1.05,5.9375));
#2366 = CARTESIAN_POINT('',(1.05,1.9375));
#2367 = ( GEOMETRIC_REPRESENTATION_CONTEXT(2) 
PARAMETRIC_REPRESENTATION_CONTEXT() REPRESENTATION_CONTEXT('2D SPACE',''
  ) );
#2368 = ORIENTED_EDGE('',*,*,#2071,.T.);
#2369 = ADVANCED_FACE('',(#2370),#2122,.F.);
#2370 = FACE_BOUND('',#2371,.F.);
#2371 = EDGE_LOOP('',(#2372,#2393,#2394,#2395));
#2372 = ORIENTED_EDGE('',*,*,#2373,.F.);
#2373 = EDGE_CURVE('',#2299,#2103,#2374,.T.);
#2374 = SURFACE_CURVE('',#2375,(#2379,#2386),.PCURVE_S1.);
#2375 = LINE('',#2376,#2377);
#2376 = CARTESIAN_POINT('',(-3.9375,0.5,13.15));
#2377 = VECTOR('',#2378,1.);
#2378 = DIRECTION('',(1.,0.,0.));
#2379 = PCURVE('',#2122,#2380);
#2380 = DEFINITIONAL_REPRESENTATION('',(#2381),#2385);
#2381 = LINE('',#2382,#2383);
#2382 = CARTESIAN_POINT('',(0.,0.));
#2383 = VECTOR('',#2384,1.);
#2384 = DIRECTION('',(0.,1.));
#2385 = ( GEOMETRIC_REPRESENTATION_CONTEXT(2) 
PARAMETRIC_REPRESENTATION_CONTEXT() REPRESENTATION_CONTEXT('2D SPACE',''
  ) );
#2386 = PCURVE('',#2151,#2387);
#2387 = DEFINITIONAL_REPRESENTATION('',(#2388),#2392);
#2388 = LINE('',#2389,#2390);
#2389 = CARTESIAN_POINT('',(0.,1.));
#2390 = VECTOR('',#2391,1.);
#2391 = DIRECTION('',(1.,0.));
#2392 = ( GEOMETRIC_REPRESENTATION_CONTEXT(2) 
PARAMETRIC_REPRESENTATION_CONTEXT() REPRESENTATION_CONTEXT('2D SPACE',''
  ) );
#2393 = ORIENTED_EDGE('',*,*,#2322,.F.);
#2394 = ORIENTED_EDGE('',*,*,#2350,.F.);
#2395 = ORIENTED_EDGE('',*,*,#2102,.F.);
#2396 = ADVANCED_FACE('',(#2397),#2151,.T.);
#2397 = FACE_BOUND('',#2398,.T.);
#2398 = EDGE_LOOP('',(#2399,#2400,#2401,#2422,#2423));
#2399 = ORIENTED_EDGE('',*,*,#2373,.F.);
#2400 = ORIENTED_EDGE('',*,*,#2298,.T.);
#2401 = ORIENTED_EDGE('',*,*,#2402,.T.);
#2402 = EDGE_CURVE('',#2272,#2187,#2403,.T.);
#2403 = SURFACE_CURVE('',#2404,(#2408,#2415),.PCURVE_S1.);
#2404 = LINE('',#2405,#2406);
#2405 = CARTESIAN_POINT('',(-3.9375,-0.5,13.15));
#2406 = VECTOR('',#2407,1.);
#2407 = DIRECTION('',(1.,0.,0.));
#2408 = PCURVE('',#2151,#2409);
#2409 = DEFINITIONAL_REPRESENTATION('',(#2410),#2414);
#2410 = LINE('',#2411,#2412);
#2411 = CARTESIAN_POINT('',(0.,0.));
#2412 = VECTOR('',#2413,1.);
#2413 = DIRECTION('',(1.,0.));
#2414 = ( GEOMETRIC_REPRESENTATION_CONTEXT(2) 
PARAMETRIC_REPRESENTATION_CONTEXT() REPRESENTATION_CONTEXT('2D SPACE',''
  ) );
#2415 = PCURVE('',#2230,#2416);
#2416 = DEFINITIONAL_REPRESENTATION('',(#2417),#2421);
#2417 = LINE('',#2418,#2419);
#2418 = CARTESIAN_POINT('',(0.,0.));
#2419 = VECTOR('',#2420,1.);
#2420 = DIRECTION('',(0.,1.));
#2421 = ( GEOMETRIC_REPRESENTATION_CONTEXT(2) 
PARAMETRIC_REPRESENTATION_CONTEXT() REPRESENTATION_CONTEXT('2D SPACE',''
  ) );
#2422 = ORIENTED_EDGE('',*,*,#2186,.T.);
#2423 = ORIENTED_EDGE('',*,*,#2134,.T.);
#2424 = ADVANCED_FACE('',(#2425),#2230,.T.);
#2425 = FACE_BOUND('',#2426,.T.);
#2426 = EDGE_LOOP('',(#2427,#2428,#2429,#2448));
#2427 = ORIENTED_EDGE('',*,*,#2402,.F.);
#2428 = ORIENTED_EDGE('',*,*,#2271,.F.);
#2429 = ORIENTED_EDGE('',*,*,#2430,.F.);
#2430 = EDGE_CURVE('',#2211,#2243,#2431,.T.);
#2431 = SURFACE_CURVE('',#2432,(#2436,#2442),.PCURVE_S1.);
#2432 = LINE('',#2433,#2434);
#2433 = CARTESIAN_POINT('',(-1.96875,-0.5,14.2));
#2434 = VECTOR('',#2435,1.);
#2435 = DIRECTION('',(-1.,0.,0.));
#2436 = PCURVE('',#2230,#2437);
#2437 = DEFINITIONAL_REPRESENTATION('',(#2438),#2441);
#2438 = B_SPLINE_CURVE_WITH_KNOTS('',1,(#2439,#2440),.UNSPECIFIED.,.F.,
  .F.,(2,2),(-3.96875,3.125E-02),.PIECEWISE_BEZIER_KNOTS.);
#2439 = CARTESIAN_POINT('',(1.05,5.9375));
#2440 = CARTESIAN_POINT('',(1.05,1.9375));
#2441 = ( GEOMETRIC_REPRESENTATION_CONTEXT(2) 
PARAMETRIC_REPRESENTATION_CONTEXT() REPRESENTATION_CONTEXT('2D SPACE',''
  ) );
#2442 = PCURVE('',#2259,#2443);
#2443 = DEFINITIONAL_REPRESENTATION('',(#2444),#2447);
#2444 = B_SPLINE_CURVE_WITH_KNOTS('',1,(#2445,#2446),.UNSPECIFIED.,.F.,
  .F.,(2,2),(-3.96875,3.125E-02),.PIECEWISE_BEZIER_KNOTS.);
#2445 = CARTESIAN_POINT('',(2.,-0.5));
#2446 = CARTESIAN_POINT('',(-2.,-0.5));
#2447 = ( GEOMETRIC_REPRESENTATION_CONTEXT(2) 
PARAMETRIC_REPRESENTATION_CONTEXT() REPRESENTATION_CONTEXT('2D SPACE',''
  ) );
#2448 = ORIENTED_EDGE('',*,*,#2210,.F.);
#2449 = ADVANCED_FACE('',(#2450),#2259,.T.);
#2450 = FACE_BOUND('',#2451,.T.);
#2451 = EDGE_LOOP('',(#2452,#2453));
#2452 = ORIENTED_EDGE('',*,*,#2242,.T.);
#2453 = ORIENTED_EDGE('',*,*,#2430,.T.);
#2454 = ( GEOMETRIC_REPRESENTATION_CONTEXT(3) 
GLOBAL_UNCERTAINTY_ASSIGNED_CONTEXT((#2458)) 
GLOBAL_UNIT_ASSIGNED_CONTEXT((#2455,#2456,#2457)) REPRESENTATION_CONTEXT
('Context #1','3D Context with UNIT and UNCERTAINTY') );
#2455 = ( LENGTH_UNIT() NAMED_UNIT(*) SI_UNIT(.MILLI.,.METRE.) );
#2456 = ( NAMED_UNIT(*) PLANE_ANGLE_UNIT() SI_UNIT($,.RADIAN.) );
#2457 = ( NAMED_UNIT(*) SI_UNIT($,.STERADIAN.) SOLID_ANGLE_UNIT() );
#2458 = UNCERTAINTY_MEASURE_WITH_UNIT(LENGTH_MEASURE(1.E-07),#2455,
  'distance_accuracy_value','confusion accuracy');
#2459 = PRODUCT_RELATED_PRODUCT_CATEGORY('part',$,(#7));
ENDSEC;
END-ISO-10303-21;
