ISO-10303-21;
HEADER;
FILE_DESCRIPTION(('Open CASCADE Model'),'2;1');
FILE_NAME('Open CASCADE Shape Model','2026-04-28T19:53:35',('Author'),(
    'Open CASCADE'),'Open CASCADE STEP processor 7.8','build123d',
  'Unknown');
FILE_SCHEMA(('AUTOMOTIVE_DESIGN { 1 0 10303 214 1 1 1 1 }'));
ENDSEC;
DATA;
#1 = APPLICATION_PROTOCOL_DEFINITION('international standard',
  'automotive_design',2000,#2);
#2 = APPLICATION_CONTEXT(
  'core data for automotive mechanical design processes');
#3 = SHAPE_DEFINITION_REPRESENTATION(#4,#10);
#4 = PRODUCT_DEFINITION_SHAPE('','',#5);
#5 = PRODUCT_DEFINITION('design','',#6,#9);
#6 = PRODUCT_DEFINITION_FORMATION('','',#7);
#7 = PRODUCT('COMPOUND','COMPOUND','',(#8));
#8 = PRODUCT_CONTEXT('',#2,'mechanical');
#9 = PRODUCT_DEFINITION_CONTEXT('part definition',#2,'design');
#10 = SHAPE_REPRESENTATION('',(#11,#15,#597,#1173),#3439);
#11 = AXIS2_PLACEMENT_3D('',#12,#13,#14);
#12 = CARTESIAN_POINT('',(0.,0.,0.));
#13 = DIRECTION('',(0.,0.,1.));
#14 = DIRECTION('',(1.,0.,-0.));
#15 = MANIFOLD_SOLID_BREP('',#16);
#16 = CLOSED_SHELL('',(#17,#231,#307,#361,#415,#464,#513,#560,#587));
#17 = ADVANCED_FACE('',(#18),#32,.T.);
#18 = FACE_BOUND('',#19,.T.);
#19 = EDGE_LOOP('',(#20,#55,#88,#116,#144,#172,#200));
#20 = ORIENTED_EDGE('',*,*,#21,.F.);
#21 = EDGE_CURVE('',#22,#24,#26,.T.);
#22 = VERTEX_POINT('',#23);
#23 = CARTESIAN_POINT('',(-14.,-0.125,11.));
#24 = VERTEX_POINT('',#25);
#25 = CARTESIAN_POINT('',(-14.,0.125,11.));
#26 = SURFACE_CURVE('',#27,(#31,#43),.PCURVE_S1.);
#27 = LINE('',#28,#29);
#28 = CARTESIAN_POINT('',(-14.,-1.25,11.));
#29 = VECTOR('',#30,1.);
#30 = DIRECTION('',(0.,1.,0.));
#31 = PCURVE('',#32,#37);
#32 = PLANE('',#33);
#33 = AXIS2_PLACEMENT_3D('',#34,#35,#36);
#34 = CARTESIAN_POINT('',(-14.,-1.25,11.));
#35 = DIRECTION('',(0.,0.,1.));
#36 = DIRECTION('',(1.,0.,0.));
#37 = DEFINITIONAL_REPRESENTATION('',(#38),#42);
#38 = LINE('',#39,#40);
#39 = CARTESIAN_POINT('',(0.,0.));
#40 = VECTOR('',#41,1.);
#41 = DIRECTION('',(0.,1.));
#42 = ( GEOMETRIC_REPRESENTATION_CONTEXT(2) 
PARAMETRIC_REPRESENTATION_CONTEXT() REPRESENTATION_CONTEXT('2D SPACE',''
  ) );
#43 = PCURVE('',#44,#49);
#44 = PLANE('',#45);
#45 = AXIS2_PLACEMENT_3D('',#46,#47,#48);
#46 = CARTESIAN_POINT('',(-14.,-1.25,0.));
#47 = DIRECTION('',(1.,0.,0.));
#48 = DIRECTION('',(0.,0.,1.));
#49 = DEFINITIONAL_REPRESENTATION('',(#50),#54);
#50 = LINE('',#51,#52);
#51 = CARTESIAN_POINT('',(11.,0.));
#52 = VECTOR('',#53,1.);
#53 = DIRECTION('',(0.,-1.));
#54 = ( GEOMETRIC_REPRESENTATION_CONTEXT(2) 
PARAMETRIC_REPRESENTATION_CONTEXT() REPRESENTATION_CONTEXT('2D SPACE',''
  ) );
#55 = ORIENTED_EDGE('',*,*,#56,.F.);
#56 = EDGE_CURVE('',#57,#22,#59,.T.);
#57 = VERTEX_POINT('',#58);
#58 = CARTESIAN_POINT('',(-12.875,-1.25,11.));
#59 = SURFACE_CURVE('',#60,(#65,#76),.PCURVE_S1.);
#60 = CIRCLE('',#61,1.125);
#61 = AXIS2_PLACEMENT_3D('',#62,#63,#64);
#62 = CARTESIAN_POINT('',(-12.875,-0.125,11.));
#63 = DIRECTION('',(-0.,-0.,-1.));
#64 = DIRECTION('',(0.,-1.,0.));
#65 = PCURVE('',#32,#66);
#66 = DEFINITIONAL_REPRESENTATION('',(#67),#75);
#67 = ( BOUNDED_CURVE() B_SPLINE_CURVE(2,(#68,#69,#70,#71,#72,#73,#74),
.UNSPECIFIED.,.T.,.F.) B_SPLINE_CURVE_WITH_KNOTS((1,2,2,2,2,1),(
    -2.094395102393,0.,2.094395102393,4.188790204786,6.28318530718,
8.377580409573),.UNSPECIFIED.) CURVE() GEOMETRIC_REPRESENTATION_ITEM() 
RATIONAL_B_SPLINE_CURVE((1.,0.5,1.,0.5,1.,0.5,1.)) REPRESENTATION_ITEM(
  '') );
#68 = CARTESIAN_POINT('',(1.125,0.));
#69 = CARTESIAN_POINT('',(-0.823557158515,0.));
#70 = CARTESIAN_POINT('',(0.150721420743,1.6875));
#71 = CARTESIAN_POINT('',(1.125,3.375));
#72 = CARTESIAN_POINT('',(2.099278579257,1.6875));
#73 = CARTESIAN_POINT('',(3.073557158515,1.7763568394E-15));
#74 = CARTESIAN_POINT('',(1.125,0.));
#75 = ( GEOMETRIC_REPRESENTATION_CONTEXT(2) 
PARAMETRIC_REPRESENTATION_CONTEXT() REPRESENTATION_CONTEXT('2D SPACE',''
  ) );
#76 = PCURVE('',#77,#82);
#77 = CYLINDRICAL_SURFACE('',#78,1.125);
#78 = AXIS2_PLACEMENT_3D('',#79,#80,#81);
#79 = CARTESIAN_POINT('',(-12.875,-0.125,0.));
#80 = DIRECTION('',(0.,0.,1.));
#81 = DIRECTION('',(0.,-1.,0.));
#82 = DEFINITIONAL_REPRESENTATION('',(#83),#87);
#83 = LINE('',#84,#85);
#84 = CARTESIAN_POINT('',(-0.,11.));
#85 = VECTOR('',#86,1.);
#86 = DIRECTION('',(-1.,0.));
#87 = ( GEOMETRIC_REPRESENTATION_CONTEXT(2) 
PARAMETRIC_REPRESENTATION_CONTEXT() REPRESENTATION_CONTEXT('2D SPACE',''
  ) );
#88 = ORIENTED_EDGE('',*,*,#89,.T.);
#89 = EDGE_CURVE('',#57,#90,#92,.T.);
#90 = VERTEX_POINT('',#91);
#91 = CARTESIAN_POINT('',(-6.,-1.25,11.));
#92 = SURFACE_CURVE('',#93,(#97,#104),.PCURVE_S1.);
#93 = LINE('',#94,#95);
#94 = CARTESIAN_POINT('',(-14.,-1.25,11.));
#95 = VECTOR('',#96,1.);
#96 = DIRECTION('',(1.,0.,0.));
#97 = PCURVE('',#32,#98);
#98 = DEFINITIONAL_REPRESENTATION('',(#99),#103);
#99 = LINE('',#100,#101);
#100 = CARTESIAN_POINT('',(0.,0.));
#101 = VECTOR('',#102,1.);
#102 = DIRECTION('',(1.,0.));
#103 = ( GEOMETRIC_REPRESENTATION_CONTEXT(2) 
PARAMETRIC_REPRESENTATION_CONTEXT() REPRESENTATION_CONTEXT('2D SPACE',''
  ) );
#104 = PCURVE('',#105,#110);
#105 = PLANE('',#106);
#106 = AXIS2_PLACEMENT_3D('',#107,#108,#109);
#107 = CARTESIAN_POINT('',(-14.,-1.25,0.));
#108 = DIRECTION('',(0.,1.,0.));
#109 = DIRECTION('',(0.,0.,1.));
#110 = DEFINITIONAL_REPRESENTATION('',(#111),#115);
#111 = LINE('',#112,#113);
#112 = CARTESIAN_POINT('',(11.,0.));
#113 = VECTOR('',#114,1.);
#114 = DIRECTION('',(0.,1.));
#115 = ( GEOMETRIC_REPRESENTATION_CONTEXT(2) 
PARAMETRIC_REPRESENTATION_CONTEXT() REPRESENTATION_CONTEXT('2D SPACE',''
  ) );
#116 = ORIENTED_EDGE('',*,*,#117,.T.);
#117 = EDGE_CURVE('',#90,#118,#120,.T.);
#118 = VERTEX_POINT('',#119);
#119 = CARTESIAN_POINT('',(-6.,0.,11.));
#120 = SURFACE_CURVE('',#121,(#125,#132),.PCURVE_S1.);
#121 = LINE('',#122,#123);
#122 = CARTESIAN_POINT('',(-6.,-1.25,11.));
#123 = VECTOR('',#124,1.);
#124 = DIRECTION('',(0.,1.,0.));
#125 = PCURVE('',#32,#126);
#126 = DEFINITIONAL_REPRESENTATION('',(#127),#131);
#127 = LINE('',#128,#129);
#128 = CARTESIAN_POINT('',(8.,0.));
#129 = VECTOR('',#130,1.);
#130 = DIRECTION('',(0.,1.));
#131 = ( GEOMETRIC_REPRESENTATION_CONTEXT(2) 
PARAMETRIC_REPRESENTATION_CONTEXT() REPRESENTATION_CONTEXT('2D SPACE',''
  ) );
#132 = PCURVE('',#133,#138);
#133 = PLANE('',#134);
#134 = AXIS2_PLACEMENT_3D('',#135,#136,#137);
#135 = CARTESIAN_POINT('',(-6.,-1.25,0.));
#136 = DIRECTION('',(1.,0.,0.));
#137 = DIRECTION('',(0.,0.,1.));
#138 = DEFINITIONAL_REPRESENTATION('',(#139),#143);
#139 = LINE('',#140,#141);
#140 = CARTESIAN_POINT('',(11.,0.));
#141 = VECTOR('',#142,1.);
#142 = DIRECTION('',(0.,-1.));
#143 = ( GEOMETRIC_REPRESENTATION_CONTEXT(2) 
PARAMETRIC_REPRESENTATION_CONTEXT() REPRESENTATION_CONTEXT('2D SPACE',''
  ) );
#144 = ORIENTED_EDGE('',*,*,#145,.T.);
#145 = EDGE_CURVE('',#118,#146,#148,.T.);
#146 = VERTEX_POINT('',#147);
#147 = CARTESIAN_POINT('',(-6.,1.25,11.));
#148 = SURFACE_CURVE('',#149,(#153,#160),.PCURVE_S1.);
#149 = LINE('',#150,#151);
#150 = CARTESIAN_POINT('',(-6.,-1.25,11.));
#151 = VECTOR('',#152,1.);
#152 = DIRECTION('',(0.,1.,0.));
#153 = PCURVE('',#32,#154);
#154 = DEFINITIONAL_REPRESENTATION('',(#155),#159);
#155 = LINE('',#156,#157);
#156 = CARTESIAN_POINT('',(8.,0.));
#157 = VECTOR('',#158,1.);
#158 = DIRECTION('',(0.,1.));
#159 = ( GEOMETRIC_REPRESENTATION_CONTEXT(2) 
PARAMETRIC_REPRESENTATION_CONTEXT() REPRESENTATION_CONTEXT('2D SPACE',''
  ) );
#160 = PCURVE('',#161,#166);
#161 = PLANE('',#162);
#162 = AXIS2_PLACEMENT_3D('',#163,#164,#165);
#163 = CARTESIAN_POINT('',(-6.,-1.25,0.));
#164 = DIRECTION('',(1.,0.,0.));
#165 = DIRECTION('',(0.,0.,1.));
#166 = DEFINITIONAL_REPRESENTATION('',(#167),#171);
#167 = LINE('',#168,#169);
#168 = CARTESIAN_POINT('',(11.,0.));
#169 = VECTOR('',#170,1.);
#170 = DIRECTION('',(0.,-1.));
#171 = ( GEOMETRIC_REPRESENTATION_CONTEXT(2) 
PARAMETRIC_REPRESENTATION_CONTEXT() REPRESENTATION_CONTEXT('2D SPACE',''
  ) );
#172 = ORIENTED_EDGE('',*,*,#173,.F.);
#173 = EDGE_CURVE('',#174,#146,#176,.T.);
#174 = VERTEX_POINT('',#175);
#175 = CARTESIAN_POINT('',(-12.875,1.25,11.));
#176 = SURFACE_CURVE('',#177,(#181,#188),.PCURVE_S1.);
#177 = LINE('',#178,#179);
#178 = CARTESIAN_POINT('',(-14.,1.25,11.));
#179 = VECTOR('',#180,1.);
#180 = DIRECTION('',(1.,0.,0.));
#181 = PCURVE('',#32,#182);
#182 = DEFINITIONAL_REPRESENTATION('',(#183),#187);
#183 = LINE('',#184,#185);
#184 = CARTESIAN_POINT('',(0.,2.5));
#185 = VECTOR('',#186,1.);
#186 = DIRECTION('',(1.,0.));
#187 = ( GEOMETRIC_REPRESENTATION_CONTEXT(2) 
PARAMETRIC_REPRESENTATION_CONTEXT() REPRESENTATION_CONTEXT('2D SPACE',''
  ) );
#188 = PCURVE('',#189,#194);
#189 = PLANE('',#190);
#190 = AXIS2_PLACEMENT_3D('',#191,#192,#193);
#191 = CARTESIAN_POINT('',(-14.,1.25,0.));
#192 = DIRECTION('',(0.,1.,0.));
#193 = DIRECTION('',(0.,0.,1.));
#194 = DEFINITIONAL_REPRESENTATION('',(#195),#199);
#195 = LINE('',#196,#197);
#196 = CARTESIAN_POINT('',(11.,0.));
#197 = VECTOR('',#198,1.);
#198 = DIRECTION('',(0.,1.));
#199 = ( GEOMETRIC_REPRESENTATION_CONTEXT(2) 
PARAMETRIC_REPRESENTATION_CONTEXT() REPRESENTATION_CONTEXT('2D SPACE',''
  ) );
#200 = ORIENTED_EDGE('',*,*,#201,.F.);
#201 = EDGE_CURVE('',#24,#174,#202,.T.);
#202 = SURFACE_CURVE('',#203,(#208,#219),.PCURVE_S1.);
#203 = CIRCLE('',#204,1.125);
#204 = AXIS2_PLACEMENT_3D('',#205,#206,#207);
#205 = CARTESIAN_POINT('',(-12.875,0.125,11.));
#206 = DIRECTION('',(-0.,-0.,-1.));
#207 = DIRECTION('',(0.,-1.,0.));
#208 = PCURVE('',#32,#209);
#209 = DEFINITIONAL_REPRESENTATION('',(#210),#218);
#210 = ( BOUNDED_CURVE() B_SPLINE_CURVE(2,(#211,#212,#213,#214,#215,#216
,#217),.UNSPECIFIED.,.T.,.F.) B_SPLINE_CURVE_WITH_KNOTS((1,2,2,2,2,1),(
    -2.094395102393,0.,2.094395102393,4.188790204786,6.28318530718,
8.377580409573),.UNSPECIFIED.) CURVE() GEOMETRIC_REPRESENTATION_ITEM() 
RATIONAL_B_SPLINE_CURVE((1.,0.5,1.,0.5,1.,0.5,1.)) REPRESENTATION_ITEM(
  '') );
#211 = CARTESIAN_POINT('',(1.125,0.25));
#212 = CARTESIAN_POINT('',(-0.823557158515,0.25));
#213 = CARTESIAN_POINT('',(0.150721420743,1.9375));
#214 = CARTESIAN_POINT('',(1.125,3.625));
#215 = CARTESIAN_POINT('',(2.099278579257,1.9375));
#216 = CARTESIAN_POINT('',(3.073557158515,0.25));
#217 = CARTESIAN_POINT('',(1.125,0.25));
#218 = ( GEOMETRIC_REPRESENTATION_CONTEXT(2) 
PARAMETRIC_REPRESENTATION_CONTEXT() REPRESENTATION_CONTEXT('2D SPACE',''
  ) );
#219 = PCURVE('',#220,#225);
#220 = CYLINDRICAL_SURFACE('',#221,1.125);
#221 = AXIS2_PLACEMENT_3D('',#222,#223,#224);
#222 = CARTESIAN_POINT('',(-12.875,0.125,0.));
#223 = DIRECTION('',(0.,0.,1.));
#224 = DIRECTION('',(-1.,-0.,0.));
#225 = DEFINITIONAL_REPRESENTATION('',(#226),#230);
#226 = LINE('',#227,#228);
#227 = CARTESIAN_POINT('',(1.570796326795,11.));
#228 = VECTOR('',#229,1.);
#229 = DIRECTION('',(-1.,0.));
#230 = ( GEOMETRIC_REPRESENTATION_CONTEXT(2) 
PARAMETRIC_REPRESENTATION_CONTEXT() REPRESENTATION_CONTEXT('2D SPACE',''
  ) );
#231 = ADVANCED_FACE('',(#232),#44,.F.);
#232 = FACE_BOUND('',#233,.F.);
#233 = EDGE_LOOP('',(#234,#235,#258,#286));
#234 = ORIENTED_EDGE('',*,*,#21,.F.);
#235 = ORIENTED_EDGE('',*,*,#236,.F.);
#236 = EDGE_CURVE('',#237,#22,#239,.T.);
#237 = VERTEX_POINT('',#238);
#238 = CARTESIAN_POINT('',(-14.,-0.125,0.));
#239 = SURFACE_CURVE('',#240,(#244,#251),.PCURVE_S1.);
#240 = LINE('',#241,#242);
#241 = CARTESIAN_POINT('',(-14.,-0.125,0.));
#242 = VECTOR('',#243,1.);
#243 = DIRECTION('',(0.,0.,1.));
#244 = PCURVE('',#44,#245);
#245 = DEFINITIONAL_REPRESENTATION('',(#246),#250);
#246 = LINE('',#247,#248);
#247 = CARTESIAN_POINT('',(0.,-1.125));
#248 = VECTOR('',#249,1.);
#249 = DIRECTION('',(1.,0.));
#250 = ( GEOMETRIC_REPRESENTATION_CONTEXT(2) 
PARAMETRIC_REPRESENTATION_CONTEXT() REPRESENTATION_CONTEXT('2D SPACE',''
  ) );
#251 = PCURVE('',#77,#252);
#252 = DEFINITIONAL_REPRESENTATION('',(#253),#257);
#253 = LINE('',#254,#255);
#254 = CARTESIAN_POINT('',(-1.570796326795,0.));
#255 = VECTOR('',#256,1.);
#256 = DIRECTION('',(-0.,1.));
#257 = ( GEOMETRIC_REPRESENTATION_CONTEXT(2) 
PARAMETRIC_REPRESENTATION_CONTEXT() REPRESENTATION_CONTEXT('2D SPACE',''
  ) );
#258 = ORIENTED_EDGE('',*,*,#259,.T.);
#259 = EDGE_CURVE('',#237,#260,#262,.T.);
#260 = VERTEX_POINT('',#261);
#261 = CARTESIAN_POINT('',(-14.,0.125,0.));
#262 = SURFACE_CURVE('',#263,(#267,#274),.PCURVE_S1.);
#263 = LINE('',#264,#265);
#264 = CARTESIAN_POINT('',(-14.,-1.25,0.));
#265 = VECTOR('',#266,1.);
#266 = DIRECTION('',(0.,1.,0.));
#267 = PCURVE('',#44,#268);
#268 = DEFINITIONAL_REPRESENTATION('',(#269),#273);
#269 = LINE('',#270,#271);
#270 = CARTESIAN_POINT('',(0.,0.));
#271 = VECTOR('',#272,1.);
#272 = DIRECTION('',(0.,-1.));
#273 = ( GEOMETRIC_REPRESENTATION_CONTEXT(2) 
PARAMETRIC_REPRESENTATION_CONTEXT() REPRESENTATION_CONTEXT('2D SPACE',''
  ) );
#274 = PCURVE('',#275,#280);
#275 = PLANE('',#276);
#276 = AXIS2_PLACEMENT_3D('',#277,#278,#279);
#277 = CARTESIAN_POINT('',(-14.,-1.25,0.));
#278 = DIRECTION('',(0.,0.,1.));
#279 = DIRECTION('',(1.,0.,0.));
#280 = DEFINITIONAL_REPRESENTATION('',(#281),#285);
#281 = LINE('',#282,#283);
#282 = CARTESIAN_POINT('',(0.,0.));
#283 = VECTOR('',#284,1.);
#284 = DIRECTION('',(0.,1.));
#285 = ( GEOMETRIC_REPRESENTATION_CONTEXT(2) 
PARAMETRIC_REPRESENTATION_CONTEXT() REPRESENTATION_CONTEXT('2D SPACE',''
  ) );
#286 = ORIENTED_EDGE('',*,*,#287,.T.);
#287 = EDGE_CURVE('',#260,#24,#288,.T.);
#288 = SURFACE_CURVE('',#289,(#293,#300),.PCURVE_S1.);
#289 = LINE('',#290,#291);
#290 = CARTESIAN_POINT('',(-14.,0.125,0.));
#291 = VECTOR('',#292,1.);
#292 = DIRECTION('',(0.,0.,1.));
#293 = PCURVE('',#44,#294);
#294 = DEFINITIONAL_REPRESENTATION('',(#295),#299);
#295 = LINE('',#296,#297);
#296 = CARTESIAN_POINT('',(0.,-1.375));
#297 = VECTOR('',#298,1.);
#298 = DIRECTION('',(1.,0.));
#299 = ( GEOMETRIC_REPRESENTATION_CONTEXT(2) 
PARAMETRIC_REPRESENTATION_CONTEXT() REPRESENTATION_CONTEXT('2D SPACE',''
  ) );
#300 = PCURVE('',#220,#301);
#301 = DEFINITIONAL_REPRESENTATION('',(#302),#306);
#302 = LINE('',#303,#304);
#303 = CARTESIAN_POINT('',(-0.,0.));
#304 = VECTOR('',#305,1.);
#305 = DIRECTION('',(-0.,1.));
#306 = ( GEOMETRIC_REPRESENTATION_CONTEXT(2) 
PARAMETRIC_REPRESENTATION_CONTEXT() REPRESENTATION_CONTEXT('2D SPACE',''
  ) );
#307 = ADVANCED_FACE('',(#308),#77,.T.);
#308 = FACE_BOUND('',#309,.F.);
#309 = EDGE_LOOP('',(#310,#338,#339,#340));
#310 = ORIENTED_EDGE('',*,*,#311,.T.);
#311 = EDGE_CURVE('',#312,#237,#314,.T.);
#312 = VERTEX_POINT('',#313);
#313 = CARTESIAN_POINT('',(-12.875,-1.25,0.));
#314 = SURFACE_CURVE('',#315,(#320,#327),.PCURVE_S1.);
#315 = CIRCLE('',#316,1.125);
#316 = AXIS2_PLACEMENT_3D('',#317,#318,#319);
#317 = CARTESIAN_POINT('',(-12.875,-0.125,0.));
#318 = DIRECTION('',(-0.,-0.,-1.));
#319 = DIRECTION('',(0.,-1.,0.));
#320 = PCURVE('',#77,#321);
#321 = DEFINITIONAL_REPRESENTATION('',(#322),#326);
#322 = LINE('',#323,#324);
#323 = CARTESIAN_POINT('',(-0.,0.));
#324 = VECTOR('',#325,1.);
#325 = DIRECTION('',(-1.,0.));
#326 = ( GEOMETRIC_REPRESENTATION_CONTEXT(2) 
PARAMETRIC_REPRESENTATION_CONTEXT() REPRESENTATION_CONTEXT('2D SPACE',''
  ) );
#327 = PCURVE('',#275,#328);
#328 = DEFINITIONAL_REPRESENTATION('',(#329),#337);
#329 = ( BOUNDED_CURVE() B_SPLINE_CURVE(2,(#330,#331,#332,#333,#334,#335
,#336),.UNSPECIFIED.,.T.,.F.) B_SPLINE_CURVE_WITH_KNOTS((1,2,2,2,2,1),(
    -2.094395102393,0.,2.094395102393,4.188790204786,6.28318530718,
8.377580409573),.UNSPECIFIED.) CURVE() GEOMETRIC_REPRESENTATION_ITEM() 
RATIONAL_B_SPLINE_CURVE((1.,0.5,1.,0.5,1.,0.5,1.)) REPRESENTATION_ITEM(
  '') );
#330 = CARTESIAN_POINT('',(1.125,0.));
#331 = CARTESIAN_POINT('',(-0.823557158515,0.));
#332 = CARTESIAN_POINT('',(0.150721420743,1.6875));
#333 = CARTESIAN_POINT('',(1.125,3.375));
#334 = CARTESIAN_POINT('',(2.099278579257,1.6875));
#335 = CARTESIAN_POINT('',(3.073557158515,1.7763568394E-15));
#336 = CARTESIAN_POINT('',(1.125,0.));
#337 = ( GEOMETRIC_REPRESENTATION_CONTEXT(2) 
PARAMETRIC_REPRESENTATION_CONTEXT() REPRESENTATION_CONTEXT('2D SPACE',''
  ) );
#338 = ORIENTED_EDGE('',*,*,#236,.T.);
#339 = ORIENTED_EDGE('',*,*,#56,.F.);
#340 = ORIENTED_EDGE('',*,*,#341,.F.);
#341 = EDGE_CURVE('',#312,#57,#342,.T.);
#342 = SURFACE_CURVE('',#343,(#347,#354),.PCURVE_S1.);
#343 = LINE('',#344,#345);
#344 = CARTESIAN_POINT('',(-12.875,-1.25,0.));
#345 = VECTOR('',#346,1.);
#346 = DIRECTION('',(0.,0.,1.));
#347 = PCURVE('',#77,#348);
#348 = DEFINITIONAL_REPRESENTATION('',(#349),#353);
#349 = LINE('',#350,#351);
#350 = CARTESIAN_POINT('',(-0.,0.));
#351 = VECTOR('',#352,1.);
#352 = DIRECTION('',(-0.,1.));
#353 = ( GEOMETRIC_REPRESENTATION_CONTEXT(2) 
PARAMETRIC_REPRESENTATION_CONTEXT() REPRESENTATION_CONTEXT('2D SPACE',''
  ) );
#354 = PCURVE('',#105,#355);
#355 = DEFINITIONAL_REPRESENTATION('',(#356),#360);
#356 = LINE('',#357,#358);
#357 = CARTESIAN_POINT('',(0.,1.125));
#358 = VECTOR('',#359,1.);
#359 = DIRECTION('',(1.,0.));
#360 = ( GEOMETRIC_REPRESENTATION_CONTEXT(2) 
PARAMETRIC_REPRESENTATION_CONTEXT() REPRESENTATION_CONTEXT('2D SPACE',''
  ) );
#361 = ADVANCED_FACE('',(#362),#220,.T.);
#362 = FACE_BOUND('',#363,.F.);
#363 = EDGE_LOOP('',(#364,#392,#413,#414));
#364 = ORIENTED_EDGE('',*,*,#365,.T.);
#365 = EDGE_CURVE('',#260,#366,#368,.T.);
#366 = VERTEX_POINT('',#367);
#367 = CARTESIAN_POINT('',(-12.875,1.25,0.));
#368 = SURFACE_CURVE('',#369,(#374,#381),.PCURVE_S1.);
#369 = CIRCLE('',#370,1.125);
#370 = AXIS2_PLACEMENT_3D('',#371,#372,#373);
#371 = CARTESIAN_POINT('',(-12.875,0.125,0.));
#372 = DIRECTION('',(-0.,-0.,-1.));
#373 = DIRECTION('',(0.,-1.,0.));
#374 = PCURVE('',#220,#375);
#375 = DEFINITIONAL_REPRESENTATION('',(#376),#380);
#376 = LINE('',#377,#378);
#377 = CARTESIAN_POINT('',(1.570796326795,-0.));
#378 = VECTOR('',#379,1.);
#379 = DIRECTION('',(-1.,0.));
#380 = ( GEOMETRIC_REPRESENTATION_CONTEXT(2) 
PARAMETRIC_REPRESENTATION_CONTEXT() REPRESENTATION_CONTEXT('2D SPACE',''
  ) );
#381 = PCURVE('',#275,#382);
#382 = DEFINITIONAL_REPRESENTATION('',(#383),#391);
#383 = ( BOUNDED_CURVE() B_SPLINE_CURVE(2,(#384,#385,#386,#387,#388,#389
,#390),.UNSPECIFIED.,.T.,.F.) B_SPLINE_CURVE_WITH_KNOTS((1,2,2,2,2,1),(
    -2.094395102393,0.,2.094395102393,4.188790204786,6.28318530718,
8.377580409573),.UNSPECIFIED.) CURVE() GEOMETRIC_REPRESENTATION_ITEM() 
RATIONAL_B_SPLINE_CURVE((1.,0.5,1.,0.5,1.,0.5,1.)) REPRESENTATION_ITEM(
  '') );
#384 = CARTESIAN_POINT('',(1.125,0.25));
#385 = CARTESIAN_POINT('',(-0.823557158515,0.25));
#386 = CARTESIAN_POINT('',(0.150721420743,1.9375));
#387 = CARTESIAN_POINT('',(1.125,3.625));
#388 = CARTESIAN_POINT('',(2.099278579257,1.9375));
#389 = CARTESIAN_POINT('',(3.073557158515,0.25));
#390 = CARTESIAN_POINT('',(1.125,0.25));
#391 = ( GEOMETRIC_REPRESENTATION_CONTEXT(2) 
PARAMETRIC_REPRESENTATION_CONTEXT() REPRESENTATION_CONTEXT('2D SPACE',''
  ) );
#392 = ORIENTED_EDGE('',*,*,#393,.T.);
#393 = EDGE_CURVE('',#366,#174,#394,.T.);
#394 = SURFACE_CURVE('',#395,(#399,#406),.PCURVE_S1.);
#395 = LINE('',#396,#397);
#396 = CARTESIAN_POINT('',(-12.875,1.25,0.));
#397 = VECTOR('',#398,1.);
#398 = DIRECTION('',(0.,0.,1.));
#399 = PCURVE('',#220,#400);
#400 = DEFINITIONAL_REPRESENTATION('',(#401),#405);
#401 = LINE('',#402,#403);
#402 = CARTESIAN_POINT('',(-1.570796326795,0.));
#403 = VECTOR('',#404,1.);
#404 = DIRECTION('',(-0.,1.));
#405 = ( GEOMETRIC_REPRESENTATION_CONTEXT(2) 
PARAMETRIC_REPRESENTATION_CONTEXT() REPRESENTATION_CONTEXT('2D SPACE',''
  ) );
#406 = PCURVE('',#189,#407);
#407 = DEFINITIONAL_REPRESENTATION('',(#408),#412);
#408 = LINE('',#409,#410);
#409 = CARTESIAN_POINT('',(0.,1.125));
#410 = VECTOR('',#411,1.);
#411 = DIRECTION('',(1.,0.));
#412 = ( GEOMETRIC_REPRESENTATION_CONTEXT(2) 
PARAMETRIC_REPRESENTATION_CONTEXT() REPRESENTATION_CONTEXT('2D SPACE',''
  ) );
#413 = ORIENTED_EDGE('',*,*,#201,.F.);
#414 = ORIENTED_EDGE('',*,*,#287,.F.);
#415 = ADVANCED_FACE('',(#416),#105,.F.);
#416 = FACE_BOUND('',#417,.F.);
#417 = EDGE_LOOP('',(#418,#441,#442,#443));
#418 = ORIENTED_EDGE('',*,*,#419,.F.);
#419 = EDGE_CURVE('',#312,#420,#422,.T.);
#420 = VERTEX_POINT('',#421);
#421 = CARTESIAN_POINT('',(-6.,-1.25,0.));
#422 = SURFACE_CURVE('',#423,(#427,#434),.PCURVE_S1.);
#423 = LINE('',#424,#425);
#424 = CARTESIAN_POINT('',(-14.,-1.25,0.));
#425 = VECTOR('',#426,1.);
#426 = DIRECTION('',(1.,0.,0.));
#427 = PCURVE('',#105,#428);
#428 = DEFINITIONAL_REPRESENTATION('',(#429),#433);
#429 = LINE('',#430,#431);
#430 = CARTESIAN_POINT('',(0.,0.));
#431 = VECTOR('',#432,1.);
#432 = DIRECTION('',(0.,1.));
#433 = ( GEOMETRIC_REPRESENTATION_CONTEXT(2) 
PARAMETRIC_REPRESENTATION_CONTEXT() REPRESENTATION_CONTEXT('2D SPACE',''
  ) );
#434 = PCURVE('',#275,#435);
#435 = DEFINITIONAL_REPRESENTATION('',(#436),#440);
#436 = LINE('',#437,#438);
#437 = CARTESIAN_POINT('',(0.,0.));
#438 = VECTOR('',#439,1.);
#439 = DIRECTION('',(1.,0.));
#440 = ( GEOMETRIC_REPRESENTATION_CONTEXT(2) 
PARAMETRIC_REPRESENTATION_CONTEXT() REPRESENTATION_CONTEXT('2D SPACE',''
  ) );
#441 = ORIENTED_EDGE('',*,*,#341,.T.);
#442 = ORIENTED_EDGE('',*,*,#89,.T.);
#443 = ORIENTED_EDGE('',*,*,#444,.F.);
#444 = EDGE_CURVE('',#420,#90,#445,.T.);
#445 = SURFACE_CURVE('',#446,(#450,#457),.PCURVE_S1.);
#446 = LINE('',#447,#448);
#447 = CARTESIAN_POINT('',(-6.,-1.25,0.));
#448 = VECTOR('',#449,1.);
#449 = DIRECTION('',(0.,0.,1.));
#450 = PCURVE('',#105,#451);
#451 = DEFINITIONAL_REPRESENTATION('',(#452),#456);
#452 = LINE('',#453,#454);
#453 = CARTESIAN_POINT('',(0.,8.));
#454 = VECTOR('',#455,1.);
#455 = DIRECTION('',(1.,0.));
#456 = ( GEOMETRIC_REPRESENTATION_CONTEXT(2) 
PARAMETRIC_REPRESENTATION_CONTEXT() REPRESENTATION_CONTEXT('2D SPACE',''
  ) );
#457 = PCURVE('',#133,#458);
#458 = DEFINITIONAL_REPRESENTATION('',(#459),#463);
#459 = LINE('',#460,#461);
#460 = CARTESIAN_POINT('',(0.,0.));
#461 = VECTOR('',#462,1.);
#462 = DIRECTION('',(1.,0.));
#463 = ( GEOMETRIC_REPRESENTATION_CONTEXT(2) 
PARAMETRIC_REPRESENTATION_CONTEXT() REPRESENTATION_CONTEXT('2D SPACE',''
  ) );
#464 = ADVANCED_FACE('',(#465),#189,.T.);
#465 = FACE_BOUND('',#466,.T.);
#466 = EDGE_LOOP('',(#467,#490,#491,#492));
#467 = ORIENTED_EDGE('',*,*,#468,.F.);
#468 = EDGE_CURVE('',#366,#469,#471,.T.);
#469 = VERTEX_POINT('',#470);
#470 = CARTESIAN_POINT('',(-6.,1.25,0.));
#471 = SURFACE_CURVE('',#472,(#476,#483),.PCURVE_S1.);
#472 = LINE('',#473,#474);
#473 = CARTESIAN_POINT('',(-14.,1.25,0.));
#474 = VECTOR('',#475,1.);
#475 = DIRECTION('',(1.,0.,0.));
#476 = PCURVE('',#189,#477);
#477 = DEFINITIONAL_REPRESENTATION('',(#478),#482);
#478 = LINE('',#479,#480);
#479 = CARTESIAN_POINT('',(0.,0.));
#480 = VECTOR('',#481,1.);
#481 = DIRECTION('',(0.,1.));
#482 = ( GEOMETRIC_REPRESENTATION_CONTEXT(2) 
PARAMETRIC_REPRESENTATION_CONTEXT() REPRESENTATION_CONTEXT('2D SPACE',''
  ) );
#483 = PCURVE('',#275,#484);
#484 = DEFINITIONAL_REPRESENTATION('',(#485),#489);
#485 = LINE('',#486,#487);
#486 = CARTESIAN_POINT('',(0.,2.5));
#487 = VECTOR('',#488,1.);
#488 = DIRECTION('',(1.,0.));
#489 = ( GEOMETRIC_REPRESENTATION_CONTEXT(2) 
PARAMETRIC_REPRESENTATION_CONTEXT() REPRESENTATION_CONTEXT('2D SPACE',''
  ) );
#490 = ORIENTED_EDGE('',*,*,#393,.T.);
#491 = ORIENTED_EDGE('',*,*,#173,.T.);
#492 = ORIENTED_EDGE('',*,*,#493,.F.);
#493 = EDGE_CURVE('',#469,#146,#494,.T.);
#494 = SURFACE_CURVE('',#495,(#499,#506),.PCURVE_S1.);
#495 = LINE('',#496,#497);
#496 = CARTESIAN_POINT('',(-6.,1.25,0.));
#497 = VECTOR('',#498,1.);
#498 = DIRECTION('',(0.,0.,1.));
#499 = PCURVE('',#189,#500);
#500 = DEFINITIONAL_REPRESENTATION('',(#501),#505);
#501 = LINE('',#502,#503);
#502 = CARTESIAN_POINT('',(0.,8.));
#503 = VECTOR('',#504,1.);
#504 = DIRECTION('',(1.,0.));
#505 = ( GEOMETRIC_REPRESENTATION_CONTEXT(2) 
PARAMETRIC_REPRESENTATION_CONTEXT() REPRESENTATION_CONTEXT('2D SPACE',''
  ) );
#506 = PCURVE('',#161,#507);
#507 = DEFINITIONAL_REPRESENTATION('',(#508),#512);
#508 = LINE('',#509,#510);
#509 = CARTESIAN_POINT('',(0.,-2.5));
#510 = VECTOR('',#511,1.);
#511 = DIRECTION('',(1.,0.));
#512 = ( GEOMETRIC_REPRESENTATION_CONTEXT(2) 
PARAMETRIC_REPRESENTATION_CONTEXT() REPRESENTATION_CONTEXT('2D SPACE',''
  ) );
#513 = ADVANCED_FACE('',(#514),#133,.T.);
#514 = FACE_BOUND('',#515,.T.);
#515 = EDGE_LOOP('',(#516,#517,#518,#541));
#516 = ORIENTED_EDGE('',*,*,#117,.F.);
#517 = ORIENTED_EDGE('',*,*,#444,.F.);
#518 = ORIENTED_EDGE('',*,*,#519,.T.);
#519 = EDGE_CURVE('',#420,#520,#522,.T.);
#520 = VERTEX_POINT('',#521);
#521 = CARTESIAN_POINT('',(-6.,7.004609471318E-16,0.));
#522 = SURFACE_CURVE('',#523,(#527,#534),.PCURVE_S1.);
#523 = LINE('',#524,#525);
#524 = CARTESIAN_POINT('',(-6.,-1.25,0.));
#525 = VECTOR('',#526,1.);
#526 = DIRECTION('',(0.,1.,0.));
#527 = PCURVE('',#133,#528);
#528 = DEFINITIONAL_REPRESENTATION('',(#529),#533);
#529 = LINE('',#530,#531);
#530 = CARTESIAN_POINT('',(0.,0.));
#531 = VECTOR('',#532,1.);
#532 = DIRECTION('',(0.,-1.));
#533 = ( GEOMETRIC_REPRESENTATION_CONTEXT(2) 
PARAMETRIC_REPRESENTATION_CONTEXT() REPRESENTATION_CONTEXT('2D SPACE',''
  ) );
#534 = PCURVE('',#275,#535);
#535 = DEFINITIONAL_REPRESENTATION('',(#536),#540);
#536 = LINE('',#537,#538);
#537 = CARTESIAN_POINT('',(8.,0.));
#538 = VECTOR('',#539,1.);
#539 = DIRECTION('',(0.,1.));
#540 = ( GEOMETRIC_REPRESENTATION_CONTEXT(2) 
PARAMETRIC_REPRESENTATION_CONTEXT() REPRESENTATION_CONTEXT('2D SPACE',''
  ) );
#541 = ORIENTED_EDGE('',*,*,#542,.T.);
#542 = EDGE_CURVE('',#520,#118,#543,.T.);
#543 = SURFACE_CURVE('',#544,(#548,#554),.PCURVE_S1.);
#544 = LINE('',#545,#546);
#545 = CARTESIAN_POINT('',(-6.,0.,0.));
#546 = VECTOR('',#547,1.);
#547 = DIRECTION('',(0.,0.,1.));
#548 = PCURVE('',#133,#549);
#549 = DEFINITIONAL_REPRESENTATION('',(#550),#553);
#550 = B_SPLINE_CURVE_WITH_KNOTS('',1,(#551,#552),.UNSPECIFIED.,.F.,.F.,
  (2,2),(-6.E-07,12.1),.PIECEWISE_BEZIER_KNOTS.);
#551 = CARTESIAN_POINT('',(-6.E-07,-1.25));
#552 = CARTESIAN_POINT('',(12.1,-1.25));
#553 = ( GEOMETRIC_REPRESENTATION_CONTEXT(2) 
PARAMETRIC_REPRESENTATION_CONTEXT() REPRESENTATION_CONTEXT('2D SPACE',''
  ) );
#554 = PCURVE('',#161,#555);
#555 = DEFINITIONAL_REPRESENTATION('',(#556),#559);
#556 = B_SPLINE_CURVE_WITH_KNOTS('',1,(#557,#558),.UNSPECIFIED.,.F.,.F.,
  (2,2),(-6.E-07,12.1),.PIECEWISE_BEZIER_KNOTS.);
#557 = CARTESIAN_POINT('',(-6.E-07,-1.25));
#558 = CARTESIAN_POINT('',(12.1,-1.25));
#559 = ( GEOMETRIC_REPRESENTATION_CONTEXT(2) 
PARAMETRIC_REPRESENTATION_CONTEXT() REPRESENTATION_CONTEXT('2D SPACE',''
  ) );
#560 = ADVANCED_FACE('',(#561),#161,.T.);
#561 = FACE_BOUND('',#562,.T.);
#562 = EDGE_LOOP('',(#563,#564,#565,#586));
#563 = ORIENTED_EDGE('',*,*,#145,.F.);
#564 = ORIENTED_EDGE('',*,*,#542,.F.);
#565 = ORIENTED_EDGE('',*,*,#566,.T.);
#566 = EDGE_CURVE('',#520,#469,#567,.T.);
#567 = SURFACE_CURVE('',#568,(#572,#579),.PCURVE_S1.);
#568 = LINE('',#569,#570);
#569 = CARTESIAN_POINT('',(-6.,-1.25,0.));
#570 = VECTOR('',#571,1.);
#571 = DIRECTION('',(0.,1.,0.));
#572 = PCURVE('',#161,#573);
#573 = DEFINITIONAL_REPRESENTATION('',(#574),#578);
#574 = LINE('',#575,#576);
#575 = CARTESIAN_POINT('',(0.,0.));
#576 = VECTOR('',#577,1.);
#577 = DIRECTION('',(0.,-1.));
#578 = ( GEOMETRIC_REPRESENTATION_CONTEXT(2) 
PARAMETRIC_REPRESENTATION_CONTEXT() REPRESENTATION_CONTEXT('2D SPACE',''
  ) );
#579 = PCURVE('',#275,#580);
#580 = DEFINITIONAL_REPRESENTATION('',(#581),#585);
#581 = LINE('',#582,#583);
#582 = CARTESIAN_POINT('',(8.,0.));
#583 = VECTOR('',#584,1.);
#584 = DIRECTION('',(0.,1.));
#585 = ( GEOMETRIC_REPRESENTATION_CONTEXT(2) 
PARAMETRIC_REPRESENTATION_CONTEXT() REPRESENTATION_CONTEXT('2D SPACE',''
  ) );
#586 = ORIENTED_EDGE('',*,*,#493,.T.);
#587 = ADVANCED_FACE('',(#588),#275,.F.);
#588 = FACE_BOUND('',#589,.F.);
#589 = EDGE_LOOP('',(#590,#591,#592,#593,#594,#595,#596));
#590 = ORIENTED_EDGE('',*,*,#259,.F.);
#591 = ORIENTED_EDGE('',*,*,#311,.F.);
#592 = ORIENTED_EDGE('',*,*,#419,.T.);
#593 = ORIENTED_EDGE('',*,*,#519,.T.);
#594 = ORIENTED_EDGE('',*,*,#566,.T.);
#595 = ORIENTED_EDGE('',*,*,#468,.F.);
#596 = ORIENTED_EDGE('',*,*,#365,.F.);
#597 = MANIFOLD_SOLID_BREP('',#598);
#598 = CLOSED_SHELL('',(#599,#809,#885,#939,#988,#1037,#1086,#1136,#1163
    ));
#599 = ADVANCED_FACE('',(#600),#614,.T.);
#600 = FACE_BOUND('',#601,.T.);
#601 = EDGE_LOOP('',(#602,#637,#665,#693,#721,#750,#778));
#602 = ORIENTED_EDGE('',*,*,#603,.F.);
#603 = EDGE_CURVE('',#604,#606,#608,.T.);
#604 = VERTEX_POINT('',#605);
#605 = CARTESIAN_POINT('',(6.,1.25,11.));
#606 = VERTEX_POINT('',#607);
#607 = CARTESIAN_POINT('',(12.875,1.25,11.));
#608 = SURFACE_CURVE('',#609,(#613,#625),.PCURVE_S1.);
#609 = LINE('',#610,#611);
#610 = CARTESIAN_POINT('',(6.,1.25,11.));
#611 = VECTOR('',#612,1.);
#612 = DIRECTION('',(1.,0.,0.));
#613 = PCURVE('',#614,#619);
#614 = PLANE('',#615);
#615 = AXIS2_PLACEMENT_3D('',#616,#617,#618);
#616 = CARTESIAN_POINT('',(6.,-1.25,11.));
#617 = DIRECTION('',(0.,0.,1.));
#618 = DIRECTION('',(1.,0.,0.));
#619 = DEFINITIONAL_REPRESENTATION('',(#620),#624);
#620 = LINE('',#621,#622);
#621 = CARTESIAN_POINT('',(0.,2.5));
#622 = VECTOR('',#623,1.);
#623 = DIRECTION('',(1.,0.));
#624 = ( GEOMETRIC_REPRESENTATION_CONTEXT(2) 
PARAMETRIC_REPRESENTATION_CONTEXT() REPRESENTATION_CONTEXT('2D SPACE',''
  ) );
#625 = PCURVE('',#626,#631);
#626 = PLANE('',#627);
#627 = AXIS2_PLACEMENT_3D('',#628,#629,#630);
#628 = CARTESIAN_POINT('',(6.,1.25,0.));
#629 = DIRECTION('',(0.,1.,0.));
#630 = DIRECTION('',(0.,0.,1.));
#631 = DEFINITIONAL_REPRESENTATION('',(#632),#636);
#632 = LINE('',#633,#634);
#633 = CARTESIAN_POINT('',(11.,0.));
#634 = VECTOR('',#635,1.);
#635 = DIRECTION('',(0.,1.));
#636 = ( GEOMETRIC_REPRESENTATION_CONTEXT(2) 
PARAMETRIC_REPRESENTATION_CONTEXT() REPRESENTATION_CONTEXT('2D SPACE',''
  ) );
#637 = ORIENTED_EDGE('',*,*,#638,.F.);
#638 = EDGE_CURVE('',#639,#604,#641,.T.);
#639 = VERTEX_POINT('',#640);
#640 = CARTESIAN_POINT('',(6.,-1.511944196726E-15,11.));
#641 = SURFACE_CURVE('',#642,(#646,#653),.PCURVE_S1.);
#642 = LINE('',#643,#644);
#643 = CARTESIAN_POINT('',(6.,-1.25,11.));
#644 = VECTOR('',#645,1.);
#645 = DIRECTION('',(0.,1.,0.));
#646 = PCURVE('',#614,#647);
#647 = DEFINITIONAL_REPRESENTATION('',(#648),#652);
#648 = LINE('',#649,#650);
#649 = CARTESIAN_POINT('',(0.,0.));
#650 = VECTOR('',#651,1.);
#651 = DIRECTION('',(0.,1.));
#652 = ( GEOMETRIC_REPRESENTATION_CONTEXT(2) 
PARAMETRIC_REPRESENTATION_CONTEXT() REPRESENTATION_CONTEXT('2D SPACE',''
  ) );
#653 = PCURVE('',#654,#659);
#654 = PLANE('',#655);
#655 = AXIS2_PLACEMENT_3D('',#656,#657,#658);
#656 = CARTESIAN_POINT('',(6.,-1.25,0.));
#657 = DIRECTION('',(1.,0.,0.));
#658 = DIRECTION('',(0.,0.,1.));
#659 = DEFINITIONAL_REPRESENTATION('',(#660),#664);
#660 = LINE('',#661,#662);
#661 = CARTESIAN_POINT('',(11.,0.));
#662 = VECTOR('',#663,1.);
#663 = DIRECTION('',(0.,-1.));
#664 = ( GEOMETRIC_REPRESENTATION_CONTEXT(2) 
PARAMETRIC_REPRESENTATION_CONTEXT() REPRESENTATION_CONTEXT('2D SPACE',''
  ) );
#665 = ORIENTED_EDGE('',*,*,#666,.F.);
#666 = EDGE_CURVE('',#667,#639,#669,.T.);
#667 = VERTEX_POINT('',#668);
#668 = CARTESIAN_POINT('',(6.,-1.25,11.));
#669 = SURFACE_CURVE('',#670,(#674,#681),.PCURVE_S1.);
#670 = LINE('',#671,#672);
#671 = CARTESIAN_POINT('',(6.,-1.25,11.));
#672 = VECTOR('',#673,1.);
#673 = DIRECTION('',(0.,1.,0.));
#674 = PCURVE('',#614,#675);
#675 = DEFINITIONAL_REPRESENTATION('',(#676),#680);
#676 = LINE('',#677,#678);
#677 = CARTESIAN_POINT('',(0.,0.));
#678 = VECTOR('',#679,1.);
#679 = DIRECTION('',(0.,1.));
#680 = ( GEOMETRIC_REPRESENTATION_CONTEXT(2) 
PARAMETRIC_REPRESENTATION_CONTEXT() REPRESENTATION_CONTEXT('2D SPACE',''
  ) );
#681 = PCURVE('',#682,#687);
#682 = PLANE('',#683);
#683 = AXIS2_PLACEMENT_3D('',#684,#685,#686);
#684 = CARTESIAN_POINT('',(6.,-1.25,0.));
#685 = DIRECTION('',(1.,0.,0.));
#686 = DIRECTION('',(0.,0.,1.));
#687 = DEFINITIONAL_REPRESENTATION('',(#688),#692);
#688 = LINE('',#689,#690);
#689 = CARTESIAN_POINT('',(11.,0.));
#690 = VECTOR('',#691,1.);
#691 = DIRECTION('',(0.,-1.));
#692 = ( GEOMETRIC_REPRESENTATION_CONTEXT(2) 
PARAMETRIC_REPRESENTATION_CONTEXT() REPRESENTATION_CONTEXT('2D SPACE',''
  ) );
#693 = ORIENTED_EDGE('',*,*,#694,.T.);
#694 = EDGE_CURVE('',#667,#695,#697,.T.);
#695 = VERTEX_POINT('',#696);
#696 = CARTESIAN_POINT('',(12.875,-1.25,11.));
#697 = SURFACE_CURVE('',#698,(#702,#709),.PCURVE_S1.);
#698 = LINE('',#699,#700);
#699 = CARTESIAN_POINT('',(6.,-1.25,11.));
#700 = VECTOR('',#701,1.);
#701 = DIRECTION('',(1.,0.,0.));
#702 = PCURVE('',#614,#703);
#703 = DEFINITIONAL_REPRESENTATION('',(#704),#708);
#704 = LINE('',#705,#706);
#705 = CARTESIAN_POINT('',(0.,0.));
#706 = VECTOR('',#707,1.);
#707 = DIRECTION('',(1.,0.));
#708 = ( GEOMETRIC_REPRESENTATION_CONTEXT(2) 
PARAMETRIC_REPRESENTATION_CONTEXT() REPRESENTATION_CONTEXT('2D SPACE',''
  ) );
#709 = PCURVE('',#710,#715);
#710 = PLANE('',#711);
#711 = AXIS2_PLACEMENT_3D('',#712,#713,#714);
#712 = CARTESIAN_POINT('',(6.,-1.25,0.));
#713 = DIRECTION('',(0.,1.,0.));
#714 = DIRECTION('',(0.,0.,1.));
#715 = DEFINITIONAL_REPRESENTATION('',(#716),#720);
#716 = LINE('',#717,#718);
#717 = CARTESIAN_POINT('',(11.,0.));
#718 = VECTOR('',#719,1.);
#719 = DIRECTION('',(0.,1.));
#720 = ( GEOMETRIC_REPRESENTATION_CONTEXT(2) 
PARAMETRIC_REPRESENTATION_CONTEXT() REPRESENTATION_CONTEXT('2D SPACE',''
  ) );
#721 = ORIENTED_EDGE('',*,*,#722,.T.);
#722 = EDGE_CURVE('',#695,#723,#725,.T.);
#723 = VERTEX_POINT('',#724);
#724 = CARTESIAN_POINT('',(14.,-0.125,11.));
#725 = SURFACE_CURVE('',#726,(#731,#738),.PCURVE_S1.);
#726 = CIRCLE('',#727,1.125);
#727 = AXIS2_PLACEMENT_3D('',#728,#729,#730);
#728 = CARTESIAN_POINT('',(12.875,-0.125,11.));
#729 = DIRECTION('',(0.,0.,1.));
#730 = DIRECTION('',(0.,-1.,0.));
#731 = PCURVE('',#614,#732);
#732 = DEFINITIONAL_REPRESENTATION('',(#733),#737);
#733 = CIRCLE('',#734,1.125);
#734 = AXIS2_PLACEMENT_2D('',#735,#736);
#735 = CARTESIAN_POINT('',(6.875,1.125));
#736 = DIRECTION('',(0.,-1.));
#737 = ( GEOMETRIC_REPRESENTATION_CONTEXT(2) 
PARAMETRIC_REPRESENTATION_CONTEXT() REPRESENTATION_CONTEXT('2D SPACE',''
  ) );
#738 = PCURVE('',#739,#744);
#739 = CYLINDRICAL_SURFACE('',#740,1.125);
#740 = AXIS2_PLACEMENT_3D('',#741,#742,#743);
#741 = CARTESIAN_POINT('',(12.875,-0.125,0.));
#742 = DIRECTION('',(0.,0.,1.));
#743 = DIRECTION('',(0.,-1.,0.));
#744 = DEFINITIONAL_REPRESENTATION('',(#745),#749);
#745 = LINE('',#746,#747);
#746 = CARTESIAN_POINT('',(0.,11.));
#747 = VECTOR('',#748,1.);
#748 = DIRECTION('',(1.,0.));
#749 = ( GEOMETRIC_REPRESENTATION_CONTEXT(2) 
PARAMETRIC_REPRESENTATION_CONTEXT() REPRESENTATION_CONTEXT('2D SPACE',''
  ) );
#750 = ORIENTED_EDGE('',*,*,#751,.T.);
#751 = EDGE_CURVE('',#723,#752,#754,.T.);
#752 = VERTEX_POINT('',#753);
#753 = CARTESIAN_POINT('',(14.,0.125,11.));
#754 = SURFACE_CURVE('',#755,(#759,#766),.PCURVE_S1.);
#755 = LINE('',#756,#757);
#756 = CARTESIAN_POINT('',(14.,-1.25,11.));
#757 = VECTOR('',#758,1.);
#758 = DIRECTION('',(0.,1.,0.));
#759 = PCURVE('',#614,#760);
#760 = DEFINITIONAL_REPRESENTATION('',(#761),#765);
#761 = LINE('',#762,#763);
#762 = CARTESIAN_POINT('',(8.,0.));
#763 = VECTOR('',#764,1.);
#764 = DIRECTION('',(0.,1.));
#765 = ( GEOMETRIC_REPRESENTATION_CONTEXT(2) 
PARAMETRIC_REPRESENTATION_CONTEXT() REPRESENTATION_CONTEXT('2D SPACE',''
  ) );
#766 = PCURVE('',#767,#772);
#767 = PLANE('',#768);
#768 = AXIS2_PLACEMENT_3D('',#769,#770,#771);
#769 = CARTESIAN_POINT('',(14.,-1.25,0.));
#770 = DIRECTION('',(1.,0.,0.));
#771 = DIRECTION('',(0.,0.,1.));
#772 = DEFINITIONAL_REPRESENTATION('',(#773),#777);
#773 = LINE('',#774,#775);
#774 = CARTESIAN_POINT('',(11.,0.));
#775 = VECTOR('',#776,1.);
#776 = DIRECTION('',(0.,-1.));
#777 = ( GEOMETRIC_REPRESENTATION_CONTEXT(2) 
PARAMETRIC_REPRESENTATION_CONTEXT() REPRESENTATION_CONTEXT('2D SPACE',''
  ) );
#778 = ORIENTED_EDGE('',*,*,#779,.F.);
#779 = EDGE_CURVE('',#606,#752,#780,.T.);
#780 = SURFACE_CURVE('',#781,(#786,#797),.PCURVE_S1.);
#781 = CIRCLE('',#782,1.125);
#782 = AXIS2_PLACEMENT_3D('',#783,#784,#785);
#783 = CARTESIAN_POINT('',(12.875,0.125,11.));
#784 = DIRECTION('',(-0.,-0.,-1.));
#785 = DIRECTION('',(0.,-1.,0.));
#786 = PCURVE('',#614,#787);
#787 = DEFINITIONAL_REPRESENTATION('',(#788),#796);
#788 = ( BOUNDED_CURVE() B_SPLINE_CURVE(2,(#789,#790,#791,#792,#793,#794
,#795),.UNSPECIFIED.,.T.,.F.) B_SPLINE_CURVE_WITH_KNOTS((1,2,2,2,2,1),(
    -2.094395102393,0.,2.094395102393,4.188790204786,6.28318530718,
8.377580409573),.UNSPECIFIED.) CURVE() GEOMETRIC_REPRESENTATION_ITEM() 
RATIONAL_B_SPLINE_CURVE((1.,0.5,1.,0.5,1.,0.5,1.)) REPRESENTATION_ITEM(
  '') );
#789 = CARTESIAN_POINT('',(6.875,0.25));
#790 = CARTESIAN_POINT('',(4.926442841485,0.25));
#791 = CARTESIAN_POINT('',(5.900721420743,1.9375));
#792 = CARTESIAN_POINT('',(6.875,3.625));
#793 = CARTESIAN_POINT('',(7.849278579257,1.9375));
#794 = CARTESIAN_POINT('',(8.823557158515,0.25));
#795 = CARTESIAN_POINT('',(6.875,0.25));
#796 = ( GEOMETRIC_REPRESENTATION_CONTEXT(2) 
PARAMETRIC_REPRESENTATION_CONTEXT() REPRESENTATION_CONTEXT('2D SPACE',''
  ) );
#797 = PCURVE('',#798,#803);
#798 = CYLINDRICAL_SURFACE('',#799,1.125);
#799 = AXIS2_PLACEMENT_3D('',#800,#801,#802);
#800 = CARTESIAN_POINT('',(12.875,0.125,0.));
#801 = DIRECTION('',(0.,0.,1.));
#802 = DIRECTION('',(0.,1.,0.));
#803 = DEFINITIONAL_REPRESENTATION('',(#804),#808);
#804 = LINE('',#805,#806);
#805 = CARTESIAN_POINT('',(3.14159265359,11.));
#806 = VECTOR('',#807,1.);
#807 = DIRECTION('',(-1.,0.));
#808 = ( GEOMETRIC_REPRESENTATION_CONTEXT(2) 
PARAMETRIC_REPRESENTATION_CONTEXT() REPRESENTATION_CONTEXT('2D SPACE',''
  ) );
#809 = ADVANCED_FACE('',(#810),#626,.T.);
#810 = FACE_BOUND('',#811,.T.);
#811 = EDGE_LOOP('',(#812,#842,#863,#864));
#812 = ORIENTED_EDGE('',*,*,#813,.F.);
#813 = EDGE_CURVE('',#814,#816,#818,.T.);
#814 = VERTEX_POINT('',#815);
#815 = CARTESIAN_POINT('',(6.,1.25,0.));
#816 = VERTEX_POINT('',#817);
#817 = CARTESIAN_POINT('',(12.875,1.25,0.));
#818 = SURFACE_CURVE('',#819,(#823,#830),.PCURVE_S1.);
#819 = LINE('',#820,#821);
#820 = CARTESIAN_POINT('',(6.,1.25,0.));
#821 = VECTOR('',#822,1.);
#822 = DIRECTION('',(1.,0.,0.));
#823 = PCURVE('',#626,#824);
#824 = DEFINITIONAL_REPRESENTATION('',(#825),#829);
#825 = LINE('',#826,#827);
#826 = CARTESIAN_POINT('',(0.,0.));
#827 = VECTOR('',#828,1.);
#828 = DIRECTION('',(0.,1.));
#829 = ( GEOMETRIC_REPRESENTATION_CONTEXT(2) 
PARAMETRIC_REPRESENTATION_CONTEXT() REPRESENTATION_CONTEXT('2D SPACE',''
  ) );
#830 = PCURVE('',#831,#836);
#831 = PLANE('',#832);
#832 = AXIS2_PLACEMENT_3D('',#833,#834,#835);
#833 = CARTESIAN_POINT('',(6.,-1.25,0.));
#834 = DIRECTION('',(0.,0.,1.));
#835 = DIRECTION('',(1.,0.,0.));
#836 = DEFINITIONAL_REPRESENTATION('',(#837),#841);
#837 = LINE('',#838,#839);
#838 = CARTESIAN_POINT('',(0.,2.5));
#839 = VECTOR('',#840,1.);
#840 = DIRECTION('',(1.,0.));
#841 = ( GEOMETRIC_REPRESENTATION_CONTEXT(2) 
PARAMETRIC_REPRESENTATION_CONTEXT() REPRESENTATION_CONTEXT('2D SPACE',''
  ) );
#842 = ORIENTED_EDGE('',*,*,#843,.T.);
#843 = EDGE_CURVE('',#814,#604,#844,.T.);
#844 = SURFACE_CURVE('',#845,(#849,#856),.PCURVE_S1.);
#845 = LINE('',#846,#847);
#846 = CARTESIAN_POINT('',(6.,1.25,0.));
#847 = VECTOR('',#848,1.);
#848 = DIRECTION('',(0.,0.,1.));
#849 = PCURVE('',#626,#850);
#850 = DEFINITIONAL_REPRESENTATION('',(#851),#855);
#851 = LINE('',#852,#853);
#852 = CARTESIAN_POINT('',(0.,0.));
#853 = VECTOR('',#854,1.);
#854 = DIRECTION('',(1.,0.));
#855 = ( GEOMETRIC_REPRESENTATION_CONTEXT(2) 
PARAMETRIC_REPRESENTATION_CONTEXT() REPRESENTATION_CONTEXT('2D SPACE',''
  ) );
#856 = PCURVE('',#654,#857);
#857 = DEFINITIONAL_REPRESENTATION('',(#858),#862);
#858 = LINE('',#859,#860);
#859 = CARTESIAN_POINT('',(0.,-2.5));
#860 = VECTOR('',#861,1.);
#861 = DIRECTION('',(1.,0.));
#862 = ( GEOMETRIC_REPRESENTATION_CONTEXT(2) 
PARAMETRIC_REPRESENTATION_CONTEXT() REPRESENTATION_CONTEXT('2D SPACE',''
  ) );
#863 = ORIENTED_EDGE('',*,*,#603,.T.);
#864 = ORIENTED_EDGE('',*,*,#865,.F.);
#865 = EDGE_CURVE('',#816,#606,#866,.T.);
#866 = SURFACE_CURVE('',#867,(#871,#878),.PCURVE_S1.);
#867 = LINE('',#868,#869);
#868 = CARTESIAN_POINT('',(12.875,1.25,0.));
#869 = VECTOR('',#870,1.);
#870 = DIRECTION('',(0.,0.,1.));
#871 = PCURVE('',#626,#872);
#872 = DEFINITIONAL_REPRESENTATION('',(#873),#877);
#873 = LINE('',#874,#875);
#874 = CARTESIAN_POINT('',(0.,6.875));
#875 = VECTOR('',#876,1.);
#876 = DIRECTION('',(1.,0.));
#877 = ( GEOMETRIC_REPRESENTATION_CONTEXT(2) 
PARAMETRIC_REPRESENTATION_CONTEXT() REPRESENTATION_CONTEXT('2D SPACE',''
  ) );
#878 = PCURVE('',#798,#879);
#879 = DEFINITIONAL_REPRESENTATION('',(#880),#884);
#880 = LINE('',#881,#882);
#881 = CARTESIAN_POINT('',(-0.,0.));
#882 = VECTOR('',#883,1.);
#883 = DIRECTION('',(-0.,1.));
#884 = ( GEOMETRIC_REPRESENTATION_CONTEXT(2) 
PARAMETRIC_REPRESENTATION_CONTEXT() REPRESENTATION_CONTEXT('2D SPACE',''
  ) );
#885 = ADVANCED_FACE('',(#886),#798,.T.);
#886 = FACE_BOUND('',#887,.F.);
#887 = EDGE_LOOP('',(#888,#916,#937,#938));
#888 = ORIENTED_EDGE('',*,*,#889,.T.);
#889 = EDGE_CURVE('',#816,#890,#892,.T.);
#890 = VERTEX_POINT('',#891);
#891 = CARTESIAN_POINT('',(14.,0.125,0.));
#892 = SURFACE_CURVE('',#893,(#898,#905),.PCURVE_S1.);
#893 = CIRCLE('',#894,1.125);
#894 = AXIS2_PLACEMENT_3D('',#895,#896,#897);
#895 = CARTESIAN_POINT('',(12.875,0.125,0.));
#896 = DIRECTION('',(-0.,-0.,-1.));
#897 = DIRECTION('',(0.,-1.,0.));
#898 = PCURVE('',#798,#899);
#899 = DEFINITIONAL_REPRESENTATION('',(#900),#904);
#900 = LINE('',#901,#902);
#901 = CARTESIAN_POINT('',(3.14159265359,-0.));
#902 = VECTOR('',#903,1.);
#903 = DIRECTION('',(-1.,0.));
#904 = ( GEOMETRIC_REPRESENTATION_CONTEXT(2) 
PARAMETRIC_REPRESENTATION_CONTEXT() REPRESENTATION_CONTEXT('2D SPACE',''
  ) );
#905 = PCURVE('',#831,#906);
#906 = DEFINITIONAL_REPRESENTATION('',(#907),#915);
#907 = ( BOUNDED_CURVE() B_SPLINE_CURVE(2,(#908,#909,#910,#911,#912,#913
,#914),.UNSPECIFIED.,.T.,.F.) B_SPLINE_CURVE_WITH_KNOTS((1,2,2,2,2,1),(
    -2.094395102393,0.,2.094395102393,4.188790204786,6.28318530718,
8.377580409573),.UNSPECIFIED.) CURVE() GEOMETRIC_REPRESENTATION_ITEM() 
RATIONAL_B_SPLINE_CURVE((1.,0.5,1.,0.5,1.,0.5,1.)) REPRESENTATION_ITEM(
  '') );
#908 = CARTESIAN_POINT('',(6.875,0.25));
#909 = CARTESIAN_POINT('',(4.926442841485,0.25));
#910 = CARTESIAN_POINT('',(5.900721420743,1.9375));
#911 = CARTESIAN_POINT('',(6.875,3.625));
#912 = CARTESIAN_POINT('',(7.849278579257,1.9375));
#913 = CARTESIAN_POINT('',(8.823557158515,0.25));
#914 = CARTESIAN_POINT('',(6.875,0.25));
#915 = ( GEOMETRIC_REPRESENTATION_CONTEXT(2) 
PARAMETRIC_REPRESENTATION_CONTEXT() REPRESENTATION_CONTEXT('2D SPACE',''
  ) );
#916 = ORIENTED_EDGE('',*,*,#917,.T.);
#917 = EDGE_CURVE('',#890,#752,#918,.T.);
#918 = SURFACE_CURVE('',#919,(#923,#930),.PCURVE_S1.);
#919 = LINE('',#920,#921);
#920 = CARTESIAN_POINT('',(14.,0.125,0.));
#921 = VECTOR('',#922,1.);
#922 = DIRECTION('',(0.,0.,1.));
#923 = PCURVE('',#798,#924);
#924 = DEFINITIONAL_REPRESENTATION('',(#925),#929);
#925 = LINE('',#926,#927);
#926 = CARTESIAN_POINT('',(-1.570796326795,0.));
#927 = VECTOR('',#928,1.);
#928 = DIRECTION('',(-0.,1.));
#929 = ( GEOMETRIC_REPRESENTATION_CONTEXT(2) 
PARAMETRIC_REPRESENTATION_CONTEXT() REPRESENTATION_CONTEXT('2D SPACE',''
  ) );
#930 = PCURVE('',#767,#931);
#931 = DEFINITIONAL_REPRESENTATION('',(#932),#936);
#932 = LINE('',#933,#934);
#933 = CARTESIAN_POINT('',(0.,-1.375));
#934 = VECTOR('',#935,1.);
#935 = DIRECTION('',(1.,0.));
#936 = ( GEOMETRIC_REPRESENTATION_CONTEXT(2) 
PARAMETRIC_REPRESENTATION_CONTEXT() REPRESENTATION_CONTEXT('2D SPACE',''
  ) );
#937 = ORIENTED_EDGE('',*,*,#779,.F.);
#938 = ORIENTED_EDGE('',*,*,#865,.F.);
#939 = ADVANCED_FACE('',(#940),#654,.F.);
#940 = FACE_BOUND('',#941,.F.);
#941 = EDGE_LOOP('',(#942,#943,#966,#987));
#942 = ORIENTED_EDGE('',*,*,#638,.F.);
#943 = ORIENTED_EDGE('',*,*,#944,.F.);
#944 = EDGE_CURVE('',#945,#639,#947,.T.);
#945 = VERTEX_POINT('',#946);
#946 = CARTESIAN_POINT('',(6.,-1.469576158977E-15,0.));
#947 = SURFACE_CURVE('',#948,(#952,#959),.PCURVE_S1.);
#948 = LINE('',#949,#950);
#949 = CARTESIAN_POINT('',(6.,-1.469576158977E-15,0.));
#950 = VECTOR('',#951,1.);
#951 = DIRECTION('',(0.,0.,1.));
#952 = PCURVE('',#654,#953);
#953 = DEFINITIONAL_REPRESENTATION('',(#954),#958);
#954 = LINE('',#955,#956);
#955 = CARTESIAN_POINT('',(0.,-1.25));
#956 = VECTOR('',#957,1.);
#957 = DIRECTION('',(1.,0.));
#958 = ( GEOMETRIC_REPRESENTATION_CONTEXT(2) 
PARAMETRIC_REPRESENTATION_CONTEXT() REPRESENTATION_CONTEXT('2D SPACE',''
  ) );
#959 = PCURVE('',#682,#960);
#960 = DEFINITIONAL_REPRESENTATION('',(#961),#965);
#961 = LINE('',#962,#963);
#962 = CARTESIAN_POINT('',(0.,-1.25));
#963 = VECTOR('',#964,1.);
#964 = DIRECTION('',(1.,0.));
#965 = ( GEOMETRIC_REPRESENTATION_CONTEXT(2) 
PARAMETRIC_REPRESENTATION_CONTEXT() REPRESENTATION_CONTEXT('2D SPACE',''
  ) );
#966 = ORIENTED_EDGE('',*,*,#967,.T.);
#967 = EDGE_CURVE('',#945,#814,#968,.T.);
#968 = SURFACE_CURVE('',#969,(#973,#980),.PCURVE_S1.);
#969 = LINE('',#970,#971);
#970 = CARTESIAN_POINT('',(6.,-1.25,0.));
#971 = VECTOR('',#972,1.);
#972 = DIRECTION('',(0.,1.,0.));
#973 = PCURVE('',#654,#974);
#974 = DEFINITIONAL_REPRESENTATION('',(#975),#979);
#975 = LINE('',#976,#977);
#976 = CARTESIAN_POINT('',(0.,0.));
#977 = VECTOR('',#978,1.);
#978 = DIRECTION('',(0.,-1.));
#979 = ( GEOMETRIC_REPRESENTATION_CONTEXT(2) 
PARAMETRIC_REPRESENTATION_CONTEXT() REPRESENTATION_CONTEXT('2D SPACE',''
  ) );
#980 = PCURVE('',#831,#981);
#981 = DEFINITIONAL_REPRESENTATION('',(#982),#986);
#982 = LINE('',#983,#984);
#983 = CARTESIAN_POINT('',(0.,0.));
#984 = VECTOR('',#985,1.);
#985 = DIRECTION('',(0.,1.));
#986 = ( GEOMETRIC_REPRESENTATION_CONTEXT(2) 
PARAMETRIC_REPRESENTATION_CONTEXT() REPRESENTATION_CONTEXT('2D SPACE',''
  ) );
#987 = ORIENTED_EDGE('',*,*,#843,.T.);
#988 = ADVANCED_FACE('',(#989),#767,.T.);
#989 = FACE_BOUND('',#990,.T.);
#990 = EDGE_LOOP('',(#991,#992,#1015,#1036));
#991 = ORIENTED_EDGE('',*,*,#751,.F.);
#992 = ORIENTED_EDGE('',*,*,#993,.F.);
#993 = EDGE_CURVE('',#994,#723,#996,.T.);
#994 = VERTEX_POINT('',#995);
#995 = CARTESIAN_POINT('',(14.,-0.125,0.));
#996 = SURFACE_CURVE('',#997,(#1001,#1008),.PCURVE_S1.);
#997 = LINE('',#998,#999);
#998 = CARTESIAN_POINT('',(14.,-0.125,0.));
#999 = VECTOR('',#1000,1.);
#1000 = DIRECTION('',(0.,0.,1.));
#1001 = PCURVE('',#767,#1002);
#1002 = DEFINITIONAL_REPRESENTATION('',(#1003),#1007);
#1003 = LINE('',#1004,#1005);
#1004 = CARTESIAN_POINT('',(0.,-1.125));
#1005 = VECTOR('',#1006,1.);
#1006 = DIRECTION('',(1.,0.));
#1007 = ( GEOMETRIC_REPRESENTATION_CONTEXT(2) 
PARAMETRIC_REPRESENTATION_CONTEXT() REPRESENTATION_CONTEXT('2D SPACE',''
  ) );
#1008 = PCURVE('',#739,#1009);
#1009 = DEFINITIONAL_REPRESENTATION('',(#1010),#1014);
#1010 = LINE('',#1011,#1012);
#1011 = CARTESIAN_POINT('',(1.570796326795,0.));
#1012 = VECTOR('',#1013,1.);
#1013 = DIRECTION('',(0.,1.));
#1014 = ( GEOMETRIC_REPRESENTATION_CONTEXT(2) 
PARAMETRIC_REPRESENTATION_CONTEXT() REPRESENTATION_CONTEXT('2D SPACE',''
  ) );
#1015 = ORIENTED_EDGE('',*,*,#1016,.T.);
#1016 = EDGE_CURVE('',#994,#890,#1017,.T.);
#1017 = SURFACE_CURVE('',#1018,(#1022,#1029),.PCURVE_S1.);
#1018 = LINE('',#1019,#1020);
#1019 = CARTESIAN_POINT('',(14.,-1.25,0.));
#1020 = VECTOR('',#1021,1.);
#1021 = DIRECTION('',(0.,1.,0.));
#1022 = PCURVE('',#767,#1023);
#1023 = DEFINITIONAL_REPRESENTATION('',(#1024),#1028);
#1024 = LINE('',#1025,#1026);
#1025 = CARTESIAN_POINT('',(0.,0.));
#1026 = VECTOR('',#1027,1.);
#1027 = DIRECTION('',(0.,-1.));
#1028 = ( GEOMETRIC_REPRESENTATION_CONTEXT(2) 
PARAMETRIC_REPRESENTATION_CONTEXT() REPRESENTATION_CONTEXT('2D SPACE',''
  ) );
#1029 = PCURVE('',#831,#1030);
#1030 = DEFINITIONAL_REPRESENTATION('',(#1031),#1035);
#1031 = LINE('',#1032,#1033);
#1032 = CARTESIAN_POINT('',(8.,0.));
#1033 = VECTOR('',#1034,1.);
#1034 = DIRECTION('',(0.,1.));
#1035 = ( GEOMETRIC_REPRESENTATION_CONTEXT(2) 
PARAMETRIC_REPRESENTATION_CONTEXT() REPRESENTATION_CONTEXT('2D SPACE',''
  ) );
#1036 = ORIENTED_EDGE('',*,*,#917,.T.);
#1037 = ADVANCED_FACE('',(#1038),#682,.F.);
#1038 = FACE_BOUND('',#1039,.F.);
#1039 = EDGE_LOOP('',(#1040,#1041,#1064,#1085));
#1040 = ORIENTED_EDGE('',*,*,#666,.F.);
#1041 = ORIENTED_EDGE('',*,*,#1042,.F.);
#1042 = EDGE_CURVE('',#1043,#667,#1045,.T.);
#1043 = VERTEX_POINT('',#1044);
#1044 = CARTESIAN_POINT('',(6.,-1.25,0.));
#1045 = SURFACE_CURVE('',#1046,(#1050,#1057),.PCURVE_S1.);
#1046 = LINE('',#1047,#1048);
#1047 = CARTESIAN_POINT('',(6.,-1.25,0.));
#1048 = VECTOR('',#1049,1.);
#1049 = DIRECTION('',(0.,0.,1.));
#1050 = PCURVE('',#682,#1051);
#1051 = DEFINITIONAL_REPRESENTATION('',(#1052),#1056);
#1052 = LINE('',#1053,#1054);
#1053 = CARTESIAN_POINT('',(0.,0.));
#1054 = VECTOR('',#1055,1.);
#1055 = DIRECTION('',(1.,0.));
#1056 = ( GEOMETRIC_REPRESENTATION_CONTEXT(2) 
PARAMETRIC_REPRESENTATION_CONTEXT() REPRESENTATION_CONTEXT('2D SPACE',''
  ) );
#1057 = PCURVE('',#710,#1058);
#1058 = DEFINITIONAL_REPRESENTATION('',(#1059),#1063);
#1059 = LINE('',#1060,#1061);
#1060 = CARTESIAN_POINT('',(0.,0.));
#1061 = VECTOR('',#1062,1.);
#1062 = DIRECTION('',(1.,0.));
#1063 = ( GEOMETRIC_REPRESENTATION_CONTEXT(2) 
PARAMETRIC_REPRESENTATION_CONTEXT() REPRESENTATION_CONTEXT('2D SPACE',''
  ) );
#1064 = ORIENTED_EDGE('',*,*,#1065,.T.);
#1065 = EDGE_CURVE('',#1043,#945,#1066,.T.);
#1066 = SURFACE_CURVE('',#1067,(#1071,#1078),.PCURVE_S1.);
#1067 = LINE('',#1068,#1069);
#1068 = CARTESIAN_POINT('',(6.,-1.25,0.));
#1069 = VECTOR('',#1070,1.);
#1070 = DIRECTION('',(0.,1.,0.));
#1071 = PCURVE('',#682,#1072);
#1072 = DEFINITIONAL_REPRESENTATION('',(#1073),#1077);
#1073 = LINE('',#1074,#1075);
#1074 = CARTESIAN_POINT('',(0.,0.));
#1075 = VECTOR('',#1076,1.);
#1076 = DIRECTION('',(0.,-1.));
#1077 = ( GEOMETRIC_REPRESENTATION_CONTEXT(2) 
PARAMETRIC_REPRESENTATION_CONTEXT() REPRESENTATION_CONTEXT('2D SPACE',''
  ) );
#1078 = PCURVE('',#831,#1079);
#1079 = DEFINITIONAL_REPRESENTATION('',(#1080),#1084);
#1080 = LINE('',#1081,#1082);
#1081 = CARTESIAN_POINT('',(0.,0.));
#1082 = VECTOR('',#1083,1.);
#1083 = DIRECTION('',(0.,1.));
#1084 = ( GEOMETRIC_REPRESENTATION_CONTEXT(2) 
PARAMETRIC_REPRESENTATION_CONTEXT() REPRESENTATION_CONTEXT('2D SPACE',''
  ) );
#1085 = ORIENTED_EDGE('',*,*,#944,.T.);
#1086 = ADVANCED_FACE('',(#1087),#739,.T.);
#1087 = FACE_BOUND('',#1088,.T.);
#1088 = EDGE_LOOP('',(#1089,#1113,#1114,#1115));
#1089 = ORIENTED_EDGE('',*,*,#1090,.T.);
#1090 = EDGE_CURVE('',#1091,#994,#1093,.T.);
#1091 = VERTEX_POINT('',#1092);
#1092 = CARTESIAN_POINT('',(12.875,-1.25,0.));
#1093 = SURFACE_CURVE('',#1094,(#1099,#1106),.PCURVE_S1.);
#1094 = CIRCLE('',#1095,1.125);
#1095 = AXIS2_PLACEMENT_3D('',#1096,#1097,#1098);
#1096 = CARTESIAN_POINT('',(12.875,-0.125,0.));
#1097 = DIRECTION('',(0.,0.,1.));
#1098 = DIRECTION('',(0.,-1.,0.));
#1099 = PCURVE('',#739,#1100);
#1100 = DEFINITIONAL_REPRESENTATION('',(#1101),#1105);
#1101 = LINE('',#1102,#1103);
#1102 = CARTESIAN_POINT('',(0.,0.));
#1103 = VECTOR('',#1104,1.);
#1104 = DIRECTION('',(1.,0.));
#1105 = ( GEOMETRIC_REPRESENTATION_CONTEXT(2) 
PARAMETRIC_REPRESENTATION_CONTEXT() REPRESENTATION_CONTEXT('2D SPACE',''
  ) );
#1106 = PCURVE('',#831,#1107);
#1107 = DEFINITIONAL_REPRESENTATION('',(#1108),#1112);
#1108 = CIRCLE('',#1109,1.125);
#1109 = AXIS2_PLACEMENT_2D('',#1110,#1111);
#1110 = CARTESIAN_POINT('',(6.875,1.125));
#1111 = DIRECTION('',(0.,-1.));
#1112 = ( GEOMETRIC_REPRESENTATION_CONTEXT(2) 
PARAMETRIC_REPRESENTATION_CONTEXT() REPRESENTATION_CONTEXT('2D SPACE',''
  ) );
#1113 = ORIENTED_EDGE('',*,*,#993,.T.);
#1114 = ORIENTED_EDGE('',*,*,#722,.F.);
#1115 = ORIENTED_EDGE('',*,*,#1116,.F.);
#1116 = EDGE_CURVE('',#1091,#695,#1117,.T.);
#1117 = SURFACE_CURVE('',#1118,(#1122,#1129),.PCURVE_S1.);
#1118 = LINE('',#1119,#1120);
#1119 = CARTESIAN_POINT('',(12.875,-1.25,0.));
#1120 = VECTOR('',#1121,1.);
#1121 = DIRECTION('',(0.,0.,1.));
#1122 = PCURVE('',#739,#1123);
#1123 = DEFINITIONAL_REPRESENTATION('',(#1124),#1128);
#1124 = LINE('',#1125,#1126);
#1125 = CARTESIAN_POINT('',(0.,0.));
#1126 = VECTOR('',#1127,1.);
#1127 = DIRECTION('',(0.,1.));
#1128 = ( GEOMETRIC_REPRESENTATION_CONTEXT(2) 
PARAMETRIC_REPRESENTATION_CONTEXT() REPRESENTATION_CONTEXT('2D SPACE',''
  ) );
#1129 = PCURVE('',#710,#1130);
#1130 = DEFINITIONAL_REPRESENTATION('',(#1131),#1135);
#1131 = LINE('',#1132,#1133);
#1132 = CARTESIAN_POINT('',(0.,6.875));
#1133 = VECTOR('',#1134,1.);
#1134 = DIRECTION('',(1.,0.));
#1135 = ( GEOMETRIC_REPRESENTATION_CONTEXT(2) 
PARAMETRIC_REPRESENTATION_CONTEXT() REPRESENTATION_CONTEXT('2D SPACE',''
  ) );
#1136 = ADVANCED_FACE('',(#1137),#710,.F.);
#1137 = FACE_BOUND('',#1138,.F.);
#1138 = EDGE_LOOP('',(#1139,#1160,#1161,#1162));
#1139 = ORIENTED_EDGE('',*,*,#1140,.F.);
#1140 = EDGE_CURVE('',#1043,#1091,#1141,.T.);
#1141 = SURFACE_CURVE('',#1142,(#1146,#1153),.PCURVE_S1.);
#1142 = LINE('',#1143,#1144);
#1143 = CARTESIAN_POINT('',(6.,-1.25,0.));
#1144 = VECTOR('',#1145,1.);
#1145 = DIRECTION('',(1.,0.,0.));
#1146 = PCURVE('',#710,#1147);
#1147 = DEFINITIONAL_REPRESENTATION('',(#1148),#1152);
#1148 = LINE('',#1149,#1150);
#1149 = CARTESIAN_POINT('',(0.,0.));
#1150 = VECTOR('',#1151,1.);
#1151 = DIRECTION('',(0.,1.));
#1152 = ( GEOMETRIC_REPRESENTATION_CONTEXT(2) 
PARAMETRIC_REPRESENTATION_CONTEXT() REPRESENTATION_CONTEXT('2D SPACE',''
  ) );
#1153 = PCURVE('',#831,#1154);
#1154 = DEFINITIONAL_REPRESENTATION('',(#1155),#1159);
#1155 = LINE('',#1156,#1157);
#1156 = CARTESIAN_POINT('',(0.,0.));
#1157 = VECTOR('',#1158,1.);
#1158 = DIRECTION('',(1.,0.));
#1159 = ( GEOMETRIC_REPRESENTATION_CONTEXT(2) 
PARAMETRIC_REPRESENTATION_CONTEXT() REPRESENTATION_CONTEXT('2D SPACE',''
  ) );
#1160 = ORIENTED_EDGE('',*,*,#1042,.T.);
#1161 = ORIENTED_EDGE('',*,*,#694,.T.);
#1162 = ORIENTED_EDGE('',*,*,#1116,.F.);
#1163 = ADVANCED_FACE('',(#1164),#831,.F.);
#1164 = FACE_BOUND('',#1165,.F.);
#1165 = EDGE_LOOP('',(#1166,#1167,#1168,#1169,#1170,#1171,#1172));
#1166 = ORIENTED_EDGE('',*,*,#813,.F.);
#1167 = ORIENTED_EDGE('',*,*,#967,.F.);
#1168 = ORIENTED_EDGE('',*,*,#1065,.F.);
#1169 = ORIENTED_EDGE('',*,*,#1140,.T.);
#1170 = ORIENTED_EDGE('',*,*,#1090,.T.);
#1171 = ORIENTED_EDGE('',*,*,#1016,.T.);
#1172 = ORIENTED_EDGE('',*,*,#889,.F.);
#1173 = MANIFOLD_SOLID_BREP('',#1174);
#1174 = CLOSED_SHELL('',(#1175,#1311,#1347,#1382,#1437,#1492,#1547,#1602
    ,#1657,#1712,#1767,#1822,#1877,#1932,#1987,#2042,#2097,#2152,#2207,
    #2262,#2317,#2372,#2427,#2482,#2537,#2592,#2647,#2702,#2757,#2812,
    #2867,#2922,#2977,#3032,#3087,#3142,#3197,#3252,#3307,#3362,#3412));
#1175 = ADVANCED_FACE('',(#1176),#1190,.T.);
#1176 = FACE_BOUND('',#1177,.T.);
#1177 = EDGE_LOOP('',(#1178,#1208,#1235,#1236,#1259,#1288,#1310));
#1178 = ORIENTED_EDGE('',*,*,#1179,.T.);
#1179 = EDGE_CURVE('',#1180,#1182,#1184,.T.);
#1180 = VERTEX_POINT('',#1181);
#1181 = CARTESIAN_POINT('',(6.,-1.511944196726E-15,11.));
#1182 = VERTEX_POINT('',#1183);
#1183 = CARTESIAN_POINT('',(6.,-1.469576158977E-15,13.));
#1184 = SEAM_CURVE('',#1185,(#1189,#1201),.PCURVE_S1.);
#1185 = LINE('',#1186,#1187);
#1186 = CARTESIAN_POINT('',(6.,-1.469576158977E-15,0.));
#1187 = VECTOR('',#1188,1.);
#1188 = DIRECTION('',(0.,0.,1.));
#1189 = PCURVE('',#1190,#1195);
#1190 = CYLINDRICAL_SURFACE('',#1191,6.);
#1191 = AXIS2_PLACEMENT_3D('',#1192,#1193,#1194);
#1192 = CARTESIAN_POINT('',(0.,0.,0.));
#1193 = DIRECTION('',(0.,0.,1.));
#1194 = DIRECTION('',(1.,0.,0.));
#1195 = DEFINITIONAL_REPRESENTATION('',(#1196),#1200);
#1196 = LINE('',#1197,#1198);
#1197 = CARTESIAN_POINT('',(6.28318530718,-0.));
#1198 = VECTOR('',#1199,1.);
#1199 = DIRECTION('',(0.,1.));
#1200 = ( GEOMETRIC_REPRESENTATION_CONTEXT(2) 
PARAMETRIC_REPRESENTATION_CONTEXT() REPRESENTATION_CONTEXT('2D SPACE',''
  ) );
#1201 = PCURVE('',#1190,#1202);
#1202 = DEFINITIONAL_REPRESENTATION('',(#1203),#1207);
#1203 = LINE('',#1204,#1205);
#1204 = CARTESIAN_POINT('',(0.,-0.));
#1205 = VECTOR('',#1206,1.);
#1206 = DIRECTION('',(0.,1.));
#1207 = ( GEOMETRIC_REPRESENTATION_CONTEXT(2) 
PARAMETRIC_REPRESENTATION_CONTEXT() REPRESENTATION_CONTEXT('2D SPACE',''
  ) );
#1208 = ORIENTED_EDGE('',*,*,#1209,.F.);
#1209 = EDGE_CURVE('',#1182,#1182,#1210,.T.);
#1210 = SURFACE_CURVE('',#1211,(#1216,#1223),.PCURVE_S1.);
#1211 = CIRCLE('',#1212,6.);
#1212 = AXIS2_PLACEMENT_3D('',#1213,#1214,#1215);
#1213 = CARTESIAN_POINT('',(0.,0.,13.));
#1214 = DIRECTION('',(0.,0.,1.));
#1215 = DIRECTION('',(1.,0.,0.));
#1216 = PCURVE('',#1190,#1217);
#1217 = DEFINITIONAL_REPRESENTATION('',(#1218),#1222);
#1218 = LINE('',#1219,#1220);
#1219 = CARTESIAN_POINT('',(0.,13.));
#1220 = VECTOR('',#1221,1.);
#1221 = DIRECTION('',(1.,0.));
#1222 = ( GEOMETRIC_REPRESENTATION_CONTEXT(2) 
PARAMETRIC_REPRESENTATION_CONTEXT() REPRESENTATION_CONTEXT('2D SPACE',''
  ) );
#1223 = PCURVE('',#1224,#1229);
#1224 = PLANE('',#1225);
#1225 = AXIS2_PLACEMENT_3D('',#1226,#1227,#1228);
#1226 = CARTESIAN_POINT('',(0.,0.,13.));
#1227 = DIRECTION('',(0.,0.,1.));
#1228 = DIRECTION('',(1.,0.,0.));
#1229 = DEFINITIONAL_REPRESENTATION('',(#1230),#1234);
#1230 = CIRCLE('',#1231,6.);
#1231 = AXIS2_PLACEMENT_2D('',#1232,#1233);
#1232 = CARTESIAN_POINT('',(0.,0.));
#1233 = DIRECTION('',(1.,0.));
#1234 = ( GEOMETRIC_REPRESENTATION_CONTEXT(2) 
PARAMETRIC_REPRESENTATION_CONTEXT() REPRESENTATION_CONTEXT('2D SPACE',''
  ) );
#1235 = ORIENTED_EDGE('',*,*,#1179,.F.);
#1236 = ORIENTED_EDGE('',*,*,#1237,.F.);
#1237 = EDGE_CURVE('',#1238,#1180,#1240,.T.);
#1238 = VERTEX_POINT('',#1239);
#1239 = CARTESIAN_POINT('',(6.,-1.469576158977E-15,0.));
#1240 = SEAM_CURVE('',#1241,(#1245,#1252),.PCURVE_S1.);
#1241 = LINE('',#1242,#1243);
#1242 = CARTESIAN_POINT('',(6.,-1.469576158977E-15,0.));
#1243 = VECTOR('',#1244,1.);
#1244 = DIRECTION('',(0.,0.,1.));
#1245 = PCURVE('',#1190,#1246);
#1246 = DEFINITIONAL_REPRESENTATION('',(#1247),#1251);
#1247 = LINE('',#1248,#1249);
#1248 = CARTESIAN_POINT('',(6.28318530718,-0.));
#1249 = VECTOR('',#1250,1.);
#1250 = DIRECTION('',(0.,1.));
#1251 = ( GEOMETRIC_REPRESENTATION_CONTEXT(2) 
PARAMETRIC_REPRESENTATION_CONTEXT() REPRESENTATION_CONTEXT('2D SPACE',''
  ) );
#1252 = PCURVE('',#1190,#1253);
#1253 = DEFINITIONAL_REPRESENTATION('',(#1254),#1258);
#1254 = LINE('',#1255,#1256);
#1255 = CARTESIAN_POINT('',(0.,-0.));
#1256 = VECTOR('',#1257,1.);
#1257 = DIRECTION('',(0.,1.));
#1258 = ( GEOMETRIC_REPRESENTATION_CONTEXT(2) 
PARAMETRIC_REPRESENTATION_CONTEXT() REPRESENTATION_CONTEXT('2D SPACE',''
  ) );
#1259 = ORIENTED_EDGE('',*,*,#1260,.T.);
#1260 = EDGE_CURVE('',#1238,#1261,#1263,.T.);
#1261 = VERTEX_POINT('',#1262);
#1262 = CARTESIAN_POINT('',(-6.,7.004609471318E-16,0.));
#1263 = SURFACE_CURVE('',#1264,(#1269,#1276),.PCURVE_S1.);
#1264 = CIRCLE('',#1265,6.);
#1265 = AXIS2_PLACEMENT_3D('',#1266,#1267,#1268);
#1266 = CARTESIAN_POINT('',(0.,0.,0.));
#1267 = DIRECTION('',(0.,0.,1.));
#1268 = DIRECTION('',(1.,0.,0.));
#1269 = PCURVE('',#1190,#1270);
#1270 = DEFINITIONAL_REPRESENTATION('',(#1271),#1275);
#1271 = LINE('',#1272,#1273);
#1272 = CARTESIAN_POINT('',(0.,0.));
#1273 = VECTOR('',#1274,1.);
#1274 = DIRECTION('',(1.,0.));
#1275 = ( GEOMETRIC_REPRESENTATION_CONTEXT(2) 
PARAMETRIC_REPRESENTATION_CONTEXT() REPRESENTATION_CONTEXT('2D SPACE',''
  ) );
#1276 = PCURVE('',#1277,#1282);
#1277 = PLANE('',#1278);
#1278 = AXIS2_PLACEMENT_3D('',#1279,#1280,#1281);
#1279 = CARTESIAN_POINT('',(0.,0.,0.));
#1280 = DIRECTION('',(0.,0.,1.));
#1281 = DIRECTION('',(1.,0.,0.));
#1282 = DEFINITIONAL_REPRESENTATION('',(#1283),#1287);
#1283 = CIRCLE('',#1284,6.);
#1284 = AXIS2_PLACEMENT_2D('',#1285,#1286);
#1285 = CARTESIAN_POINT('',(0.,0.));
#1286 = DIRECTION('',(1.,0.));
#1287 = ( GEOMETRIC_REPRESENTATION_CONTEXT(2) 
PARAMETRIC_REPRESENTATION_CONTEXT() REPRESENTATION_CONTEXT('2D SPACE',''
  ) );
#1288 = ORIENTED_EDGE('',*,*,#1289,.T.);
#1289 = EDGE_CURVE('',#1261,#1238,#1290,.T.);
#1290 = SURFACE_CURVE('',#1291,(#1296,#1303),.PCURVE_S1.);
#1291 = CIRCLE('',#1292,6.);
#1292 = AXIS2_PLACEMENT_3D('',#1293,#1294,#1295);
#1293 = CARTESIAN_POINT('',(0.,0.,0.));
#1294 = DIRECTION('',(0.,0.,1.));
#1295 = DIRECTION('',(1.,0.,0.));
#1296 = PCURVE('',#1190,#1297);
#1297 = DEFINITIONAL_REPRESENTATION('',(#1298),#1302);
#1298 = LINE('',#1299,#1300);
#1299 = CARTESIAN_POINT('',(0.,0.));
#1300 = VECTOR('',#1301,1.);
#1301 = DIRECTION('',(1.,0.));
#1302 = ( GEOMETRIC_REPRESENTATION_CONTEXT(2) 
PARAMETRIC_REPRESENTATION_CONTEXT() REPRESENTATION_CONTEXT('2D SPACE',''
  ) );
#1303 = PCURVE('',#1277,#1304);
#1304 = DEFINITIONAL_REPRESENTATION('',(#1305),#1309);
#1305 = CIRCLE('',#1306,6.);
#1306 = AXIS2_PLACEMENT_2D('',#1307,#1308);
#1307 = CARTESIAN_POINT('',(0.,0.));
#1308 = DIRECTION('',(1.,0.));
#1309 = ( GEOMETRIC_REPRESENTATION_CONTEXT(2) 
PARAMETRIC_REPRESENTATION_CONTEXT() REPRESENTATION_CONTEXT('2D SPACE',''
  ) );
#1310 = ORIENTED_EDGE('',*,*,#1237,.T.);
#1311 = ADVANCED_FACE('',(#1312,#1316),#1277,.F.);
#1312 = FACE_BOUND('',#1313,.F.);
#1313 = EDGE_LOOP('',(#1314,#1315));
#1314 = ORIENTED_EDGE('',*,*,#1260,.T.);
#1315 = ORIENTED_EDGE('',*,*,#1289,.T.);
#1316 = FACE_BOUND('',#1317,.F.);
#1317 = EDGE_LOOP('',(#1318));
#1318 = ORIENTED_EDGE('',*,*,#1319,.F.);
#1319 = EDGE_CURVE('',#1320,#1320,#1322,.T.);
#1320 = VERTEX_POINT('',#1321);
#1321 = CARTESIAN_POINT('',(2.,0.,0.));
#1322 = SURFACE_CURVE('',#1323,(#1328,#1335),.PCURVE_S1.);
#1323 = CIRCLE('',#1324,2.);
#1324 = AXIS2_PLACEMENT_3D('',#1325,#1326,#1327);
#1325 = CARTESIAN_POINT('',(0.,0.,0.));
#1326 = DIRECTION('',(0.,0.,1.));
#1327 = DIRECTION('',(1.,0.,-0.));
#1328 = PCURVE('',#1277,#1329);
#1329 = DEFINITIONAL_REPRESENTATION('',(#1330),#1334);
#1330 = CIRCLE('',#1331,2.);
#1331 = AXIS2_PLACEMENT_2D('',#1332,#1333);
#1332 = CARTESIAN_POINT('',(0.,0.));
#1333 = DIRECTION('',(1.,0.));
#1334 = ( GEOMETRIC_REPRESENTATION_CONTEXT(2) 
PARAMETRIC_REPRESENTATION_CONTEXT() REPRESENTATION_CONTEXT('2D SPACE',''
  ) );
#1335 = PCURVE('',#1336,#1341);
#1336 = CONICAL_SURFACE('',#1337,2.,0.88689834824);
#1337 = AXIS2_PLACEMENT_3D('',#1338,#1339,#1340);
#1338 = CARTESIAN_POINT('',(0.,0.,0.));
#1339 = DIRECTION('',(-0.,-0.,-1.));
#1340 = DIRECTION('',(1.,0.,-0.));
#1341 = DEFINITIONAL_REPRESENTATION('',(#1342),#1346);
#1342 = LINE('',#1343,#1344);
#1343 = CARTESIAN_POINT('',(-0.,-0.));
#1344 = VECTOR('',#1345,1.);
#1345 = DIRECTION('',(-1.,-0.));
#1346 = ( GEOMETRIC_REPRESENTATION_CONTEXT(2) 
PARAMETRIC_REPRESENTATION_CONTEXT() REPRESENTATION_CONTEXT('2D SPACE',''
  ) );
#1347 = ADVANCED_FACE('',(#1348,#1351),#1224,.T.);
#1348 = FACE_BOUND('',#1349,.T.);
#1349 = EDGE_LOOP('',(#1350));
#1350 = ORIENTED_EDGE('',*,*,#1209,.T.);
#1351 = FACE_BOUND('',#1352,.T.);
#1352 = EDGE_LOOP('',(#1353));
#1353 = ORIENTED_EDGE('',*,*,#1354,.F.);
#1354 = EDGE_CURVE('',#1355,#1355,#1357,.T.);
#1355 = VERTEX_POINT('',#1356);
#1356 = CARTESIAN_POINT('',(1.63196,0.,13.));
#1357 = SURFACE_CURVE('',#1358,(#1363,#1370),.PCURVE_S1.);
#1358 = CIRCLE('',#1359,1.63196);
#1359 = AXIS2_PLACEMENT_3D('',#1360,#1361,#1362);
#1360 = CARTESIAN_POINT('',(0.,0.,13.));
#1361 = DIRECTION('',(0.,0.,1.));
#1362 = DIRECTION('',(1.,0.,-0.));
#1363 = PCURVE('',#1224,#1364);
#1364 = DEFINITIONAL_REPRESENTATION('',(#1365),#1369);
#1365 = CIRCLE('',#1366,1.63196);
#1366 = AXIS2_PLACEMENT_2D('',#1367,#1368);
#1367 = CARTESIAN_POINT('',(0.,0.));
#1368 = DIRECTION('',(1.,0.));
#1369 = ( GEOMETRIC_REPRESENTATION_CONTEXT(2) 
PARAMETRIC_REPRESENTATION_CONTEXT() REPRESENTATION_CONTEXT('2D SPACE',''
  ) );
#1370 = PCURVE('',#1371,#1376);
#1371 = CONICAL_SURFACE('',#1372,1.57062,0.88689834824);
#1372 = AXIS2_PLACEMENT_3D('',#1373,#1374,#1375);
#1373 = CARTESIAN_POINT('',(0.,0.,12.95));
#1374 = DIRECTION('',(0.,0.,1.));
#1375 = DIRECTION('',(1.,0.,-0.));
#1376 = DEFINITIONAL_REPRESENTATION('',(#1377),#1381);
#1377 = LINE('',#1378,#1379);
#1378 = CARTESIAN_POINT('',(0.,5.E-02));
#1379 = VECTOR('',#1380,1.);
#1380 = DIRECTION('',(1.,0.));
#1381 = ( GEOMETRIC_REPRESENTATION_CONTEXT(2) 
PARAMETRIC_REPRESENTATION_CONTEXT() REPRESENTATION_CONTEXT('2D SPACE',''
  ) );
#1382 = ADVANCED_FACE('',(#1383),#1336,.F.);
#1383 = FACE_BOUND('',#1384,.F.);
#1384 = EDGE_LOOP('',(#1385,#1386,#1409,#1436));
#1385 = ORIENTED_EDGE('',*,*,#1319,.T.);
#1386 = ORIENTED_EDGE('',*,*,#1387,.T.);
#1387 = EDGE_CURVE('',#1320,#1388,#1390,.T.);
#1388 = VERTEX_POINT('',#1389);
#1389 = CARTESIAN_POINT('',(1.57062,0.,0.35));
#1390 = SEAM_CURVE('',#1391,(#1395,#1402),.PCURVE_S1.);
#1391 = LINE('',#1392,#1393);
#1392 = CARTESIAN_POINT('',(2.,0.,0.));
#1393 = VECTOR('',#1394,1.);
#1394 = DIRECTION('',(-0.77511579593,0.,0.631819201117));
#1395 = PCURVE('',#1336,#1396);
#1396 = DEFINITIONAL_REPRESENTATION('',(#1397),#1401);
#1397 = LINE('',#1398,#1399);
#1398 = CARTESIAN_POINT('',(-0.,-0.));
#1399 = VECTOR('',#1400,1.);
#1400 = DIRECTION('',(-0.,-1.));
#1401 = ( GEOMETRIC_REPRESENTATION_CONTEXT(2) 
PARAMETRIC_REPRESENTATION_CONTEXT() REPRESENTATION_CONTEXT('2D SPACE',''
  ) );
#1402 = PCURVE('',#1336,#1403);
#1403 = DEFINITIONAL_REPRESENTATION('',(#1404),#1408);
#1404 = LINE('',#1405,#1406);
#1405 = CARTESIAN_POINT('',(-6.28318530718,-0.));
#1406 = VECTOR('',#1407,1.);
#1407 = DIRECTION('',(-0.,-1.));
#1408 = ( GEOMETRIC_REPRESENTATION_CONTEXT(2) 
PARAMETRIC_REPRESENTATION_CONTEXT() REPRESENTATION_CONTEXT('2D SPACE',''
  ) );
#1409 = ORIENTED_EDGE('',*,*,#1410,.F.);
#1410 = EDGE_CURVE('',#1388,#1388,#1411,.T.);
#1411 = SURFACE_CURVE('',#1412,(#1417,#1424),.PCURVE_S1.);
#1412 = CIRCLE('',#1413,1.57062);
#1413 = AXIS2_PLACEMENT_3D('',#1414,#1415,#1416);
#1414 = CARTESIAN_POINT('',(0.,0.,0.35));
#1415 = DIRECTION('',(0.,0.,1.));
#1416 = DIRECTION('',(1.,0.,-0.));
#1417 = PCURVE('',#1336,#1418);
#1418 = DEFINITIONAL_REPRESENTATION('',(#1419),#1423);
#1419 = LINE('',#1420,#1421);
#1420 = CARTESIAN_POINT('',(-0.,-0.35));
#1421 = VECTOR('',#1422,1.);
#1422 = DIRECTION('',(-1.,-0.));
#1423 = ( GEOMETRIC_REPRESENTATION_CONTEXT(2) 
PARAMETRIC_REPRESENTATION_CONTEXT() REPRESENTATION_CONTEXT('2D SPACE',''
  ) );
#1424 = PCURVE('',#1425,#1430);
#1425 = CONICAL_SURFACE('',#1426,1.57062,0.88689834824);
#1426 = AXIS2_PLACEMENT_3D('',#1427,#1428,#1429);
#1427 = CARTESIAN_POINT('',(0.,0.,0.35));
#1428 = DIRECTION('',(0.,0.,1.));
#1429 = DIRECTION('',(1.,0.,-0.));
#1430 = DEFINITIONAL_REPRESENTATION('',(#1431),#1435);
#1431 = LINE('',#1432,#1433);
#1432 = CARTESIAN_POINT('',(0.,0.));
#1433 = VECTOR('',#1434,1.);
#1434 = DIRECTION('',(1.,0.));
#1435 = ( GEOMETRIC_REPRESENTATION_CONTEXT(2) 
PARAMETRIC_REPRESENTATION_CONTEXT() REPRESENTATION_CONTEXT('2D SPACE',''
  ) );
#1436 = ORIENTED_EDGE('',*,*,#1387,.F.);
#1437 = ADVANCED_FACE('',(#1438),#1371,.F.);
#1438 = FACE_BOUND('',#1439,.F.);
#1439 = EDGE_LOOP('',(#1440,#1463,#1490,#1491));
#1440 = ORIENTED_EDGE('',*,*,#1441,.F.);
#1441 = EDGE_CURVE('',#1442,#1355,#1444,.T.);
#1442 = VERTEX_POINT('',#1443);
#1443 = CARTESIAN_POINT('',(1.57062,0.,12.95));
#1444 = SEAM_CURVE('',#1445,(#1449,#1456),.PCURVE_S1.);
#1445 = LINE('',#1446,#1447);
#1446 = CARTESIAN_POINT('',(1.57062,0.,12.95));
#1447 = VECTOR('',#1448,1.);
#1448 = DIRECTION('',(0.77511579593,0.,0.631819201117));
#1449 = PCURVE('',#1371,#1450);
#1450 = DEFINITIONAL_REPRESENTATION('',(#1451),#1455);
#1451 = LINE('',#1452,#1453);
#1452 = CARTESIAN_POINT('',(0.,0.));
#1453 = VECTOR('',#1454,1.);
#1454 = DIRECTION('',(0.,1.));
#1455 = ( GEOMETRIC_REPRESENTATION_CONTEXT(2) 
PARAMETRIC_REPRESENTATION_CONTEXT() REPRESENTATION_CONTEXT('2D SPACE',''
  ) );
#1456 = PCURVE('',#1371,#1457);
#1457 = DEFINITIONAL_REPRESENTATION('',(#1458),#1462);
#1458 = LINE('',#1459,#1460);
#1459 = CARTESIAN_POINT('',(6.28318530718,0.));
#1460 = VECTOR('',#1461,1.);
#1461 = DIRECTION('',(0.,1.));
#1462 = ( GEOMETRIC_REPRESENTATION_CONTEXT(2) 
PARAMETRIC_REPRESENTATION_CONTEXT() REPRESENTATION_CONTEXT('2D SPACE',''
  ) );
#1463 = ORIENTED_EDGE('',*,*,#1464,.T.);
#1464 = EDGE_CURVE('',#1442,#1442,#1465,.T.);
#1465 = SURFACE_CURVE('',#1466,(#1471,#1478),.PCURVE_S1.);
#1466 = CIRCLE('',#1467,1.57062);
#1467 = AXIS2_PLACEMENT_3D('',#1468,#1469,#1470);
#1468 = CARTESIAN_POINT('',(0.,0.,12.95));
#1469 = DIRECTION('',(0.,0.,1.));
#1470 = DIRECTION('',(1.,0.,-0.));
#1471 = PCURVE('',#1371,#1472);
#1472 = DEFINITIONAL_REPRESENTATION('',(#1473),#1477);
#1473 = LINE('',#1474,#1475);
#1474 = CARTESIAN_POINT('',(0.,0.));
#1475 = VECTOR('',#1476,1.);
#1476 = DIRECTION('',(1.,0.));
#1477 = ( GEOMETRIC_REPRESENTATION_CONTEXT(2) 
PARAMETRIC_REPRESENTATION_CONTEXT() REPRESENTATION_CONTEXT('2D SPACE',''
  ) );
#1478 = PCURVE('',#1479,#1484);
#1479 = CONICAL_SURFACE('',#1480,2.,0.88689834824);
#1480 = AXIS2_PLACEMENT_3D('',#1481,#1482,#1483);
#1481 = CARTESIAN_POINT('',(0.,0.,12.6));
#1482 = DIRECTION('',(-0.,-0.,-1.));
#1483 = DIRECTION('',(1.,0.,-0.));
#1484 = DEFINITIONAL_REPRESENTATION('',(#1485),#1489);
#1485 = LINE('',#1486,#1487);
#1486 = CARTESIAN_POINT('',(-0.,-0.35));
#1487 = VECTOR('',#1488,1.);
#1488 = DIRECTION('',(-1.,-0.));
#1489 = ( GEOMETRIC_REPRESENTATION_CONTEXT(2) 
PARAMETRIC_REPRESENTATION_CONTEXT() REPRESENTATION_CONTEXT('2D SPACE',''
  ) );
#1490 = ORIENTED_EDGE('',*,*,#1441,.T.);
#1491 = ORIENTED_EDGE('',*,*,#1354,.F.);
#1492 = ADVANCED_FACE('',(#1493),#1425,.F.);
#1493 = FACE_BOUND('',#1494,.F.);
#1494 = EDGE_LOOP('',(#1495,#1496,#1519,#1546));
#1495 = ORIENTED_EDGE('',*,*,#1410,.T.);
#1496 = ORIENTED_EDGE('',*,*,#1497,.T.);
#1497 = EDGE_CURVE('',#1388,#1498,#1500,.T.);
#1498 = VERTEX_POINT('',#1499);
#1499 = CARTESIAN_POINT('',(2.,0.,0.7));
#1500 = SEAM_CURVE('',#1501,(#1505,#1512),.PCURVE_S1.);
#1501 = LINE('',#1502,#1503);
#1502 = CARTESIAN_POINT('',(1.57062,0.,0.35));
#1503 = VECTOR('',#1504,1.);
#1504 = DIRECTION('',(0.77511579593,0.,0.631819201117));
#1505 = PCURVE('',#1425,#1506);
#1506 = DEFINITIONAL_REPRESENTATION('',(#1507),#1511);
#1507 = LINE('',#1508,#1509);
#1508 = CARTESIAN_POINT('',(0.,0.));
#1509 = VECTOR('',#1510,1.);
#1510 = DIRECTION('',(0.,1.));
#1511 = ( GEOMETRIC_REPRESENTATION_CONTEXT(2) 
PARAMETRIC_REPRESENTATION_CONTEXT() REPRESENTATION_CONTEXT('2D SPACE',''
  ) );
#1512 = PCURVE('',#1425,#1513);
#1513 = DEFINITIONAL_REPRESENTATION('',(#1514),#1518);
#1514 = LINE('',#1515,#1516);
#1515 = CARTESIAN_POINT('',(6.28318530718,0.));
#1516 = VECTOR('',#1517,1.);
#1517 = DIRECTION('',(0.,1.));
#1518 = ( GEOMETRIC_REPRESENTATION_CONTEXT(2) 
PARAMETRIC_REPRESENTATION_CONTEXT() REPRESENTATION_CONTEXT('2D SPACE',''
  ) );
#1519 = ORIENTED_EDGE('',*,*,#1520,.F.);
#1520 = EDGE_CURVE('',#1498,#1498,#1521,.T.);
#1521 = SURFACE_CURVE('',#1522,(#1527,#1534),.PCURVE_S1.);
#1522 = CIRCLE('',#1523,2.);
#1523 = AXIS2_PLACEMENT_3D('',#1524,#1525,#1526);
#1524 = CARTESIAN_POINT('',(0.,0.,0.7));
#1525 = DIRECTION('',(0.,0.,1.));
#1526 = DIRECTION('',(1.,0.,-0.));
#1527 = PCURVE('',#1425,#1528);
#1528 = DEFINITIONAL_REPRESENTATION('',(#1529),#1533);
#1529 = LINE('',#1530,#1531);
#1530 = CARTESIAN_POINT('',(0.,0.35));
#1531 = VECTOR('',#1532,1.);
#1532 = DIRECTION('',(1.,0.));
#1533 = ( GEOMETRIC_REPRESENTATION_CONTEXT(2) 
PARAMETRIC_REPRESENTATION_CONTEXT() REPRESENTATION_CONTEXT('2D SPACE',''
  ) );
#1534 = PCURVE('',#1535,#1540);
#1535 = CONICAL_SURFACE('',#1536,2.,0.88689834824);
#1536 = AXIS2_PLACEMENT_3D('',#1537,#1538,#1539);
#1537 = CARTESIAN_POINT('',(0.,0.,0.7));
#1538 = DIRECTION('',(-0.,-0.,-1.));
#1539 = DIRECTION('',(1.,0.,-0.));
#1540 = DEFINITIONAL_REPRESENTATION('',(#1541),#1545);
#1541 = LINE('',#1542,#1543);
#1542 = CARTESIAN_POINT('',(-0.,-0.));
#1543 = VECTOR('',#1544,1.);
#1544 = DIRECTION('',(-1.,-0.));
#1545 = ( GEOMETRIC_REPRESENTATION_CONTEXT(2) 
PARAMETRIC_REPRESENTATION_CONTEXT() REPRESENTATION_CONTEXT('2D SPACE',''
  ) );
#1546 = ORIENTED_EDGE('',*,*,#1497,.F.);
#1547 = ADVANCED_FACE('',(#1548),#1479,.F.);
#1548 = FACE_BOUND('',#1549,.F.);
#1549 = EDGE_LOOP('',(#1550,#1579,#1600,#1601));
#1550 = ORIENTED_EDGE('',*,*,#1551,.T.);
#1551 = EDGE_CURVE('',#1552,#1552,#1554,.T.);
#1552 = VERTEX_POINT('',#1553);
#1553 = CARTESIAN_POINT('',(2.,0.,12.6));
#1554 = SURFACE_CURVE('',#1555,(#1560,#1567),.PCURVE_S1.);
#1555 = CIRCLE('',#1556,2.);
#1556 = AXIS2_PLACEMENT_3D('',#1557,#1558,#1559);
#1557 = CARTESIAN_POINT('',(0.,0.,12.6));
#1558 = DIRECTION('',(0.,0.,1.));
#1559 = DIRECTION('',(1.,0.,-0.));
#1560 = PCURVE('',#1479,#1561);
#1561 = DEFINITIONAL_REPRESENTATION('',(#1562),#1566);
#1562 = LINE('',#1563,#1564);
#1563 = CARTESIAN_POINT('',(-0.,-0.));
#1564 = VECTOR('',#1565,1.);
#1565 = DIRECTION('',(-1.,-0.));
#1566 = ( GEOMETRIC_REPRESENTATION_CONTEXT(2) 
PARAMETRIC_REPRESENTATION_CONTEXT() REPRESENTATION_CONTEXT('2D SPACE',''
  ) );
#1567 = PCURVE('',#1568,#1573);
#1568 = CONICAL_SURFACE('',#1569,1.57062,0.88689834824);
#1569 = AXIS2_PLACEMENT_3D('',#1570,#1571,#1572);
#1570 = CARTESIAN_POINT('',(0.,0.,12.25));
#1571 = DIRECTION('',(0.,0.,1.));
#1572 = DIRECTION('',(1.,0.,-0.));
#1573 = DEFINITIONAL_REPRESENTATION('',(#1574),#1578);
#1574 = LINE('',#1575,#1576);
#1575 = CARTESIAN_POINT('',(0.,0.35));
#1576 = VECTOR('',#1577,1.);
#1577 = DIRECTION('',(1.,0.));
#1578 = ( GEOMETRIC_REPRESENTATION_CONTEXT(2) 
PARAMETRIC_REPRESENTATION_CONTEXT() REPRESENTATION_CONTEXT('2D SPACE',''
  ) );
#1579 = ORIENTED_EDGE('',*,*,#1580,.T.);
#1580 = EDGE_CURVE('',#1552,#1442,#1581,.T.);
#1581 = SEAM_CURVE('',#1582,(#1586,#1593),.PCURVE_S1.);
#1582 = LINE('',#1583,#1584);
#1583 = CARTESIAN_POINT('',(2.,0.,12.6));
#1584 = VECTOR('',#1585,1.);
#1585 = DIRECTION('',(-0.77511579593,0.,0.631819201117));
#1586 = PCURVE('',#1479,#1587);
#1587 = DEFINITIONAL_REPRESENTATION('',(#1588),#1592);
#1588 = LINE('',#1589,#1590);
#1589 = CARTESIAN_POINT('',(-0.,-0.));
#1590 = VECTOR('',#1591,1.);
#1591 = DIRECTION('',(-0.,-1.));
#1592 = ( GEOMETRIC_REPRESENTATION_CONTEXT(2) 
PARAMETRIC_REPRESENTATION_CONTEXT() REPRESENTATION_CONTEXT('2D SPACE',''
  ) );
#1593 = PCURVE('',#1479,#1594);
#1594 = DEFINITIONAL_REPRESENTATION('',(#1595),#1599);
#1595 = LINE('',#1596,#1597);
#1596 = CARTESIAN_POINT('',(-6.28318530718,-0.));
#1597 = VECTOR('',#1598,1.);
#1598 = DIRECTION('',(-0.,-1.));
#1599 = ( GEOMETRIC_REPRESENTATION_CONTEXT(2) 
PARAMETRIC_REPRESENTATION_CONTEXT() REPRESENTATION_CONTEXT('2D SPACE',''
  ) );
#1600 = ORIENTED_EDGE('',*,*,#1464,.F.);
#1601 = ORIENTED_EDGE('',*,*,#1580,.F.);
#1602 = ADVANCED_FACE('',(#1603),#1535,.F.);
#1603 = FACE_BOUND('',#1604,.F.);
#1604 = EDGE_LOOP('',(#1605,#1606,#1629,#1656));
#1605 = ORIENTED_EDGE('',*,*,#1520,.T.);
#1606 = ORIENTED_EDGE('',*,*,#1607,.T.);
#1607 = EDGE_CURVE('',#1498,#1608,#1610,.T.);
#1608 = VERTEX_POINT('',#1609);
#1609 = CARTESIAN_POINT('',(1.57062,0.,1.05));
#1610 = SEAM_CURVE('',#1611,(#1615,#1622),.PCURVE_S1.);
#1611 = LINE('',#1612,#1613);
#1612 = CARTESIAN_POINT('',(2.,0.,0.7));
#1613 = VECTOR('',#1614,1.);
#1614 = DIRECTION('',(-0.77511579593,0.,0.631819201117));
#1615 = PCURVE('',#1535,#1616);
#1616 = DEFINITIONAL_REPRESENTATION('',(#1617),#1621);
#1617 = LINE('',#1618,#1619);
#1618 = CARTESIAN_POINT('',(-0.,-0.));
#1619 = VECTOR('',#1620,1.);
#1620 = DIRECTION('',(-0.,-1.));
#1621 = ( GEOMETRIC_REPRESENTATION_CONTEXT(2) 
PARAMETRIC_REPRESENTATION_CONTEXT() REPRESENTATION_CONTEXT('2D SPACE',''
  ) );
#1622 = PCURVE('',#1535,#1623);
#1623 = DEFINITIONAL_REPRESENTATION('',(#1624),#1628);
#1624 = LINE('',#1625,#1626);
#1625 = CARTESIAN_POINT('',(-6.28318530718,-0.));
#1626 = VECTOR('',#1627,1.);
#1627 = DIRECTION('',(-0.,-1.));
#1628 = ( GEOMETRIC_REPRESENTATION_CONTEXT(2) 
PARAMETRIC_REPRESENTATION_CONTEXT() REPRESENTATION_CONTEXT('2D SPACE',''
  ) );
#1629 = ORIENTED_EDGE('',*,*,#1630,.F.);
#1630 = EDGE_CURVE('',#1608,#1608,#1631,.T.);
#1631 = SURFACE_CURVE('',#1632,(#1637,#1644),.PCURVE_S1.);
#1632 = CIRCLE('',#1633,1.57062);
#1633 = AXIS2_PLACEMENT_3D('',#1634,#1635,#1636);
#1634 = CARTESIAN_POINT('',(0.,0.,1.05));
#1635 = DIRECTION('',(0.,0.,1.));
#1636 = DIRECTION('',(1.,0.,-0.));
#1637 = PCURVE('',#1535,#1638);
#1638 = DEFINITIONAL_REPRESENTATION('',(#1639),#1643);
#1639 = LINE('',#1640,#1641);
#1640 = CARTESIAN_POINT('',(-0.,-0.35));
#1641 = VECTOR('',#1642,1.);
#1642 = DIRECTION('',(-1.,-0.));
#1643 = ( GEOMETRIC_REPRESENTATION_CONTEXT(2) 
PARAMETRIC_REPRESENTATION_CONTEXT() REPRESENTATION_CONTEXT('2D SPACE',''
  ) );
#1644 = PCURVE('',#1645,#1650);
#1645 = CONICAL_SURFACE('',#1646,1.57062,0.88689834824);
#1646 = AXIS2_PLACEMENT_3D('',#1647,#1648,#1649);
#1647 = CARTESIAN_POINT('',(0.,0.,1.05));
#1648 = DIRECTION('',(0.,0.,1.));
#1649 = DIRECTION('',(1.,0.,-0.));
#1650 = DEFINITIONAL_REPRESENTATION('',(#1651),#1655);
#1651 = LINE('',#1652,#1653);
#1652 = CARTESIAN_POINT('',(0.,0.));
#1653 = VECTOR('',#1654,1.);
#1654 = DIRECTION('',(1.,0.));
#1655 = ( GEOMETRIC_REPRESENTATION_CONTEXT(2) 
PARAMETRIC_REPRESENTATION_CONTEXT() REPRESENTATION_CONTEXT('2D SPACE',''
  ) );
#1656 = ORIENTED_EDGE('',*,*,#1607,.F.);
#1657 = ADVANCED_FACE('',(#1658),#1568,.F.);
#1658 = FACE_BOUND('',#1659,.F.);
#1659 = EDGE_LOOP('',(#1660,#1689,#1710,#1711));
#1660 = ORIENTED_EDGE('',*,*,#1661,.T.);
#1661 = EDGE_CURVE('',#1662,#1662,#1664,.T.);
#1662 = VERTEX_POINT('',#1663);
#1663 = CARTESIAN_POINT('',(1.57062,0.,12.25));
#1664 = SURFACE_CURVE('',#1665,(#1670,#1677),.PCURVE_S1.);
#1665 = CIRCLE('',#1666,1.57062);
#1666 = AXIS2_PLACEMENT_3D('',#1667,#1668,#1669);
#1667 = CARTESIAN_POINT('',(0.,0.,12.25));
#1668 = DIRECTION('',(0.,0.,1.));
#1669 = DIRECTION('',(1.,0.,-0.));
#1670 = PCURVE('',#1568,#1671);
#1671 = DEFINITIONAL_REPRESENTATION('',(#1672),#1676);
#1672 = LINE('',#1673,#1674);
#1673 = CARTESIAN_POINT('',(0.,0.));
#1674 = VECTOR('',#1675,1.);
#1675 = DIRECTION('',(1.,0.));
#1676 = ( GEOMETRIC_REPRESENTATION_CONTEXT(2) 
PARAMETRIC_REPRESENTATION_CONTEXT() REPRESENTATION_CONTEXT('2D SPACE',''
  ) );
#1677 = PCURVE('',#1678,#1683);
#1678 = CONICAL_SURFACE('',#1679,2.,0.88689834824);
#1679 = AXIS2_PLACEMENT_3D('',#1680,#1681,#1682);
#1680 = CARTESIAN_POINT('',(0.,0.,11.9));
#1681 = DIRECTION('',(-0.,-0.,-1.));
#1682 = DIRECTION('',(1.,0.,-0.));
#1683 = DEFINITIONAL_REPRESENTATION('',(#1684),#1688);
#1684 = LINE('',#1685,#1686);
#1685 = CARTESIAN_POINT('',(-0.,-0.35));
#1686 = VECTOR('',#1687,1.);
#1687 = DIRECTION('',(-1.,-0.));
#1688 = ( GEOMETRIC_REPRESENTATION_CONTEXT(2) 
PARAMETRIC_REPRESENTATION_CONTEXT() REPRESENTATION_CONTEXT('2D SPACE',''
  ) );
#1689 = ORIENTED_EDGE('',*,*,#1690,.T.);
#1690 = EDGE_CURVE('',#1662,#1552,#1691,.T.);
#1691 = SEAM_CURVE('',#1692,(#1696,#1703),.PCURVE_S1.);
#1692 = LINE('',#1693,#1694);
#1693 = CARTESIAN_POINT('',(1.57062,0.,12.25));
#1694 = VECTOR('',#1695,1.);
#1695 = DIRECTION('',(0.77511579593,0.,0.631819201117));
#1696 = PCURVE('',#1568,#1697);
#1697 = DEFINITIONAL_REPRESENTATION('',(#1698),#1702);
#1698 = LINE('',#1699,#1700);
#1699 = CARTESIAN_POINT('',(0.,0.));
#1700 = VECTOR('',#1701,1.);
#1701 = DIRECTION('',(0.,1.));
#1702 = ( GEOMETRIC_REPRESENTATION_CONTEXT(2) 
PARAMETRIC_REPRESENTATION_CONTEXT() REPRESENTATION_CONTEXT('2D SPACE',''
  ) );
#1703 = PCURVE('',#1568,#1704);
#1704 = DEFINITIONAL_REPRESENTATION('',(#1705),#1709);
#1705 = LINE('',#1706,#1707);
#1706 = CARTESIAN_POINT('',(6.28318530718,0.));
#1707 = VECTOR('',#1708,1.);
#1708 = DIRECTION('',(0.,1.));
#1709 = ( GEOMETRIC_REPRESENTATION_CONTEXT(2) 
PARAMETRIC_REPRESENTATION_CONTEXT() REPRESENTATION_CONTEXT('2D SPACE',''
  ) );
#1710 = ORIENTED_EDGE('',*,*,#1551,.F.);
#1711 = ORIENTED_EDGE('',*,*,#1690,.F.);
#1712 = ADVANCED_FACE('',(#1713),#1645,.F.);
#1713 = FACE_BOUND('',#1714,.F.);
#1714 = EDGE_LOOP('',(#1715,#1716,#1739,#1766));
#1715 = ORIENTED_EDGE('',*,*,#1630,.T.);
#1716 = ORIENTED_EDGE('',*,*,#1717,.T.);
#1717 = EDGE_CURVE('',#1608,#1718,#1720,.T.);
#1718 = VERTEX_POINT('',#1719);
#1719 = CARTESIAN_POINT('',(2.,0.,1.4));
#1720 = SEAM_CURVE('',#1721,(#1725,#1732),.PCURVE_S1.);
#1721 = LINE('',#1722,#1723);
#1722 = CARTESIAN_POINT('',(1.57062,0.,1.05));
#1723 = VECTOR('',#1724,1.);
#1724 = DIRECTION('',(0.77511579593,0.,0.631819201117));
#1725 = PCURVE('',#1645,#1726);
#1726 = DEFINITIONAL_REPRESENTATION('',(#1727),#1731);
#1727 = LINE('',#1728,#1729);
#1728 = CARTESIAN_POINT('',(0.,0.));
#1729 = VECTOR('',#1730,1.);
#1730 = DIRECTION('',(0.,1.));
#1731 = ( GEOMETRIC_REPRESENTATION_CONTEXT(2) 
PARAMETRIC_REPRESENTATION_CONTEXT() REPRESENTATION_CONTEXT('2D SPACE',''
  ) );
#1732 = PCURVE('',#1645,#1733);
#1733 = DEFINITIONAL_REPRESENTATION('',(#1734),#1738);
#1734 = LINE('',#1735,#1736);
#1735 = CARTESIAN_POINT('',(6.28318530718,0.));
#1736 = VECTOR('',#1737,1.);
#1737 = DIRECTION('',(0.,1.));
#1738 = ( GEOMETRIC_REPRESENTATION_CONTEXT(2) 
PARAMETRIC_REPRESENTATION_CONTEXT() REPRESENTATION_CONTEXT('2D SPACE',''
  ) );
#1739 = ORIENTED_EDGE('',*,*,#1740,.F.);
#1740 = EDGE_CURVE('',#1718,#1718,#1741,.T.);
#1741 = SURFACE_CURVE('',#1742,(#1747,#1754),.PCURVE_S1.);
#1742 = CIRCLE('',#1743,2.);
#1743 = AXIS2_PLACEMENT_3D('',#1744,#1745,#1746);
#1744 = CARTESIAN_POINT('',(0.,0.,1.4));
#1745 = DIRECTION('',(0.,0.,1.));
#1746 = DIRECTION('',(1.,0.,-0.));
#1747 = PCURVE('',#1645,#1748);
#1748 = DEFINITIONAL_REPRESENTATION('',(#1749),#1753);
#1749 = LINE('',#1750,#1751);
#1750 = CARTESIAN_POINT('',(0.,0.35));
#1751 = VECTOR('',#1752,1.);
#1752 = DIRECTION('',(1.,0.));
#1753 = ( GEOMETRIC_REPRESENTATION_CONTEXT(2) 
PARAMETRIC_REPRESENTATION_CONTEXT() REPRESENTATION_CONTEXT('2D SPACE',''
  ) );
#1754 = PCURVE('',#1755,#1760);
#1755 = CONICAL_SURFACE('',#1756,2.,0.88689834824);
#1756 = AXIS2_PLACEMENT_3D('',#1757,#1758,#1759);
#1757 = CARTESIAN_POINT('',(0.,0.,1.4));
#1758 = DIRECTION('',(-0.,-0.,-1.));
#1759 = DIRECTION('',(1.,0.,-0.));
#1760 = DEFINITIONAL_REPRESENTATION('',(#1761),#1765);
#1761 = LINE('',#1762,#1763);
#1762 = CARTESIAN_POINT('',(-0.,-0.));
#1763 = VECTOR('',#1764,1.);
#1764 = DIRECTION('',(-1.,-0.));
#1765 = ( GEOMETRIC_REPRESENTATION_CONTEXT(2) 
PARAMETRIC_REPRESENTATION_CONTEXT() REPRESENTATION_CONTEXT('2D SPACE',''
  ) );
#1766 = ORIENTED_EDGE('',*,*,#1717,.F.);
#1767 = ADVANCED_FACE('',(#1768),#1678,.F.);
#1768 = FACE_BOUND('',#1769,.F.);
#1769 = EDGE_LOOP('',(#1770,#1799,#1820,#1821));
#1770 = ORIENTED_EDGE('',*,*,#1771,.T.);
#1771 = EDGE_CURVE('',#1772,#1772,#1774,.T.);
#1772 = VERTEX_POINT('',#1773);
#1773 = CARTESIAN_POINT('',(2.,0.,11.9));
#1774 = SURFACE_CURVE('',#1775,(#1780,#1787),.PCURVE_S1.);
#1775 = CIRCLE('',#1776,2.);
#1776 = AXIS2_PLACEMENT_3D('',#1777,#1778,#1779);
#1777 = CARTESIAN_POINT('',(0.,0.,11.9));
#1778 = DIRECTION('',(0.,0.,1.));
#1779 = DIRECTION('',(1.,0.,-0.));
#1780 = PCURVE('',#1678,#1781);
#1781 = DEFINITIONAL_REPRESENTATION('',(#1782),#1786);
#1782 = LINE('',#1783,#1784);
#1783 = CARTESIAN_POINT('',(-0.,-0.));
#1784 = VECTOR('',#1785,1.);
#1785 = DIRECTION('',(-1.,-0.));
#1786 = ( GEOMETRIC_REPRESENTATION_CONTEXT(2) 
PARAMETRIC_REPRESENTATION_CONTEXT() REPRESENTATION_CONTEXT('2D SPACE',''
  ) );
#1787 = PCURVE('',#1788,#1793);
#1788 = CONICAL_SURFACE('',#1789,1.57062,0.88689834824);
#1789 = AXIS2_PLACEMENT_3D('',#1790,#1791,#1792);
#1790 = CARTESIAN_POINT('',(0.,0.,11.55));
#1791 = DIRECTION('',(0.,0.,1.));
#1792 = DIRECTION('',(1.,0.,-0.));
#1793 = DEFINITIONAL_REPRESENTATION('',(#1794),#1798);
#1794 = LINE('',#1795,#1796);
#1795 = CARTESIAN_POINT('',(0.,0.35));
#1796 = VECTOR('',#1797,1.);
#1797 = DIRECTION('',(1.,0.));
#1798 = ( GEOMETRIC_REPRESENTATION_CONTEXT(2) 
PARAMETRIC_REPRESENTATION_CONTEXT() REPRESENTATION_CONTEXT('2D SPACE',''
  ) );
#1799 = ORIENTED_EDGE('',*,*,#1800,.T.);
#1800 = EDGE_CURVE('',#1772,#1662,#1801,.T.);
#1801 = SEAM_CURVE('',#1802,(#1806,#1813),.PCURVE_S1.);
#1802 = LINE('',#1803,#1804);
#1803 = CARTESIAN_POINT('',(2.,0.,11.9));
#1804 = VECTOR('',#1805,1.);
#1805 = DIRECTION('',(-0.77511579593,0.,0.631819201117));
#1806 = PCURVE('',#1678,#1807);
#1807 = DEFINITIONAL_REPRESENTATION('',(#1808),#1812);
#1808 = LINE('',#1809,#1810);
#1809 = CARTESIAN_POINT('',(-0.,-0.));
#1810 = VECTOR('',#1811,1.);
#1811 = DIRECTION('',(-0.,-1.));
#1812 = ( GEOMETRIC_REPRESENTATION_CONTEXT(2) 
PARAMETRIC_REPRESENTATION_CONTEXT() REPRESENTATION_CONTEXT('2D SPACE',''
  ) );
#1813 = PCURVE('',#1678,#1814);
#1814 = DEFINITIONAL_REPRESENTATION('',(#1815),#1819);
#1815 = LINE('',#1816,#1817);
#1816 = CARTESIAN_POINT('',(-6.28318530718,-0.));
#1817 = VECTOR('',#1818,1.);
#1818 = DIRECTION('',(-0.,-1.));
#1819 = ( GEOMETRIC_REPRESENTATION_CONTEXT(2) 
PARAMETRIC_REPRESENTATION_CONTEXT() REPRESENTATION_CONTEXT('2D SPACE',''
  ) );
#1820 = ORIENTED_EDGE('',*,*,#1661,.F.);
#1821 = ORIENTED_EDGE('',*,*,#1800,.F.);
#1822 = ADVANCED_FACE('',(#1823),#1755,.F.);
#1823 = FACE_BOUND('',#1824,.F.);
#1824 = EDGE_LOOP('',(#1825,#1826,#1849,#1876));
#1825 = ORIENTED_EDGE('',*,*,#1740,.T.);
#1826 = ORIENTED_EDGE('',*,*,#1827,.T.);
#1827 = EDGE_CURVE('',#1718,#1828,#1830,.T.);
#1828 = VERTEX_POINT('',#1829);
#1829 = CARTESIAN_POINT('',(1.57062,0.,1.75));
#1830 = SEAM_CURVE('',#1831,(#1835,#1842),.PCURVE_S1.);
#1831 = LINE('',#1832,#1833);
#1832 = CARTESIAN_POINT('',(2.,0.,1.4));
#1833 = VECTOR('',#1834,1.);
#1834 = DIRECTION('',(-0.77511579593,0.,0.631819201117));
#1835 = PCURVE('',#1755,#1836);
#1836 = DEFINITIONAL_REPRESENTATION('',(#1837),#1841);
#1837 = LINE('',#1838,#1839);
#1838 = CARTESIAN_POINT('',(-0.,-0.));
#1839 = VECTOR('',#1840,1.);
#1840 = DIRECTION('',(-0.,-1.));
#1841 = ( GEOMETRIC_REPRESENTATION_CONTEXT(2) 
PARAMETRIC_REPRESENTATION_CONTEXT() REPRESENTATION_CONTEXT('2D SPACE',''
  ) );
#1842 = PCURVE('',#1755,#1843);
#1843 = DEFINITIONAL_REPRESENTATION('',(#1844),#1848);
#1844 = LINE('',#1845,#1846);
#1845 = CARTESIAN_POINT('',(-6.28318530718,-0.));
#1846 = VECTOR('',#1847,1.);
#1847 = DIRECTION('',(-0.,-1.));
#1848 = ( GEOMETRIC_REPRESENTATION_CONTEXT(2) 
PARAMETRIC_REPRESENTATION_CONTEXT() REPRESENTATION_CONTEXT('2D SPACE',''
  ) );
#1849 = ORIENTED_EDGE('',*,*,#1850,.F.);
#1850 = EDGE_CURVE('',#1828,#1828,#1851,.T.);
#1851 = SURFACE_CURVE('',#1852,(#1857,#1864),.PCURVE_S1.);
#1852 = CIRCLE('',#1853,1.57062);
#1853 = AXIS2_PLACEMENT_3D('',#1854,#1855,#1856);
#1854 = CARTESIAN_POINT('',(0.,0.,1.75));
#1855 = DIRECTION('',(0.,0.,1.));
#1856 = DIRECTION('',(1.,0.,-0.));
#1857 = PCURVE('',#1755,#1858);
#1858 = DEFINITIONAL_REPRESENTATION('',(#1859),#1863);
#1859 = LINE('',#1860,#1861);
#1860 = CARTESIAN_POINT('',(-0.,-0.35));
#1861 = VECTOR('',#1862,1.);
#1862 = DIRECTION('',(-1.,-0.));
#1863 = ( GEOMETRIC_REPRESENTATION_CONTEXT(2) 
PARAMETRIC_REPRESENTATION_CONTEXT() REPRESENTATION_CONTEXT('2D SPACE',''
  ) );
#1864 = PCURVE('',#1865,#1870);
#1865 = CONICAL_SURFACE('',#1866,1.57062,0.88689834824);
#1866 = AXIS2_PLACEMENT_3D('',#1867,#1868,#1869);
#1867 = CARTESIAN_POINT('',(0.,0.,1.75));
#1868 = DIRECTION('',(0.,0.,1.));
#1869 = DIRECTION('',(1.,0.,-0.));
#1870 = DEFINITIONAL_REPRESENTATION('',(#1871),#1875);
#1871 = LINE('',#1872,#1873);
#1872 = CARTESIAN_POINT('',(0.,0.));
#1873 = VECTOR('',#1874,1.);
#1874 = DIRECTION('',(1.,0.));
#1875 = ( GEOMETRIC_REPRESENTATION_CONTEXT(2) 
PARAMETRIC_REPRESENTATION_CONTEXT() REPRESENTATION_CONTEXT('2D SPACE',''
  ) );
#1876 = ORIENTED_EDGE('',*,*,#1827,.F.);
#1877 = ADVANCED_FACE('',(#1878),#1788,.F.);
#1878 = FACE_BOUND('',#1879,.F.);
#1879 = EDGE_LOOP('',(#1880,#1909,#1930,#1931));
#1880 = ORIENTED_EDGE('',*,*,#1881,.T.);
#1881 = EDGE_CURVE('',#1882,#1882,#1884,.T.);
#1882 = VERTEX_POINT('',#1883);
#1883 = CARTESIAN_POINT('',(1.57062,0.,11.55));
#1884 = SURFACE_CURVE('',#1885,(#1890,#1897),.PCURVE_S1.);
#1885 = CIRCLE('',#1886,1.57062);
#1886 = AXIS2_PLACEMENT_3D('',#1887,#1888,#1889);
#1887 = CARTESIAN_POINT('',(0.,0.,11.55));
#1888 = DIRECTION('',(0.,0.,1.));
#1889 = DIRECTION('',(1.,0.,-0.));
#1890 = PCURVE('',#1788,#1891);
#1891 = DEFINITIONAL_REPRESENTATION('',(#1892),#1896);
#1892 = LINE('',#1893,#1894);
#1893 = CARTESIAN_POINT('',(0.,0.));
#1894 = VECTOR('',#1895,1.);
#1895 = DIRECTION('',(1.,0.));
#1896 = ( GEOMETRIC_REPRESENTATION_CONTEXT(2) 
PARAMETRIC_REPRESENTATION_CONTEXT() REPRESENTATION_CONTEXT('2D SPACE',''
  ) );
#1897 = PCURVE('',#1898,#1903);
#1898 = CONICAL_SURFACE('',#1899,2.,0.88689834824);
#1899 = AXIS2_PLACEMENT_3D('',#1900,#1901,#1902);
#1900 = CARTESIAN_POINT('',(0.,0.,11.2));
#1901 = DIRECTION('',(-0.,-0.,-1.));
#1902 = DIRECTION('',(1.,0.,-0.));
#1903 = DEFINITIONAL_REPRESENTATION('',(#1904),#1908);
#1904 = LINE('',#1905,#1906);
#1905 = CARTESIAN_POINT('',(-0.,-0.35));
#1906 = VECTOR('',#1907,1.);
#1907 = DIRECTION('',(-1.,-0.));
#1908 = ( GEOMETRIC_REPRESENTATION_CONTEXT(2) 
PARAMETRIC_REPRESENTATION_CONTEXT() REPRESENTATION_CONTEXT('2D SPACE',''
  ) );
#1909 = ORIENTED_EDGE('',*,*,#1910,.T.);
#1910 = EDGE_CURVE('',#1882,#1772,#1911,.T.);
#1911 = SEAM_CURVE('',#1912,(#1916,#1923),.PCURVE_S1.);
#1912 = LINE('',#1913,#1914);
#1913 = CARTESIAN_POINT('',(1.57062,0.,11.55));
#1914 = VECTOR('',#1915,1.);
#1915 = DIRECTION('',(0.77511579593,0.,0.631819201117));
#1916 = PCURVE('',#1788,#1917);
#1917 = DEFINITIONAL_REPRESENTATION('',(#1918),#1922);
#1918 = LINE('',#1919,#1920);
#1919 = CARTESIAN_POINT('',(0.,0.));
#1920 = VECTOR('',#1921,1.);
#1921 = DIRECTION('',(0.,1.));
#1922 = ( GEOMETRIC_REPRESENTATION_CONTEXT(2) 
PARAMETRIC_REPRESENTATION_CONTEXT() REPRESENTATION_CONTEXT('2D SPACE',''
  ) );
#1923 = PCURVE('',#1788,#1924);
#1924 = DEFINITIONAL_REPRESENTATION('',(#1925),#1929);
#1925 = LINE('',#1926,#1927);
#1926 = CARTESIAN_POINT('',(6.28318530718,0.));
#1927 = VECTOR('',#1928,1.);
#1928 = DIRECTION('',(0.,1.));
#1929 = ( GEOMETRIC_REPRESENTATION_CONTEXT(2) 
PARAMETRIC_REPRESENTATION_CONTEXT() REPRESENTATION_CONTEXT('2D SPACE',''
  ) );
#1930 = ORIENTED_EDGE('',*,*,#1771,.F.);
#1931 = ORIENTED_EDGE('',*,*,#1910,.F.);
#1932 = ADVANCED_FACE('',(#1933),#1865,.F.);
#1933 = FACE_BOUND('',#1934,.F.);
#1934 = EDGE_LOOP('',(#1935,#1936,#1959,#1986));
#1935 = ORIENTED_EDGE('',*,*,#1850,.T.);
#1936 = ORIENTED_EDGE('',*,*,#1937,.T.);
#1937 = EDGE_CURVE('',#1828,#1938,#1940,.T.);
#1938 = VERTEX_POINT('',#1939);
#1939 = CARTESIAN_POINT('',(2.,0.,2.1));
#1940 = SEAM_CURVE('',#1941,(#1945,#1952),.PCURVE_S1.);
#1941 = LINE('',#1942,#1943);
#1942 = CARTESIAN_POINT('',(1.57062,0.,1.75));
#1943 = VECTOR('',#1944,1.);
#1944 = DIRECTION('',(0.77511579593,0.,0.631819201117));
#1945 = PCURVE('',#1865,#1946);
#1946 = DEFINITIONAL_REPRESENTATION('',(#1947),#1951);
#1947 = LINE('',#1948,#1949);
#1948 = CARTESIAN_POINT('',(0.,0.));
#1949 = VECTOR('',#1950,1.);
#1950 = DIRECTION('',(0.,1.));
#1951 = ( GEOMETRIC_REPRESENTATION_CONTEXT(2) 
PARAMETRIC_REPRESENTATION_CONTEXT() REPRESENTATION_CONTEXT('2D SPACE',''
  ) );
#1952 = PCURVE('',#1865,#1953);
#1953 = DEFINITIONAL_REPRESENTATION('',(#1954),#1958);
#1954 = LINE('',#1955,#1956);
#1955 = CARTESIAN_POINT('',(6.28318530718,0.));
#1956 = VECTOR('',#1957,1.);
#1957 = DIRECTION('',(0.,1.));
#1958 = ( GEOMETRIC_REPRESENTATION_CONTEXT(2) 
PARAMETRIC_REPRESENTATION_CONTEXT() REPRESENTATION_CONTEXT('2D SPACE',''
  ) );
#1959 = ORIENTED_EDGE('',*,*,#1960,.F.);
#1960 = EDGE_CURVE('',#1938,#1938,#1961,.T.);
#1961 = SURFACE_CURVE('',#1962,(#1967,#1974),.PCURVE_S1.);
#1962 = CIRCLE('',#1963,2.);
#1963 = AXIS2_PLACEMENT_3D('',#1964,#1965,#1966);
#1964 = CARTESIAN_POINT('',(0.,0.,2.1));
#1965 = DIRECTION('',(0.,0.,1.));
#1966 = DIRECTION('',(1.,0.,-0.));
#1967 = PCURVE('',#1865,#1968);
#1968 = DEFINITIONAL_REPRESENTATION('',(#1969),#1973);
#1969 = LINE('',#1970,#1971);
#1970 = CARTESIAN_POINT('',(0.,0.35));
#1971 = VECTOR('',#1972,1.);
#1972 = DIRECTION('',(1.,0.));
#1973 = ( GEOMETRIC_REPRESENTATION_CONTEXT(2) 
PARAMETRIC_REPRESENTATION_CONTEXT() REPRESENTATION_CONTEXT('2D SPACE',''
  ) );
#1974 = PCURVE('',#1975,#1980);
#1975 = CONICAL_SURFACE('',#1976,2.,0.88689834824);
#1976 = AXIS2_PLACEMENT_3D('',#1977,#1978,#1979);
#1977 = CARTESIAN_POINT('',(0.,0.,2.1));
#1978 = DIRECTION('',(-0.,-0.,-1.));
#1979 = DIRECTION('',(1.,0.,-0.));
#1980 = DEFINITIONAL_REPRESENTATION('',(#1981),#1985);
#1981 = LINE('',#1982,#1983);
#1982 = CARTESIAN_POINT('',(-0.,-0.));
#1983 = VECTOR('',#1984,1.);
#1984 = DIRECTION('',(-1.,-0.));
#1985 = ( GEOMETRIC_REPRESENTATION_CONTEXT(2) 
PARAMETRIC_REPRESENTATION_CONTEXT() REPRESENTATION_CONTEXT('2D SPACE',''
  ) );
#1986 = ORIENTED_EDGE('',*,*,#1937,.F.);
#1987 = ADVANCED_FACE('',(#1988),#1898,.F.);
#1988 = FACE_BOUND('',#1989,.F.);
#1989 = EDGE_LOOP('',(#1990,#2019,#2040,#2041));
#1990 = ORIENTED_EDGE('',*,*,#1991,.T.);
#1991 = EDGE_CURVE('',#1992,#1992,#1994,.T.);
#1992 = VERTEX_POINT('',#1993);
#1993 = CARTESIAN_POINT('',(2.,0.,11.2));
#1994 = SURFACE_CURVE('',#1995,(#2000,#2007),.PCURVE_S1.);
#1995 = CIRCLE('',#1996,2.);
#1996 = AXIS2_PLACEMENT_3D('',#1997,#1998,#1999);
#1997 = CARTESIAN_POINT('',(0.,0.,11.2));
#1998 = DIRECTION('',(0.,0.,1.));
#1999 = DIRECTION('',(1.,0.,-0.));
#2000 = PCURVE('',#1898,#2001);
#2001 = DEFINITIONAL_REPRESENTATION('',(#2002),#2006);
#2002 = LINE('',#2003,#2004);
#2003 = CARTESIAN_POINT('',(-0.,-0.));
#2004 = VECTOR('',#2005,1.);
#2005 = DIRECTION('',(-1.,-0.));
#2006 = ( GEOMETRIC_REPRESENTATION_CONTEXT(2) 
PARAMETRIC_REPRESENTATION_CONTEXT() REPRESENTATION_CONTEXT('2D SPACE',''
  ) );
#2007 = PCURVE('',#2008,#2013);
#2008 = CONICAL_SURFACE('',#2009,1.57062,0.88689834824);
#2009 = AXIS2_PLACEMENT_3D('',#2010,#2011,#2012);
#2010 = CARTESIAN_POINT('',(0.,0.,10.85));
#2011 = DIRECTION('',(0.,0.,1.));
#2012 = DIRECTION('',(1.,0.,-0.));
#2013 = DEFINITIONAL_REPRESENTATION('',(#2014),#2018);
#2014 = LINE('',#2015,#2016);
#2015 = CARTESIAN_POINT('',(0.,0.35));
#2016 = VECTOR('',#2017,1.);
#2017 = DIRECTION('',(1.,0.));
#2018 = ( GEOMETRIC_REPRESENTATION_CONTEXT(2) 
PARAMETRIC_REPRESENTATION_CONTEXT() REPRESENTATION_CONTEXT('2D SPACE',''
  ) );
#2019 = ORIENTED_EDGE('',*,*,#2020,.T.);
#2020 = EDGE_CURVE('',#1992,#1882,#2021,.T.);
#2021 = SEAM_CURVE('',#2022,(#2026,#2033),.PCURVE_S1.);
#2022 = LINE('',#2023,#2024);
#2023 = CARTESIAN_POINT('',(2.,0.,11.2));
#2024 = VECTOR('',#2025,1.);
#2025 = DIRECTION('',(-0.77511579593,0.,0.631819201117));
#2026 = PCURVE('',#1898,#2027);
#2027 = DEFINITIONAL_REPRESENTATION('',(#2028),#2032);
#2028 = LINE('',#2029,#2030);
#2029 = CARTESIAN_POINT('',(-0.,-0.));
#2030 = VECTOR('',#2031,1.);
#2031 = DIRECTION('',(-0.,-1.));
#2032 = ( GEOMETRIC_REPRESENTATION_CONTEXT(2) 
PARAMETRIC_REPRESENTATION_CONTEXT() REPRESENTATION_CONTEXT('2D SPACE',''
  ) );
#2033 = PCURVE('',#1898,#2034);
#2034 = DEFINITIONAL_REPRESENTATION('',(#2035),#2039);
#2035 = LINE('',#2036,#2037);
#2036 = CARTESIAN_POINT('',(-6.28318530718,-0.));
#2037 = VECTOR('',#2038,1.);
#2038 = DIRECTION('',(-0.,-1.));
#2039 = ( GEOMETRIC_REPRESENTATION_CONTEXT(2) 
PARAMETRIC_REPRESENTATION_CONTEXT() REPRESENTATION_CONTEXT('2D SPACE',''
  ) );
#2040 = ORIENTED_EDGE('',*,*,#1881,.F.);
#2041 = ORIENTED_EDGE('',*,*,#2020,.F.);
#2042 = ADVANCED_FACE('',(#2043),#1975,.F.);
#2043 = FACE_BOUND('',#2044,.F.);
#2044 = EDGE_LOOP('',(#2045,#2046,#2069,#2096));
#2045 = ORIENTED_EDGE('',*,*,#1960,.T.);
#2046 = ORIENTED_EDGE('',*,*,#2047,.T.);
#2047 = EDGE_CURVE('',#1938,#2048,#2050,.T.);
#2048 = VERTEX_POINT('',#2049);
#2049 = CARTESIAN_POINT('',(1.57062,0.,2.45));
#2050 = SEAM_CURVE('',#2051,(#2055,#2062),.PCURVE_S1.);
#2051 = LINE('',#2052,#2053);
#2052 = CARTESIAN_POINT('',(2.,0.,2.1));
#2053 = VECTOR('',#2054,1.);
#2054 = DIRECTION('',(-0.77511579593,0.,0.631819201117));
#2055 = PCURVE('',#1975,#2056);
#2056 = DEFINITIONAL_REPRESENTATION('',(#2057),#2061);
#2057 = LINE('',#2058,#2059);
#2058 = CARTESIAN_POINT('',(-0.,-0.));
#2059 = VECTOR('',#2060,1.);
#2060 = DIRECTION('',(-0.,-1.));
#2061 = ( GEOMETRIC_REPRESENTATION_CONTEXT(2) 
PARAMETRIC_REPRESENTATION_CONTEXT() REPRESENTATION_CONTEXT('2D SPACE',''
  ) );
#2062 = PCURVE('',#1975,#2063);
#2063 = DEFINITIONAL_REPRESENTATION('',(#2064),#2068);
#2064 = LINE('',#2065,#2066);
#2065 = CARTESIAN_POINT('',(-6.28318530718,-0.));
#2066 = VECTOR('',#2067,1.);
#2067 = DIRECTION('',(-0.,-1.));
#2068 = ( GEOMETRIC_REPRESENTATION_CONTEXT(2) 
PARAMETRIC_REPRESENTATION_CONTEXT() REPRESENTATION_CONTEXT('2D SPACE',''
  ) );
#2069 = ORIENTED_EDGE('',*,*,#2070,.F.);
#2070 = EDGE_CURVE('',#2048,#2048,#2071,.T.);
#2071 = SURFACE_CURVE('',#2072,(#2077,#2084),.PCURVE_S1.);
#2072 = CIRCLE('',#2073,1.57062);
#2073 = AXIS2_PLACEMENT_3D('',#2074,#2075,#2076);
#2074 = CARTESIAN_POINT('',(0.,0.,2.45));
#2075 = DIRECTION('',(0.,0.,1.));
#2076 = DIRECTION('',(1.,0.,-0.));
#2077 = PCURVE('',#1975,#2078);
#2078 = DEFINITIONAL_REPRESENTATION('',(#2079),#2083);
#2079 = LINE('',#2080,#2081);
#2080 = CARTESIAN_POINT('',(-0.,-0.35));
#2081 = VECTOR('',#2082,1.);
#2082 = DIRECTION('',(-1.,-0.));
#2083 = ( GEOMETRIC_REPRESENTATION_CONTEXT(2) 
PARAMETRIC_REPRESENTATION_CONTEXT() REPRESENTATION_CONTEXT('2D SPACE',''
  ) );
#2084 = PCURVE('',#2085,#2090);
#2085 = CONICAL_SURFACE('',#2086,1.57062,0.88689834824);
#2086 = AXIS2_PLACEMENT_3D('',#2087,#2088,#2089);
#2087 = CARTESIAN_POINT('',(0.,0.,2.45));
#2088 = DIRECTION('',(0.,0.,1.));
#2089 = DIRECTION('',(1.,0.,-0.));
#2090 = DEFINITIONAL_REPRESENTATION('',(#2091),#2095);
#2091 = LINE('',#2092,#2093);
#2092 = CARTESIAN_POINT('',(0.,0.));
#2093 = VECTOR('',#2094,1.);
#2094 = DIRECTION('',(1.,0.));
#2095 = ( GEOMETRIC_REPRESENTATION_CONTEXT(2) 
PARAMETRIC_REPRESENTATION_CONTEXT() REPRESENTATION_CONTEXT('2D SPACE',''
  ) );
#2096 = ORIENTED_EDGE('',*,*,#2047,.F.);
#2097 = ADVANCED_FACE('',(#2098),#2008,.F.);
#2098 = FACE_BOUND('',#2099,.F.);
#2099 = EDGE_LOOP('',(#2100,#2129,#2150,#2151));
#2100 = ORIENTED_EDGE('',*,*,#2101,.T.);
#2101 = EDGE_CURVE('',#2102,#2102,#2104,.T.);
#2102 = VERTEX_POINT('',#2103);
#2103 = CARTESIAN_POINT('',(1.57062,0.,10.85));
#2104 = SURFACE_CURVE('',#2105,(#2110,#2117),.PCURVE_S1.);
#2105 = CIRCLE('',#2106,1.57062);
#2106 = AXIS2_PLACEMENT_3D('',#2107,#2108,#2109);
#2107 = CARTESIAN_POINT('',(0.,0.,10.85));
#2108 = DIRECTION('',(0.,0.,1.));
#2109 = DIRECTION('',(1.,0.,-0.));
#2110 = PCURVE('',#2008,#2111);
#2111 = DEFINITIONAL_REPRESENTATION('',(#2112),#2116);
#2112 = LINE('',#2113,#2114);
#2113 = CARTESIAN_POINT('',(0.,0.));
#2114 = VECTOR('',#2115,1.);
#2115 = DIRECTION('',(1.,0.));
#2116 = ( GEOMETRIC_REPRESENTATION_CONTEXT(2) 
PARAMETRIC_REPRESENTATION_CONTEXT() REPRESENTATION_CONTEXT('2D SPACE',''
  ) );
#2117 = PCURVE('',#2118,#2123);
#2118 = CONICAL_SURFACE('',#2119,2.,0.88689834824);
#2119 = AXIS2_PLACEMENT_3D('',#2120,#2121,#2122);
#2120 = CARTESIAN_POINT('',(0.,0.,10.5));
#2121 = DIRECTION('',(-0.,-0.,-1.));
#2122 = DIRECTION('',(1.,0.,-0.));
#2123 = DEFINITIONAL_REPRESENTATION('',(#2124),#2128);
#2124 = LINE('',#2125,#2126);
#2125 = CARTESIAN_POINT('',(-0.,-0.35));
#2126 = VECTOR('',#2127,1.);
#2127 = DIRECTION('',(-1.,-0.));
#2128 = ( GEOMETRIC_REPRESENTATION_CONTEXT(2) 
PARAMETRIC_REPRESENTATION_CONTEXT() REPRESENTATION_CONTEXT('2D SPACE',''
  ) );
#2129 = ORIENTED_EDGE('',*,*,#2130,.T.);
#2130 = EDGE_CURVE('',#2102,#1992,#2131,.T.);
#2131 = SEAM_CURVE('',#2132,(#2136,#2143),.PCURVE_S1.);
#2132 = LINE('',#2133,#2134);
#2133 = CARTESIAN_POINT('',(1.57062,0.,10.85));
#2134 = VECTOR('',#2135,1.);
#2135 = DIRECTION('',(0.77511579593,0.,0.631819201117));
#2136 = PCURVE('',#2008,#2137);
#2137 = DEFINITIONAL_REPRESENTATION('',(#2138),#2142);
#2138 = LINE('',#2139,#2140);
#2139 = CARTESIAN_POINT('',(0.,0.));
#2140 = VECTOR('',#2141,1.);
#2141 = DIRECTION('',(0.,1.));
#2142 = ( GEOMETRIC_REPRESENTATION_CONTEXT(2) 
PARAMETRIC_REPRESENTATION_CONTEXT() REPRESENTATION_CONTEXT('2D SPACE',''
  ) );
#2143 = PCURVE('',#2008,#2144);
#2144 = DEFINITIONAL_REPRESENTATION('',(#2145),#2149);
#2145 = LINE('',#2146,#2147);
#2146 = CARTESIAN_POINT('',(6.28318530718,0.));
#2147 = VECTOR('',#2148,1.);
#2148 = DIRECTION('',(0.,1.));
#2149 = ( GEOMETRIC_REPRESENTATION_CONTEXT(2) 
PARAMETRIC_REPRESENTATION_CONTEXT() REPRESENTATION_CONTEXT('2D SPACE',''
  ) );
#2150 = ORIENTED_EDGE('',*,*,#1991,.F.);
#2151 = ORIENTED_EDGE('',*,*,#2130,.F.);
#2152 = ADVANCED_FACE('',(#2153),#2085,.F.);
#2153 = FACE_BOUND('',#2154,.F.);
#2154 = EDGE_LOOP('',(#2155,#2156,#2179,#2206));
#2155 = ORIENTED_EDGE('',*,*,#2070,.T.);
#2156 = ORIENTED_EDGE('',*,*,#2157,.T.);
#2157 = EDGE_CURVE('',#2048,#2158,#2160,.T.);
#2158 = VERTEX_POINT('',#2159);
#2159 = CARTESIAN_POINT('',(2.,0.,2.8));
#2160 = SEAM_CURVE('',#2161,(#2165,#2172),.PCURVE_S1.);
#2161 = LINE('',#2162,#2163);
#2162 = CARTESIAN_POINT('',(1.57062,0.,2.45));
#2163 = VECTOR('',#2164,1.);
#2164 = DIRECTION('',(0.77511579593,0.,0.631819201117));
#2165 = PCURVE('',#2085,#2166);
#2166 = DEFINITIONAL_REPRESENTATION('',(#2167),#2171);
#2167 = LINE('',#2168,#2169);
#2168 = CARTESIAN_POINT('',(0.,0.));
#2169 = VECTOR('',#2170,1.);
#2170 = DIRECTION('',(0.,1.));
#2171 = ( GEOMETRIC_REPRESENTATION_CONTEXT(2) 
PARAMETRIC_REPRESENTATION_CONTEXT() REPRESENTATION_CONTEXT('2D SPACE',''
  ) );
#2172 = PCURVE('',#2085,#2173);
#2173 = DEFINITIONAL_REPRESENTATION('',(#2174),#2178);
#2174 = LINE('',#2175,#2176);
#2175 = CARTESIAN_POINT('',(6.28318530718,0.));
#2176 = VECTOR('',#2177,1.);
#2177 = DIRECTION('',(0.,1.));
#2178 = ( GEOMETRIC_REPRESENTATION_CONTEXT(2) 
PARAMETRIC_REPRESENTATION_CONTEXT() REPRESENTATION_CONTEXT('2D SPACE',''
  ) );
#2179 = ORIENTED_EDGE('',*,*,#2180,.F.);
#2180 = EDGE_CURVE('',#2158,#2158,#2181,.T.);
#2181 = SURFACE_CURVE('',#2182,(#2187,#2194),.PCURVE_S1.);
#2182 = CIRCLE('',#2183,2.);
#2183 = AXIS2_PLACEMENT_3D('',#2184,#2185,#2186);
#2184 = CARTESIAN_POINT('',(0.,0.,2.8));
#2185 = DIRECTION('',(0.,0.,1.));
#2186 = DIRECTION('',(1.,0.,-0.));
#2187 = PCURVE('',#2085,#2188);
#2188 = DEFINITIONAL_REPRESENTATION('',(#2189),#2193);
#2189 = LINE('',#2190,#2191);
#2190 = CARTESIAN_POINT('',(0.,0.35));
#2191 = VECTOR('',#2192,1.);
#2192 = DIRECTION('',(1.,0.));
#2193 = ( GEOMETRIC_REPRESENTATION_CONTEXT(2) 
PARAMETRIC_REPRESENTATION_CONTEXT() REPRESENTATION_CONTEXT('2D SPACE',''
  ) );
#2194 = PCURVE('',#2195,#2200);
#2195 = CONICAL_SURFACE('',#2196,2.,0.88689834824);
#2196 = AXIS2_PLACEMENT_3D('',#2197,#2198,#2199);
#2197 = CARTESIAN_POINT('',(0.,0.,2.8));
#2198 = DIRECTION('',(-0.,-0.,-1.));
#2199 = DIRECTION('',(1.,0.,-0.));
#2200 = DEFINITIONAL_REPRESENTATION('',(#2201),#2205);
#2201 = LINE('',#2202,#2203);
#2202 = CARTESIAN_POINT('',(-0.,-0.));
#2203 = VECTOR('',#2204,1.);
#2204 = DIRECTION('',(-1.,-0.));
#2205 = ( GEOMETRIC_REPRESENTATION_CONTEXT(2) 
PARAMETRIC_REPRESENTATION_CONTEXT() REPRESENTATION_CONTEXT('2D SPACE',''
  ) );
#2206 = ORIENTED_EDGE('',*,*,#2157,.F.);
#2207 = ADVANCED_FACE('',(#2208),#2118,.F.);
#2208 = FACE_BOUND('',#2209,.F.);
#2209 = EDGE_LOOP('',(#2210,#2239,#2260,#2261));
#2210 = ORIENTED_EDGE('',*,*,#2211,.T.);
#2211 = EDGE_CURVE('',#2212,#2212,#2214,.T.);
#2212 = VERTEX_POINT('',#2213);
#2213 = CARTESIAN_POINT('',(2.,0.,10.5));
#2214 = SURFACE_CURVE('',#2215,(#2220,#2227),.PCURVE_S1.);
#2215 = CIRCLE('',#2216,2.);
#2216 = AXIS2_PLACEMENT_3D('',#2217,#2218,#2219);
#2217 = CARTESIAN_POINT('',(0.,0.,10.5));
#2218 = DIRECTION('',(0.,0.,1.));
#2219 = DIRECTION('',(1.,0.,-0.));
#2220 = PCURVE('',#2118,#2221);
#2221 = DEFINITIONAL_REPRESENTATION('',(#2222),#2226);
#2222 = LINE('',#2223,#2224);
#2223 = CARTESIAN_POINT('',(-0.,-0.));
#2224 = VECTOR('',#2225,1.);
#2225 = DIRECTION('',(-1.,-0.));
#2226 = ( GEOMETRIC_REPRESENTATION_CONTEXT(2) 
PARAMETRIC_REPRESENTATION_CONTEXT() REPRESENTATION_CONTEXT('2D SPACE',''
  ) );
#2227 = PCURVE('',#2228,#2233);
#2228 = CONICAL_SURFACE('',#2229,1.57062,0.88689834824);
#2229 = AXIS2_PLACEMENT_3D('',#2230,#2231,#2232);
#2230 = CARTESIAN_POINT('',(0.,0.,10.15));
#2231 = DIRECTION('',(0.,0.,1.));
#2232 = DIRECTION('',(1.,0.,-0.));
#2233 = DEFINITIONAL_REPRESENTATION('',(#2234),#2238);
#2234 = LINE('',#2235,#2236);
#2235 = CARTESIAN_POINT('',(0.,0.35));
#2236 = VECTOR('',#2237,1.);
#2237 = DIRECTION('',(1.,0.));
#2238 = ( GEOMETRIC_REPRESENTATION_CONTEXT(2) 
PARAMETRIC_REPRESENTATION_CONTEXT() REPRESENTATION_CONTEXT('2D SPACE',''
  ) );
#2239 = ORIENTED_EDGE('',*,*,#2240,.T.);
#2240 = EDGE_CURVE('',#2212,#2102,#2241,.T.);
#2241 = SEAM_CURVE('',#2242,(#2246,#2253),.PCURVE_S1.);
#2242 = LINE('',#2243,#2244);
#2243 = CARTESIAN_POINT('',(2.,0.,10.5));
#2244 = VECTOR('',#2245,1.);
#2245 = DIRECTION('',(-0.77511579593,0.,0.631819201117));
#2246 = PCURVE('',#2118,#2247);
#2247 = DEFINITIONAL_REPRESENTATION('',(#2248),#2252);
#2248 = LINE('',#2249,#2250);
#2249 = CARTESIAN_POINT('',(-0.,-0.));
#2250 = VECTOR('',#2251,1.);
#2251 = DIRECTION('',(-0.,-1.));
#2252 = ( GEOMETRIC_REPRESENTATION_CONTEXT(2) 
PARAMETRIC_REPRESENTATION_CONTEXT() REPRESENTATION_CONTEXT('2D SPACE',''
  ) );
#2253 = PCURVE('',#2118,#2254);
#2254 = DEFINITIONAL_REPRESENTATION('',(#2255),#2259);
#2255 = LINE('',#2256,#2257);
#2256 = CARTESIAN_POINT('',(-6.28318530718,-0.));
#2257 = VECTOR('',#2258,1.);
#2258 = DIRECTION('',(-0.,-1.));
#2259 = ( GEOMETRIC_REPRESENTATION_CONTEXT(2) 
PARAMETRIC_REPRESENTATION_CONTEXT() REPRESENTATION_CONTEXT('2D SPACE',''
  ) );
#2260 = ORIENTED_EDGE('',*,*,#2101,.F.);
#2261 = ORIENTED_EDGE('',*,*,#2240,.F.);
#2262 = ADVANCED_FACE('',(#2263),#2195,.F.);
#2263 = FACE_BOUND('',#2264,.F.);
#2264 = EDGE_LOOP('',(#2265,#2266,#2289,#2316));
#2265 = ORIENTED_EDGE('',*,*,#2180,.T.);
#2266 = ORIENTED_EDGE('',*,*,#2267,.T.);
#2267 = EDGE_CURVE('',#2158,#2268,#2270,.T.);
#2268 = VERTEX_POINT('',#2269);
#2269 = CARTESIAN_POINT('',(1.57062,0.,3.15));
#2270 = SEAM_CURVE('',#2271,(#2275,#2282),.PCURVE_S1.);
#2271 = LINE('',#2272,#2273);
#2272 = CARTESIAN_POINT('',(2.,0.,2.8));
#2273 = VECTOR('',#2274,1.);
#2274 = DIRECTION('',(-0.77511579593,0.,0.631819201117));
#2275 = PCURVE('',#2195,#2276);
#2276 = DEFINITIONAL_REPRESENTATION('',(#2277),#2281);
#2277 = LINE('',#2278,#2279);
#2278 = CARTESIAN_POINT('',(-0.,-0.));
#2279 = VECTOR('',#2280,1.);
#2280 = DIRECTION('',(-0.,-1.));
#2281 = ( GEOMETRIC_REPRESENTATION_CONTEXT(2) 
PARAMETRIC_REPRESENTATION_CONTEXT() REPRESENTATION_CONTEXT('2D SPACE',''
  ) );
#2282 = PCURVE('',#2195,#2283);
#2283 = DEFINITIONAL_REPRESENTATION('',(#2284),#2288);
#2284 = LINE('',#2285,#2286);
#2285 = CARTESIAN_POINT('',(-6.28318530718,-0.));
#2286 = VECTOR('',#2287,1.);
#2287 = DIRECTION('',(-0.,-1.));
#2288 = ( GEOMETRIC_REPRESENTATION_CONTEXT(2) 
PARAMETRIC_REPRESENTATION_CONTEXT() REPRESENTATION_CONTEXT('2D SPACE',''
  ) );
#2289 = ORIENTED_EDGE('',*,*,#2290,.F.);
#2290 = EDGE_CURVE('',#2268,#2268,#2291,.T.);
#2291 = SURFACE_CURVE('',#2292,(#2297,#2304),.PCURVE_S1.);
#2292 = CIRCLE('',#2293,1.57062);
#2293 = AXIS2_PLACEMENT_3D('',#2294,#2295,#2296);
#2294 = CARTESIAN_POINT('',(0.,0.,3.15));
#2295 = DIRECTION('',(0.,0.,1.));
#2296 = DIRECTION('',(1.,0.,-0.));
#2297 = PCURVE('',#2195,#2298);
#2298 = DEFINITIONAL_REPRESENTATION('',(#2299),#2303);
#2299 = LINE('',#2300,#2301);
#2300 = CARTESIAN_POINT('',(-0.,-0.35));
#2301 = VECTOR('',#2302,1.);
#2302 = DIRECTION('',(-1.,-0.));
#2303 = ( GEOMETRIC_REPRESENTATION_CONTEXT(2) 
PARAMETRIC_REPRESENTATION_CONTEXT() REPRESENTATION_CONTEXT('2D SPACE',''
  ) );
#2304 = PCURVE('',#2305,#2310);
#2305 = CONICAL_SURFACE('',#2306,1.57062,0.88689834824);
#2306 = AXIS2_PLACEMENT_3D('',#2307,#2308,#2309);
#2307 = CARTESIAN_POINT('',(0.,0.,3.15));
#2308 = DIRECTION('',(0.,0.,1.));
#2309 = DIRECTION('',(1.,0.,-0.));
#2310 = DEFINITIONAL_REPRESENTATION('',(#2311),#2315);
#2311 = LINE('',#2312,#2313);
#2312 = CARTESIAN_POINT('',(0.,0.));
#2313 = VECTOR('',#2314,1.);
#2314 = DIRECTION('',(1.,0.));
#2315 = ( GEOMETRIC_REPRESENTATION_CONTEXT(2) 
PARAMETRIC_REPRESENTATION_CONTEXT() REPRESENTATION_CONTEXT('2D SPACE',''
  ) );
#2316 = ORIENTED_EDGE('',*,*,#2267,.F.);
#2317 = ADVANCED_FACE('',(#2318),#2228,.F.);
#2318 = FACE_BOUND('',#2319,.F.);
#2319 = EDGE_LOOP('',(#2320,#2349,#2370,#2371));
#2320 = ORIENTED_EDGE('',*,*,#2321,.T.);
#2321 = EDGE_CURVE('',#2322,#2322,#2324,.T.);
#2322 = VERTEX_POINT('',#2323);
#2323 = CARTESIAN_POINT('',(1.57062,0.,10.15));
#2324 = SURFACE_CURVE('',#2325,(#2330,#2337),.PCURVE_S1.);
#2325 = CIRCLE('',#2326,1.57062);
#2326 = AXIS2_PLACEMENT_3D('',#2327,#2328,#2329);
#2327 = CARTESIAN_POINT('',(0.,0.,10.15));
#2328 = DIRECTION('',(0.,0.,1.));
#2329 = DIRECTION('',(1.,0.,-0.));
#2330 = PCURVE('',#2228,#2331);
#2331 = DEFINITIONAL_REPRESENTATION('',(#2332),#2336);
#2332 = LINE('',#2333,#2334);
#2333 = CARTESIAN_POINT('',(0.,0.));
#2334 = VECTOR('',#2335,1.);
#2335 = DIRECTION('',(1.,0.));
#2336 = ( GEOMETRIC_REPRESENTATION_CONTEXT(2) 
PARAMETRIC_REPRESENTATION_CONTEXT() REPRESENTATION_CONTEXT('2D SPACE',''
  ) );
#2337 = PCURVE('',#2338,#2343);
#2338 = CONICAL_SURFACE('',#2339,2.,0.88689834824);
#2339 = AXIS2_PLACEMENT_3D('',#2340,#2341,#2342);
#2340 = CARTESIAN_POINT('',(0.,0.,9.8));
#2341 = DIRECTION('',(-0.,-0.,-1.));
#2342 = DIRECTION('',(1.,0.,-0.));
#2343 = DEFINITIONAL_REPRESENTATION('',(#2344),#2348);
#2344 = LINE('',#2345,#2346);
#2345 = CARTESIAN_POINT('',(-0.,-0.35));
#2346 = VECTOR('',#2347,1.);
#2347 = DIRECTION('',(-1.,-0.));
#2348 = ( GEOMETRIC_REPRESENTATION_CONTEXT(2) 
PARAMETRIC_REPRESENTATION_CONTEXT() REPRESENTATION_CONTEXT('2D SPACE',''
  ) );
#2349 = ORIENTED_EDGE('',*,*,#2350,.T.);
#2350 = EDGE_CURVE('',#2322,#2212,#2351,.T.);
#2351 = SEAM_CURVE('',#2352,(#2356,#2363),.PCURVE_S1.);
#2352 = LINE('',#2353,#2354);
#2353 = CARTESIAN_POINT('',(1.57062,0.,10.15));
#2354 = VECTOR('',#2355,1.);
#2355 = DIRECTION('',(0.77511579593,0.,0.631819201117));
#2356 = PCURVE('',#2228,#2357);
#2357 = DEFINITIONAL_REPRESENTATION('',(#2358),#2362);
#2358 = LINE('',#2359,#2360);
#2359 = CARTESIAN_POINT('',(0.,0.));
#2360 = VECTOR('',#2361,1.);
#2361 = DIRECTION('',(0.,1.));
#2362 = ( GEOMETRIC_REPRESENTATION_CONTEXT(2) 
PARAMETRIC_REPRESENTATION_CONTEXT() REPRESENTATION_CONTEXT('2D SPACE',''
  ) );
#2363 = PCURVE('',#2228,#2364);
#2364 = DEFINITIONAL_REPRESENTATION('',(#2365),#2369);
#2365 = LINE('',#2366,#2367);
#2366 = CARTESIAN_POINT('',(6.28318530718,0.));
#2367 = VECTOR('',#2368,1.);
#2368 = DIRECTION('',(0.,1.));
#2369 = ( GEOMETRIC_REPRESENTATION_CONTEXT(2) 
PARAMETRIC_REPRESENTATION_CONTEXT() REPRESENTATION_CONTEXT('2D SPACE',''
  ) );
#2370 = ORIENTED_EDGE('',*,*,#2211,.F.);
#2371 = ORIENTED_EDGE('',*,*,#2350,.F.);
#2372 = ADVANCED_FACE('',(#2373),#2305,.F.);
#2373 = FACE_BOUND('',#2374,.F.);
#2374 = EDGE_LOOP('',(#2375,#2376,#2399,#2426));
#2375 = ORIENTED_EDGE('',*,*,#2290,.T.);
#2376 = ORIENTED_EDGE('',*,*,#2377,.T.);
#2377 = EDGE_CURVE('',#2268,#2378,#2380,.T.);
#2378 = VERTEX_POINT('',#2379);
#2379 = CARTESIAN_POINT('',(2.,0.,3.5));
#2380 = SEAM_CURVE('',#2381,(#2385,#2392),.PCURVE_S1.);
#2381 = LINE('',#2382,#2383);
#2382 = CARTESIAN_POINT('',(1.57062,0.,3.15));
#2383 = VECTOR('',#2384,1.);
#2384 = DIRECTION('',(0.77511579593,0.,0.631819201117));
#2385 = PCURVE('',#2305,#2386);
#2386 = DEFINITIONAL_REPRESENTATION('',(#2387),#2391);
#2387 = LINE('',#2388,#2389);
#2388 = CARTESIAN_POINT('',(0.,0.));
#2389 = VECTOR('',#2390,1.);
#2390 = DIRECTION('',(0.,1.));
#2391 = ( GEOMETRIC_REPRESENTATION_CONTEXT(2) 
PARAMETRIC_REPRESENTATION_CONTEXT() REPRESENTATION_CONTEXT('2D SPACE',''
  ) );
#2392 = PCURVE('',#2305,#2393);
#2393 = DEFINITIONAL_REPRESENTATION('',(#2394),#2398);
#2394 = LINE('',#2395,#2396);
#2395 = CARTESIAN_POINT('',(6.28318530718,0.));
#2396 = VECTOR('',#2397,1.);
#2397 = DIRECTION('',(0.,1.));
#2398 = ( GEOMETRIC_REPRESENTATION_CONTEXT(2) 
PARAMETRIC_REPRESENTATION_CONTEXT() REPRESENTATION_CONTEXT('2D SPACE',''
  ) );
#2399 = ORIENTED_EDGE('',*,*,#2400,.F.);
#2400 = EDGE_CURVE('',#2378,#2378,#2401,.T.);
#2401 = SURFACE_CURVE('',#2402,(#2407,#2414),.PCURVE_S1.);
#2402 = CIRCLE('',#2403,2.);
#2403 = AXIS2_PLACEMENT_3D('',#2404,#2405,#2406);
#2404 = CARTESIAN_POINT('',(0.,0.,3.5));
#2405 = DIRECTION('',(0.,0.,1.));
#2406 = DIRECTION('',(1.,0.,-0.));
#2407 = PCURVE('',#2305,#2408);
#2408 = DEFINITIONAL_REPRESENTATION('',(#2409),#2413);
#2409 = LINE('',#2410,#2411);
#2410 = CARTESIAN_POINT('',(0.,0.35));
#2411 = VECTOR('',#2412,1.);
#2412 = DIRECTION('',(1.,0.));
#2413 = ( GEOMETRIC_REPRESENTATION_CONTEXT(2) 
PARAMETRIC_REPRESENTATION_CONTEXT() REPRESENTATION_CONTEXT('2D SPACE',''
  ) );
#2414 = PCURVE('',#2415,#2420);
#2415 = CONICAL_SURFACE('',#2416,2.,0.88689834824);
#2416 = AXIS2_PLACEMENT_3D('',#2417,#2418,#2419);
#2417 = CARTESIAN_POINT('',(0.,0.,3.5));
#2418 = DIRECTION('',(-0.,-0.,-1.));
#2419 = DIRECTION('',(1.,0.,-0.));
#2420 = DEFINITIONAL_REPRESENTATION('',(#2421),#2425);
#2421 = LINE('',#2422,#2423);
#2422 = CARTESIAN_POINT('',(-0.,-0.));
#2423 = VECTOR('',#2424,1.);
#2424 = DIRECTION('',(-1.,-0.));
#2425 = ( GEOMETRIC_REPRESENTATION_CONTEXT(2) 
PARAMETRIC_REPRESENTATION_CONTEXT() REPRESENTATION_CONTEXT('2D SPACE',''
  ) );
#2426 = ORIENTED_EDGE('',*,*,#2377,.F.);
#2427 = ADVANCED_FACE('',(#2428),#2338,.F.);
#2428 = FACE_BOUND('',#2429,.F.);
#2429 = EDGE_LOOP('',(#2430,#2459,#2480,#2481));
#2430 = ORIENTED_EDGE('',*,*,#2431,.T.);
#2431 = EDGE_CURVE('',#2432,#2432,#2434,.T.);
#2432 = VERTEX_POINT('',#2433);
#2433 = CARTESIAN_POINT('',(2.,0.,9.8));
#2434 = SURFACE_CURVE('',#2435,(#2440,#2447),.PCURVE_S1.);
#2435 = CIRCLE('',#2436,2.);
#2436 = AXIS2_PLACEMENT_3D('',#2437,#2438,#2439);
#2437 = CARTESIAN_POINT('',(0.,0.,9.8));
#2438 = DIRECTION('',(0.,0.,1.));
#2439 = DIRECTION('',(1.,0.,-0.));
#2440 = PCURVE('',#2338,#2441);
#2441 = DEFINITIONAL_REPRESENTATION('',(#2442),#2446);
#2442 = LINE('',#2443,#2444);
#2443 = CARTESIAN_POINT('',(-0.,-0.));
#2444 = VECTOR('',#2445,1.);
#2445 = DIRECTION('',(-1.,-0.));
#2446 = ( GEOMETRIC_REPRESENTATION_CONTEXT(2) 
PARAMETRIC_REPRESENTATION_CONTEXT() REPRESENTATION_CONTEXT('2D SPACE',''
  ) );
#2447 = PCURVE('',#2448,#2453);
#2448 = CONICAL_SURFACE('',#2449,1.57062,0.88689834824);
#2449 = AXIS2_PLACEMENT_3D('',#2450,#2451,#2452);
#2450 = CARTESIAN_POINT('',(0.,0.,9.45));
#2451 = DIRECTION('',(0.,0.,1.));
#2452 = DIRECTION('',(1.,0.,-0.));
#2453 = DEFINITIONAL_REPRESENTATION('',(#2454),#2458);
#2454 = LINE('',#2455,#2456);
#2455 = CARTESIAN_POINT('',(0.,0.35));
#2456 = VECTOR('',#2457,1.);
#2457 = DIRECTION('',(1.,0.));
#2458 = ( GEOMETRIC_REPRESENTATION_CONTEXT(2) 
PARAMETRIC_REPRESENTATION_CONTEXT() REPRESENTATION_CONTEXT('2D SPACE',''
  ) );
#2459 = ORIENTED_EDGE('',*,*,#2460,.T.);
#2460 = EDGE_CURVE('',#2432,#2322,#2461,.T.);
#2461 = SEAM_CURVE('',#2462,(#2466,#2473),.PCURVE_S1.);
#2462 = LINE('',#2463,#2464);
#2463 = CARTESIAN_POINT('',(2.,0.,9.8));
#2464 = VECTOR('',#2465,1.);
#2465 = DIRECTION('',(-0.77511579593,0.,0.631819201117));
#2466 = PCURVE('',#2338,#2467);
#2467 = DEFINITIONAL_REPRESENTATION('',(#2468),#2472);
#2468 = LINE('',#2469,#2470);
#2469 = CARTESIAN_POINT('',(-0.,-0.));
#2470 = VECTOR('',#2471,1.);
#2471 = DIRECTION('',(-0.,-1.));
#2472 = ( GEOMETRIC_REPRESENTATION_CONTEXT(2) 
PARAMETRIC_REPRESENTATION_CONTEXT() REPRESENTATION_CONTEXT('2D SPACE',''
  ) );
#2473 = PCURVE('',#2338,#2474);
#2474 = DEFINITIONAL_REPRESENTATION('',(#2475),#2479);
#2475 = LINE('',#2476,#2477);
#2476 = CARTESIAN_POINT('',(-6.28318530718,-0.));
#2477 = VECTOR('',#2478,1.);
#2478 = DIRECTION('',(-0.,-1.));
#2479 = ( GEOMETRIC_REPRESENTATION_CONTEXT(2) 
PARAMETRIC_REPRESENTATION_CONTEXT() REPRESENTATION_CONTEXT('2D SPACE',''
  ) );
#2480 = ORIENTED_EDGE('',*,*,#2321,.F.);
#2481 = ORIENTED_EDGE('',*,*,#2460,.F.);
#2482 = ADVANCED_FACE('',(#2483),#2415,.F.);
#2483 = FACE_BOUND('',#2484,.F.);
#2484 = EDGE_LOOP('',(#2485,#2486,#2509,#2536));
#2485 = ORIENTED_EDGE('',*,*,#2400,.T.);
#2486 = ORIENTED_EDGE('',*,*,#2487,.T.);
#2487 = EDGE_CURVE('',#2378,#2488,#2490,.T.);
#2488 = VERTEX_POINT('',#2489);
#2489 = CARTESIAN_POINT('',(1.57062,0.,3.85));
#2490 = SEAM_CURVE('',#2491,(#2495,#2502),.PCURVE_S1.);
#2491 = LINE('',#2492,#2493);
#2492 = CARTESIAN_POINT('',(2.,0.,3.5));
#2493 = VECTOR('',#2494,1.);
#2494 = DIRECTION('',(-0.77511579593,0.,0.631819201117));
#2495 = PCURVE('',#2415,#2496);
#2496 = DEFINITIONAL_REPRESENTATION('',(#2497),#2501);
#2497 = LINE('',#2498,#2499);
#2498 = CARTESIAN_POINT('',(-0.,-0.));
#2499 = VECTOR('',#2500,1.);
#2500 = DIRECTION('',(-0.,-1.));
#2501 = ( GEOMETRIC_REPRESENTATION_CONTEXT(2) 
PARAMETRIC_REPRESENTATION_CONTEXT() REPRESENTATION_CONTEXT('2D SPACE',''
  ) );
#2502 = PCURVE('',#2415,#2503);
#2503 = DEFINITIONAL_REPRESENTATION('',(#2504),#2508);
#2504 = LINE('',#2505,#2506);
#2505 = CARTESIAN_POINT('',(-6.28318530718,-0.));
#2506 = VECTOR('',#2507,1.);
#2507 = DIRECTION('',(-0.,-1.));
#2508 = ( GEOMETRIC_REPRESENTATION_CONTEXT(2) 
PARAMETRIC_REPRESENTATION_CONTEXT() REPRESENTATION_CONTEXT('2D SPACE',''
  ) );
#2509 = ORIENTED_EDGE('',*,*,#2510,.F.);
#2510 = EDGE_CURVE('',#2488,#2488,#2511,.T.);
#2511 = SURFACE_CURVE('',#2512,(#2517,#2524),.PCURVE_S1.);
#2512 = CIRCLE('',#2513,1.57062);
#2513 = AXIS2_PLACEMENT_3D('',#2514,#2515,#2516);
#2514 = CARTESIAN_POINT('',(0.,0.,3.85));
#2515 = DIRECTION('',(0.,0.,1.));
#2516 = DIRECTION('',(1.,0.,-0.));
#2517 = PCURVE('',#2415,#2518);
#2518 = DEFINITIONAL_REPRESENTATION('',(#2519),#2523);
#2519 = LINE('',#2520,#2521);
#2520 = CARTESIAN_POINT('',(-0.,-0.35));
#2521 = VECTOR('',#2522,1.);
#2522 = DIRECTION('',(-1.,-0.));
#2523 = ( GEOMETRIC_REPRESENTATION_CONTEXT(2) 
PARAMETRIC_REPRESENTATION_CONTEXT() REPRESENTATION_CONTEXT('2D SPACE',''
  ) );
#2524 = PCURVE('',#2525,#2530);
#2525 = CONICAL_SURFACE('',#2526,1.57062,0.88689834824);
#2526 = AXIS2_PLACEMENT_3D('',#2527,#2528,#2529);
#2527 = CARTESIAN_POINT('',(0.,0.,3.85));
#2528 = DIRECTION('',(0.,0.,1.));
#2529 = DIRECTION('',(1.,0.,-0.));
#2530 = DEFINITIONAL_REPRESENTATION('',(#2531),#2535);
#2531 = LINE('',#2532,#2533);
#2532 = CARTESIAN_POINT('',(0.,0.));
#2533 = VECTOR('',#2534,1.);
#2534 = DIRECTION('',(1.,0.));
#2535 = ( GEOMETRIC_REPRESENTATION_CONTEXT(2) 
PARAMETRIC_REPRESENTATION_CONTEXT() REPRESENTATION_CONTEXT('2D SPACE',''
  ) );
#2536 = ORIENTED_EDGE('',*,*,#2487,.F.);
#2537 = ADVANCED_FACE('',(#2538),#2448,.F.);
#2538 = FACE_BOUND('',#2539,.F.);
#2539 = EDGE_LOOP('',(#2540,#2569,#2590,#2591));
#2540 = ORIENTED_EDGE('',*,*,#2541,.T.);
#2541 = EDGE_CURVE('',#2542,#2542,#2544,.T.);
#2542 = VERTEX_POINT('',#2543);
#2543 = CARTESIAN_POINT('',(1.57062,0.,9.45));
#2544 = SURFACE_CURVE('',#2545,(#2550,#2557),.PCURVE_S1.);
#2545 = CIRCLE('',#2546,1.57062);
#2546 = AXIS2_PLACEMENT_3D('',#2547,#2548,#2549);
#2547 = CARTESIAN_POINT('',(0.,0.,9.45));
#2548 = DIRECTION('',(0.,0.,1.));
#2549 = DIRECTION('',(1.,0.,-0.));
#2550 = PCURVE('',#2448,#2551);
#2551 = DEFINITIONAL_REPRESENTATION('',(#2552),#2556);
#2552 = LINE('',#2553,#2554);
#2553 = CARTESIAN_POINT('',(0.,0.));
#2554 = VECTOR('',#2555,1.);
#2555 = DIRECTION('',(1.,0.));
#2556 = ( GEOMETRIC_REPRESENTATION_CONTEXT(2) 
PARAMETRIC_REPRESENTATION_CONTEXT() REPRESENTATION_CONTEXT('2D SPACE',''
  ) );
#2557 = PCURVE('',#2558,#2563);
#2558 = CONICAL_SURFACE('',#2559,2.,0.88689834824);
#2559 = AXIS2_PLACEMENT_3D('',#2560,#2561,#2562);
#2560 = CARTESIAN_POINT('',(0.,0.,9.1));
#2561 = DIRECTION('',(-0.,-0.,-1.));
#2562 = DIRECTION('',(1.,0.,-0.));
#2563 = DEFINITIONAL_REPRESENTATION('',(#2564),#2568);
#2564 = LINE('',#2565,#2566);
#2565 = CARTESIAN_POINT('',(-0.,-0.35));
#2566 = VECTOR('',#2567,1.);
#2567 = DIRECTION('',(-1.,-0.));
#2568 = ( GEOMETRIC_REPRESENTATION_CONTEXT(2) 
PARAMETRIC_REPRESENTATION_CONTEXT() REPRESENTATION_CONTEXT('2D SPACE',''
  ) );
#2569 = ORIENTED_EDGE('',*,*,#2570,.T.);
#2570 = EDGE_CURVE('',#2542,#2432,#2571,.T.);
#2571 = SEAM_CURVE('',#2572,(#2576,#2583),.PCURVE_S1.);
#2572 = LINE('',#2573,#2574);
#2573 = CARTESIAN_POINT('',(1.57062,0.,9.45));
#2574 = VECTOR('',#2575,1.);
#2575 = DIRECTION('',(0.77511579593,0.,0.631819201117));
#2576 = PCURVE('',#2448,#2577);
#2577 = DEFINITIONAL_REPRESENTATION('',(#2578),#2582);
#2578 = LINE('',#2579,#2580);
#2579 = CARTESIAN_POINT('',(0.,0.));
#2580 = VECTOR('',#2581,1.);
#2581 = DIRECTION('',(0.,1.));
#2582 = ( GEOMETRIC_REPRESENTATION_CONTEXT(2) 
PARAMETRIC_REPRESENTATION_CONTEXT() REPRESENTATION_CONTEXT('2D SPACE',''
  ) );
#2583 = PCURVE('',#2448,#2584);
#2584 = DEFINITIONAL_REPRESENTATION('',(#2585),#2589);
#2585 = LINE('',#2586,#2587);
#2586 = CARTESIAN_POINT('',(6.28318530718,0.));
#2587 = VECTOR('',#2588,1.);
#2588 = DIRECTION('',(0.,1.));
#2589 = ( GEOMETRIC_REPRESENTATION_CONTEXT(2) 
PARAMETRIC_REPRESENTATION_CONTEXT() REPRESENTATION_CONTEXT('2D SPACE',''
  ) );
#2590 = ORIENTED_EDGE('',*,*,#2431,.F.);
#2591 = ORIENTED_EDGE('',*,*,#2570,.F.);
#2592 = ADVANCED_FACE('',(#2593),#2525,.F.);
#2593 = FACE_BOUND('',#2594,.F.);
#2594 = EDGE_LOOP('',(#2595,#2596,#2619,#2646));
#2595 = ORIENTED_EDGE('',*,*,#2510,.T.);
#2596 = ORIENTED_EDGE('',*,*,#2597,.T.);
#2597 = EDGE_CURVE('',#2488,#2598,#2600,.T.);
#2598 = VERTEX_POINT('',#2599);
#2599 = CARTESIAN_POINT('',(2.,0.,4.2));
#2600 = SEAM_CURVE('',#2601,(#2605,#2612),.PCURVE_S1.);
#2601 = LINE('',#2602,#2603);
#2602 = CARTESIAN_POINT('',(1.57062,0.,3.85));
#2603 = VECTOR('',#2604,1.);
#2604 = DIRECTION('',(0.77511579593,0.,0.631819201117));
#2605 = PCURVE('',#2525,#2606);
#2606 = DEFINITIONAL_REPRESENTATION('',(#2607),#2611);
#2607 = LINE('',#2608,#2609);
#2608 = CARTESIAN_POINT('',(0.,0.));
#2609 = VECTOR('',#2610,1.);
#2610 = DIRECTION('',(0.,1.));
#2611 = ( GEOMETRIC_REPRESENTATION_CONTEXT(2) 
PARAMETRIC_REPRESENTATION_CONTEXT() REPRESENTATION_CONTEXT('2D SPACE',''
  ) );
#2612 = PCURVE('',#2525,#2613);
#2613 = DEFINITIONAL_REPRESENTATION('',(#2614),#2618);
#2614 = LINE('',#2615,#2616);
#2615 = CARTESIAN_POINT('',(6.28318530718,0.));
#2616 = VECTOR('',#2617,1.);
#2617 = DIRECTION('',(0.,1.));
#2618 = ( GEOMETRIC_REPRESENTATION_CONTEXT(2) 
PARAMETRIC_REPRESENTATION_CONTEXT() REPRESENTATION_CONTEXT('2D SPACE',''
  ) );
#2619 = ORIENTED_EDGE('',*,*,#2620,.F.);
#2620 = EDGE_CURVE('',#2598,#2598,#2621,.T.);
#2621 = SURFACE_CURVE('',#2622,(#2627,#2634),.PCURVE_S1.);
#2622 = CIRCLE('',#2623,2.);
#2623 = AXIS2_PLACEMENT_3D('',#2624,#2625,#2626);
#2624 = CARTESIAN_POINT('',(0.,0.,4.2));
#2625 = DIRECTION('',(0.,0.,1.));
#2626 = DIRECTION('',(1.,0.,-0.));
#2627 = PCURVE('',#2525,#2628);
#2628 = DEFINITIONAL_REPRESENTATION('',(#2629),#2633);
#2629 = LINE('',#2630,#2631);
#2630 = CARTESIAN_POINT('',(0.,0.35));
#2631 = VECTOR('',#2632,1.);
#2632 = DIRECTION('',(1.,0.));
#2633 = ( GEOMETRIC_REPRESENTATION_CONTEXT(2) 
PARAMETRIC_REPRESENTATION_CONTEXT() REPRESENTATION_CONTEXT('2D SPACE',''
  ) );
#2634 = PCURVE('',#2635,#2640);
#2635 = CONICAL_SURFACE('',#2636,2.,0.88689834824);
#2636 = AXIS2_PLACEMENT_3D('',#2637,#2638,#2639);
#2637 = CARTESIAN_POINT('',(0.,0.,4.2));
#2638 = DIRECTION('',(-0.,-0.,-1.));
#2639 = DIRECTION('',(1.,0.,-0.));
#2640 = DEFINITIONAL_REPRESENTATION('',(#2641),#2645);
#2641 = LINE('',#2642,#2643);
#2642 = CARTESIAN_POINT('',(-0.,-0.));
#2643 = VECTOR('',#2644,1.);
#2644 = DIRECTION('',(-1.,-0.));
#2645 = ( GEOMETRIC_REPRESENTATION_CONTEXT(2) 
PARAMETRIC_REPRESENTATION_CONTEXT() REPRESENTATION_CONTEXT('2D SPACE',''
  ) );
#2646 = ORIENTED_EDGE('',*,*,#2597,.F.);
#2647 = ADVANCED_FACE('',(#2648),#2558,.F.);
#2648 = FACE_BOUND('',#2649,.F.);
#2649 = EDGE_LOOP('',(#2650,#2679,#2700,#2701));
#2650 = ORIENTED_EDGE('',*,*,#2651,.T.);
#2651 = EDGE_CURVE('',#2652,#2652,#2654,.T.);
#2652 = VERTEX_POINT('',#2653);
#2653 = CARTESIAN_POINT('',(2.,0.,9.1));
#2654 = SURFACE_CURVE('',#2655,(#2660,#2667),.PCURVE_S1.);
#2655 = CIRCLE('',#2656,2.);
#2656 = AXIS2_PLACEMENT_3D('',#2657,#2658,#2659);
#2657 = CARTESIAN_POINT('',(0.,0.,9.1));
#2658 = DIRECTION('',(0.,0.,1.));
#2659 = DIRECTION('',(1.,0.,-0.));
#2660 = PCURVE('',#2558,#2661);
#2661 = DEFINITIONAL_REPRESENTATION('',(#2662),#2666);
#2662 = LINE('',#2663,#2664);
#2663 = CARTESIAN_POINT('',(-0.,-0.));
#2664 = VECTOR('',#2665,1.);
#2665 = DIRECTION('',(-1.,-0.));
#2666 = ( GEOMETRIC_REPRESENTATION_CONTEXT(2) 
PARAMETRIC_REPRESENTATION_CONTEXT() REPRESENTATION_CONTEXT('2D SPACE',''
  ) );
#2667 = PCURVE('',#2668,#2673);
#2668 = CONICAL_SURFACE('',#2669,1.57062,0.88689834824);
#2669 = AXIS2_PLACEMENT_3D('',#2670,#2671,#2672);
#2670 = CARTESIAN_POINT('',(0.,0.,8.75));
#2671 = DIRECTION('',(0.,0.,1.));
#2672 = DIRECTION('',(1.,0.,-0.));
#2673 = DEFINITIONAL_REPRESENTATION('',(#2674),#2678);
#2674 = LINE('',#2675,#2676);
#2675 = CARTESIAN_POINT('',(0.,0.35));
#2676 = VECTOR('',#2677,1.);
#2677 = DIRECTION('',(1.,0.));
#2678 = ( GEOMETRIC_REPRESENTATION_CONTEXT(2) 
PARAMETRIC_REPRESENTATION_CONTEXT() REPRESENTATION_CONTEXT('2D SPACE',''
  ) );
#2679 = ORIENTED_EDGE('',*,*,#2680,.T.);
#2680 = EDGE_CURVE('',#2652,#2542,#2681,.T.);
#2681 = SEAM_CURVE('',#2682,(#2686,#2693),.PCURVE_S1.);
#2682 = LINE('',#2683,#2684);
#2683 = CARTESIAN_POINT('',(2.,0.,9.1));
#2684 = VECTOR('',#2685,1.);
#2685 = DIRECTION('',(-0.77511579593,0.,0.631819201117));
#2686 = PCURVE('',#2558,#2687);
#2687 = DEFINITIONAL_REPRESENTATION('',(#2688),#2692);
#2688 = LINE('',#2689,#2690);
#2689 = CARTESIAN_POINT('',(-0.,-0.));
#2690 = VECTOR('',#2691,1.);
#2691 = DIRECTION('',(-0.,-1.));
#2692 = ( GEOMETRIC_REPRESENTATION_CONTEXT(2) 
PARAMETRIC_REPRESENTATION_CONTEXT() REPRESENTATION_CONTEXT('2D SPACE',''
  ) );
#2693 = PCURVE('',#2558,#2694);
#2694 = DEFINITIONAL_REPRESENTATION('',(#2695),#2699);
#2695 = LINE('',#2696,#2697);
#2696 = CARTESIAN_POINT('',(-6.28318530718,-0.));
#2697 = VECTOR('',#2698,1.);
#2698 = DIRECTION('',(-0.,-1.));
#2699 = ( GEOMETRIC_REPRESENTATION_CONTEXT(2) 
PARAMETRIC_REPRESENTATION_CONTEXT() REPRESENTATION_CONTEXT('2D SPACE',''
  ) );
#2700 = ORIENTED_EDGE('',*,*,#2541,.F.);
#2701 = ORIENTED_EDGE('',*,*,#2680,.F.);
#2702 = ADVANCED_FACE('',(#2703),#2635,.F.);
#2703 = FACE_BOUND('',#2704,.F.);
#2704 = EDGE_LOOP('',(#2705,#2706,#2729,#2756));
#2705 = ORIENTED_EDGE('',*,*,#2620,.T.);
#2706 = ORIENTED_EDGE('',*,*,#2707,.T.);
#2707 = EDGE_CURVE('',#2598,#2708,#2710,.T.);
#2708 = VERTEX_POINT('',#2709);
#2709 = CARTESIAN_POINT('',(1.57062,0.,4.55));
#2710 = SEAM_CURVE('',#2711,(#2715,#2722),.PCURVE_S1.);
#2711 = LINE('',#2712,#2713);
#2712 = CARTESIAN_POINT('',(2.,0.,4.2));
#2713 = VECTOR('',#2714,1.);
#2714 = DIRECTION('',(-0.77511579593,0.,0.631819201117));
#2715 = PCURVE('',#2635,#2716);
#2716 = DEFINITIONAL_REPRESENTATION('',(#2717),#2721);
#2717 = LINE('',#2718,#2719);
#2718 = CARTESIAN_POINT('',(-0.,-0.));
#2719 = VECTOR('',#2720,1.);
#2720 = DIRECTION('',(-0.,-1.));
#2721 = ( GEOMETRIC_REPRESENTATION_CONTEXT(2) 
PARAMETRIC_REPRESENTATION_CONTEXT() REPRESENTATION_CONTEXT('2D SPACE',''
  ) );
#2722 = PCURVE('',#2635,#2723);
#2723 = DEFINITIONAL_REPRESENTATION('',(#2724),#2728);
#2724 = LINE('',#2725,#2726);
#2725 = CARTESIAN_POINT('',(-6.28318530718,-0.));
#2726 = VECTOR('',#2727,1.);
#2727 = DIRECTION('',(-0.,-1.));
#2728 = ( GEOMETRIC_REPRESENTATION_CONTEXT(2) 
PARAMETRIC_REPRESENTATION_CONTEXT() REPRESENTATION_CONTEXT('2D SPACE',''
  ) );
#2729 = ORIENTED_EDGE('',*,*,#2730,.F.);
#2730 = EDGE_CURVE('',#2708,#2708,#2731,.T.);
#2731 = SURFACE_CURVE('',#2732,(#2737,#2744),.PCURVE_S1.);
#2732 = CIRCLE('',#2733,1.57062);
#2733 = AXIS2_PLACEMENT_3D('',#2734,#2735,#2736);
#2734 = CARTESIAN_POINT('',(0.,0.,4.55));
#2735 = DIRECTION('',(0.,0.,1.));
#2736 = DIRECTION('',(1.,0.,-0.));
#2737 = PCURVE('',#2635,#2738);
#2738 = DEFINITIONAL_REPRESENTATION('',(#2739),#2743);
#2739 = LINE('',#2740,#2741);
#2740 = CARTESIAN_POINT('',(-0.,-0.35));
#2741 = VECTOR('',#2742,1.);
#2742 = DIRECTION('',(-1.,-0.));
#2743 = ( GEOMETRIC_REPRESENTATION_CONTEXT(2) 
PARAMETRIC_REPRESENTATION_CONTEXT() REPRESENTATION_CONTEXT('2D SPACE',''
  ) );
#2744 = PCURVE('',#2745,#2750);
#2745 = CONICAL_SURFACE('',#2746,1.57062,0.88689834824);
#2746 = AXIS2_PLACEMENT_3D('',#2747,#2748,#2749);
#2747 = CARTESIAN_POINT('',(0.,0.,4.55));
#2748 = DIRECTION('',(0.,0.,1.));
#2749 = DIRECTION('',(1.,0.,-0.));
#2750 = DEFINITIONAL_REPRESENTATION('',(#2751),#2755);
#2751 = LINE('',#2752,#2753);
#2752 = CARTESIAN_POINT('',(0.,0.));
#2753 = VECTOR('',#2754,1.);
#2754 = DIRECTION('',(1.,0.));
#2755 = ( GEOMETRIC_REPRESENTATION_CONTEXT(2) 
PARAMETRIC_REPRESENTATION_CONTEXT() REPRESENTATION_CONTEXT('2D SPACE',''
  ) );
#2756 = ORIENTED_EDGE('',*,*,#2707,.F.);
#2757 = ADVANCED_FACE('',(#2758),#2668,.F.);
#2758 = FACE_BOUND('',#2759,.F.);
#2759 = EDGE_LOOP('',(#2760,#2789,#2810,#2811));
#2760 = ORIENTED_EDGE('',*,*,#2761,.T.);
#2761 = EDGE_CURVE('',#2762,#2762,#2764,.T.);
#2762 = VERTEX_POINT('',#2763);
#2763 = CARTESIAN_POINT('',(1.57062,0.,8.75));
#2764 = SURFACE_CURVE('',#2765,(#2770,#2777),.PCURVE_S1.);
#2765 = CIRCLE('',#2766,1.57062);
#2766 = AXIS2_PLACEMENT_3D('',#2767,#2768,#2769);
#2767 = CARTESIAN_POINT('',(0.,0.,8.75));
#2768 = DIRECTION('',(0.,0.,1.));
#2769 = DIRECTION('',(1.,0.,-0.));
#2770 = PCURVE('',#2668,#2771);
#2771 = DEFINITIONAL_REPRESENTATION('',(#2772),#2776);
#2772 = LINE('',#2773,#2774);
#2773 = CARTESIAN_POINT('',(0.,0.));
#2774 = VECTOR('',#2775,1.);
#2775 = DIRECTION('',(1.,0.));
#2776 = ( GEOMETRIC_REPRESENTATION_CONTEXT(2) 
PARAMETRIC_REPRESENTATION_CONTEXT() REPRESENTATION_CONTEXT('2D SPACE',''
  ) );
#2777 = PCURVE('',#2778,#2783);
#2778 = CONICAL_SURFACE('',#2779,2.,0.88689834824);
#2779 = AXIS2_PLACEMENT_3D('',#2780,#2781,#2782);
#2780 = CARTESIAN_POINT('',(0.,0.,8.4));
#2781 = DIRECTION('',(-0.,-0.,-1.));
#2782 = DIRECTION('',(1.,0.,-0.));
#2783 = DEFINITIONAL_REPRESENTATION('',(#2784),#2788);
#2784 = LINE('',#2785,#2786);
#2785 = CARTESIAN_POINT('',(-0.,-0.35));
#2786 = VECTOR('',#2787,1.);
#2787 = DIRECTION('',(-1.,-0.));
#2788 = ( GEOMETRIC_REPRESENTATION_CONTEXT(2) 
PARAMETRIC_REPRESENTATION_CONTEXT() REPRESENTATION_CONTEXT('2D SPACE',''
  ) );
#2789 = ORIENTED_EDGE('',*,*,#2790,.T.);
#2790 = EDGE_CURVE('',#2762,#2652,#2791,.T.);
#2791 = SEAM_CURVE('',#2792,(#2796,#2803),.PCURVE_S1.);
#2792 = LINE('',#2793,#2794);
#2793 = CARTESIAN_POINT('',(1.57062,0.,8.75));
#2794 = VECTOR('',#2795,1.);
#2795 = DIRECTION('',(0.77511579593,0.,0.631819201117));
#2796 = PCURVE('',#2668,#2797);
#2797 = DEFINITIONAL_REPRESENTATION('',(#2798),#2802);
#2798 = LINE('',#2799,#2800);
#2799 = CARTESIAN_POINT('',(0.,0.));
#2800 = VECTOR('',#2801,1.);
#2801 = DIRECTION('',(0.,1.));
#2802 = ( GEOMETRIC_REPRESENTATION_CONTEXT(2) 
PARAMETRIC_REPRESENTATION_CONTEXT() REPRESENTATION_CONTEXT('2D SPACE',''
  ) );
#2803 = PCURVE('',#2668,#2804);
#2804 = DEFINITIONAL_REPRESENTATION('',(#2805),#2809);
#2805 = LINE('',#2806,#2807);
#2806 = CARTESIAN_POINT('',(6.28318530718,0.));
#2807 = VECTOR('',#2808,1.);
#2808 = DIRECTION('',(0.,1.));
#2809 = ( GEOMETRIC_REPRESENTATION_CONTEXT(2) 
PARAMETRIC_REPRESENTATION_CONTEXT() REPRESENTATION_CONTEXT('2D SPACE',''
  ) );
#2810 = ORIENTED_EDGE('',*,*,#2651,.F.);
#2811 = ORIENTED_EDGE('',*,*,#2790,.F.);
#2812 = ADVANCED_FACE('',(#2813),#2745,.F.);
#2813 = FACE_BOUND('',#2814,.F.);
#2814 = EDGE_LOOP('',(#2815,#2816,#2839,#2866));
#2815 = ORIENTED_EDGE('',*,*,#2730,.T.);
#2816 = ORIENTED_EDGE('',*,*,#2817,.T.);
#2817 = EDGE_CURVE('',#2708,#2818,#2820,.T.);
#2818 = VERTEX_POINT('',#2819);
#2819 = CARTESIAN_POINT('',(2.,0.,4.9));
#2820 = SEAM_CURVE('',#2821,(#2825,#2832),.PCURVE_S1.);
#2821 = LINE('',#2822,#2823);
#2822 = CARTESIAN_POINT('',(1.57062,0.,4.55));
#2823 = VECTOR('',#2824,1.);
#2824 = DIRECTION('',(0.77511579593,0.,0.631819201117));
#2825 = PCURVE('',#2745,#2826);
#2826 = DEFINITIONAL_REPRESENTATION('',(#2827),#2831);
#2827 = LINE('',#2828,#2829);
#2828 = CARTESIAN_POINT('',(0.,0.));
#2829 = VECTOR('',#2830,1.);
#2830 = DIRECTION('',(0.,1.));
#2831 = ( GEOMETRIC_REPRESENTATION_CONTEXT(2) 
PARAMETRIC_REPRESENTATION_CONTEXT() REPRESENTATION_CONTEXT('2D SPACE',''
  ) );
#2832 = PCURVE('',#2745,#2833);
#2833 = DEFINITIONAL_REPRESENTATION('',(#2834),#2838);
#2834 = LINE('',#2835,#2836);
#2835 = CARTESIAN_POINT('',(6.28318530718,0.));
#2836 = VECTOR('',#2837,1.);
#2837 = DIRECTION('',(0.,1.));
#2838 = ( GEOMETRIC_REPRESENTATION_CONTEXT(2) 
PARAMETRIC_REPRESENTATION_CONTEXT() REPRESENTATION_CONTEXT('2D SPACE',''
  ) );
#2839 = ORIENTED_EDGE('',*,*,#2840,.F.);
#2840 = EDGE_CURVE('',#2818,#2818,#2841,.T.);
#2841 = SURFACE_CURVE('',#2842,(#2847,#2854),.PCURVE_S1.);
#2842 = CIRCLE('',#2843,2.);
#2843 = AXIS2_PLACEMENT_3D('',#2844,#2845,#2846);
#2844 = CARTESIAN_POINT('',(0.,0.,4.9));
#2845 = DIRECTION('',(0.,0.,1.));
#2846 = DIRECTION('',(1.,0.,-0.));
#2847 = PCURVE('',#2745,#2848);
#2848 = DEFINITIONAL_REPRESENTATION('',(#2849),#2853);
#2849 = LINE('',#2850,#2851);
#2850 = CARTESIAN_POINT('',(0.,0.35));
#2851 = VECTOR('',#2852,1.);
#2852 = DIRECTION('',(1.,0.));
#2853 = ( GEOMETRIC_REPRESENTATION_CONTEXT(2) 
PARAMETRIC_REPRESENTATION_CONTEXT() REPRESENTATION_CONTEXT('2D SPACE',''
  ) );
#2854 = PCURVE('',#2855,#2860);
#2855 = CONICAL_SURFACE('',#2856,2.,0.88689834824);
#2856 = AXIS2_PLACEMENT_3D('',#2857,#2858,#2859);
#2857 = CARTESIAN_POINT('',(0.,0.,4.9));
#2858 = DIRECTION('',(-0.,-0.,-1.));
#2859 = DIRECTION('',(1.,0.,-0.));
#2860 = DEFINITIONAL_REPRESENTATION('',(#2861),#2865);
#2861 = LINE('',#2862,#2863);
#2862 = CARTESIAN_POINT('',(-0.,-0.));
#2863 = VECTOR('',#2864,1.);
#2864 = DIRECTION('',(-1.,-0.));
#2865 = ( GEOMETRIC_REPRESENTATION_CONTEXT(2) 
PARAMETRIC_REPRESENTATION_CONTEXT() REPRESENTATION_CONTEXT('2D SPACE',''
  ) );
#2866 = ORIENTED_EDGE('',*,*,#2817,.F.);
#2867 = ADVANCED_FACE('',(#2868),#2778,.F.);
#2868 = FACE_BOUND('',#2869,.F.);
#2869 = EDGE_LOOP('',(#2870,#2899,#2920,#2921));
#2870 = ORIENTED_EDGE('',*,*,#2871,.T.);
#2871 = EDGE_CURVE('',#2872,#2872,#2874,.T.);
#2872 = VERTEX_POINT('',#2873);
#2873 = CARTESIAN_POINT('',(2.,0.,8.4));
#2874 = SURFACE_CURVE('',#2875,(#2880,#2887),.PCURVE_S1.);
#2875 = CIRCLE('',#2876,2.);
#2876 = AXIS2_PLACEMENT_3D('',#2877,#2878,#2879);
#2877 = CARTESIAN_POINT('',(0.,0.,8.4));
#2878 = DIRECTION('',(0.,0.,1.));
#2879 = DIRECTION('',(1.,0.,-0.));
#2880 = PCURVE('',#2778,#2881);
#2881 = DEFINITIONAL_REPRESENTATION('',(#2882),#2886);
#2882 = LINE('',#2883,#2884);
#2883 = CARTESIAN_POINT('',(-0.,-0.));
#2884 = VECTOR('',#2885,1.);
#2885 = DIRECTION('',(-1.,-0.));
#2886 = ( GEOMETRIC_REPRESENTATION_CONTEXT(2) 
PARAMETRIC_REPRESENTATION_CONTEXT() REPRESENTATION_CONTEXT('2D SPACE',''
  ) );
#2887 = PCURVE('',#2888,#2893);
#2888 = CONICAL_SURFACE('',#2889,1.57062,0.88689834824);
#2889 = AXIS2_PLACEMENT_3D('',#2890,#2891,#2892);
#2890 = CARTESIAN_POINT('',(0.,0.,8.05));
#2891 = DIRECTION('',(0.,0.,1.));
#2892 = DIRECTION('',(1.,0.,-0.));
#2893 = DEFINITIONAL_REPRESENTATION('',(#2894),#2898);
#2894 = LINE('',#2895,#2896);
#2895 = CARTESIAN_POINT('',(0.,0.35));
#2896 = VECTOR('',#2897,1.);
#2897 = DIRECTION('',(1.,0.));
#2898 = ( GEOMETRIC_REPRESENTATION_CONTEXT(2) 
PARAMETRIC_REPRESENTATION_CONTEXT() REPRESENTATION_CONTEXT('2D SPACE',''
  ) );
#2899 = ORIENTED_EDGE('',*,*,#2900,.T.);
#2900 = EDGE_CURVE('',#2872,#2762,#2901,.T.);
#2901 = SEAM_CURVE('',#2902,(#2906,#2913),.PCURVE_S1.);
#2902 = LINE('',#2903,#2904);
#2903 = CARTESIAN_POINT('',(2.,0.,8.4));
#2904 = VECTOR('',#2905,1.);
#2905 = DIRECTION('',(-0.77511579593,0.,0.631819201117));
#2906 = PCURVE('',#2778,#2907);
#2907 = DEFINITIONAL_REPRESENTATION('',(#2908),#2912);
#2908 = LINE('',#2909,#2910);
#2909 = CARTESIAN_POINT('',(-0.,-0.));
#2910 = VECTOR('',#2911,1.);
#2911 = DIRECTION('',(-0.,-1.));
#2912 = ( GEOMETRIC_REPRESENTATION_CONTEXT(2) 
PARAMETRIC_REPRESENTATION_CONTEXT() REPRESENTATION_CONTEXT('2D SPACE',''
  ) );
#2913 = PCURVE('',#2778,#2914);
#2914 = DEFINITIONAL_REPRESENTATION('',(#2915),#2919);
#2915 = LINE('',#2916,#2917);
#2916 = CARTESIAN_POINT('',(-6.28318530718,-0.));
#2917 = VECTOR('',#2918,1.);
#2918 = DIRECTION('',(-0.,-1.));
#2919 = ( GEOMETRIC_REPRESENTATION_CONTEXT(2) 
PARAMETRIC_REPRESENTATION_CONTEXT() REPRESENTATION_CONTEXT('2D SPACE',''
  ) );
#2920 = ORIENTED_EDGE('',*,*,#2761,.F.);
#2921 = ORIENTED_EDGE('',*,*,#2900,.F.);
#2922 = ADVANCED_FACE('',(#2923),#2855,.F.);
#2923 = FACE_BOUND('',#2924,.F.);
#2924 = EDGE_LOOP('',(#2925,#2926,#2949,#2976));
#2925 = ORIENTED_EDGE('',*,*,#2840,.T.);
#2926 = ORIENTED_EDGE('',*,*,#2927,.T.);
#2927 = EDGE_CURVE('',#2818,#2928,#2930,.T.);
#2928 = VERTEX_POINT('',#2929);
#2929 = CARTESIAN_POINT('',(1.57062,0.,5.25));
#2930 = SEAM_CURVE('',#2931,(#2935,#2942),.PCURVE_S1.);
#2931 = LINE('',#2932,#2933);
#2932 = CARTESIAN_POINT('',(2.,0.,4.9));
#2933 = VECTOR('',#2934,1.);
#2934 = DIRECTION('',(-0.77511579593,0.,0.631819201117));
#2935 = PCURVE('',#2855,#2936);
#2936 = DEFINITIONAL_REPRESENTATION('',(#2937),#2941);
#2937 = LINE('',#2938,#2939);
#2938 = CARTESIAN_POINT('',(-0.,-0.));
#2939 = VECTOR('',#2940,1.);
#2940 = DIRECTION('',(-0.,-1.));
#2941 = ( GEOMETRIC_REPRESENTATION_CONTEXT(2) 
PARAMETRIC_REPRESENTATION_CONTEXT() REPRESENTATION_CONTEXT('2D SPACE',''
  ) );
#2942 = PCURVE('',#2855,#2943);
#2943 = DEFINITIONAL_REPRESENTATION('',(#2944),#2948);
#2944 = LINE('',#2945,#2946);
#2945 = CARTESIAN_POINT('',(-6.28318530718,-0.));
#2946 = VECTOR('',#2947,1.);
#2947 = DIRECTION('',(-0.,-1.));
#2948 = ( GEOMETRIC_REPRESENTATION_CONTEXT(2) 
PARAMETRIC_REPRESENTATION_CONTEXT() REPRESENTATION_CONTEXT('2D SPACE',''
  ) );
#2949 = ORIENTED_EDGE('',*,*,#2950,.F.);
#2950 = EDGE_CURVE('',#2928,#2928,#2951,.T.);
#2951 = SURFACE_CURVE('',#2952,(#2957,#2964),.PCURVE_S1.);
#2952 = CIRCLE('',#2953,1.57062);
#2953 = AXIS2_PLACEMENT_3D('',#2954,#2955,#2956);
#2954 = CARTESIAN_POINT('',(0.,0.,5.25));
#2955 = DIRECTION('',(0.,0.,1.));
#2956 = DIRECTION('',(1.,0.,-0.));
#2957 = PCURVE('',#2855,#2958);
#2958 = DEFINITIONAL_REPRESENTATION('',(#2959),#2963);
#2959 = LINE('',#2960,#2961);
#2960 = CARTESIAN_POINT('',(-0.,-0.35));
#2961 = VECTOR('',#2962,1.);
#2962 = DIRECTION('',(-1.,-0.));
#2963 = ( GEOMETRIC_REPRESENTATION_CONTEXT(2) 
PARAMETRIC_REPRESENTATION_CONTEXT() REPRESENTATION_CONTEXT('2D SPACE',''
  ) );
#2964 = PCURVE('',#2965,#2970);
#2965 = CONICAL_SURFACE('',#2966,1.57062,0.88689834824);
#2966 = AXIS2_PLACEMENT_3D('',#2967,#2968,#2969);
#2967 = CARTESIAN_POINT('',(0.,0.,5.25));
#2968 = DIRECTION('',(0.,0.,1.));
#2969 = DIRECTION('',(1.,0.,-0.));
#2970 = DEFINITIONAL_REPRESENTATION('',(#2971),#2975);
#2971 = LINE('',#2972,#2973);
#2972 = CARTESIAN_POINT('',(0.,0.));
#2973 = VECTOR('',#2974,1.);
#2974 = DIRECTION('',(1.,0.));
#2975 = ( GEOMETRIC_REPRESENTATION_CONTEXT(2) 
PARAMETRIC_REPRESENTATION_CONTEXT() REPRESENTATION_CONTEXT('2D SPACE',''
  ) );
#2976 = ORIENTED_EDGE('',*,*,#2927,.F.);
#2977 = ADVANCED_FACE('',(#2978),#2888,.F.);
#2978 = FACE_BOUND('',#2979,.F.);
#2979 = EDGE_LOOP('',(#2980,#3009,#3030,#3031));
#2980 = ORIENTED_EDGE('',*,*,#2981,.T.);
#2981 = EDGE_CURVE('',#2982,#2982,#2984,.T.);
#2982 = VERTEX_POINT('',#2983);
#2983 = CARTESIAN_POINT('',(1.57062,0.,8.05));
#2984 = SURFACE_CURVE('',#2985,(#2990,#2997),.PCURVE_S1.);
#2985 = CIRCLE('',#2986,1.57062);
#2986 = AXIS2_PLACEMENT_3D('',#2987,#2988,#2989);
#2987 = CARTESIAN_POINT('',(0.,0.,8.05));
#2988 = DIRECTION('',(0.,0.,1.));
#2989 = DIRECTION('',(1.,0.,-0.));
#2990 = PCURVE('',#2888,#2991);
#2991 = DEFINITIONAL_REPRESENTATION('',(#2992),#2996);
#2992 = LINE('',#2993,#2994);
#2993 = CARTESIAN_POINT('',(0.,0.));
#2994 = VECTOR('',#2995,1.);
#2995 = DIRECTION('',(1.,0.));
#2996 = ( GEOMETRIC_REPRESENTATION_CONTEXT(2) 
PARAMETRIC_REPRESENTATION_CONTEXT() REPRESENTATION_CONTEXT('2D SPACE',''
  ) );
#2997 = PCURVE('',#2998,#3003);
#2998 = CONICAL_SURFACE('',#2999,2.,0.88689834824);
#2999 = AXIS2_PLACEMENT_3D('',#3000,#3001,#3002);
#3000 = CARTESIAN_POINT('',(0.,0.,7.7));
#3001 = DIRECTION('',(-0.,-0.,-1.));
#3002 = DIRECTION('',(1.,0.,-0.));
#3003 = DEFINITIONAL_REPRESENTATION('',(#3004),#3008);
#3004 = LINE('',#3005,#3006);
#3005 = CARTESIAN_POINT('',(-0.,-0.35));
#3006 = VECTOR('',#3007,1.);
#3007 = DIRECTION('',(-1.,-0.));
#3008 = ( GEOMETRIC_REPRESENTATION_CONTEXT(2) 
PARAMETRIC_REPRESENTATION_CONTEXT() REPRESENTATION_CONTEXT('2D SPACE',''
  ) );
#3009 = ORIENTED_EDGE('',*,*,#3010,.T.);
#3010 = EDGE_CURVE('',#2982,#2872,#3011,.T.);
#3011 = SEAM_CURVE('',#3012,(#3016,#3023),.PCURVE_S1.);
#3012 = LINE('',#3013,#3014);
#3013 = CARTESIAN_POINT('',(1.57062,0.,8.05));
#3014 = VECTOR('',#3015,1.);
#3015 = DIRECTION('',(0.77511579593,0.,0.631819201117));
#3016 = PCURVE('',#2888,#3017);
#3017 = DEFINITIONAL_REPRESENTATION('',(#3018),#3022);
#3018 = LINE('',#3019,#3020);
#3019 = CARTESIAN_POINT('',(0.,0.));
#3020 = VECTOR('',#3021,1.);
#3021 = DIRECTION('',(0.,1.));
#3022 = ( GEOMETRIC_REPRESENTATION_CONTEXT(2) 
PARAMETRIC_REPRESENTATION_CONTEXT() REPRESENTATION_CONTEXT('2D SPACE',''
  ) );
#3023 = PCURVE('',#2888,#3024);
#3024 = DEFINITIONAL_REPRESENTATION('',(#3025),#3029);
#3025 = LINE('',#3026,#3027);
#3026 = CARTESIAN_POINT('',(6.28318530718,0.));
#3027 = VECTOR('',#3028,1.);
#3028 = DIRECTION('',(0.,1.));
#3029 = ( GEOMETRIC_REPRESENTATION_CONTEXT(2) 
PARAMETRIC_REPRESENTATION_CONTEXT() REPRESENTATION_CONTEXT('2D SPACE',''
  ) );
#3030 = ORIENTED_EDGE('',*,*,#2871,.F.);
#3031 = ORIENTED_EDGE('',*,*,#3010,.F.);
#3032 = ADVANCED_FACE('',(#3033),#2965,.F.);
#3033 = FACE_BOUND('',#3034,.F.);
#3034 = EDGE_LOOP('',(#3035,#3036,#3059,#3086));
#3035 = ORIENTED_EDGE('',*,*,#2950,.T.);
#3036 = ORIENTED_EDGE('',*,*,#3037,.T.);
#3037 = EDGE_CURVE('',#2928,#3038,#3040,.T.);
#3038 = VERTEX_POINT('',#3039);
#3039 = CARTESIAN_POINT('',(2.,0.,5.6));
#3040 = SEAM_CURVE('',#3041,(#3045,#3052),.PCURVE_S1.);
#3041 = LINE('',#3042,#3043);
#3042 = CARTESIAN_POINT('',(1.57062,0.,5.25));
#3043 = VECTOR('',#3044,1.);
#3044 = DIRECTION('',(0.77511579593,0.,0.631819201117));
#3045 = PCURVE('',#2965,#3046);
#3046 = DEFINITIONAL_REPRESENTATION('',(#3047),#3051);
#3047 = LINE('',#3048,#3049);
#3048 = CARTESIAN_POINT('',(0.,0.));
#3049 = VECTOR('',#3050,1.);
#3050 = DIRECTION('',(0.,1.));
#3051 = ( GEOMETRIC_REPRESENTATION_CONTEXT(2) 
PARAMETRIC_REPRESENTATION_CONTEXT() REPRESENTATION_CONTEXT('2D SPACE',''
  ) );
#3052 = PCURVE('',#2965,#3053);
#3053 = DEFINITIONAL_REPRESENTATION('',(#3054),#3058);
#3054 = LINE('',#3055,#3056);
#3055 = CARTESIAN_POINT('',(6.28318530718,0.));
#3056 = VECTOR('',#3057,1.);
#3057 = DIRECTION('',(0.,1.));
#3058 = ( GEOMETRIC_REPRESENTATION_CONTEXT(2) 
PARAMETRIC_REPRESENTATION_CONTEXT() REPRESENTATION_CONTEXT('2D SPACE',''
  ) );
#3059 = ORIENTED_EDGE('',*,*,#3060,.F.);
#3060 = EDGE_CURVE('',#3038,#3038,#3061,.T.);
#3061 = SURFACE_CURVE('',#3062,(#3067,#3074),.PCURVE_S1.);
#3062 = CIRCLE('',#3063,2.);
#3063 = AXIS2_PLACEMENT_3D('',#3064,#3065,#3066);
#3064 = CARTESIAN_POINT('',(0.,0.,5.6));
#3065 = DIRECTION('',(0.,0.,1.));
#3066 = DIRECTION('',(1.,0.,-0.));
#3067 = PCURVE('',#2965,#3068);
#3068 = DEFINITIONAL_REPRESENTATION('',(#3069),#3073);
#3069 = LINE('',#3070,#3071);
#3070 = CARTESIAN_POINT('',(0.,0.35));
#3071 = VECTOR('',#3072,1.);
#3072 = DIRECTION('',(1.,0.));
#3073 = ( GEOMETRIC_REPRESENTATION_CONTEXT(2) 
PARAMETRIC_REPRESENTATION_CONTEXT() REPRESENTATION_CONTEXT('2D SPACE',''
  ) );
#3074 = PCURVE('',#3075,#3080);
#3075 = CONICAL_SURFACE('',#3076,2.,0.88689834824);
#3076 = AXIS2_PLACEMENT_3D('',#3077,#3078,#3079);
#3077 = CARTESIAN_POINT('',(0.,0.,5.6));
#3078 = DIRECTION('',(-0.,-0.,-1.));
#3079 = DIRECTION('',(1.,0.,-0.));
#3080 = DEFINITIONAL_REPRESENTATION('',(#3081),#3085);
#3081 = LINE('',#3082,#3083);
#3082 = CARTESIAN_POINT('',(-0.,-0.));
#3083 = VECTOR('',#3084,1.);
#3084 = DIRECTION('',(-1.,-0.));
#3085 = ( GEOMETRIC_REPRESENTATION_CONTEXT(2) 
PARAMETRIC_REPRESENTATION_CONTEXT() REPRESENTATION_CONTEXT('2D SPACE',''
  ) );
#3086 = ORIENTED_EDGE('',*,*,#3037,.F.);
#3087 = ADVANCED_FACE('',(#3088),#2998,.F.);
#3088 = FACE_BOUND('',#3089,.F.);
#3089 = EDGE_LOOP('',(#3090,#3119,#3140,#3141));
#3090 = ORIENTED_EDGE('',*,*,#3091,.T.);
#3091 = EDGE_CURVE('',#3092,#3092,#3094,.T.);
#3092 = VERTEX_POINT('',#3093);
#3093 = CARTESIAN_POINT('',(2.,0.,7.7));
#3094 = SURFACE_CURVE('',#3095,(#3100,#3107),.PCURVE_S1.);
#3095 = CIRCLE('',#3096,2.);
#3096 = AXIS2_PLACEMENT_3D('',#3097,#3098,#3099);
#3097 = CARTESIAN_POINT('',(0.,0.,7.7));
#3098 = DIRECTION('',(0.,0.,1.));
#3099 = DIRECTION('',(1.,0.,-0.));
#3100 = PCURVE('',#2998,#3101);
#3101 = DEFINITIONAL_REPRESENTATION('',(#3102),#3106);
#3102 = LINE('',#3103,#3104);
#3103 = CARTESIAN_POINT('',(-0.,-0.));
#3104 = VECTOR('',#3105,1.);
#3105 = DIRECTION('',(-1.,-0.));
#3106 = ( GEOMETRIC_REPRESENTATION_CONTEXT(2) 
PARAMETRIC_REPRESENTATION_CONTEXT() REPRESENTATION_CONTEXT('2D SPACE',''
  ) );
#3107 = PCURVE('',#3108,#3113);
#3108 = CONICAL_SURFACE('',#3109,1.57062,0.88689834824);
#3109 = AXIS2_PLACEMENT_3D('',#3110,#3111,#3112);
#3110 = CARTESIAN_POINT('',(0.,0.,7.35));
#3111 = DIRECTION('',(0.,0.,1.));
#3112 = DIRECTION('',(1.,0.,-0.));
#3113 = DEFINITIONAL_REPRESENTATION('',(#3114),#3118);
#3114 = LINE('',#3115,#3116);
#3115 = CARTESIAN_POINT('',(0.,0.35));
#3116 = VECTOR('',#3117,1.);
#3117 = DIRECTION('',(1.,0.));
#3118 = ( GEOMETRIC_REPRESENTATION_CONTEXT(2) 
PARAMETRIC_REPRESENTATION_CONTEXT() REPRESENTATION_CONTEXT('2D SPACE',''
  ) );
#3119 = ORIENTED_EDGE('',*,*,#3120,.T.);
#3120 = EDGE_CURVE('',#3092,#2982,#3121,.T.);
#3121 = SEAM_CURVE('',#3122,(#3126,#3133),.PCURVE_S1.);
#3122 = LINE('',#3123,#3124);
#3123 = CARTESIAN_POINT('',(2.,0.,7.7));
#3124 = VECTOR('',#3125,1.);
#3125 = DIRECTION('',(-0.77511579593,0.,0.631819201117));
#3126 = PCURVE('',#2998,#3127);
#3127 = DEFINITIONAL_REPRESENTATION('',(#3128),#3132);
#3128 = LINE('',#3129,#3130);
#3129 = CARTESIAN_POINT('',(-0.,-0.));
#3130 = VECTOR('',#3131,1.);
#3131 = DIRECTION('',(-0.,-1.));
#3132 = ( GEOMETRIC_REPRESENTATION_CONTEXT(2) 
PARAMETRIC_REPRESENTATION_CONTEXT() REPRESENTATION_CONTEXT('2D SPACE',''
  ) );
#3133 = PCURVE('',#2998,#3134);
#3134 = DEFINITIONAL_REPRESENTATION('',(#3135),#3139);
#3135 = LINE('',#3136,#3137);
#3136 = CARTESIAN_POINT('',(-6.28318530718,-0.));
#3137 = VECTOR('',#3138,1.);
#3138 = DIRECTION('',(-0.,-1.));
#3139 = ( GEOMETRIC_REPRESENTATION_CONTEXT(2) 
PARAMETRIC_REPRESENTATION_CONTEXT() REPRESENTATION_CONTEXT('2D SPACE',''
  ) );
#3140 = ORIENTED_EDGE('',*,*,#2981,.F.);
#3141 = ORIENTED_EDGE('',*,*,#3120,.F.);
#3142 = ADVANCED_FACE('',(#3143),#3075,.F.);
#3143 = FACE_BOUND('',#3144,.F.);
#3144 = EDGE_LOOP('',(#3145,#3146,#3169,#3196));
#3145 = ORIENTED_EDGE('',*,*,#3060,.T.);
#3146 = ORIENTED_EDGE('',*,*,#3147,.T.);
#3147 = EDGE_CURVE('',#3038,#3148,#3150,.T.);
#3148 = VERTEX_POINT('',#3149);
#3149 = CARTESIAN_POINT('',(1.57062,0.,5.95));
#3150 = SEAM_CURVE('',#3151,(#3155,#3162),.PCURVE_S1.);
#3151 = LINE('',#3152,#3153);
#3152 = CARTESIAN_POINT('',(2.,0.,5.6));
#3153 = VECTOR('',#3154,1.);
#3154 = DIRECTION('',(-0.77511579593,0.,0.631819201117));
#3155 = PCURVE('',#3075,#3156);
#3156 = DEFINITIONAL_REPRESENTATION('',(#3157),#3161);
#3157 = LINE('',#3158,#3159);
#3158 = CARTESIAN_POINT('',(-0.,-0.));
#3159 = VECTOR('',#3160,1.);
#3160 = DIRECTION('',(-0.,-1.));
#3161 = ( GEOMETRIC_REPRESENTATION_CONTEXT(2) 
PARAMETRIC_REPRESENTATION_CONTEXT() REPRESENTATION_CONTEXT('2D SPACE',''
  ) );
#3162 = PCURVE('',#3075,#3163);
#3163 = DEFINITIONAL_REPRESENTATION('',(#3164),#3168);
#3164 = LINE('',#3165,#3166);
#3165 = CARTESIAN_POINT('',(-6.28318530718,-0.));
#3166 = VECTOR('',#3167,1.);
#3167 = DIRECTION('',(-0.,-1.));
#3168 = ( GEOMETRIC_REPRESENTATION_CONTEXT(2) 
PARAMETRIC_REPRESENTATION_CONTEXT() REPRESENTATION_CONTEXT('2D SPACE',''
  ) );
#3169 = ORIENTED_EDGE('',*,*,#3170,.F.);
#3170 = EDGE_CURVE('',#3148,#3148,#3171,.T.);
#3171 = SURFACE_CURVE('',#3172,(#3177,#3184),.PCURVE_S1.);
#3172 = CIRCLE('',#3173,1.57062);
#3173 = AXIS2_PLACEMENT_3D('',#3174,#3175,#3176);
#3174 = CARTESIAN_POINT('',(0.,0.,5.95));
#3175 = DIRECTION('',(0.,0.,1.));
#3176 = DIRECTION('',(1.,0.,-0.));
#3177 = PCURVE('',#3075,#3178);
#3178 = DEFINITIONAL_REPRESENTATION('',(#3179),#3183);
#3179 = LINE('',#3180,#3181);
#3180 = CARTESIAN_POINT('',(-0.,-0.35));
#3181 = VECTOR('',#3182,1.);
#3182 = DIRECTION('',(-1.,-0.));
#3183 = ( GEOMETRIC_REPRESENTATION_CONTEXT(2) 
PARAMETRIC_REPRESENTATION_CONTEXT() REPRESENTATION_CONTEXT('2D SPACE',''
  ) );
#3184 = PCURVE('',#3185,#3190);
#3185 = CONICAL_SURFACE('',#3186,1.57062,0.88689834824);
#3186 = AXIS2_PLACEMENT_3D('',#3187,#3188,#3189);
#3187 = CARTESIAN_POINT('',(0.,0.,5.95));
#3188 = DIRECTION('',(0.,0.,1.));
#3189 = DIRECTION('',(1.,0.,-0.));
#3190 = DEFINITIONAL_REPRESENTATION('',(#3191),#3195);
#3191 = LINE('',#3192,#3193);
#3192 = CARTESIAN_POINT('',(0.,0.));
#3193 = VECTOR('',#3194,1.);
#3194 = DIRECTION('',(1.,0.));
#3195 = ( GEOMETRIC_REPRESENTATION_CONTEXT(2) 
PARAMETRIC_REPRESENTATION_CONTEXT() REPRESENTATION_CONTEXT('2D SPACE',''
  ) );
#3196 = ORIENTED_EDGE('',*,*,#3147,.F.);
#3197 = ADVANCED_FACE('',(#3198),#3108,.F.);
#3198 = FACE_BOUND('',#3199,.F.);
#3199 = EDGE_LOOP('',(#3200,#3229,#3250,#3251));
#3200 = ORIENTED_EDGE('',*,*,#3201,.T.);
#3201 = EDGE_CURVE('',#3202,#3202,#3204,.T.);
#3202 = VERTEX_POINT('',#3203);
#3203 = CARTESIAN_POINT('',(1.57062,0.,7.35));
#3204 = SURFACE_CURVE('',#3205,(#3210,#3217),.PCURVE_S1.);
#3205 = CIRCLE('',#3206,1.57062);
#3206 = AXIS2_PLACEMENT_3D('',#3207,#3208,#3209);
#3207 = CARTESIAN_POINT('',(0.,0.,7.35));
#3208 = DIRECTION('',(0.,0.,1.));
#3209 = DIRECTION('',(1.,0.,-0.));
#3210 = PCURVE('',#3108,#3211);
#3211 = DEFINITIONAL_REPRESENTATION('',(#3212),#3216);
#3212 = LINE('',#3213,#3214);
#3213 = CARTESIAN_POINT('',(0.,0.));
#3214 = VECTOR('',#3215,1.);
#3215 = DIRECTION('',(1.,0.));
#3216 = ( GEOMETRIC_REPRESENTATION_CONTEXT(2) 
PARAMETRIC_REPRESENTATION_CONTEXT() REPRESENTATION_CONTEXT('2D SPACE',''
  ) );
#3217 = PCURVE('',#3218,#3223);
#3218 = CONICAL_SURFACE('',#3219,2.,0.88689834824);
#3219 = AXIS2_PLACEMENT_3D('',#3220,#3221,#3222);
#3220 = CARTESIAN_POINT('',(0.,0.,7.));
#3221 = DIRECTION('',(-0.,-0.,-1.));
#3222 = DIRECTION('',(1.,0.,-0.));
#3223 = DEFINITIONAL_REPRESENTATION('',(#3224),#3228);
#3224 = LINE('',#3225,#3226);
#3225 = CARTESIAN_POINT('',(-0.,-0.35));
#3226 = VECTOR('',#3227,1.);
#3227 = DIRECTION('',(-1.,-0.));
#3228 = ( GEOMETRIC_REPRESENTATION_CONTEXT(2) 
PARAMETRIC_REPRESENTATION_CONTEXT() REPRESENTATION_CONTEXT('2D SPACE',''
  ) );
#3229 = ORIENTED_EDGE('',*,*,#3230,.T.);
#3230 = EDGE_CURVE('',#3202,#3092,#3231,.T.);
#3231 = SEAM_CURVE('',#3232,(#3236,#3243),.PCURVE_S1.);
#3232 = LINE('',#3233,#3234);
#3233 = CARTESIAN_POINT('',(1.57062,0.,7.35));
#3234 = VECTOR('',#3235,1.);
#3235 = DIRECTION('',(0.77511579593,0.,0.631819201117));
#3236 = PCURVE('',#3108,#3237);
#3237 = DEFINITIONAL_REPRESENTATION('',(#3238),#3242);
#3238 = LINE('',#3239,#3240);
#3239 = CARTESIAN_POINT('',(0.,0.));
#3240 = VECTOR('',#3241,1.);
#3241 = DIRECTION('',(0.,1.));
#3242 = ( GEOMETRIC_REPRESENTATION_CONTEXT(2) 
PARAMETRIC_REPRESENTATION_CONTEXT() REPRESENTATION_CONTEXT('2D SPACE',''
  ) );
#3243 = PCURVE('',#3108,#3244);
#3244 = DEFINITIONAL_REPRESENTATION('',(#3245),#3249);
#3245 = LINE('',#3246,#3247);
#3246 = CARTESIAN_POINT('',(6.28318530718,0.));
#3247 = VECTOR('',#3248,1.);
#3248 = DIRECTION('',(0.,1.));
#3249 = ( GEOMETRIC_REPRESENTATION_CONTEXT(2) 
PARAMETRIC_REPRESENTATION_CONTEXT() REPRESENTATION_CONTEXT('2D SPACE',''
  ) );
#3250 = ORIENTED_EDGE('',*,*,#3091,.F.);
#3251 = ORIENTED_EDGE('',*,*,#3230,.F.);
#3252 = ADVANCED_FACE('',(#3253),#3185,.F.);
#3253 = FACE_BOUND('',#3254,.F.);
#3254 = EDGE_LOOP('',(#3255,#3256,#3279,#3306));
#3255 = ORIENTED_EDGE('',*,*,#3170,.T.);
#3256 = ORIENTED_EDGE('',*,*,#3257,.T.);
#3257 = EDGE_CURVE('',#3148,#3258,#3260,.T.);
#3258 = VERTEX_POINT('',#3259);
#3259 = CARTESIAN_POINT('',(2.,0.,6.3));
#3260 = SEAM_CURVE('',#3261,(#3265,#3272),.PCURVE_S1.);
#3261 = LINE('',#3262,#3263);
#3262 = CARTESIAN_POINT('',(1.57062,0.,5.95));
#3263 = VECTOR('',#3264,1.);
#3264 = DIRECTION('',(0.77511579593,0.,0.631819201117));
#3265 = PCURVE('',#3185,#3266);
#3266 = DEFINITIONAL_REPRESENTATION('',(#3267),#3271);
#3267 = LINE('',#3268,#3269);
#3268 = CARTESIAN_POINT('',(0.,0.));
#3269 = VECTOR('',#3270,1.);
#3270 = DIRECTION('',(0.,1.));
#3271 = ( GEOMETRIC_REPRESENTATION_CONTEXT(2) 
PARAMETRIC_REPRESENTATION_CONTEXT() REPRESENTATION_CONTEXT('2D SPACE',''
  ) );
#3272 = PCURVE('',#3185,#3273);
#3273 = DEFINITIONAL_REPRESENTATION('',(#3274),#3278);
#3274 = LINE('',#3275,#3276);
#3275 = CARTESIAN_POINT('',(6.28318530718,0.));
#3276 = VECTOR('',#3277,1.);
#3277 = DIRECTION('',(0.,1.));
#3278 = ( GEOMETRIC_REPRESENTATION_CONTEXT(2) 
PARAMETRIC_REPRESENTATION_CONTEXT() REPRESENTATION_CONTEXT('2D SPACE',''
  ) );
#3279 = ORIENTED_EDGE('',*,*,#3280,.F.);
#3280 = EDGE_CURVE('',#3258,#3258,#3281,.T.);
#3281 = SURFACE_CURVE('',#3282,(#3287,#3294),.PCURVE_S1.);
#3282 = CIRCLE('',#3283,2.);
#3283 = AXIS2_PLACEMENT_3D('',#3284,#3285,#3286);
#3284 = CARTESIAN_POINT('',(0.,0.,6.3));
#3285 = DIRECTION('',(0.,0.,1.));
#3286 = DIRECTION('',(1.,0.,-0.));
#3287 = PCURVE('',#3185,#3288);
#3288 = DEFINITIONAL_REPRESENTATION('',(#3289),#3293);
#3289 = LINE('',#3290,#3291);
#3290 = CARTESIAN_POINT('',(0.,0.35));
#3291 = VECTOR('',#3292,1.);
#3292 = DIRECTION('',(1.,0.));
#3293 = ( GEOMETRIC_REPRESENTATION_CONTEXT(2) 
PARAMETRIC_REPRESENTATION_CONTEXT() REPRESENTATION_CONTEXT('2D SPACE',''
  ) );
#3294 = PCURVE('',#3295,#3300);
#3295 = CONICAL_SURFACE('',#3296,2.,0.88689834824);
#3296 = AXIS2_PLACEMENT_3D('',#3297,#3298,#3299);
#3297 = CARTESIAN_POINT('',(0.,0.,6.3));
#3298 = DIRECTION('',(-0.,-0.,-1.));
#3299 = DIRECTION('',(1.,0.,-0.));
#3300 = DEFINITIONAL_REPRESENTATION('',(#3301),#3305);
#3301 = LINE('',#3302,#3303);
#3302 = CARTESIAN_POINT('',(-0.,-0.));
#3303 = VECTOR('',#3304,1.);
#3304 = DIRECTION('',(-1.,-0.));
#3305 = ( GEOMETRIC_REPRESENTATION_CONTEXT(2) 
PARAMETRIC_REPRESENTATION_CONTEXT() REPRESENTATION_CONTEXT('2D SPACE',''
  ) );
#3306 = ORIENTED_EDGE('',*,*,#3257,.F.);
#3307 = ADVANCED_FACE('',(#3308),#3218,.F.);
#3308 = FACE_BOUND('',#3309,.F.);
#3309 = EDGE_LOOP('',(#3310,#3339,#3360,#3361));
#3310 = ORIENTED_EDGE('',*,*,#3311,.T.);
#3311 = EDGE_CURVE('',#3312,#3312,#3314,.T.);
#3312 = VERTEX_POINT('',#3313);
#3313 = CARTESIAN_POINT('',(2.,0.,7.));
#3314 = SURFACE_CURVE('',#3315,(#3320,#3327),.PCURVE_S1.);
#3315 = CIRCLE('',#3316,2.);
#3316 = AXIS2_PLACEMENT_3D('',#3317,#3318,#3319);
#3317 = CARTESIAN_POINT('',(0.,0.,7.));
#3318 = DIRECTION('',(0.,0.,1.));
#3319 = DIRECTION('',(1.,0.,-0.));
#3320 = PCURVE('',#3218,#3321);
#3321 = DEFINITIONAL_REPRESENTATION('',(#3322),#3326);
#3322 = LINE('',#3323,#3324);
#3323 = CARTESIAN_POINT('',(-0.,-0.));
#3324 = VECTOR('',#3325,1.);
#3325 = DIRECTION('',(-1.,-0.));
#3326 = ( GEOMETRIC_REPRESENTATION_CONTEXT(2) 
PARAMETRIC_REPRESENTATION_CONTEXT() REPRESENTATION_CONTEXT('2D SPACE',''
  ) );
#3327 = PCURVE('',#3328,#3333);
#3328 = CONICAL_SURFACE('',#3329,1.57062,0.88689834824);
#3329 = AXIS2_PLACEMENT_3D('',#3330,#3331,#3332);
#3330 = CARTESIAN_POINT('',(0.,0.,6.65));
#3331 = DIRECTION('',(0.,0.,1.));
#3332 = DIRECTION('',(1.,0.,-0.));
#3333 = DEFINITIONAL_REPRESENTATION('',(#3334),#3338);
#3334 = LINE('',#3335,#3336);
#3335 = CARTESIAN_POINT('',(0.,0.35));
#3336 = VECTOR('',#3337,1.);
#3337 = DIRECTION('',(1.,0.));
#3338 = ( GEOMETRIC_REPRESENTATION_CONTEXT(2) 
PARAMETRIC_REPRESENTATION_CONTEXT() REPRESENTATION_CONTEXT('2D SPACE',''
  ) );
#3339 = ORIENTED_EDGE('',*,*,#3340,.T.);
#3340 = EDGE_CURVE('',#3312,#3202,#3341,.T.);
#3341 = SEAM_CURVE('',#3342,(#3346,#3353),.PCURVE_S1.);
#3342 = LINE('',#3343,#3344);
#3343 = CARTESIAN_POINT('',(2.,0.,7.));
#3344 = VECTOR('',#3345,1.);
#3345 = DIRECTION('',(-0.77511579593,0.,0.631819201117));
#3346 = PCURVE('',#3218,#3347);
#3347 = DEFINITIONAL_REPRESENTATION('',(#3348),#3352);
#3348 = LINE('',#3349,#3350);
#3349 = CARTESIAN_POINT('',(-0.,-0.));
#3350 = VECTOR('',#3351,1.);
#3351 = DIRECTION('',(-0.,-1.));
#3352 = ( GEOMETRIC_REPRESENTATION_CONTEXT(2) 
PARAMETRIC_REPRESENTATION_CONTEXT() REPRESENTATION_CONTEXT('2D SPACE',''
  ) );
#3353 = PCURVE('',#3218,#3354);
#3354 = DEFINITIONAL_REPRESENTATION('',(#3355),#3359);
#3355 = LINE('',#3356,#3357);
#3356 = CARTESIAN_POINT('',(-6.28318530718,-0.));
#3357 = VECTOR('',#3358,1.);
#3358 = DIRECTION('',(-0.,-1.));
#3359 = ( GEOMETRIC_REPRESENTATION_CONTEXT(2) 
PARAMETRIC_REPRESENTATION_CONTEXT() REPRESENTATION_CONTEXT('2D SPACE',''
  ) );
#3360 = ORIENTED_EDGE('',*,*,#3201,.F.);
#3361 = ORIENTED_EDGE('',*,*,#3340,.F.);
#3362 = ADVANCED_FACE('',(#3363),#3295,.F.);
#3363 = FACE_BOUND('',#3364,.F.);
#3364 = EDGE_LOOP('',(#3365,#3366,#3389,#3411));
#3365 = ORIENTED_EDGE('',*,*,#3280,.T.);
#3366 = ORIENTED_EDGE('',*,*,#3367,.T.);
#3367 = EDGE_CURVE('',#3258,#3368,#3370,.T.);
#3368 = VERTEX_POINT('',#3369);
#3369 = CARTESIAN_POINT('',(1.57062,0.,6.65));
#3370 = SEAM_CURVE('',#3371,(#3375,#3382),.PCURVE_S1.);
#3371 = LINE('',#3372,#3373);
#3372 = CARTESIAN_POINT('',(2.,0.,6.3));
#3373 = VECTOR('',#3374,1.);
#3374 = DIRECTION('',(-0.77511579593,0.,0.631819201117));
#3375 = PCURVE('',#3295,#3376);
#3376 = DEFINITIONAL_REPRESENTATION('',(#3377),#3381);
#3377 = LINE('',#3378,#3379);
#3378 = CARTESIAN_POINT('',(-0.,-0.));
#3379 = VECTOR('',#3380,1.);
#3380 = DIRECTION('',(-0.,-1.));
#3381 = ( GEOMETRIC_REPRESENTATION_CONTEXT(2) 
PARAMETRIC_REPRESENTATION_CONTEXT() REPRESENTATION_CONTEXT('2D SPACE',''
  ) );
#3382 = PCURVE('',#3295,#3383);
#3383 = DEFINITIONAL_REPRESENTATION('',(#3384),#3388);
#3384 = LINE('',#3385,#3386);
#3385 = CARTESIAN_POINT('',(-6.28318530718,-0.));
#3386 = VECTOR('',#3387,1.);
#3387 = DIRECTION('',(-0.,-1.));
#3388 = ( GEOMETRIC_REPRESENTATION_CONTEXT(2) 
PARAMETRIC_REPRESENTATION_CONTEXT() REPRESENTATION_CONTEXT('2D SPACE',''
  ) );
#3389 = ORIENTED_EDGE('',*,*,#3390,.F.);
#3390 = EDGE_CURVE('',#3368,#3368,#3391,.T.);
#3391 = SURFACE_CURVE('',#3392,(#3397,#3404),.PCURVE_S1.);
#3392 = CIRCLE('',#3393,1.57062);
#3393 = AXIS2_PLACEMENT_3D('',#3394,#3395,#3396);
#3394 = CARTESIAN_POINT('',(0.,0.,6.65));
#3395 = DIRECTION('',(0.,0.,1.));
#3396 = DIRECTION('',(1.,0.,-0.));
#3397 = PCURVE('',#3295,#3398);
#3398 = DEFINITIONAL_REPRESENTATION('',(#3399),#3403);
#3399 = LINE('',#3400,#3401);
#3400 = CARTESIAN_POINT('',(-0.,-0.35));
#3401 = VECTOR('',#3402,1.);
#3402 = DIRECTION('',(-1.,-0.));
#3403 = ( GEOMETRIC_REPRESENTATION_CONTEXT(2) 
PARAMETRIC_REPRESENTATION_CONTEXT() REPRESENTATION_CONTEXT('2D SPACE',''
  ) );
#3404 = PCURVE('',#3328,#3405);
#3405 = DEFINITIONAL_REPRESENTATION('',(#3406),#3410);
#3406 = LINE('',#3407,#3408);
#3407 = CARTESIAN_POINT('',(0.,0.));
#3408 = VECTOR('',#3409,1.);
#3409 = DIRECTION('',(1.,0.));
#3410 = ( GEOMETRIC_REPRESENTATION_CONTEXT(2) 
PARAMETRIC_REPRESENTATION_CONTEXT() REPRESENTATION_CONTEXT('2D SPACE',''
  ) );
#3411 = ORIENTED_EDGE('',*,*,#3367,.F.);
#3412 = ADVANCED_FACE('',(#3413),#3328,.F.);
#3413 = FACE_BOUND('',#3414,.F.);
#3414 = EDGE_LOOP('',(#3415,#3416,#3437,#3438));
#3415 = ORIENTED_EDGE('',*,*,#3390,.T.);
#3416 = ORIENTED_EDGE('',*,*,#3417,.T.);
#3417 = EDGE_CURVE('',#3368,#3312,#3418,.T.);
#3418 = SEAM_CURVE('',#3419,(#3423,#3430),.PCURVE_S1.);
#3419 = LINE('',#3420,#3421);
#3420 = CARTESIAN_POINT('',(1.57062,0.,6.65));
#3421 = VECTOR('',#3422,1.);
#3422 = DIRECTION('',(0.77511579593,0.,0.631819201117));
#3423 = PCURVE('',#3328,#3424);
#3424 = DEFINITIONAL_REPRESENTATION('',(#3425),#3429);
#3425 = LINE('',#3426,#3427);
#3426 = CARTESIAN_POINT('',(0.,0.));
#3427 = VECTOR('',#3428,1.);
#3428 = DIRECTION('',(0.,1.));
#3429 = ( GEOMETRIC_REPRESENTATION_CONTEXT(2) 
PARAMETRIC_REPRESENTATION_CONTEXT() REPRESENTATION_CONTEXT('2D SPACE',''
  ) );
#3430 = PCURVE('',#3328,#3431);
#3431 = DEFINITIONAL_REPRESENTATION('',(#3432),#3436);
#3432 = LINE('',#3433,#3434);
#3433 = CARTESIAN_POINT('',(6.28318530718,0.));
#3434 = VECTOR('',#3435,1.);
#3435 = DIRECTION('',(0.,1.));
#3436 = ( GEOMETRIC_REPRESENTATION_CONTEXT(2) 
PARAMETRIC_REPRESENTATION_CONTEXT() REPRESENTATION_CONTEXT('2D SPACE',''
  ) );
#3437 = ORIENTED_EDGE('',*,*,#3311,.F.);
#3438 = ORIENTED_EDGE('',*,*,#3417,.F.);
#3439 = ( GEOMETRIC_REPRESENTATION_CONTEXT(3) 
GLOBAL_UNCERTAINTY_ASSIGNED_CONTEXT((#3443)) 
GLOBAL_UNIT_ASSIGNED_CONTEXT((#3440,#3441,#3442)) REPRESENTATION_CONTEXT
('Context #1','3D Context with UNIT and UNCERTAINTY') );
#3440 = ( LENGTH_UNIT() NAMED_UNIT(*) SI_UNIT(.MILLI.,.METRE.) );
#3441 = ( NAMED_UNIT(*) PLANE_ANGLE_UNIT() SI_UNIT($,.RADIAN.) );
#3442 = ( NAMED_UNIT(*) SI_UNIT($,.STERADIAN.) SOLID_ANGLE_UNIT() );
#3443 = UNCERTAINTY_MEASURE_WITH_UNIT(LENGTH_MEASURE(1.E-07),#3440,
  'distance_accuracy_value','confusion accuracy');
#3444 = PRODUCT_RELATED_PRODUCT_CATEGORY('part',$,(#7));
ENDSEC;
END-ISO-10303-21;
