ISO-10303-21;
HEADER;
FILE_DESCRIPTION(('Open CASCADE Model'),'2;1');
FILE_NAME('Open CASCADE Shape Model','2026-04-29T13:13:38',('Author'),(
    'Open CASCADE'),'Open CASCADE STEP processor 7.8','build123d',
  'Unknown');
FILE_SCHEMA(('AUTOMOTIVE_DESIGN { 1 0 10303 214 1 1 1 1 }'));
ENDSEC;
DATA;
#1 = APPLICATION_PROTOCOL_DEFINITION('international standard',
  'automotive_design',2000,#2);
#2 = APPLICATION_CONTEXT(
  'core data for automotive mechanical design processes');
#3 = SHAPE_DEFINITION_REPRESENTATION(#4,#10);
#4 = PRODUCT_DEFINITION_SHAPE('','',#5);
#5 = PRODUCT_DEFINITION('design','',#6,#9);
#6 = PRODUCT_DEFINITION_FORMATION('','',#7);
#7 = PRODUCT('COMPOUND','COMPOUND','',(#8));
#8 = PRODUCT_CONTEXT('',#2,'mechanical');
#9 = PRODUCT_DEFINITION_CONTEXT('part definition',#2,'design');
#10 = SHAPE_REPRESENTATION('',(#11,#15,#113),#2385);
#11 = AXIS2_PLACEMENT_3D('',#12,#13,#14);
#12 = CARTESIAN_POINT('',(0.,0.,0.));
#13 = DIRECTION('',(0.,0.,1.));
#14 = DIRECTION('',(1.,0.,-0.));
#15 = MANIFOLD_SOLID_BREP('',#16);
#16 = CLOSED_SHELL('',(#17,#105,#109));
#17 = ADVANCED_FACE('',(#18),#31,.T.);
#18 = FACE_BOUND('',#19,.T.);
#19 = EDGE_LOOP('',(#20,#54,#77,#104));
#20 = ORIENTED_EDGE('',*,*,#21,.F.);
#21 = EDGE_CURVE('',#22,#22,#24,.T.);
#22 = VERTEX_POINT('',#23);
#23 = CARTESIAN_POINT('',(7.6,-1.861463134704E-15,25.));
#24 = SURFACE_CURVE('',#25,(#30,#42),.PCURVE_S1.);
#25 = CIRCLE('',#26,7.6);
#26 = AXIS2_PLACEMENT_3D('',#27,#28,#29);
#27 = CARTESIAN_POINT('',(0.,0.,25.));
#28 = DIRECTION('',(0.,0.,1.));
#29 = DIRECTION('',(1.,0.,0.));
#30 = PCURVE('',#31,#36);
#31 = CYLINDRICAL_SURFACE('',#32,7.6);
#32 = AXIS2_PLACEMENT_3D('',#33,#34,#35);
#33 = CARTESIAN_POINT('',(0.,0.,-25.));
#34 = DIRECTION('',(0.,0.,1.));
#35 = DIRECTION('',(1.,0.,0.));
#36 = DEFINITIONAL_REPRESENTATION('',(#37),#41);
#37 = LINE('',#38,#39);
#38 = CARTESIAN_POINT('',(0.,50.));
#39 = VECTOR('',#40,1.);
#40 = DIRECTION('',(1.,0.));
#41 = ( GEOMETRIC_REPRESENTATION_CONTEXT(2) 
PARAMETRIC_REPRESENTATION_CONTEXT() REPRESENTATION_CONTEXT('2D SPACE',''
  ) );
#42 = PCURVE('',#43,#48);
#43 = PLANE('',#44);
#44 = AXIS2_PLACEMENT_3D('',#45,#46,#47);
#45 = CARTESIAN_POINT('',(0.,0.,25.));
#46 = DIRECTION('',(0.,0.,1.));
#47 = DIRECTION('',(1.,0.,0.));
#48 = DEFINITIONAL_REPRESENTATION('',(#49),#53);
#49 = CIRCLE('',#50,7.6);
#50 = AXIS2_PLACEMENT_2D('',#51,#52);
#51 = CARTESIAN_POINT('',(0.,0.));
#52 = DIRECTION('',(1.,0.));
#53 = ( GEOMETRIC_REPRESENTATION_CONTEXT(2) 
PARAMETRIC_REPRESENTATION_CONTEXT() REPRESENTATION_CONTEXT('2D SPACE',''
  ) );
#54 = ORIENTED_EDGE('',*,*,#55,.F.);
#55 = EDGE_CURVE('',#56,#22,#58,.T.);
#56 = VERTEX_POINT('',#57);
#57 = CARTESIAN_POINT('',(7.6,-1.861463134704E-15,-25.));
#58 = SEAM_CURVE('',#59,(#63,#70),.PCURVE_S1.);
#59 = LINE('',#60,#61);
#60 = CARTESIAN_POINT('',(7.6,-1.861463134704E-15,-25.));
#61 = VECTOR('',#62,1.);
#62 = DIRECTION('',(0.,0.,1.));
#63 = PCURVE('',#31,#64);
#64 = DEFINITIONAL_REPRESENTATION('',(#65),#69);
#65 = LINE('',#66,#67);
#66 = CARTESIAN_POINT('',(0.,-0.));
#67 = VECTOR('',#68,1.);
#68 = DIRECTION('',(0.,1.));
#69 = ( GEOMETRIC_REPRESENTATION_CONTEXT(2) 
PARAMETRIC_REPRESENTATION_CONTEXT() REPRESENTATION_CONTEXT('2D SPACE',''
  ) );
#70 = PCURVE('',#31,#71);
#71 = DEFINITIONAL_REPRESENTATION('',(#72),#76);
#72 = LINE('',#73,#74);
#73 = CARTESIAN_POINT('',(6.28318530718,-0.));
#74 = VECTOR('',#75,1.);
#75 = DIRECTION('',(0.,1.));
#76 = ( GEOMETRIC_REPRESENTATION_CONTEXT(2) 
PARAMETRIC_REPRESENTATION_CONTEXT() REPRESENTATION_CONTEXT('2D SPACE',''
  ) );
#77 = ORIENTED_EDGE('',*,*,#78,.T.);
#78 = EDGE_CURVE('',#56,#56,#79,.T.);
#79 = SURFACE_CURVE('',#80,(#85,#92),.PCURVE_S1.);
#80 = CIRCLE('',#81,7.6);
#81 = AXIS2_PLACEMENT_3D('',#82,#83,#84);
#82 = CARTESIAN_POINT('',(0.,0.,-25.));
#83 = DIRECTION('',(0.,0.,1.));
#84 = DIRECTION('',(1.,0.,0.));
#85 = PCURVE('',#31,#86);
#86 = DEFINITIONAL_REPRESENTATION('',(#87),#91);
#87 = LINE('',#88,#89);
#88 = CARTESIAN_POINT('',(0.,0.));
#89 = VECTOR('',#90,1.);
#90 = DIRECTION('',(1.,0.));
#91 = ( GEOMETRIC_REPRESENTATION_CONTEXT(2) 
PARAMETRIC_REPRESENTATION_CONTEXT() REPRESENTATION_CONTEXT('2D SPACE',''
  ) );
#92 = PCURVE('',#93,#98);
#93 = PLANE('',#94);
#94 = AXIS2_PLACEMENT_3D('',#95,#96,#97);
#95 = CARTESIAN_POINT('',(0.,0.,-25.));
#96 = DIRECTION('',(0.,0.,1.));
#97 = DIRECTION('',(1.,0.,0.));
#98 = DEFINITIONAL_REPRESENTATION('',(#99),#103);
#99 = CIRCLE('',#100,7.6);
#100 = AXIS2_PLACEMENT_2D('',#101,#102);
#101 = CARTESIAN_POINT('',(0.,0.));
#102 = DIRECTION('',(1.,0.));
#103 = ( GEOMETRIC_REPRESENTATION_CONTEXT(2) 
PARAMETRIC_REPRESENTATION_CONTEXT() REPRESENTATION_CONTEXT('2D SPACE',''
  ) );
#104 = ORIENTED_EDGE('',*,*,#55,.T.);
#105 = ADVANCED_FACE('',(#106),#43,.T.);
#106 = FACE_BOUND('',#107,.T.);
#107 = EDGE_LOOP('',(#108));
#108 = ORIENTED_EDGE('',*,*,#21,.T.);
#109 = ADVANCED_FACE('',(#110),#93,.F.);
#110 = FACE_BOUND('',#111,.T.);
#111 = EDGE_LOOP('',(#112));
#112 = ORIENTED_EDGE('',*,*,#78,.F.);
#113 = MANIFOLD_SOLID_BREP('',#114);
#114 = CLOSED_SHELL('',(#115,#1337,#1768,#1792,#2034,#2209,#2233,#2378)
  );
#115 = ADVANCED_FACE('',(#116),#209,.T.);
#116 = FACE_BOUND('',#117,.T.);
#117 = EDGE_LOOP('',(#118,#551,#828,#854,#1120,#1313));
#118 = ORIENTED_EDGE('',*,*,#119,.F.);
#119 = EDGE_CURVE('',#120,#122,#124,.T.);
#120 = VERTEX_POINT('',#121);
#121 = CARTESIAN_POINT('',(-4.765790131692,-5.925076372477,-25.));
#122 = VERTEX_POINT('',#123);
#123 = CARTESIAN_POINT('',(-7.400139838431,1.748450846959,24.13860121685
    ));
#124 = SURFACE_CURVE('',#125,(#208,#379),.PCURVE_S1.);
#125 = B_SPLINE_CURVE_WITH_KNOTS('',11,(#126,#127,#128,#129,#130,#131,
    #132,#133,#134,#135,#136,#137,#138,#139,#140,#141,#142,#143,#144,
    #145,#146,#147,#148,#149,#150,#151,#152,#153,#154,#155,#156,#157,
    #158,#159,#160,#161,#162,#163,#164,#165,#166,#167,#168,#169,#170,
    #171,#172,#173,#174,#175,#176,#177,#178,#179,#180,#181,#182,#183,
    #184,#185,#186,#187,#188,#189,#190,#191,#192,#193,#194,#195,#196,
    #197,#198,#199,#200,#201,#202,#203,#204,#205,#206,#207),
  .UNSPECIFIED.,.F.,.F.,(12,10,10,10,10,10,10,10,12),(0.,9.394317287374,
    18.788634574747,28.182951862121,37.577269149495,46.971586436868,
    56.365903724242,65.760221011616,75.154538298989),.UNSPECIFIED.);
#126 = CARTESIAN_POINT('',(7.6,0.243207705257,-29.00289878285));
#127 = CARTESIAN_POINT('',(7.45312723903,4.832836193334,-28.39901811188)
  );
#128 = CARTESIAN_POINT('',(4.258548934235,9.324939895933,-27.79513736331
    ));
#129 = CARTESIAN_POINT('',(-1.922690787745,11.469122003301,
    -27.19125690037));
#130 = CARTESIAN_POINT('',(-9.097329826312,9.072692351264,
    -26.58737574048));
#131 = CARTESIAN_POINT('',(-13.6797596211,1.796677693617,-25.98349580653
    ));
#132 = CARTESIAN_POINT('',(-11.73159166035,-7.261792925235,
    -25.37961426186));
#133 = CARTESIAN_POINT('',(-4.563038415825,-12.01057178263,
    -24.77573432025));
#134 = CARTESIAN_POINT('',(2.962450923081,-11.24550505874,
    -24.17185317028));
#135 = CARTESIAN_POINT('',(7.715655243873,-6.74969684894,-23.56797270021
    ));
#136 = CARTESIAN_POINT('',(8.78100109432,-1.341428713779,-22.96409195491
    ));
#137 = CARTESIAN_POINT('',(5.275032300217,7.146988563822,-21.75633061107
    ));
#138 = CARTESIAN_POINT('',(0.703713892894,10.227146712083,
    -21.15244986597));
#139 = CARTESIAN_POINT('',(-5.836680097508,10.058362930998,
    -20.54856939465));
#140 = CARTESIAN_POINT('',(-11.70864138427,5.289884048441,
    -19.94468824882));
#141 = CARTESIAN_POINT('',(-13.43671342253,-3.133465599866,
    -19.34080829827));
#142 = CARTESIAN_POINT('',(-8.424715827987,-10.92648353615,
    -18.73692676712));
#143 = CARTESIAN_POINT('',(-4.33969268901E-02,-12.84808432548,
    -18.1330468185));
#144 = CARTESIAN_POINT('',(6.731187529849,-9.483069859141,
    -17.52916567013));
#145 = CARTESIAN_POINT('',(9.597714574643,-3.601890939386,
    -16.92528520067));
#146 = CARTESIAN_POINT('',(8.691216249322,1.835257833943,-16.3214044547)
  );
#147 = CARTESIAN_POINT('',(2.421766246076,8.546371133634,-15.11364311137
    ));
#148 = CARTESIAN_POINT('',(-2.941192125842,9.820342762657,
    -14.50976236436));
#149 = CARTESIAN_POINT('',(-9.003610879555,7.360196365216,-13.905881899)
  );
#150 = CARTESIAN_POINT('',(-12.82132014672,0.830003692842,
    -13.30200074108));
#151 = CARTESIAN_POINT('',(-11.47385199551,-7.662544903079,
    -12.69812080804));
#152 = CARTESIAN_POINT('',(-4.039529113967,-13.19265265272,
    -12.09423925815));
#153 = CARTESIAN_POINT('',(4.481799102891,-12.04112249098,
    -11.49035932447));
#154 = CARTESIAN_POINT('',(9.638374263692,-6.506861076676,
    -10.88647816732));
#155 = CARTESIAN_POINT('',(10.251326514974,6.934465462599E-03,
    -10.28259770151));
#156 = CARTESIAN_POINT('',(7.489010125573,4.777042866378,-9.67871695461)
  );
#157 = CARTESIAN_POINT('',(-0.74147072925,8.851871692597,-8.470955611378
    ));
#158 = CARTESIAN_POINT('',(-6.209643960714,8.156596409094,
    -7.867074864596));
#159 = CARTESIAN_POINT('',(-11.01813582968,3.719970731727,-7.2631943982)
  );
#160 = CARTESIAN_POINT('',(-12.29295017552,-3.736111935116,
    -6.659313242644));
#161 = CARTESIAN_POINT('',(-8.042409340681,-11.21086642767,
    -6.055433305991));
#162 = CARTESIAN_POINT('',(0.862692050192,-13.77024480011,
    -5.451551760104));
#163 = CARTESIAN_POINT('',(8.433352895203,-9.692972351355,
    -4.847671823137));
#164 = CARTESIAN_POINT('',(11.311909423698,-2.697814802542,
    -4.24379066798));
#165 = CARTESIAN_POINT('',(9.592832826949,3.614872301385,-3.639910201303
    ));
#166 = CARTESIAN_POINT('',(5.32825758185,7.10739631301,-3.036029454648)
  );
#167 = CARTESIAN_POINT('',(-3.809804092333,8.024388081471,
    -1.828268111343));
#168 = CARTESIAN_POINT('',(-8.683300236858,5.448856769776,-1.22438736473
    ));
#169 = CARTESIAN_POINT('',(-11.62240835898,-0.396387870624,
    -0.620506897913));
#170 = CARTESIAN_POINT('',(-10.19115952823,-7.824028621725,
    -1.662574301499E-02));
#171 = CARTESIAN_POINT('',(-3.581588628888,-13.32426722045,
    0.587254194262));
#172 = CARTESIAN_POINT('',(5.654494030638,-12.58533180676,1.191135739901
    ));
#173 = CARTESIAN_POINT('',(11.305490304618,-6.104182420909,
    1.795015676687));
#174 = CARTESIAN_POINT('',(11.53759098189,1.456534879213,2.398896832186)
  );
#175 = CARTESIAN_POINT('',(7.706516581671,6.760129109573,3.002777298623)
  );
#176 = CARTESIAN_POINT('',(2.485521418845,8.528047518923,3.606658045362)
  );
#177 = CARTESIAN_POINT('',(-6.390506378321,6.16983302307,4.814419388659)
  );
#178 = CARTESIAN_POINT('',(-10.04554843426,2.04369756997,5.41830013518)
  );
#179 = CARTESIAN_POINT('',(-10.73908536617,-4.462011306759,6.02218060248
    ));
#180 = CARTESIAN_POINT('',(-6.784964251876,-10.91051861721,
    6.626061755984));
#181 = CARTESIAN_POINT('',(1.337653010584,-13.73224521088,7.229941695998
    ));
#182 = CARTESIAN_POINT('',(9.722556166736,-9.789575116091,7.833823237768
    ));
#183 = CARTESIAN_POINT('',(12.730595720983,-1.734095349994,
    8.437703178545));
#184 = CARTESIAN_POINT('',(10.28653311092,5.424457214271,9.041584331049)
  );
#185 = CARTESIAN_POINT('',(4.833814451746,9.040131705066,9.645464799094)
  );
#186 = CARTESIAN_POINT('',(-0.675345928205,8.8571620222,10.249345545244)
  );
#187 = CARTESIAN_POINT('',(-8.153263847949,3.525577956504,
    11.457106888798));
#188 = CARTESIAN_POINT('',(-10.12202931057,-1.623042126282,
    12.060987634598));
#189 = CARTESIAN_POINT('',(-8.481226665419,-7.956525225331,
    12.664868103622));
#190 = CARTESIAN_POINT('',(-2.510336020152,-12.60053052175,
    13.268749254866));
#191 = CARTESIAN_POINT('',(6.085683435834,-12.38258176792,
    13.872629195987));
#192 = CARTESIAN_POINT('',(12.54619197282,-5.740814088393,
    14.476510739367));
#193 = CARTESIAN_POINT('',(12.526264566807,2.857945073679,
    15.080390676254));
#194 = CARTESIAN_POINT('',(7.718863390397,8.698082977633,15.684271832791
    ));
#195 = CARTESIAN_POINT('',(1.34241432745,10.163054028045,16.28815229832)
  );
#196 = CARTESIAN_POINT('',(-3.749773223456,8.052615226163,
    16.892033045403));
#197 = CARTESIAN_POINT('',(-8.872454578986,0.430070979372,
    18.099794388687));
#198 = CARTESIAN_POINT('',(-8.902953791498,-5.082042590212,
    18.703675135021));
#199 = CARTESIAN_POINT('',(-5.13782403939,-10.43265371592,
    19.307555602399));
#200 = CARTESIAN_POINT('',(2.085599511367,-12.677753392,19.911436757474)
  );
#201 = CARTESIAN_POINT('',(10.054784470657,-9.448025363736,
    20.515316691856));
#202 = CARTESIAN_POINT('',(13.763993739698,-0.957264791104,
    21.119198244244));
#203 = CARTESIAN_POINT('',(10.71864995159,7.084186416015,21.723078171957
    ));
#204 = CARTESIAN_POINT('',(4.163227472154,10.858408564587,
    22.326959335631));
#205 = CARTESIAN_POINT('',(-2.320806429047,9.985169048783,22.93083979689
    ));
#206 = CARTESIAN_POINT('',(-6.344253016636,6.217384085018,
    23.534720545974));
#207 = CARTESIAN_POINT('',(-7.400139838431,1.748450846959,24.13860121685
    ));
#208 = PCURVE('',#209,#374);
#209 = B_SPLINE_SURFACE_WITH_KNOTS('',1,11,(
    (#210,#211,#212,#213,#214,#215,#216,#217,#218,#219,#220,#221,#222
      ,#223,#224,#225,#226,#227,#228,#229,#230,#231,#232,#233,#234,#235
      ,#236,#237,#238,#239,#240,#241,#242,#243,#244,#245,#246,#247,#248
      ,#249,#250,#251,#252,#253,#254,#255,#256,#257,#258,#259,#260,#261
      ,#262,#263,#264,#265,#266,#267,#268,#269,#270,#271,#272,#273,#274
      ,#275,#276,#277,#278,#279,#280,#281,#282,#283,#284,#285,#286,#287
      ,#288,#289,#290,#291)
    ,(#292,#293,#294,#295,#296,#297,#298,#299,#300,#301,#302,#303,#304
      ,#305,#306,#307,#308,#309,#310,#311,#312,#313,#314,#315,#316,#317
      ,#318,#319,#320,#321,#322,#323,#324,#325,#326,#327,#328,#329,#330
      ,#331,#332,#333,#334,#335,#336,#337,#338,#339,#340,#341,#342,#343
      ,#344,#345,#346,#347,#348,#349,#350,#351,#352,#353,#354,#355,#356
      ,#357,#358,#359,#360,#361,#362,#363,#364,#365,#366,#367,#368,#369
      ,#370,#371,#372,#373
    )),.UNSPECIFIED.,.F.,.F.,.F.,(2,2),(12,10,10,10,10,10,10,10,12),(
    -4.888557124478,-0.),(0.,9.394317287374,18.788634574747,
    28.182951862121,37.577269149495,46.971586436868,56.365903724242,
    65.760221011616,75.154538298989),.UNSPECIFIED.);
#210 = CARTESIAN_POINT('',(7.6,0.243207705257,-29.00289878285));
#211 = CARTESIAN_POINT('',(7.45312723903,4.832836193334,-28.39901811188)
  );
#212 = CARTESIAN_POINT('',(4.258548934236,9.324939895933,-27.79513736331
    ));
#213 = CARTESIAN_POINT('',(-1.922690787745,11.469122003302,
    -27.19125690037));
#214 = CARTESIAN_POINT('',(-9.097329826311,9.072692351263,
    -26.58737574048));
#215 = CARTESIAN_POINT('',(-13.6797596211,1.796677693619,-25.98349580653
    ));
#216 = CARTESIAN_POINT('',(-11.73159166035,-7.261792925237,
    -25.37961426186));
#217 = CARTESIAN_POINT('',(-4.563038415826,-12.01057178262,
    -24.77573432025));
#218 = CARTESIAN_POINT('',(2.962450923082,-11.24550505875,
    -24.17185317028));
#219 = CARTESIAN_POINT('',(7.715655243873,-6.74969684894,-23.56797270021
    ));
#220 = CARTESIAN_POINT('',(8.78100109432,-1.341428713779,-22.96409195491
    ));
#221 = CARTESIAN_POINT('',(5.275032300217,7.146988563822,-21.75633061107
    ));
#222 = CARTESIAN_POINT('',(0.703713892894,10.227146712082,
    -21.15244986597));
#223 = CARTESIAN_POINT('',(-5.836680097509,10.058362931,-20.54856939465)
  );
#224 = CARTESIAN_POINT('',(-11.70864138427,5.289884048439,
    -19.94468824883));
#225 = CARTESIAN_POINT('',(-13.43671342253,-3.133465599864,
    -19.34080829826));
#226 = CARTESIAN_POINT('',(-8.424715827985,-10.92648353615,
    -18.73692676713));
#227 = CARTESIAN_POINT('',(-4.339692689118E-02,-12.84808432548,
    -18.13304681849));
#228 = CARTESIAN_POINT('',(6.731187529849,-9.483069859143,
    -17.52916567013));
#229 = CARTESIAN_POINT('',(9.597714574643,-3.601890939386,
    -16.92528520067));
#230 = CARTESIAN_POINT('',(8.691216249322,1.835257833943,-16.3214044547)
  );
#231 = CARTESIAN_POINT('',(2.421766246076,8.546371133634,-15.11364311136
    ));
#232 = CARTESIAN_POINT('',(-2.941192125842,9.820342762657,
    -14.50976236436));
#233 = CARTESIAN_POINT('',(-9.003610879556,7.360196365215,-13.905881899)
  );
#234 = CARTESIAN_POINT('',(-12.82132014672,0.830003692843,
    -13.30200074108));
#235 = CARTESIAN_POINT('',(-11.47385199551,-7.662544903081,
    -12.69812080804));
#236 = CARTESIAN_POINT('',(-4.039529113967,-13.19265265271,
    -12.09423925816));
#237 = CARTESIAN_POINT('',(4.481799102891,-12.04112249099,
    -11.49035932447));
#238 = CARTESIAN_POINT('',(9.638374263693,-6.506861076675,
    -10.88647816733));
#239 = CARTESIAN_POINT('',(10.251326514974,6.934465462497E-03,
    -10.28259770151));
#240 = CARTESIAN_POINT('',(7.489010125573,4.777042866378,-9.67871695461)
  );
#241 = CARTESIAN_POINT('',(-0.74147072925,8.851871692597,-8.470955611378
    ));
#242 = CARTESIAN_POINT('',(-6.209643960714,8.156596409094,
    -7.867074864596));
#243 = CARTESIAN_POINT('',(-11.01813582968,3.719970731729,
    -7.263194398199));
#244 = CARTESIAN_POINT('',(-12.29295017552,-3.736111935118,
    -6.659313242646));
#245 = CARTESIAN_POINT('',(-8.042409340683,-11.21086642766,
    -6.055433305988));
#246 = CARTESIAN_POINT('',(0.862692050194,-13.77024480011,
    -5.451551760108));
#247 = CARTESIAN_POINT('',(8.433352895202,-9.692972351353,
    -4.847671823134));
#248 = CARTESIAN_POINT('',(11.311909423699,-2.697814802544,
    -4.243790667982));
#249 = CARTESIAN_POINT('',(9.592832826948,3.614872301385,-3.639910201302
    ));
#250 = CARTESIAN_POINT('',(5.32825758185,7.10739631301,-3.036029454648)
  );
#251 = CARTESIAN_POINT('',(-3.809804092333,8.024388081471,
    -1.828268111343));
#252 = CARTESIAN_POINT('',(-8.683300236858,5.448856769776,-1.22438736473
    ));
#253 = CARTESIAN_POINT('',(-11.62240835898,-0.396387870624,
    -0.620506897913));
#254 = CARTESIAN_POINT('',(-10.19115952823,-7.824028621724,
    -1.66257430156E-02));
#255 = CARTESIAN_POINT('',(-3.581588628887,-13.32426722045,
    0.587254194263));
#256 = CARTESIAN_POINT('',(5.654494030638,-12.58533180676,1.1911357399)
  );
#257 = CARTESIAN_POINT('',(11.305490304619,-6.10418242091,1.795015676688
    ));
#258 = CARTESIAN_POINT('',(11.53759098189,1.456534879214,2.398896832186)
  );
#259 = CARTESIAN_POINT('',(7.706516581671,6.760129109573,3.002777298623)
  );
#260 = CARTESIAN_POINT('',(2.485521418845,8.528047518924,3.606658045362)
  );
#261 = CARTESIAN_POINT('',(-6.390506378321,6.16983302307,4.814419388659)
  );
#262 = CARTESIAN_POINT('',(-10.04554843426,2.04369756997,5.418300135179)
  );
#263 = CARTESIAN_POINT('',(-10.73908536617,-4.462011306759,
    6.022180602481));
#264 = CARTESIAN_POINT('',(-6.784964251878,-10.91051861721,
    6.626061755981));
#265 = CARTESIAN_POINT('',(1.337653010586,-13.73224521088,7.229941696003
    ));
#266 = CARTESIAN_POINT('',(9.722556166734,-9.789575116092,7.833823237763
    ));
#267 = CARTESIAN_POINT('',(12.730595720985,-1.734095349992,
    8.437703178548));
#268 = CARTESIAN_POINT('',(10.286533110919,5.42445721427,9.041584331047)
  );
#269 = CARTESIAN_POINT('',(4.833814451747,9.040131705067,9.645464799095)
  );
#270 = CARTESIAN_POINT('',(-0.675345928205,8.8571620222,10.249345545244)
  );
#271 = CARTESIAN_POINT('',(-8.153263847949,3.525577956504,
    11.457106888798));
#272 = CARTESIAN_POINT('',(-10.12202931057,-1.623042126281,
    12.060987634598));
#273 = CARTESIAN_POINT('',(-8.48122666542,-7.956525225333,12.66486810362
    ));
#274 = CARTESIAN_POINT('',(-2.510336020151,-12.60053052175,
    13.268749254868));
#275 = CARTESIAN_POINT('',(6.085683435833,-12.38258176792,
    13.872629195984));
#276 = CARTESIAN_POINT('',(12.546191972821,-5.74081408839,
    14.476510739369));
#277 = CARTESIAN_POINT('',(12.526264566806,2.857945073677,
    15.080390676253));
#278 = CARTESIAN_POINT('',(7.718863390398,8.698082977634,15.684271832791
    ));
#279 = CARTESIAN_POINT('',(1.34241432745,10.163054028045,16.28815229832)
  );
#280 = CARTESIAN_POINT('',(-3.749773223456,8.052615226163,
    16.892033045403));
#281 = CARTESIAN_POINT('',(-8.872454578986,0.430070979372,
    18.099794388687));
#282 = CARTESIAN_POINT('',(-8.902953791498,-5.082042590212,
    18.703675135021));
#283 = CARTESIAN_POINT('',(-5.13782403939,-10.43265371592,
    19.307555602398));
#284 = CARTESIAN_POINT('',(2.085599511367,-12.677753392,19.911436757477)
  );
#285 = CARTESIAN_POINT('',(10.054784470657,-9.448025363735,
    20.515316691852));
#286 = CARTESIAN_POINT('',(13.763993739697,-0.957264791104,
    21.119198244248));
#287 = CARTESIAN_POINT('',(10.718649951591,7.084186416015,
    21.723078171955));
#288 = CARTESIAN_POINT('',(4.163227472154,10.858408564587,
    22.326959335633));
#289 = CARTESIAN_POINT('',(-2.320806429047,9.985169048783,
    22.930839796889));
#290 = CARTESIAN_POINT('',(-6.344253016637,6.217384085018,
    23.534720545974));
#291 = CARTESIAN_POINT('',(-7.400139838431,1.748450846959,24.13860121685
    ));
#292 = CARTESIAN_POINT('',(7.6,-0.243207705257,-24.13860121714));
#293 = CARTESIAN_POINT('',(7.746872760973,4.346420782643,-23.53472054619
    ));
#294 = CARTESIAN_POINT('',(4.846040338967,9.033583809089,-22.93083979753
    ));
#295 = CARTESIAN_POINT('',(-1.185460862873,11.568586001296,
    -22.32695933484));
#296 = CARTESIAN_POINT('',(-8.498639546552,9.635781226378,
    -21.72307817452));
#297 = CARTESIAN_POINT('',(-13.53689718756,2.667638276293,
    -21.11919824106));
#298 = CARTESIAN_POINT('',(-12.17188222377,-6.496857489918,
    -20.51531669604));
#299 = CARTESIAN_POINT('',(-5.321616980737,-11.69425282076,
    -19.91143675455));
#300 = CARTESIAN_POINT('',(2.237390898377,-11.41190524746,
    -19.30755560461));
#301 = CARTESIAN_POINT('',(7.26831637218,-7.229199140701,-18.70367513449
    ));
#302 = CARTESIAN_POINT('',(8.677268540781,-1.900111040093,
    -18.09979438921));
#303 = CARTESIAN_POINT('',(5.721193206163,6.795098196798,-16.89203304537
    ));
#304 = CARTESIAN_POINT('',(1.356162599153,10.16122858655,-16.28815230024
    ));
#305 = CARTESIAN_POINT('',(-5.1816410692,10.410960345858,-15.684271829)
  );
#306 = CARTESIAN_POINT('',(-11.34646802272,6.027670989767,
    -15.08039068307));
#307 = CARTESIAN_POINT('',(-13.60956459789,-2.267957377604,
    -14.47651073257));
#308 = CARTESIAN_POINT('',(-9.106080092342,-10.3654801902,-13.8726292015
    ));
#309 = CARTESIAN_POINT('',(-0.86477047479,-12.81902212961,
    -13.26874925268));
#310 = CARTESIAN_POINT('',(6.111100558406,-9.894036050023,
    -12.66486810451));
#311 = CARTESIAN_POINT('',(9.347784806448,-4.208166145949,
    -12.06098763494));
#312 = CARTESIAN_POINT('',(8.790773784302,1.275816432745,-11.457106889)
  );
#313 = CARTESIAN_POINT('',(2.963236730627,8.374045574294,-10.24934554567
    ));
#314 = CARTESIAN_POINT('',(-2.307295460782,9.988299707793,
    -9.645464798613));
#315 = CARTESIAN_POINT('',(-8.514603661147,7.920796929887,
    -9.041584333417));
#316 = CARTESIAN_POINT('',(-12.74201959908,1.648056598678,
    -8.437703175239));
#317 = CARTESIAN_POINT('',(-11.94029294145,-6.913268687259,
    -7.83382324243));
#318 = CARTESIAN_POINT('',(-4.874756695077,-12.9073863027,-7.22994169249
    ));
#319 = CARTESIAN_POINT('',(3.70276123298,-12.30303684709,-6.62606175866)
  );
#320 = CARTESIAN_POINT('',(9.202627600026,-7.109792166516,
    -6.022180601722));
#321 = CARTESIAN_POINT('',(10.230795296083,-0.648514225184,
    -5.418300135774));
#322 = CARTESIAN_POINT('',(7.779115007447,4.28844738795,-4.814419388913)
  );
#323 = CARTESIAN_POINT('',(-0.173995498332,8.881167534086,-3.60665804568
    ));
#324 = CARTESIAN_POINT('',(-5.675434145477,8.536930985683,
    -3.002777298853));
#325 = CARTESIAN_POINT('',(-10.75775027551,4.4168210875,-2.3988968326));
#326 = CARTESIAN_POINT('',(-12.50667243085,-2.942498725062,
    -1.795015676815));
#327 = CARTESIAN_POINT('',(-8.742738516799,-10.67372487207,
    -1.191135740355));
#328 = CARTESIAN_POINT('',(-1.949496210345E-02,-13.79722776499,
    -0.587254194449));
#329 = CARTESIAN_POINT('',(7.796362685214,-10.21233985279,
    1.662574267765E-02));
#330 = CARTESIAN_POINT('',(11.116275908442,-3.415539390106,
    0.620506897628));
#331 = CARTESIAN_POINT('',(9.804328026238,2.99414345784,1.224387364438)
  );
#332 = CARTESIAN_POINT('',(5.771778201448,6.752183920114,1.82826811105)
  );
#333 = CARTESIAN_POINT('',(-3.288957392583,8.25155563953,3.036029454355)
  );
#334 = CARTESIAN_POINT('',(-8.317152783711,5.992888532714,3.63991020101)
  );
#335 = CARTESIAN_POINT('',(-11.62397219116,0.347519791891,4.243790667697
    ));
#336 = CARTESIAN_POINT('',(-10.67054947373,-7.156432629253,
    4.847671822797));
#337 = CARTESIAN_POINT('',(-4.42616828658,-13.06801108466,5.45155175992)
  );
#338 = CARTESIAN_POINT('',(4.838262004941,-12.92111043305,6.055433305535
    ));
#339 = CARTESIAN_POINT('',(10.892078513004,-6.81452728071,6.659313242517
    ));
#340 = CARTESIAN_POINT('',(11.607110481032,0.715881050003,7.263194397786
    ));
#341 = CARTESIAN_POINT('',(8.122968137284,6.253569519274,7.867074864366)
  );
#342 = CARTESIAN_POINT('',(3.02568991302,8.351683174555,8.47095561106));
#343 = CARTESIAN_POINT('',(-5.982953327201,6.565796272126,9.678716954357
    ));
#344 = CARTESIAN_POINT('',(-9.894327925166,2.681793858895,
    10.282597700921));
#345 = CARTESIAN_POINT('',(-11.00239842467,-3.766261861602,
    10.886478168082));
#346 = CARTESIAN_POINT('',(-7.46866297364,-10.45438795205,
    11.490359321815));
#347 = CARTESIAN_POINT('',(0.456923778666,-13.78967367354,
    12.094239261624));
#348 = CARTESIAN_POINT('',(9.076751720521,-10.39117184491,
    12.698120803443));
#349 = CARTESIAN_POINT('',(12.593676467209,-2.544497869118,
    13.302000744339));
#350 = CARTESIAN_POINT('',(10.61230756502,4.755673195481,13.90588189667)
  );
#351 = CARTESIAN_POINT('',(5.401919170729,8.712577825755,14.50976236483)
  );
#352 = CARTESIAN_POINT('',(-0.107667745493,8.882219258302,
    15.113643110942));
#353 = CARTESIAN_POINT('',(-7.911168685158,4.039656079359,
    16.321404454498));
#354 = CARTESIAN_POINT('',(-10.20509102361,-0.972553643101,
    16.925285200325));
#355 = CARTESIAN_POINT('',(-8.972586527582,-7.397985570404,
    17.529165669268));
#356 = CARTESIAN_POINT('',(-3.31083436164,-12.41424705433,18.13304682061
    ));
#357 = CARTESIAN_POINT('',(5.281532461256,-12.74634434728,
    18.736926761732));
#358 = CARTESIAN_POINT('',(12.153474028182,-6.53122829961,19.34080830492
    ));
#359 = CARTESIAN_POINT('',(12.683362663392,2.051211340029,19.94468824214
    ));
#360 = CARTESIAN_POINT('',(8.259195704947,8.186768941257,20.548569398362
    ));
#361 = CARTESIAN_POINT('',(1.989458363235,10.056430704304,
    21.152449864073));
#362 = CARTESIAN_POINT('',(-3.227244606642,8.275886873771,
    21.756330611099));
#363 = CARTESIAN_POINT('',(-8.826803969767,0.996465193673,
    22.964091954388));
#364 = CARTESIAN_POINT('',(-9.209666348214,-4.50242036545,
    23.567972700746));
#365 = CARTESIAN_POINT('',(-5.794339716219,-10.08281343426,
    24.171853168056));
#366 = CARTESIAN_POINT('',(1.270760323345,-12.78516023587,
    24.775734323189));
#367 = CARTESIAN_POINT('',(9.430138050111,-10.0715627299,25.37961425766)
  );
#368 = CARTESIAN_POINT('',(13.674627729734,-1.835328412067,
    25.983495809714));
#369 = CARTESIAN_POINT('',(11.149657830225,6.384378336956,
    26.587375737927));
#370 = CARTESIAN_POINT('',(4.848958489786,10.570009505666,
    27.191256901142));
#371 = CARTESIAN_POINT('',(-1.677640661144,10.113123399173,
    27.795137362675));
#372 = CARTESIAN_POINT('',(-5.933754358933,6.610292770793,
    28.399018111656));
#373 = CARTESIAN_POINT('',(-7.273208977003,2.218012885462,
    29.002898782552));
#374 = DEFINITIONAL_REPRESENTATION('',(#375),#378);
#375 = B_SPLINE_CURVE_WITH_KNOTS('',1,(#376,#377),.UNSPECIFIED.,.F.,.F.,
  (2,2),(0.,75.154538298989),.PIECEWISE_BEZIER_KNOTS.);
#376 = CARTESIAN_POINT('',(-4.888557124478,0.));
#377 = CARTESIAN_POINT('',(-4.888557124478,75.154538298989));
#378 = ( GEOMETRIC_REPRESENTATION_CONTEXT(2) 
PARAMETRIC_REPRESENTATION_CONTEXT() REPRESENTATION_CONTEXT('2D SPACE',''
  ) );
#379 = PCURVE('',#380,#545);
#380 = B_SPLINE_SURFACE_WITH_KNOTS('',1,11,(
    (#381,#382,#383,#384,#385,#386,#387,#388,#389,#390,#391,#392,#393
      ,#394,#395,#396,#397,#398,#399,#400,#401,#402,#403,#404,#405,#406
      ,#407,#408,#409,#410,#411,#412,#413,#414,#415,#416,#417,#418,#419
      ,#420,#421,#422,#423,#424,#425,#426,#427,#428,#429,#430,#431,#432
      ,#433,#434,#435,#436,#437,#438,#439,#440,#441,#442,#443,#444,#445
      ,#446,#447,#448,#449,#450,#451,#452,#453,#454,#455,#456,#457,#458
      ,#459,#460,#461,#462)
    ,(#463,#464,#465,#466,#467,#468,#469,#470,#471,#472,#473,#474,#475
      ,#476,#477,#478,#479,#480,#481,#482,#483,#484,#485,#486,#487,#488
      ,#489,#490,#491,#492,#493,#494,#495,#496,#497,#498,#499,#500,#501
      ,#502,#503,#504,#505,#506,#507,#508,#509,#510,#511,#512,#513,#514
      ,#515,#516,#517,#518,#519,#520,#521,#522,#523,#524,#525,#526,#527
      ,#528,#529,#530,#531,#532,#533,#534,#535,#536,#537,#538,#539,#540
      ,#541,#542,#543,#544
    )),.UNSPECIFIED.,.F.,.F.,.F.,(2,2),(12,10,10,10,10,10,10,10,12),(
    -4.682382198894,-0.),(0.,9.394317287374,18.788634574747,
    28.182951862121,37.577269149495,46.971586436868,56.365903724242,
    65.760221011616,75.154538298989),.UNSPECIFIED.);
#381 = CARTESIAN_POINT('',(12.,8.386023397E-02,-27.40937707295));
#382 = CARTESIAN_POINT('',(11.949356933056,7.330642186672,
    -26.80549638209));
#383 = CARTESIAN_POINT('',(7.086547469887,14.543801762042,-26.2016157559
    ));
#384 = CARTESIAN_POINT('',(-2.580905903587,18.170518223296,
    -25.59773489167));
#385 = CARTESIAN_POINT('',(-13.99477121276,14.672764486934,
    -24.99385460831));
#386 = CARTESIAN_POINT('',(-21.51146534357,3.374307866197,
    -24.38997330309));
#387 = CARTESIAN_POINT('',(-18.79525439732,-10.99397621557,
    -23.78609334063));
#388 = CARTESIAN_POINT('',(-7.672893857665,-18.76886614077,
    -23.1822120416));
#389 = CARTESIAN_POINT('',(4.230142499041,-17.85874302275,-22.5783317502
    ));
#390 = CARTESIAN_POINT('',(11.906574316494,-10.95330147007,
    -21.97445089176));
#391 = CARTESIAN_POINT('',(13.800728459492,-2.462791073823,
    -21.37057026291));
#392 = CARTESIAN_POINT('',(8.6043104434,11.067578225178,-20.16280888275)
  );
#393 = CARTESIAN_POINT('',(1.513733426615,16.107449700561,
    -19.55892825376));
#394 = CARTESIAN_POINT('',(-8.811607201899,16.099204524873,
    -18.95504739624));
#395 = CARTESIAN_POINT('',(-18.26384064161,8.807710480324,
    -18.35116710165));
#396 = CARTESIAN_POINT('',(-21.32252717528,-4.413494056231,
    -17.7472858097));
#397 = CARTESIAN_POINT('',(-13.72262880225,-16.90616927619,
    -17.14340583637));
#398 = CARTESIAN_POINT('',(-0.575367980754,-20.26851223054,
    -16.53952454307));
#399 = CARTESIAN_POINT('',(10.245555538914,-15.2268644054,
    -15.93564425027));
#400 = CARTESIAN_POINT('',(15.000061786304,-6.061309384803,
    -15.33176339142));
#401 = CARTESIAN_POINT('',(13.784406991804,2.552561413212,
    -14.72788276307));
#402 = CARTESIAN_POINT('',(4.157966074398,13.387933526244,
    -13.52012138251));
#403 = CARTESIAN_POINT('',(-4.252829021727,15.609444898846,
    -12.91624075504));
#404 = CARTESIAN_POINT('',(-13.91447792976,11.967293417461,
    -12.31235989278));
#405 = CARTESIAN_POINT('',(-20.1952527923,1.815324661745,-11.70847960778
    ));
#406 = CARTESIAN_POINT('',(-18.40443898739,-11.63639636386,
    -11.10459830198));
#407 = CARTESIAN_POINT('',(-6.893592618892,-20.65447849151,
    -10.50071834343));
#408 = CARTESIAN_POINT('',(6.595801398486,-19.17391562082,
    -9.896837038388));
#409 = CARTESIAN_POINT('',(14.949601599241,-10.64604245429,
    -9.292956752474));
#410 = CARTESIAN_POINT('',(16.173635237529,-0.393507637724,
    -8.689075890764));
#411 = CARTESIAN_POINT('',(12.003767710084,7.241202016611,
    -8.085195263151));
#412 = CARTESIAN_POINT('',(-0.820571926234,13.994717135151,
    -6.877433882513));
#413 = CARTESIAN_POINT('',(-9.475055974453,13.113528854588,
    -6.273553254854));
#414 = CARTESIAN_POINT('',(-17.23638257928,6.30364365907,-5.669672393441
    ));
#415 = CARTESIAN_POINT('',(-19.54179899097,-5.409411349807,
    -5.065792106532));
#416 = CARTESIAN_POINT('',(-13.1306978119,-17.36991277418,
    -4.461910803625));
#417 = CARTESIAN_POINT('',(0.817780273937,-21.75914374121,
    -3.858030841898));
#418 = CARTESIAN_POINT('',(12.922749481652,-15.62517782819,
    -3.25414953943));
#419 = CARTESIAN_POINT('',(17.740192230071,-4.702593705324,
    -2.65026925197));
#420 = CARTESIAN_POINT('',(15.27708461383,5.324660623701,-2.046388390928
    ));
#421 = CARTESIAN_POINT('',(8.686721296801,11.003014086835,
    -1.442507763121));
#422 = CARTESIAN_POINT('',(-5.694081856531,12.810264548008,
    -0.23474638254));
#423 = CARTESIAN_POINT('',(-13.48453506979,8.939163198557,0.369134245252
    ));
#424 = CARTESIAN_POINT('',(-18.35213814633,-0.166833031117,
    0.973015106331));
#425 = CARTESIAN_POINT('',(-16.38711723734,-11.94177656803,
    1.576895393765));
#426 = CARTESIAN_POINT('',(-6.176309505014,-20.88018907262,
    2.180776696166));
#427 = CARTESIAN_POINT('',(8.424482409846,-20.07877478972,2.784656658111
    ));
#428 = CARTESIAN_POINT('',(17.595666519096,-10.07651507597,
    3.388537960697));
#429 = CARTESIAN_POINT('',(18.260149296565,1.842757602714,3.992418247906
    ));
#430 = CARTESIAN_POINT('',(12.425162783638,10.361305654072,
    4.596299109127));
#431 = CARTESIAN_POINT('',(4.257828930387,13.356509225196,5.200179736871
    ));
#432 = CARTESIAN_POINT('',(-9.838784950197,9.986178282134,6.407941117456
    ));
#433 = CARTESIAN_POINT('',(-15.76807808012,3.620640606105,7.011821745333
    ));
#434 = CARTESIAN_POINT('',(-17.11893490223,-6.615956137693,7.615702606)
  );
#435 = CARTESIAN_POINT('',(-11.13498704957,-16.94566913247,
    8.219582894582));
#436 = CARTESIAN_POINT('',(1.568607759331,-21.71793186599,8.823464194778
    ));
#437 = CARTESIAN_POINT('',(14.952903528529,-15.82844834357,
    9.427344159796));
#438 = CARTESIAN_POINT('',(20.016448378938,-3.238121466819,
    10.031225459238));
#439 = CARTESIAN_POINT('',(16.442921548963,8.152247472466,
    10.635105748798));
#440 = CARTESIAN_POINT('',(7.982897890092,14.07176841514,11.238986608757
    ));
#441 = CARTESIAN_POINT('',(-0.716038888054,14.0004547853,11.842867236965
    ));
#442 = CARTESIAN_POINT('',(-12.72418515422,5.883923702675,
    13.050628617346));
#443 = CARTESIAN_POINT('',(-16.03340579351,-2.161301321048,
    13.65450924579));
#444 = CARTESIAN_POINT('',(-13.69461514335,-12.21827827021,
    14.258390105104));
#445 = CARTESIAN_POINT('',(-4.457648216604,-19.78062211608,
    14.862270395461));
#446 = CARTESIAN_POINT('',(9.11275304839,-19.77591531927,15.466151694779
    ));
#447 = CARTESIAN_POINT('',(19.56744659113,-9.55217958562,16.070031658553
    ));
#448 = CARTESIAN_POINT('',(19.875250134718,4.014731422857,
    16.673912961029));
#449 = CARTESIAN_POINT('',(12.521102764869,13.418300692343,
    17.277793247429));
#450 = CARTESIAN_POINT('',(2.518872033861,15.981132898997,17.88167410937
    ));
#451 = CARTESIAN_POINT('',(-5.598258210702,12.852429765969,
    18.485554736838));
#452 = CARTESIAN_POINT('',(-13.98096930313,1.028563718654,
    19.693316117435));
#453 = CARTESIAN_POINT('',(-14.24655792332,-7.666610207683,
    20.297196745454));
#454 = CARTESIAN_POINT('',(-8.517470365081,-16.25673726143,
    20.901077606066));
#455 = CARTESIAN_POINT('',(2.790241686615,-20.08377928279,
    21.504957893419));
#456 = CARTESIAN_POINT('',(15.49052298622,-15.30270539445,
    22.108839198003));
#457 = CARTESIAN_POINT('',(21.677478969527,-2.053291631146,
    22.712719154748));
#458 = CARTESIAN_POINT('',(17.190144277822,10.753723819868,
    23.316600464387));
#459 = CARTESIAN_POINT('',(6.996661200911,16.966895412986,
    23.920480745198));
#460 = CARTESIAN_POINT('',(-3.267553676653,15.84501240261,
    24.524361610502));
#461 = CARTESIAN_POINT('',(-9.763935523441,10.059374183884,
    25.128242236379));
#462 = CARTESIAN_POINT('',(-11.60610620809,3.050464100378,
    25.732122927296));
#463 = CARTESIAN_POINT('',(7.6,0.243207705257,-29.00289878285));
#464 = CARTESIAN_POINT('',(7.45312723903,4.832836193334,-28.39901811188)
  );
#465 = CARTESIAN_POINT('',(4.258548934235,9.324939895933,-27.79513736331
    ));
#466 = CARTESIAN_POINT('',(-1.922690787745,11.469122003301,
    -27.19125690037));
#467 = CARTESIAN_POINT('',(-9.097329826312,9.072692351264,
    -26.58737574048));
#468 = CARTESIAN_POINT('',(-13.6797596211,1.796677693617,-25.98349580653
    ));
#469 = CARTESIAN_POINT('',(-11.73159166035,-7.261792925235,
    -25.37961426186));
#470 = CARTESIAN_POINT('',(-4.563038415825,-12.01057178263,
    -24.77573432025));
#471 = CARTESIAN_POINT('',(2.962450923081,-11.24550505874,
    -24.17185317028));
#472 = CARTESIAN_POINT('',(7.715655243873,-6.74969684894,-23.56797270021
    ));
#473 = CARTESIAN_POINT('',(8.78100109432,-1.341428713779,-22.96409195491
    ));
#474 = CARTESIAN_POINT('',(5.275032300217,7.146988563822,-21.75633061107
    ));
#475 = CARTESIAN_POINT('',(0.703713892894,10.227146712083,
    -21.15244986597));
#476 = CARTESIAN_POINT('',(-5.836680097508,10.058362930998,
    -20.54856939465));
#477 = CARTESIAN_POINT('',(-11.70864138427,5.289884048441,
    -19.94468824882));
#478 = CARTESIAN_POINT('',(-13.43671342253,-3.133465599866,
    -19.34080829827));
#479 = CARTESIAN_POINT('',(-8.424715827987,-10.92648353615,
    -18.73692676712));
#480 = CARTESIAN_POINT('',(-4.33969268901E-02,-12.84808432548,
    -18.1330468185));
#481 = CARTESIAN_POINT('',(6.731187529849,-9.483069859141,
    -17.52916567013));
#482 = CARTESIAN_POINT('',(9.597714574643,-3.601890939386,
    -16.92528520067));
#483 = CARTESIAN_POINT('',(8.691216249322,1.835257833943,-16.3214044547)
  );
#484 = CARTESIAN_POINT('',(2.421766246076,8.546371133634,-15.11364311137
    ));
#485 = CARTESIAN_POINT('',(-2.941192125842,9.820342762657,
    -14.50976236436));
#486 = CARTESIAN_POINT('',(-9.003610879555,7.360196365216,-13.905881899)
  );
#487 = CARTESIAN_POINT('',(-12.82132014672,0.830003692842,
    -13.30200074108));
#488 = CARTESIAN_POINT('',(-11.47385199551,-7.662544903079,
    -12.69812080804));
#489 = CARTESIAN_POINT('',(-4.039529113967,-13.19265265272,
    -12.09423925815));
#490 = CARTESIAN_POINT('',(4.481799102891,-12.04112249098,
    -11.49035932447));
#491 = CARTESIAN_POINT('',(9.638374263692,-6.506861076676,
    -10.88647816732));
#492 = CARTESIAN_POINT('',(10.251326514974,6.934465462599E-03,
    -10.28259770151));
#493 = CARTESIAN_POINT('',(7.489010125573,4.777042866378,-9.67871695461)
  );
#494 = CARTESIAN_POINT('',(-0.74147072925,8.851871692597,-8.470955611378
    ));
#495 = CARTESIAN_POINT('',(-6.209643960714,8.156596409094,
    -7.867074864596));
#496 = CARTESIAN_POINT('',(-11.01813582968,3.719970731727,-7.2631943982)
  );
#497 = CARTESIAN_POINT('',(-12.29295017552,-3.736111935116,
    -6.659313242644));
#498 = CARTESIAN_POINT('',(-8.042409340681,-11.21086642767,
    -6.055433305991));
#499 = CARTESIAN_POINT('',(0.862692050192,-13.77024480011,
    -5.451551760104));
#500 = CARTESIAN_POINT('',(8.433352895203,-9.692972351355,
    -4.847671823137));
#501 = CARTESIAN_POINT('',(11.311909423698,-2.697814802542,
    -4.24379066798));
#502 = CARTESIAN_POINT('',(9.592832826949,3.614872301385,-3.639910201303
    ));
#503 = CARTESIAN_POINT('',(5.32825758185,7.10739631301,-3.036029454648)
  );
#504 = CARTESIAN_POINT('',(-3.809804092333,8.024388081471,
    -1.828268111343));
#505 = CARTESIAN_POINT('',(-8.683300236858,5.448856769776,-1.22438736473
    ));
#506 = CARTESIAN_POINT('',(-11.62240835898,-0.396387870624,
    -0.620506897913));
#507 = CARTESIAN_POINT('',(-10.19115952823,-7.824028621725,
    -1.662574301499E-02));
#508 = CARTESIAN_POINT('',(-3.581588628888,-13.32426722045,
    0.587254194262));
#509 = CARTESIAN_POINT('',(5.654494030638,-12.58533180676,1.191135739901
    ));
#510 = CARTESIAN_POINT('',(11.305490304618,-6.104182420909,
    1.795015676687));
#511 = CARTESIAN_POINT('',(11.53759098189,1.456534879213,2.398896832186)
  );
#512 = CARTESIAN_POINT('',(7.706516581671,6.760129109573,3.002777298623)
  );
#513 = CARTESIAN_POINT('',(2.485521418845,8.528047518923,3.606658045362)
  );
#514 = CARTESIAN_POINT('',(-6.390506378321,6.16983302307,4.814419388659)
  );
#515 = CARTESIAN_POINT('',(-10.04554843426,2.04369756997,5.41830013518)
  );
#516 = CARTESIAN_POINT('',(-10.73908536617,-4.462011306759,6.02218060248
    ));
#517 = CARTESIAN_POINT('',(-6.784964251876,-10.91051861721,
    6.626061755984));
#518 = CARTESIAN_POINT('',(1.337653010584,-13.73224521088,7.229941695998
    ));
#519 = CARTESIAN_POINT('',(9.722556166736,-9.789575116091,7.833823237768
    ));
#520 = CARTESIAN_POINT('',(12.730595720983,-1.734095349994,
    8.437703178545));
#521 = CARTESIAN_POINT('',(10.28653311092,5.424457214271,9.041584331049)
  );
#522 = CARTESIAN_POINT('',(4.833814451746,9.040131705066,9.645464799094)
  );
#523 = CARTESIAN_POINT('',(-0.675345928205,8.8571620222,10.249345545244)
  );
#524 = CARTESIAN_POINT('',(-8.153263847949,3.525577956504,
    11.457106888798));
#525 = CARTESIAN_POINT('',(-10.12202931057,-1.623042126282,
    12.060987634598));
#526 = CARTESIAN_POINT('',(-8.481226665419,-7.956525225331,
    12.664868103622));
#527 = CARTESIAN_POINT('',(-2.510336020152,-12.60053052175,
    13.268749254866));
#528 = CARTESIAN_POINT('',(6.085683435834,-12.38258176792,
    13.872629195987));
#529 = CARTESIAN_POINT('',(12.54619197282,-5.740814088393,
    14.476510739367));
#530 = CARTESIAN_POINT('',(12.526264566807,2.857945073679,
    15.080390676254));
#531 = CARTESIAN_POINT('',(7.718863390397,8.698082977633,15.684271832791
    ));
#532 = CARTESIAN_POINT('',(1.34241432745,10.163054028045,16.28815229832)
  );
#533 = CARTESIAN_POINT('',(-3.749773223456,8.052615226163,
    16.892033045403));
#534 = CARTESIAN_POINT('',(-8.872454578986,0.430070979372,
    18.099794388687));
#535 = CARTESIAN_POINT('',(-8.902953791498,-5.082042590212,
    18.703675135021));
#536 = CARTESIAN_POINT('',(-5.13782403939,-10.43265371592,
    19.307555602399));
#537 = CARTESIAN_POINT('',(2.085599511367,-12.677753392,19.911436757474)
  );
#538 = CARTESIAN_POINT('',(10.054784470657,-9.448025363736,
    20.515316691856));
#539 = CARTESIAN_POINT('',(13.763993739698,-0.957264791104,
    21.119198244244));
#540 = CARTESIAN_POINT('',(10.71864995159,7.084186416015,21.723078171957
    ));
#541 = CARTESIAN_POINT('',(4.163227472154,10.858408564587,
    22.326959335631));
#542 = CARTESIAN_POINT('',(-2.320806429047,9.985169048783,22.93083979689
    ));
#543 = CARTESIAN_POINT('',(-6.344253016636,6.217384085018,
    23.534720545974));
#544 = CARTESIAN_POINT('',(-7.400139838431,1.748450846959,24.13860121685
    ));
#545 = DEFINITIONAL_REPRESENTATION('',(#546),#550);
#546 = LINE('',#547,#548);
#547 = CARTESIAN_POINT('',(-0.,0.));
#548 = VECTOR('',#549,1.);
#549 = DIRECTION('',(0.,1.));
#550 = ( GEOMETRIC_REPRESENTATION_CONTEXT(2) 
PARAMETRIC_REPRESENTATION_CONTEXT() REPRESENTATION_CONTEXT('2D SPACE',''
  ) );
#551 = ORIENTED_EDGE('',*,*,#552,.F.);
#552 = EDGE_CURVE('',#553,#120,#555,.T.);
#553 = VERTEX_POINT('',#554);
#554 = CARTESIAN_POINT('',(7.6,-0.157070367457,-25.));
#555 = SURFACE_CURVE('',#556,(#643,#733),.PCURVE_S1.);
#556 = B_SPLINE_CURVE_WITH_KNOTS('',8,(#557,#558,#559,#560,#561,#562,
    #563,#564,#565,#566,#567,#568,#569,#570,#571,#572,#573,#574,#575,
    #576,#577,#578,#579,#580,#581,#582,#583,#584,#585,#586,#587,#588,
    #589,#590,#591,#592,#593,#594,#595,#596,#597,#598,#599,#600,#601,
    #602,#603,#604,#605,#606,#607,#608,#609,#610,#611,#612,#613,#614,
    #615,#616,#617,#618,#619,#620,#621,#622,#623,#624,#625,#626,#627,
    #628,#629,#630,#631,#632,#633,#634,#635,#636,#637,#638,#639,#640,
    #641,#642),.UNSPECIFIED.,.F.,.F.,(9,7,7,7,7,7,7,7,7,7,7,7,9),(0.,
    7.292290428738E-02,0.115459549695,0.144626902576,0.172578454229,
    0.303816348421,0.501842880608,0.699880977837,0.718111139853,
    0.737556957272,0.774018795477,0.854239128923,1.),.UNSPECIFIED.);
#557 = CARTESIAN_POINT('',(7.6,-0.157070367457,-25.));
#558 = CARTESIAN_POINT('',(7.605730215035,0.123839544676,-25.));
#559 = CARTESIAN_POINT('',(7.599600354419,0.404994870861,-25.));
#560 = CARTESIAN_POINT('',(7.581595876616,0.685806158369,-25.));
#561 = CARTESIAN_POINT('',(7.551737613725,0.965687740486,-25.));
#562 = CARTESIAN_POINT('',(7.510081549049,1.244057981625,-25.));
#563 = CARTESIAN_POINT('',(7.456718594676,1.520339522454,-25.));
#564 = CARTESIAN_POINT('',(7.391774369051,1.793959524998,-25.));
#565 = CARTESIAN_POINT('',(7.270864290835,2.222071286267,-25.));
#566 = CARTESIAN_POINT('',(7.222433211154,2.378695260278,-25.));
#567 = CARTESIAN_POINT('',(7.170147417086,2.534109769271,-25.));
#568 = CARTESIAN_POINT('',(7.114042344478,2.688204164384,-25.));
#569 = CARTESIAN_POINT('',(7.054157183442,2.840869218423,-25.));
#570 = CARTESIAN_POINT('',(6.990534878362,2.991997125865,-25.));
#571 = CARTESIAN_POINT('',(6.923222127886,3.141481502854,-25.));
#572 = CARTESIAN_POINT('',(6.80361713058,3.390519796714,-25.));
#573 = CARTESIAN_POINT('',(6.753253342737,3.491000238829,-25.));
#574 = CARTESIAN_POINT('',(6.701194262213,3.590624933974,-25.));
#575 = CARTESIAN_POINT('',(6.647456902551,3.68936053246,-25.));
#576 = CARTESIAN_POINT('',(6.59205905002,3.787174114486,-25.));
#577 = CARTESIAN_POINT('',(6.535019263622,3.884033190144,-25.));
#578 = CARTESIAN_POINT('',(6.476356875085,3.979905699414,-25.));
#579 = CARTESIAN_POINT('',(6.358339162047,4.165660452569,-25.));
#580 = CARTESIAN_POINT('',(6.299114613291,4.255625867551,-25.));
#581 = CARTESIAN_POINT('',(6.238436035735,4.344628424423,-25.));
#582 = CARTESIAN_POINT('',(6.176321727783,4.432640725341,-25.));
#583 = CARTESIAN_POINT('',(6.112790593106,4.519635807306,-25.));
#584 = CARTESIAN_POINT('',(6.047862140647,4.60558714216,-25.));
#585 = CARTESIAN_POINT('',(5.98155648462,4.690468636591,-25.));
#586 = CARTESIAN_POINT('',(5.596207623736,5.167645945549,-25.));
#587 = CARTESIAN_POINT('',(5.248574602174,5.536940007994,-25.));
#588 = CARTESIAN_POINT('',(4.873187051245,5.879395838557,-25.));
#589 = CARTESIAN_POINT('',(4.47248730263,6.192600891367,-25.));
#590 = CARTESIAN_POINT('',(4.049130751053,6.474428257449,-25.));
#591 = CARTESIAN_POINT('',(3.605970580488,6.723024653004,-25.));
#592 = CARTESIAN_POINT('',(3.146064713782,6.936829194117,-25.));
#593 = CARTESIAN_POINT('',(1.958446455365,7.382898235423,-25.));
#594 = CARTESIAN_POINT('',(1.212928169205,7.569419581801,-25.));
#595 = CARTESIAN_POINT('',(0.447800303969,7.669588605239,-25.));
#596 = CARTESIAN_POINT('',(-0.325235757054,7.681345812875,-25.));
#597 = CARTESIAN_POINT('',(-1.09451236349,7.604292955557,-25.));
#598 = CARTESIAN_POINT('',(-1.848437450364,7.439815618684,-25.));
#599 = CARTESIAN_POINT('',(-2.575525777105,7.190955996916,-25.));
#600 = CARTESIAN_POINT('',(-3.953629978286,6.535583365669,-25.));
#601 = CARTESIAN_POINT('',(-4.60557834094,6.12861558072,-25.));
#602 = CARTESIAN_POINT('',(-5.209003128089,5.647568290006,-25.));
#603 = CARTESIAN_POINT('',(-5.754295378605,5.099432468831,-25.));
#604 = CARTESIAN_POINT('',(-6.233064925843,4.492327529779,-25.));
#605 = CARTESIAN_POINT('',(-6.638258890301,3.835557584648,-25.));
#606 = CARTESIAN_POINT('',(-6.964091928531,3.139500778971,-25.));
#607 = CARTESIAN_POINT('',(-7.229120394639,2.349504669658,-25.));
#608 = CARTESIAN_POINT('',(-7.25075759794,2.282676663028,-25.));
#609 = CARTESIAN_POINT('',(-7.271688733962,2.21562141575,-25.));
#610 = CARTESIAN_POINT('',(-7.291911026884,2.148347634139,-25.));
#611 = CARTESIAN_POINT('',(-7.311421830518,2.080864062617,-25.));
#612 = CARTESIAN_POINT('',(-7.330218628311,2.013179483717,-25.));
#613 = CARTESIAN_POINT('',(-7.348299033344,1.945302718076,-25.));
#614 = CARTESIAN_POINT('',(-7.384180290095,1.804644029146,-25.));
#615 = CARTESIAN_POINT('',(-7.401882103883,1.731836831643,-25.));
#616 = CARTESIAN_POINT('',(-7.418763490071,1.658831784613,-25.));
#617 = CARTESIAN_POINT('',(-7.434821880107,1.585639677105,-25.));
#618 = CARTESIAN_POINT('',(-7.450054876519,1.512271334537,-25.));
#619 = CARTESIAN_POINT('',(-7.46446025291,1.438737618698,-25.));
#620 = CARTESIAN_POINT('',(-7.47803595396,1.365049427745,-25.));
#621 = CARTESIAN_POINT('',(-7.514675970523,1.152779666494,-25.));
#622 = CARTESIAN_POINT('',(-7.53564826345,1.013836841676,-25.));
#623 = CARTESIAN_POINT('',(-7.553684538499,0.874461428065,-25.));
#624 = CARTESIAN_POINT('',(-7.568774511949,0.734725839452,-25.));
#625 = CARTESIAN_POINT('',(-7.580910052059,0.594702697111,-25.));
#626 = CARTESIAN_POINT('',(-7.590085179078,0.454464829799,-25.));
#627 = CARTESIAN_POINT('',(-7.596296065234,0.314085273752,-25.));
#628 = CARTESIAN_POINT('',(-7.606680349407,-0.135364852043,-25.));
#629 = CARTESIAN_POINT('',(-7.599463256818,-0.444704659508,-25.));
#630 = CARTESIAN_POINT('',(-7.577870887152,-0.753595479681,-25.));
#631 = CARTESIAN_POINT('',(-7.541937308771,-1.061257502046,-25.));
#632 = CARTESIAN_POINT('',(-7.491746427003,-1.366917648257,-25.));
#633 = CARTESIAN_POINT('',(-7.427430916768,-1.669809730209,-25.));
#634 = CARTESIAN_POINT('',(-7.349173189048,-1.969174893529,-25.));
#635 = CARTESIAN_POINT('',(-7.090107751404,-2.800438180407,-25.));
#636 = CARTESIAN_POINT('',(-6.877713327398,-3.322617331813,-25.));
#637 = CARTESIAN_POINT('',(-6.621436325113,-3.826170594769,-25.));
#638 = CARTESIAN_POINT('',(-6.32323328641,-4.306816050037,-25.));
#639 = CARTESIAN_POINT('',(-5.985512809458,-4.760567764557,-25.));
#640 = CARTESIAN_POINT('',(-5.611100677263,-5.183724232278,-25.));
#641 = CARTESIAN_POINT('',(-5.203263394368,-5.572896556322,-25.));
#642 = CARTESIAN_POINT('',(-4.765790131692,-5.925076372477,-25.));
#643 = PCURVE('',#209,#644);
#644 = DEFINITIONAL_REPRESENTATION('',(#645),#732);
#645 = B_SPLINE_CURVE_WITH_KNOTS('',8,(#646,#647,#648,#649,#650,#651,
    #652,#653,#654,#655,#656,#657,#658,#659,#660,#661,#662,#663,#664,
    #665,#666,#667,#668,#669,#670,#671,#672,#673,#674,#675,#676,#677,
    #678,#679,#680,#681,#682,#683,#684,#685,#686,#687,#688,#689,#690,
    #691,#692,#693,#694,#695,#696,#697,#698,#699,#700,#701,#702,#703,
    #704,#705,#706,#707,#708,#709,#710,#711,#712,#713,#714,#715,#716,
    #717,#718,#719,#720,#721,#722,#723,#724,#725,#726,#727,#728,#729,
    #730,#731),.UNSPECIFIED.,.F.,.F.,(9,7,7,7,7,7,7,7,7,7,7,7,9),(0.,
    7.292290428738E-02,0.115459549695,0.144626902576,0.172578454229,
    0.303816348421,0.501842880608,0.699880977837,0.718111139853,
    0.737556957272,0.774018795477,0.854239128923,1.),.UNSPECIFIED.);
#646 = CARTESIAN_POINT('',(-0.86569481,0.));
#647 = CARTESIAN_POINT('',(-0.902357507892,5.15923452444E-02));
#648 = CARTESIAN_POINT('',(-0.939021065352,0.103185899671));
#649 = CARTESIAN_POINT('',(-0.975684813946,0.154779722775));
#650 = CARTESIAN_POINT('',(-1.012348692194,0.206373728138));
#651 = CARTESIAN_POINT('',(-1.049012937033,0.257968249251));
#652 = CARTESIAN_POINT('',(-1.085677775284,0.309563605351));
#653 = CARTESIAN_POINT('',(-1.122343115115,0.361159667244));
#654 = CARTESIAN_POINT('',(-1.180395363061,0.442851733679));
#655 = CARTESIAN_POINT('',(-1.201782591081,0.472948188406));
#656 = CARTESIAN_POINT('',(-1.223169913989,0.50304477666));
#657 = CARTESIAN_POINT('',(-1.244557324925,0.533141488794));
#658 = CARTESIAN_POINT('',(-1.265944817746,0.563238316165));
#659 = CARTESIAN_POINT('',(-1.287332387028,0.593335251142));
#660 = CARTESIAN_POINT('',(-1.308720028062,0.623432287101));
#661 = CARTESIAN_POINT('',(-1.344773276274,0.674167003778));
#662 = CARTESIAN_POINT('',(-1.359438854349,0.694804643536));
#663 = CARTESIAN_POINT('',(-1.37410447052,0.715442336909));
#664 = CARTESIAN_POINT('',(-1.388770124291,0.7360800832));
#665 = CARTESIAN_POINT('',(-1.403435815235,0.756717881806));
#666 = CARTESIAN_POINT('',(-1.418101542992,0.777355732221));
#667 = CARTESIAN_POINT('',(-1.43276730727,0.797993634034));
#668 = CARTESIAN_POINT('',(-1.461487584572,0.838409274973));
#669 = CARTESIAN_POINT('',(-1.475542097392,0.858187013812));
#670 = CARTESIAN_POINT('',(-1.489596646148,0.877964803224));
#671 = CARTESIAN_POINT('',(-1.503651230656,0.897742642952));
#672 = CARTESIAN_POINT('',(-1.51770585071,0.917520532704));
#673 = CARTESIAN_POINT('',(-1.531760506078,0.937298472155));
#674 = CARTESIAN_POINT('',(-1.545815196503,0.957076460942));
#675 = CARTESIAN_POINT('',(-1.625859551252,1.069716177867));
#676 = CARTESIAN_POINT('',(-1.691858617167,1.162591136145));
#677 = CARTESIAN_POINT('',(-1.757854672242,1.255461857561));
#678 = CARTESIAN_POINT('',(-1.823846709849,1.348326925539));
#679 = CARTESIAN_POINT('',(-1.889839440358,1.441192968562));
#680 = CARTESIAN_POINT('',(-1.955837554638,1.534066587684));
#681 = CARTESIAN_POINT('',(-2.021839974655,1.626946265873));
#682 = CARTESIAN_POINT('',(-2.18741345513,1.859943958585));
#683 = CARTESIAN_POINT('',(-2.287061024407,2.000169637517));
#684 = CARTESIAN_POINT('',(-2.386671355527,2.140342914226));
#685 = CARTESIAN_POINT('',(-2.486254583455,2.280478050859));
#686 = CARTESIAN_POINT('',(-2.585837316794,2.420612491483));
#687 = CARTESIAN_POINT('',(-2.685446245052,2.560783794074));
#688 = CARTESIAN_POINT('',(-2.785091768886,2.701006594594));
#689 = CARTESIAN_POINT('',(-2.984251851443,2.981267899497));
#690 = CARTESIAN_POINT('',(-3.083901629019,3.121496686046));
#691 = CARTESIAN_POINT('',(-3.183513176783,3.261671675023));
#692 = CARTESIAN_POINT('',(-3.283096856284,3.401807447365));
#693 = CARTESIAN_POINT('',(-3.38267929287,3.541941470652));
#694 = CARTESIAN_POINT('',(-3.482287054155,3.682111131257));
#695 = CARTESIAN_POINT('',(-3.581930303847,3.822330731689));
#696 = CARTESIAN_POINT('',(-3.690669825805,3.975350754256));
#697 = CARTESIAN_POINT('',(-3.69983591919,3.988249429837));
#698 = CARTESIAN_POINT('',(-3.709001993587,4.001148078698));
#699 = CARTESIAN_POINT('',(-3.718168048704,4.014046700427));
#700 = CARTESIAN_POINT('',(-3.727334084249,4.026945294614));
#701 = CARTESIAN_POINT('',(-3.736500099935,4.039843860855));
#702 = CARTESIAN_POINT('',(-3.745666095478,4.05274239875));
#703 = CARTESIAN_POINT('',(-3.764609267224,4.079399537897));
#704 = CARTESIAN_POINT('',(-3.774386441005,4.093158135739));
#705 = CARTESIAN_POINT('',(-3.784163591586,4.106916700935));
#706 = CARTESIAN_POINT('',(-3.793940718623,4.120675232999));
#707 = CARTESIAN_POINT('',(-3.803717821776,4.134433731453));
#708 = CARTESIAN_POINT('',(-3.813494900708,4.148192195821));
#709 = CARTESIAN_POINT('',(-3.823271955087,4.16195062564));
#710 = CARTESIAN_POINT('',(-3.851381382762,4.201506669092));
#711 = CARTESIAN_POINT('',(-3.869713699169,4.227304202672));
#712 = CARTESIAN_POINT('',(-3.888045930487,4.253101616514));
#713 = CARTESIAN_POINT('',(-3.906378073451,4.278898906019));
#714 = CARTESIAN_POINT('',(-3.924710124847,4.304696066668));
#715 = CARTESIAN_POINT('',(-3.943042081518,4.330493094017));
#716 = CARTESIAN_POINT('',(-3.96137394036,4.356289983698));
#717 = CARTESIAN_POINT('',(-4.020037722401,4.438842611156));
#718 = CARTESIAN_POINT('',(-4.060370034819,4.495598896644));
#719 = CARTESIAN_POINT('',(-4.100701533123,4.552354036493));
#720 = CARTESIAN_POINT('',(-4.141032120569,4.609107894565));
#721 = CARTESIAN_POINT('',(-4.18136220317,4.66586104221));
#722 = CARTESIAN_POINT('',(-4.221692186998,4.72261405086));
#723 = CARTESIAN_POINT('',(-4.262021975745,4.779366784989));
#724 = CARTESIAN_POINT('',(-4.375627603975,4.93923447126));
#725 = CARTESIAN_POINT('',(-4.448917409949,5.042369077278));
#726 = CARTESIAN_POINT('',(-4.522198903299,5.145491985648));
#727 = CARTESIAN_POINT('',(-4.595470394074,5.248600818251));
#728 = CARTESIAN_POINT('',(-4.668739829028,5.35170675789));
#729 = CARTESIAN_POINT('',(-4.742015138468,5.454820964222));
#730 = CARTESIAN_POINT('',(-4.815294586474,5.557940994429));
#731 = CARTESIAN_POINT('',(-4.888557124478,5.661037228622));
#732 = ( GEOMETRIC_REPRESENTATION_CONTEXT(2) 
PARAMETRIC_REPRESENTATION_CONTEXT() REPRESENTATION_CONTEXT('2D SPACE',''
  ) );
#733 = PCURVE('',#734,#739);
#734 = PLANE('',#735);
#735 = AXIS2_PLACEMENT_3D('',#736,#737,#738);
#736 = CARTESIAN_POINT('',(-14.,-14.,-25.));
#737 = DIRECTION('',(0.,0.,1.));
#738 = DIRECTION('',(1.,0.,0.));
#739 = DEFINITIONAL_REPRESENTATION('',(#740),#827);
#740 = B_SPLINE_CURVE_WITH_KNOTS('',8,(#741,#742,#743,#744,#745,#746,
    #747,#748,#749,#750,#751,#752,#753,#754,#755,#756,#757,#758,#759,
    #760,#761,#762,#763,#764,#765,#766,#767,#768,#769,#770,#771,#772,
    #773,#774,#775,#776,#777,#778,#779,#780,#781,#782,#783,#784,#785,
    #786,#787,#788,#789,#790,#791,#792,#793,#794,#795,#796,#797,#798,
    #799,#800,#801,#802,#803,#804,#805,#806,#807,#808,#809,#810,#811,
    #812,#813,#814,#815,#816,#817,#818,#819,#820,#821,#822,#823,#824,
    #825,#826),.UNSPECIFIED.,.F.,.F.,(9,7,7,7,7,7,7,7,7,7,7,7,9),(0.,
    7.292290428738E-02,0.115459549695,0.144626902576,0.172578454229,
    0.303816348421,0.501842880608,0.699880977837,0.718111139853,
    0.737556957272,0.774018795477,0.854239128923,1.),.UNSPECIFIED.);
#741 = CARTESIAN_POINT('',(21.6,13.842929632543));
#742 = CARTESIAN_POINT('',(21.605730215035,14.123839544676));
#743 = CARTESIAN_POINT('',(21.599600354419,14.404994870861));
#744 = CARTESIAN_POINT('',(21.581595876616,14.685806158369));
#745 = CARTESIAN_POINT('',(21.551737613725,14.965687740486));
#746 = CARTESIAN_POINT('',(21.510081549049,15.244057981625));
#747 = CARTESIAN_POINT('',(21.456718594676,15.520339522454));
#748 = CARTESIAN_POINT('',(21.391774369051,15.793959524998));
#749 = CARTESIAN_POINT('',(21.270864290835,16.222071286267));
#750 = CARTESIAN_POINT('',(21.222433211154,16.378695260278));
#751 = CARTESIAN_POINT('',(21.170147417086,16.534109769271));
#752 = CARTESIAN_POINT('',(21.114042344478,16.688204164384));
#753 = CARTESIAN_POINT('',(21.054157183442,16.840869218423));
#754 = CARTESIAN_POINT('',(20.990534878362,16.991997125865));
#755 = CARTESIAN_POINT('',(20.923222127886,17.141481502854));
#756 = CARTESIAN_POINT('',(20.80361713058,17.390519796714));
#757 = CARTESIAN_POINT('',(20.753253342737,17.491000238829));
#758 = CARTESIAN_POINT('',(20.701194262213,17.590624933974));
#759 = CARTESIAN_POINT('',(20.647456902551,17.68936053246));
#760 = CARTESIAN_POINT('',(20.59205905002,17.787174114486));
#761 = CARTESIAN_POINT('',(20.535019263622,17.884033190144));
#762 = CARTESIAN_POINT('',(20.476356875085,17.979905699414));
#763 = CARTESIAN_POINT('',(20.358339162047,18.165660452569));
#764 = CARTESIAN_POINT('',(20.299114613291,18.255625867551));
#765 = CARTESIAN_POINT('',(20.238436035735,18.344628424423));
#766 = CARTESIAN_POINT('',(20.176321727783,18.432640725341));
#767 = CARTESIAN_POINT('',(20.112790593106,18.519635807306));
#768 = CARTESIAN_POINT('',(20.047862140647,18.60558714216));
#769 = CARTESIAN_POINT('',(19.98155648462,18.690468636591));
#770 = CARTESIAN_POINT('',(19.596207623736,19.167645945549));
#771 = CARTESIAN_POINT('',(19.248574602174,19.536940007994));
#772 = CARTESIAN_POINT('',(18.873187051245,19.879395838557));
#773 = CARTESIAN_POINT('',(18.47248730263,20.192600891367));
#774 = CARTESIAN_POINT('',(18.049130751053,20.474428257449));
#775 = CARTESIAN_POINT('',(17.605970580488,20.723024653004));
#776 = CARTESIAN_POINT('',(17.146064713782,20.936829194117));
#777 = CARTESIAN_POINT('',(15.958446455365,21.382898235423));
#778 = CARTESIAN_POINT('',(15.212928169205,21.569419581801));
#779 = CARTESIAN_POINT('',(14.447800303969,21.669588605239));
#780 = CARTESIAN_POINT('',(13.674764242946,21.681345812875));
#781 = CARTESIAN_POINT('',(12.90548763651,21.604292955557));
#782 = CARTESIAN_POINT('',(12.151562549636,21.439815618684));
#783 = CARTESIAN_POINT('',(11.424474222895,21.190955996916));
#784 = CARTESIAN_POINT('',(10.046370021714,20.535583365669));
#785 = CARTESIAN_POINT('',(9.39442165906,20.12861558072));
#786 = CARTESIAN_POINT('',(8.790996871911,19.647568290006));
#787 = CARTESIAN_POINT('',(8.245704621395,19.099432468831));
#788 = CARTESIAN_POINT('',(7.766935074157,18.492327529779));
#789 = CARTESIAN_POINT('',(7.361741109699,17.835557584648));
#790 = CARTESIAN_POINT('',(7.035908071469,17.139500778971));
#791 = CARTESIAN_POINT('',(6.770879605361,16.349504669658));
#792 = CARTESIAN_POINT('',(6.74924240206,16.282676663028));
#793 = CARTESIAN_POINT('',(6.728311266038,16.21562141575));
#794 = CARTESIAN_POINT('',(6.708088973116,16.148347634139));
#795 = CARTESIAN_POINT('',(6.688578169482,16.080864062617));
#796 = CARTESIAN_POINT('',(6.669781371689,16.013179483717));
#797 = CARTESIAN_POINT('',(6.651700966656,15.945302718076));
#798 = CARTESIAN_POINT('',(6.615819709905,15.804644029146));
#799 = CARTESIAN_POINT('',(6.598117896117,15.731836831643));
#800 = CARTESIAN_POINT('',(6.581236509929,15.658831784613));
#801 = CARTESIAN_POINT('',(6.565178119893,15.585639677105));
#802 = CARTESIAN_POINT('',(6.549945123481,15.512271334537));
#803 = CARTESIAN_POINT('',(6.53553974709,15.438737618698));
#804 = CARTESIAN_POINT('',(6.52196404604,15.365049427745));
#805 = CARTESIAN_POINT('',(6.485324029477,15.152779666494));
#806 = CARTESIAN_POINT('',(6.46435173655,15.013836841676));
#807 = CARTESIAN_POINT('',(6.446315461501,14.874461428065));
#808 = CARTESIAN_POINT('',(6.431225488051,14.734725839452));
#809 = CARTESIAN_POINT('',(6.419089947941,14.594702697111));
#810 = CARTESIAN_POINT('',(6.409914820922,14.454464829799));
#811 = CARTESIAN_POINT('',(6.403703934766,14.314085273752));
#812 = CARTESIAN_POINT('',(6.393319650593,13.864635147957));
#813 = CARTESIAN_POINT('',(6.400536743182,13.555295340492));
#814 = CARTESIAN_POINT('',(6.422129112848,13.246404520319));
#815 = CARTESIAN_POINT('',(6.458062691229,12.938742497954));
#816 = CARTESIAN_POINT('',(6.508253572997,12.633082351743));
#817 = CARTESIAN_POINT('',(6.572569083232,12.330190269791));
#818 = CARTESIAN_POINT('',(6.650826810952,12.030825106471));
#819 = CARTESIAN_POINT('',(6.909892248596,11.199561819593));
#820 = CARTESIAN_POINT('',(7.122286672602,10.677382668187));
#821 = CARTESIAN_POINT('',(7.378563674887,10.173829405231));
#822 = CARTESIAN_POINT('',(7.67676671359,9.693183949963));
#823 = CARTESIAN_POINT('',(8.014487190542,9.239432235443));
#824 = CARTESIAN_POINT('',(8.388899322737,8.816275767722));
#825 = CARTESIAN_POINT('',(8.796736605632,8.427103443678));
#826 = CARTESIAN_POINT('',(9.234209868308,8.074923627523));
#827 = ( GEOMETRIC_REPRESENTATION_CONTEXT(2) 
PARAMETRIC_REPRESENTATION_CONTEXT() REPRESENTATION_CONTEXT('2D SPACE',''
  ) );
#828 = ORIENTED_EDGE('',*,*,#829,.T.);
#829 = EDGE_CURVE('',#553,#830,#832,.T.);
#830 = VERTEX_POINT('',#831);
#831 = CARTESIAN_POINT('',(7.6,-0.243207705257,-24.13860121714));
#832 = SURFACE_CURVE('',#833,(#836,#843),.PCURVE_S1.);
#833 = B_SPLINE_CURVE_WITH_KNOTS('',1,(#834,#835),.UNSPECIFIED.,.F.,.F.,
  (2,2),(-4.888557124478,-0.),.PIECEWISE_BEZIER_KNOTS.);
#834 = CARTESIAN_POINT('',(7.6,0.243207705257,-29.00289878285));
#835 = CARTESIAN_POINT('',(7.6,-0.243207705257,-24.13860121714));
#836 = PCURVE('',#209,#837);
#837 = DEFINITIONAL_REPRESENTATION('',(#838),#842);
#838 = LINE('',#839,#840);
#839 = CARTESIAN_POINT('',(0.,0.));
#840 = VECTOR('',#841,1.);
#841 = DIRECTION('',(1.,0.));
#842 = ( GEOMETRIC_REPRESENTATION_CONTEXT(2) 
PARAMETRIC_REPRESENTATION_CONTEXT() REPRESENTATION_CONTEXT('2D SPACE',''
  ) );
#843 = PCURVE('',#844,#849);
#844 = PLANE('',#845);
#845 = AXIS2_PLACEMENT_3D('',#846,#847,#848);
#846 = CARTESIAN_POINT('',(9.357908902557,2.180193877066E-15,-26.57075)
  );
#847 = DIRECTION('',(-4.066816295665E-16,0.995037480762,
    9.950081345659E-02));
#848 = DIRECTION('',(2.24216258793E-34,-9.950081345659E-02,
    0.995037480762));
#849 = DEFINITIONAL_REPRESENTATION('',(#850),#853);
#850 = B_SPLINE_CURVE_WITH_KNOTS('',1,(#851,#852),.UNSPECIFIED.,.F.,.F.,
  (2,2),(-4.888557124478,-0.),.PIECEWISE_BEZIER_KNOTS.);
#851 = CARTESIAN_POINT('',(-2.444278562239,-1.757908902557));
#852 = CARTESIAN_POINT('',(2.444278562239,-1.757908902557));
#853 = ( GEOMETRIC_REPRESENTATION_CONTEXT(2) 
PARAMETRIC_REPRESENTATION_CONTEXT() REPRESENTATION_CONTEXT('2D SPACE',''
  ) );
#854 = ORIENTED_EDGE('',*,*,#855,.T.);
#855 = EDGE_CURVE('',#830,#856,#858,.T.);
#856 = VERTEX_POINT('',#857);
#857 = CARTESIAN_POINT('',(3.054506609823,-6.963424083379,25.));
#858 = SURFACE_CURVE('',#859,(#942,#948),.PCURVE_S1.);
#859 = B_SPLINE_CURVE_WITH_KNOTS('',11,(#860,#861,#862,#863,#864,#865,
    #866,#867,#868,#869,#870,#871,#872,#873,#874,#875,#876,#877,#878,
    #879,#880,#881,#882,#883,#884,#885,#886,#887,#888,#889,#890,#891,
    #892,#893,#894,#895,#896,#897,#898,#899,#900,#901,#902,#903,#904,
    #905,#906,#907,#908,#909,#910,#911,#912,#913,#914,#915,#916,#917,
    #918,#919,#920,#921,#922,#923,#924,#925,#926,#927,#928,#929,#930,
    #931,#932,#933,#934,#935,#936,#937,#938,#939,#940,#941),
  .UNSPECIFIED.,.F.,.F.,(12,10,10,10,10,10,10,10,12),(0.,9.394317287374,
    18.788634574747,28.182951862121,37.577269149495,46.971586436868,
    56.365903724242,65.760221011616,75.154538298989),.UNSPECIFIED.);
#860 = CARTESIAN_POINT('',(7.6,-0.243207705257,-24.13860121714));
#861 = CARTESIAN_POINT('',(7.746872760972,4.346420782643,-23.53472054619
    ));
#862 = CARTESIAN_POINT('',(4.846040338968,9.033583809089,-22.93083979753
    ));
#863 = CARTESIAN_POINT('',(-1.185460862875,11.568586001296,
    -22.32695933484));
#864 = CARTESIAN_POINT('',(-8.498639546548,9.635781226378,
    -21.72307817452));
#865 = CARTESIAN_POINT('',(-13.53689718756,2.667638276293,
    -21.11919824106));
#866 = CARTESIAN_POINT('',(-12.17188222376,-6.496857489918,
    -20.51531669604));
#867 = CARTESIAN_POINT('',(-5.321616980741,-11.69425282076,
    -19.91143675455));
#868 = CARTESIAN_POINT('',(2.237390898379,-11.41190524746,
    -19.30755560461));
#869 = CARTESIAN_POINT('',(7.268316372179,-7.229199140701,
    -18.70367513449));
#870 = CARTESIAN_POINT('',(8.677268540782,-1.900111040093,
    -18.09979438921));
#871 = CARTESIAN_POINT('',(5.721193206163,6.795098196798,-16.89203304537
    ));
#872 = CARTESIAN_POINT('',(1.356162599152,10.16122858655,-16.28815230024
    ));
#873 = CARTESIAN_POINT('',(-5.181641069199,10.410960345859,-15.684271829
    ));
#874 = CARTESIAN_POINT('',(-11.34646802272,6.027670989764,
    -15.08039068307));
#875 = CARTESIAN_POINT('',(-13.60956459789,-2.2679573776,-14.47651073256
    ));
#876 = CARTESIAN_POINT('',(-9.106080092344,-10.3654801902,-13.8726292015
    ));
#877 = CARTESIAN_POINT('',(-0.864770474789,-12.81902212961,
    -13.26874925268));
#878 = CARTESIAN_POINT('',(6.111100558405,-9.894036050024,
    -12.66486810451));
#879 = CARTESIAN_POINT('',(9.347784806448,-4.208166145948,
    -12.06098763494));
#880 = CARTESIAN_POINT('',(8.790773784302,1.275816432745,-11.457106889)
  );
#881 = CARTESIAN_POINT('',(2.963236730627,8.374045574294,-10.24934554567
    ));
#882 = CARTESIAN_POINT('',(-2.307295460781,9.988299707794,
    -9.645464798613));
#883 = CARTESIAN_POINT('',(-8.514603661147,7.920796929884,
    -9.041584333415));
#884 = CARTESIAN_POINT('',(-12.74201959908,1.648056598682,
    -8.437703175242));
#885 = CARTESIAN_POINT('',(-11.94029294145,-6.913268687265,
    -7.833823242425));
#886 = CARTESIAN_POINT('',(-4.874756695077,-12.90738630269,
    -7.229941692495));
#887 = CARTESIAN_POINT('',(3.70276123298,-12.30303684709,-6.626061758657
    ));
#888 = CARTESIAN_POINT('',(9.202627600026,-7.109792166514,
    -6.022180601724));
#889 = CARTESIAN_POINT('',(10.230795296082,-0.648514225185,
    -5.418300135773));
#890 = CARTESIAN_POINT('',(7.779115007447,4.28844738795,-4.814419388913)
  );
#891 = CARTESIAN_POINT('',(-0.173995498332,8.881167534086,-3.60665804568
    ));
#892 = CARTESIAN_POINT('',(-5.675434145477,8.536930985683,
    -3.002777298853));
#893 = CARTESIAN_POINT('',(-10.75775027551,4.416821087499,-2.3988968326)
  );
#894 = CARTESIAN_POINT('',(-12.50667243085,-2.94249872506,
    -1.795015676816));
#895 = CARTESIAN_POINT('',(-8.742738516801,-10.67372487208,
    -1.191135740355));
#896 = CARTESIAN_POINT('',(-1.949496210227E-02,-13.79722776499,
    -0.587254194449));
#897 = CARTESIAN_POINT('',(7.796362685214,-10.2123398528,
    1.662574267764E-02));
#898 = CARTESIAN_POINT('',(11.116275908442,-3.415539390105,
    0.620506897628));
#899 = CARTESIAN_POINT('',(9.804328026238,2.99414345784,1.224387364438)
  );
#900 = CARTESIAN_POINT('',(5.771778201448,6.752183920114,1.82826811105)
  );
#901 = CARTESIAN_POINT('',(-3.288957392583,8.251555639529,3.036029454354
    ));
#902 = CARTESIAN_POINT('',(-8.31715278371,5.992888532714,3.63991020101)
  );
#903 = CARTESIAN_POINT('',(-11.62397219116,0.347519791891,4.243790667696
    ));
#904 = CARTESIAN_POINT('',(-10.67054947373,-7.156432629253,
    4.847671822798));
#905 = CARTESIAN_POINT('',(-4.426168286582,-13.06801108466,
    5.451551759918));
#906 = CARTESIAN_POINT('',(4.838262004943,-12.92111043305,6.055433305538
    ));
#907 = CARTESIAN_POINT('',(10.892078513003,-6.814527280711,
    6.659313242515));
#908 = CARTESIAN_POINT('',(11.607110481032,0.715881050003,7.263194397787
    ));
#909 = CARTESIAN_POINT('',(8.122968137284,6.253569519273,7.867074864366)
  );
#910 = CARTESIAN_POINT('',(3.02568991302,8.351683174555,8.47095561106));
#911 = CARTESIAN_POINT('',(-5.982953327201,6.565796272126,9.678716954357
    ));
#912 = CARTESIAN_POINT('',(-9.894327925166,2.681793858895,
    10.282597700921));
#913 = CARTESIAN_POINT('',(-11.00239842467,-3.766261861601,
    10.886478168082));
#914 = CARTESIAN_POINT('',(-7.46866297364,-10.45438795205,
    11.490359321815));
#915 = CARTESIAN_POINT('',(0.456923778665,-13.78967367354,
    12.094239261625));
#916 = CARTESIAN_POINT('',(9.076751720522,-10.39117184491,
    12.698120803441));
#917 = CARTESIAN_POINT('',(12.593676467208,-2.544497869116,
    13.302000744341));
#918 = CARTESIAN_POINT('',(10.61230756502,4.755673195479,13.905881896669
    ));
#919 = CARTESIAN_POINT('',(5.401919170729,8.712577825756,14.509762364831
    ));
#920 = CARTESIAN_POINT('',(-0.107667745493,8.882219258302,
    15.113643110942));
#921 = CARTESIAN_POINT('',(-7.911168685158,4.039656079359,
    16.321404454498));
#922 = CARTESIAN_POINT('',(-10.20509102361,-0.972553643102,
    16.925285200326));
#923 = CARTESIAN_POINT('',(-8.972586527581,-7.397985570403,
    17.529165669264));
#924 = CARTESIAN_POINT('',(-3.310834361641,-12.41424705433,
    18.133046820617));
#925 = CARTESIAN_POINT('',(5.281532461258,-12.74634434728,
    18.736926761722));
#926 = CARTESIAN_POINT('',(12.15347402818,-6.531228299612,19.34080830493
    ));
#927 = CARTESIAN_POINT('',(12.683362663393,2.05121134003,19.944688242133
    ));
#928 = CARTESIAN_POINT('',(8.259195704946,8.186768941256,20.548569398366
    ));
#929 = CARTESIAN_POINT('',(1.989458363236,10.056430704304,
    21.152449864071));
#930 = CARTESIAN_POINT('',(-3.227244606642,8.275886873771,
    21.756330611099));
#931 = CARTESIAN_POINT('',(-8.826803969767,0.996465193673,
    22.964091954387));
#932 = CARTESIAN_POINT('',(-9.209666348215,-4.502420365451,
    23.567972700748));
#933 = CARTESIAN_POINT('',(-5.794339716218,-10.08281343426,
    24.171853168051));
#934 = CARTESIAN_POINT('',(1.270760323343,-12.78516023587,
    24.775734323197));
#935 = CARTESIAN_POINT('',(9.430138050114,-10.07156272989,25.37961425765
    ));
#936 = CARTESIAN_POINT('',(13.674627729731,-1.83532841207,
    25.983495809724));
#937 = CARTESIAN_POINT('',(11.149657830228,6.384378336958,
    26.587375737919));
#938 = CARTESIAN_POINT('',(4.848958489785,10.570009505665,
    27.191256901147));
#939 = CARTESIAN_POINT('',(-1.677640661143,10.113123399174,
    27.795137362673));
#940 = CARTESIAN_POINT('',(-5.933754358933,6.610292770793,
    28.399018111657));
#941 = CARTESIAN_POINT('',(-7.273208977002,2.218012885462,
    29.002898782552));
#942 = PCURVE('',#209,#943);
#943 = DEFINITIONAL_REPRESENTATION('',(#944),#947);
#944 = B_SPLINE_CURVE_WITH_KNOTS('',1,(#945,#946),.UNSPECIFIED.,.F.,.F.,
  (2,2),(0.,75.154538298989),.PIECEWISE_BEZIER_KNOTS.);
#945 = CARTESIAN_POINT('',(0.,0.));
#946 = CARTESIAN_POINT('',(0.,75.154538298989));
#947 = ( GEOMETRIC_REPRESENTATION_CONTEXT(2) 
PARAMETRIC_REPRESENTATION_CONTEXT() REPRESENTATION_CONTEXT('2D SPACE',''
  ) );
#948 = PCURVE('',#949,#1114);
#949 = B_SPLINE_SURFACE_WITH_KNOTS('',1,11,(
    (#950,#951,#952,#953,#954,#955,#956,#957,#958,#959,#960,#961,#962
      ,#963,#964,#965,#966,#967,#968,#969,#970,#971,#972,#973,#974,#975
      ,#976,#977,#978,#979,#980,#981,#982,#983,#984,#985,#986,#987,#988
      ,#989,#990,#991,#992,#993,#994,#995,#996,#997,#998,#999,#1000
      ,#1001,#1002,#1003,#1004,#1005,#1006,#1007,#1008,#1009,#1010,#1011
      ,#1012,#1013,#1014,#1015,#1016,#1017,#1018,#1019,#1020,#1021,#1022
      ,#1023,#1024,#1025,#1026,#1027,#1028,#1029,#1030,#1031)
    ,(#1032,#1033,#1034,#1035,#1036,#1037,#1038,#1039,#1040,#1041,#1042
      ,#1043,#1044,#1045,#1046,#1047,#1048,#1049,#1050,#1051,#1052,#1053
      ,#1054,#1055,#1056,#1057,#1058,#1059,#1060,#1061,#1062,#1063,#1064
      ,#1065,#1066,#1067,#1068,#1069,#1070,#1071,#1072,#1073,#1074,#1075
      ,#1076,#1077,#1078,#1079,#1080,#1081,#1082,#1083,#1084,#1085,#1086
      ,#1087,#1088,#1089,#1090,#1091,#1092,#1093,#1094,#1095,#1096,#1097
      ,#1098,#1099,#1100,#1101,#1102,#1103,#1104,#1105,#1106,#1107,#1108
      ,#1109,#1110,#1111,#1112,#1113
    )),.UNSPECIFIED.,.F.,.F.,.F.,(2,2),(12,10,10,10,10,10,10,10,12),(
    -4.682382198894,-0.),(0.,9.394317287374,18.788634574747,
    28.182951862121,37.577269149495,46.971586436868,56.365903724242,
    65.760221011616,75.154538298989),.UNSPECIFIED.);
#950 = CARTESIAN_POINT('',(7.6,-0.243207705257,-24.13860121714));
#951 = CARTESIAN_POINT('',(7.746872760972,4.346420782643,-23.53472054619
    ));
#952 = CARTESIAN_POINT('',(4.846040338968,9.033583809089,-22.93083979753
    ));
#953 = CARTESIAN_POINT('',(-1.185460862875,11.568586001296,
    -22.32695933484));
#954 = CARTESIAN_POINT('',(-8.498639546548,9.635781226378,
    -21.72307817452));
#955 = CARTESIAN_POINT('',(-13.53689718756,2.667638276293,
    -21.11919824106));
#956 = CARTESIAN_POINT('',(-12.17188222376,-6.496857489918,
    -20.51531669604));
#957 = CARTESIAN_POINT('',(-5.321616980741,-11.69425282076,
    -19.91143675455));
#958 = CARTESIAN_POINT('',(2.237390898379,-11.41190524746,
    -19.30755560461));
#959 = CARTESIAN_POINT('',(7.268316372179,-7.229199140701,
    -18.70367513449));
#960 = CARTESIAN_POINT('',(8.677268540782,-1.900111040093,
    -18.09979438921));
#961 = CARTESIAN_POINT('',(5.721193206163,6.795098196798,-16.89203304537
    ));
#962 = CARTESIAN_POINT('',(1.356162599152,10.16122858655,-16.28815230024
    ));
#963 = CARTESIAN_POINT('',(-5.181641069199,10.410960345859,-15.684271829
    ));
#964 = CARTESIAN_POINT('',(-11.34646802272,6.027670989764,
    -15.08039068307));
#965 = CARTESIAN_POINT('',(-13.60956459789,-2.2679573776,-14.47651073256
    ));
#966 = CARTESIAN_POINT('',(-9.106080092344,-10.3654801902,-13.8726292015
    ));
#967 = CARTESIAN_POINT('',(-0.864770474789,-12.81902212961,
    -13.26874925268));
#968 = CARTESIAN_POINT('',(6.111100558405,-9.894036050024,
    -12.66486810451));
#969 = CARTESIAN_POINT('',(9.347784806448,-4.208166145948,
    -12.06098763494));
#970 = CARTESIAN_POINT('',(8.790773784302,1.275816432745,-11.457106889)
  );
#971 = CARTESIAN_POINT('',(2.963236730627,8.374045574294,-10.24934554567
    ));
#972 = CARTESIAN_POINT('',(-2.307295460781,9.988299707794,
    -9.645464798613));
#973 = CARTESIAN_POINT('',(-8.514603661147,7.920796929884,
    -9.041584333415));
#974 = CARTESIAN_POINT('',(-12.74201959908,1.648056598682,
    -8.437703175242));
#975 = CARTESIAN_POINT('',(-11.94029294145,-6.913268687265,
    -7.833823242425));
#976 = CARTESIAN_POINT('',(-4.874756695077,-12.90738630269,
    -7.229941692495));
#977 = CARTESIAN_POINT('',(3.70276123298,-12.30303684709,-6.626061758657
    ));
#978 = CARTESIAN_POINT('',(9.202627600026,-7.109792166514,
    -6.022180601724));
#979 = CARTESIAN_POINT('',(10.230795296082,-0.648514225185,
    -5.418300135773));
#980 = CARTESIAN_POINT('',(7.779115007447,4.28844738795,-4.814419388913)
  );
#981 = CARTESIAN_POINT('',(-0.173995498332,8.881167534086,-3.60665804568
    ));
#982 = CARTESIAN_POINT('',(-5.675434145477,8.536930985683,
    -3.002777298853));
#983 = CARTESIAN_POINT('',(-10.75775027551,4.416821087499,-2.3988968326)
  );
#984 = CARTESIAN_POINT('',(-12.50667243085,-2.94249872506,
    -1.795015676816));
#985 = CARTESIAN_POINT('',(-8.742738516801,-10.67372487208,
    -1.191135740355));
#986 = CARTESIAN_POINT('',(-1.949496210227E-02,-13.79722776499,
    -0.587254194449));
#987 = CARTESIAN_POINT('',(7.796362685214,-10.2123398528,
    1.662574267764E-02));
#988 = CARTESIAN_POINT('',(11.116275908442,-3.415539390105,
    0.620506897628));
#989 = CARTESIAN_POINT('',(9.804328026238,2.99414345784,1.224387364438)
  );
#990 = CARTESIAN_POINT('',(5.771778201448,6.752183920114,1.82826811105)
  );
#991 = CARTESIAN_POINT('',(-3.288957392583,8.251555639529,3.036029454354
    ));
#992 = CARTESIAN_POINT('',(-8.31715278371,5.992888532714,3.63991020101)
  );
#993 = CARTESIAN_POINT('',(-11.62397219116,0.347519791891,4.243790667696
    ));
#994 = CARTESIAN_POINT('',(-10.67054947373,-7.156432629253,
    4.847671822798));
#995 = CARTESIAN_POINT('',(-4.426168286582,-13.06801108466,
    5.451551759918));
#996 = CARTESIAN_POINT('',(4.838262004943,-12.92111043305,6.055433305538
    ));
#997 = CARTESIAN_POINT('',(10.892078513003,-6.814527280711,
    6.659313242515));
#998 = CARTESIAN_POINT('',(11.607110481032,0.715881050003,7.263194397787
    ));
#999 = CARTESIAN_POINT('',(8.122968137284,6.253569519273,7.867074864366)
  );
#1000 = CARTESIAN_POINT('',(3.02568991302,8.351683174555,8.47095561106)
  );
#1001 = CARTESIAN_POINT('',(-5.982953327201,6.565796272126,
    9.678716954357));
#1002 = CARTESIAN_POINT('',(-9.894327925166,2.681793858895,
    10.282597700921));
#1003 = CARTESIAN_POINT('',(-11.00239842467,-3.766261861601,
    10.886478168082));
#1004 = CARTESIAN_POINT('',(-7.46866297364,-10.45438795205,
    11.490359321815));
#1005 = CARTESIAN_POINT('',(0.456923778665,-13.78967367354,
    12.094239261625));
#1006 = CARTESIAN_POINT('',(9.076751720522,-10.39117184491,
    12.698120803441));
#1007 = CARTESIAN_POINT('',(12.593676467208,-2.544497869116,
    13.302000744341));
#1008 = CARTESIAN_POINT('',(10.61230756502,4.755673195479,
    13.905881896669));
#1009 = CARTESIAN_POINT('',(5.401919170729,8.712577825756,
    14.509762364831));
#1010 = CARTESIAN_POINT('',(-0.107667745493,8.882219258302,
    15.113643110942));
#1011 = CARTESIAN_POINT('',(-7.911168685158,4.039656079359,
    16.321404454498));
#1012 = CARTESIAN_POINT('',(-10.20509102361,-0.972553643102,
    16.925285200326));
#1013 = CARTESIAN_POINT('',(-8.972586527581,-7.397985570403,
    17.529165669264));
#1014 = CARTESIAN_POINT('',(-3.310834361641,-12.41424705433,
    18.133046820617));
#1015 = CARTESIAN_POINT('',(5.281532461258,-12.74634434728,
    18.736926761722));
#1016 = CARTESIAN_POINT('',(12.15347402818,-6.531228299612,
    19.34080830493));
#1017 = CARTESIAN_POINT('',(12.683362663393,2.05121134003,
    19.944688242133));
#1018 = CARTESIAN_POINT('',(8.259195704946,8.186768941256,
    20.548569398366));
#1019 = CARTESIAN_POINT('',(1.989458363236,10.056430704304,
    21.152449864071));
#1020 = CARTESIAN_POINT('',(-3.227244606642,8.275886873771,
    21.756330611099));
#1021 = CARTESIAN_POINT('',(-8.826803969767,0.996465193673,
    22.964091954387));
#1022 = CARTESIAN_POINT('',(-9.209666348215,-4.502420365451,
    23.567972700748));
#1023 = CARTESIAN_POINT('',(-5.794339716218,-10.08281343426,
    24.171853168051));
#1024 = CARTESIAN_POINT('',(1.270760323343,-12.78516023587,
    24.775734323197));
#1025 = CARTESIAN_POINT('',(9.430138050114,-10.07156272989,
    25.37961425765));
#1026 = CARTESIAN_POINT('',(13.674627729731,-1.83532841207,
    25.983495809724));
#1027 = CARTESIAN_POINT('',(11.149657830228,6.384378336958,
    26.587375737919));
#1028 = CARTESIAN_POINT('',(4.848958489785,10.570009505665,
    27.191256901147));
#1029 = CARTESIAN_POINT('',(-1.677640661143,10.113123399174,
    27.795137362673));
#1030 = CARTESIAN_POINT('',(-5.933754358933,6.610292770793,
    28.399018111657));
#1031 = CARTESIAN_POINT('',(-7.273208977002,2.218012885462,
    29.002898782552));
#1032 = CARTESIAN_POINT('',(12.,-8.386023397E-02,-25.73212292704));
#1033 = CARTESIAN_POINT('',(12.050643066946,7.162921718671,
    -25.12824223619));
#1034 = CARTESIAN_POINT('',(7.289119862089,14.443339527157,
    -24.52436160996));
#1035 = CARTESIAN_POINT('',(-2.326702304549,18.204814316565,
    -23.92048074583));
#1036 = CARTESIAN_POINT('',(-13.78833734636,14.866922664462,
    -23.3166004623));
#1037 = CARTESIAN_POINT('',(-21.46220507407,3.674623015192,
    -22.71271915727));
#1038 = CARTESIAN_POINT('',(-18.94707059749,-10.73021950395,
    -22.10883919467));
#1039 = CARTESIAN_POINT('',(-7.934458662403,-18.659796479,
    -21.50495789571));
#1040 = CARTESIAN_POINT('',(3.980135192527,-17.9161193248,-20.9010776043
    ));
#1041 = CARTESIAN_POINT('',(11.752327795381,-11.11863823164,
    -20.29719674585));
#1042 = CARTESIAN_POINT('',(13.764960529356,-2.65542983315,-19.693316117
    ));
#1043 = CARTESIAN_POINT('',(8.758150791185,10.946243218628,
    -18.48555473684));
#1044 = CARTESIAN_POINT('',(1.738703688567,16.084720529938,
    -17.88167410784));
#1045 = CARTESIAN_POINT('',(-8.585743773292,16.22078332796,
    -17.27779325036));
#1046 = CARTESIAN_POINT('',(-18.1389599648,9.062106143715,
    -16.67391295572));
#1047 = CARTESIAN_POINT('',(-21.38212783634,-4.115058930816,
    -16.0700316638));
#1048 = CARTESIAN_POINT('',(-13.95756941223,-16.71273020813,
    -15.46615169048));
#1049 = CARTESIAN_POINT('',(-0.858585068105,-20.25849132046,
    -14.86227039714));
#1050 = CARTESIAN_POINT('',(10.031743898153,-15.36856929458,
    -14.25839010439));
#1051 = CARTESIAN_POINT('',(14.91388372375,-6.27035860312,-13.6545092455
    ));
#1052 = CARTESIAN_POINT('',(13.818735337479,2.359660917944,
    -13.05062861716));
#1053 = CARTESIAN_POINT('',(4.344670033774,13.328514102382,
    -11.84286723661));
#1054 = CARTESIAN_POINT('',(-4.034255672709,15.667357984706,
    -11.23898660912));
#1055 = CARTESIAN_POINT('',(-13.74586378283,12.160593602858,
    -10.63510574691));
#1056 = CARTESIAN_POINT('',(-20.16790924053,2.097396761442,
    -10.03122546182));
#1057 = CARTESIAN_POINT('',(-18.56527207785,-11.37803909389,
    -9.427344156109));
#1058 = CARTESIAN_POINT('',(-7.181586703191,-20.55611605339,
    -8.823464197539));
#1059 = CARTESIAN_POINT('',(6.32718203886,-19.26422607854,-8.21958289244
    ));
#1060 = CARTESIAN_POINT('',(14.799352177134,-10.85393859067,
    -7.615702606601));
#1061 = CARTESIAN_POINT('',(16.166555886083,-0.619512321643,
    -7.011821744842));
#1062 = CARTESIAN_POINT('',(12.103798518088,7.07272984138,
    -6.407941117245));
#1063 = CARTESIAN_POINT('',(-0.624901293238,14.004818608371,
    -5.200179736607));
#1064 = CARTESIAN_POINT('',(-9.290855560048,13.244671683907,
    -4.596299108933));
#1065 = CARTESIAN_POINT('',(-17.14659926641,6.543924014559,
    -3.992418247569));
#1066 = CARTESIAN_POINT('',(-19.615492373,-5.135766280023,-3.38853796058
    ));
#1067 = CARTESIAN_POINT('',(-13.37217769636,-17.18470146897,
    -2.784656657741));
#1068 = CARTESIAN_POINT('',(0.513594149661,-21.76844771349,
    -2.180776696006));
#1069 = CARTESIAN_POINT('',(12.703109450142,-15.80426047749,
    -1.576895393484));
#1070 = CARTESIAN_POINT('',(17.672736010522,-4.950071686234,
    -0.973015106095));
#1071 = CARTESIAN_POINT('',(15.350010086636,5.110627659586,
    -0.369134245007));
#1072 = CARTESIAN_POINT('',(8.839651249784,10.880533615479,
    0.234746382785));
#1073 = CARTESIAN_POINT('',(-5.51448916617,12.888593992995,
    1.442507763366));
#1074 = CARTESIAN_POINT('',(-13.35828408997,9.126750310072,
    2.046388391172));
#1075 = CARTESIAN_POINT('',(-18.35267736993,8.967311273281E-02,
    2.650269252207));
#1076 = CARTESIAN_POINT('',(-16.5524152609,-11.71158338371,3.25414953971
    ));
#1077 = CARTESIAN_POINT('',(-6.467528270572,-20.79182962085,
    3.858030842059));
#1078 = CARTESIAN_POINT('',(8.143038166221,-20.19455432118,
    4.461910803994));
#1079 = CARTESIAN_POINT('',(17.453118364493,-10.32144845948,
    5.065792106649));
#1080 = CARTESIAN_POINT('',(18.284120253639,1.58737341025,5.669672393778
    ));
#1081 = CARTESIAN_POINT('',(12.568759076585,10.186639289298,
    6.273553255049));
#1082 = CARTESIAN_POINT('',(4.444083951612,13.295697191437,
    6.877433882777));
#1083 = CARTESIAN_POINT('',(-9.698256942723,10.122710020198,
    8.085195263362));
#1084 = CARTESIAN_POINT('',(-15.71593586999,3.840662023716,
    8.689075891254));
#1085 = CARTESIAN_POINT('',(-17.20972764529,-6.37605538622,
    9.292956751874));
#1086 = CARTESIAN_POINT('',(-11.37073260176,-16.78839112082,
    9.896837040532));
#1087 = CARTESIAN_POINT('',(1.264924291024,-21.73773372346,
    10.500718340661));
#1088 = CARTESIAN_POINT('',(14.730224268009,-16.0358843801,
    11.104598305692));
#1089 = CARTESIAN_POINT('',(19.969237372019,-3.517555643429,
    11.708479605178));
#1090 = CARTESIAN_POINT('',(16.55525155065,7.921644645834,
    12.312359894677));
#1091 = CARTESIAN_POINT('',(8.178785576311,13.958824851416,
    12.916240754676));
#1092 = CARTESIAN_POINT('',(-0.520298275431,14.009094748741,
    13.520121382871));
#1093 = CARTESIAN_POINT('',(-12.64070853503,6.061182526016,
    14.727882763253));
#1094 = CARTESIAN_POINT('',(-16.06204622939,-1.937006961884,
    15.331763391708));
#1095 = CARTESIAN_POINT('',(-13.86404050329,-12.02568870528,
    15.935644250987));
#1096 = CARTESIAN_POINT('',(-4.733667342473,-19.71638987826,
    16.539524541393));
#1097 = CARTESIAN_POINT('',(8.835474461331,-19.90134397287,
    17.143405840688));
#1098 = CARTESIAN_POINT('',(19.432033863616,-9.824721611437,
    17.747285804422));
#1099 = CARTESIAN_POINT('',(19.9294189906,3.736562276923,18.351167106991
    ));
#1100 = CARTESIAN_POINT('',(12.707414272853,13.24199495122,
    18.955047393297));
#1101 = CARTESIAN_POINT('',(2.741978716161,15.944368204942,
    19.558928255293));
#1102 = CARTESIAN_POINT('',(-5.418085580005,12.929415865515,
    20.162808882743));
#1103 = CARTESIAN_POINT('',(-13.9652285569,1.223861607264,
    21.370570263342));
#1104 = CARTESIAN_POINT('',(-14.35231520901,-7.466751180472,
    21.974450891371));
#1105 = CARTESIAN_POINT('',(-8.743842955563,-16.13610914301,
    22.578331751954));
#1106 = CARTESIAN_POINT('',(2.509277706125,-20.12081414172,
    23.182212039336));
#1107 = CARTESIAN_POINT('',(15.275139205839,-15.51770676278,
    23.78609334394));
#1108 = CARTESIAN_POINT('',(21.64666475459,-2.356055972494,
    24.389973300582));
#1109 = CARTESIAN_POINT('',(17.338759723647,10.51242361442,
    24.993854610382));
#1110 = CARTESIAN_POINT('',(7.233107507242,16.867452788289,
    25.597734891043));
#1111 = CARTESIAN_POINT('',(-3.045784256475,15.889132229116,
    26.201615756438));
#1112 = CARTESIAN_POINT('',(-9.622391843964,10.194852680682,
    26.805496382281));
#1113 = CARTESIAN_POINT('',(-11.56233928991,3.212373372005,
    27.409377073203));
#1114 = DEFINITIONAL_REPRESENTATION('',(#1115),#1119);
#1115 = LINE('',#1116,#1117);
#1116 = CARTESIAN_POINT('',(-4.682382198894,0.));
#1117 = VECTOR('',#1118,1.);
#1118 = DIRECTION('',(0.,1.));
#1119 = ( GEOMETRIC_REPRESENTATION_CONTEXT(2) 
PARAMETRIC_REPRESENTATION_CONTEXT() REPRESENTATION_CONTEXT('2D SPACE',''
  ) );
#1120 = ORIENTED_EDGE('',*,*,#1121,.T.);
#1121 = EDGE_CURVE('',#856,#1122,#1124,.T.);
#1122 = VERTEX_POINT('',#1123);
#1123 = CARTESIAN_POINT('',(-7.377662165529,1.8316036893,25.));
#1124 = SURFACE_CURVE('',#1125,(#1184,#1246),.PCURVE_S1.);
#1125 = B_SPLINE_CURVE_WITH_KNOTS('',8,(#1126,#1127,#1128,#1129,#1130,
    #1131,#1132,#1133,#1134,#1135,#1136,#1137,#1138,#1139,#1140,#1141,
    #1142,#1143,#1144,#1145,#1146,#1147,#1148,#1149,#1150,#1151,#1152,
    #1153,#1154,#1155,#1156,#1157,#1158,#1159,#1160,#1161,#1162,#1163,
    #1164,#1165,#1166,#1167,#1168,#1169,#1170,#1171,#1172,#1173,#1174,
    #1175,#1176,#1177,#1178,#1179,#1180,#1181,#1182,#1183),
  .UNSPECIFIED.,.F.,.F.,(9,7,7,7,7,7,7,7,9),(0.,0.143476993877,
    0.224936660909,0.261409174355,0.296664787204,0.559037113448,
    0.821399314656,0.927160122039,1.),.UNSPECIFIED.);
#1126 = CARTESIAN_POINT('',(3.054506609823,-6.963424083379,25.));
#1127 = CARTESIAN_POINT('',(3.560519426444,-6.741209046897,25.));
#1128 = CARTESIAN_POINT('',(4.048171762573,-6.476927061737,25.));
#1129 = CARTESIAN_POINT('',(4.5132353601,-6.172402329723,25.));
#1130 = CARTESIAN_POINT('',(4.951858468203,-5.829930775688,25.));
#1131 = CARTESIAN_POINT('',(5.360510373676,-5.452200707064,25.));
#1132 = CARTESIAN_POINT('',(5.735967553958,-5.04226242863,25.));
#1133 = CARTESIAN_POINT('',(6.075341452861,-4.603546812438,25.));
#1134 = CARTESIAN_POINT('',(6.546931993255,-3.876714029422,25.));
#1135 = CARTESIAN_POINT('',(6.70530590451,-3.605435925641,25.));
#1136 = CARTESIAN_POINT('',(6.850820466547,-3.326788544141,25.));
#1137 = CARTESIAN_POINT('',(6.983078276889,-3.041485208325,25.));
#1138 = CARTESIAN_POINT('',(7.101730727628,-2.750260887192,25.));
#1139 = CARTESIAN_POINT('',(7.20647711592,-2.453871446271,25.));
#1140 = CARTESIAN_POINT('',(7.297065814123,-2.153093794737,25.));
#1141 = CARTESIAN_POINT('',(7.407429251867,-1.712450596847,25.));
#1142 = CARTESIAN_POINT('',(7.438683205366,-1.575453408781,25.));
#1143 = CARTESIAN_POINT('',(7.467041544539,-1.437806428254,25.));
#1144 = CARTESIAN_POINT('',(7.49248858372,-1.299581089905,25.));
#1145 = CARTESIAN_POINT('',(7.515010767147,-1.16084919924,25.));
#1146 = CARTESIAN_POINT('',(7.534596668958,-1.021682932634,25.));
#1147 = CARTESIAN_POINT('',(7.551236993197,-0.882154837324,25.));
#1148 = CARTESIAN_POINT('',(7.578155470095,-0.607185801462,25.));
#1149 = CARTESIAN_POINT('',(7.588627392934,-0.471763609544,25.));
#1150 = CARTESIAN_POINT('',(7.596333880516,-0.336137106968,25.));
#1151 = CARTESIAN_POINT('',(7.601270358488,-0.200372195968,25.));
#1152 = CARTESIAN_POINT('',(7.603434139957,-6.453482971103E-02,25.));
#1153 = CARTESIAN_POINT('',(7.602824425487,7.130898771024E-02,25.));
#1154 = CARTESIAN_POINT('',(7.599442303096,0.207093201272,25.));
#1155 = CARTESIAN_POINT('',(7.547510867525,1.352322503185,25.));
#1156 = CARTESIAN_POINT('',(7.348252492207,2.357051829697,25.));
#1157 = CARTESIAN_POINT('',(6.995794123138,3.326214555566,25.));
#1158 = CARTESIAN_POINT('',(6.498864726362,4.233427335283,25.));
#1159 = CARTESIAN_POINT('',(5.869687794198,5.054470328052,25.));
#1160 = CARTESIAN_POINT('',(5.125481922729,5.768376656726,25.));
#1161 = CARTESIAN_POINT('',(4.286855529358,6.356497596982,25.));
#1162 = CARTESIAN_POINT('',(2.47678407065,7.255801308148,25.));
#1163 = CARTESIAN_POINT('',(1.501550269265,7.568879686619,25.));
#1164 = CARTESIAN_POINT('',(0.483110329672,7.730735041261,25.));
#1165 = CARTESIAN_POINT('',(-0.551227318035,7.736206249082,25.));
#1166 = CARTESIAN_POINT('',(-1.574354517998,7.584236020328,25.));
#1167 = CARTESIAN_POINT('',(-2.559588829177,7.279716820934,25.));
#1168 = CARTESIAN_POINT('',(-3.480633790008,6.831636799482,25.));
#1169 = CARTESIAN_POINT('',(-4.648301755845,6.027222537151,25.));
#1170 = CARTESIAN_POINT('',(-4.969635686698,5.775558734675,25.));
#1171 = CARTESIAN_POINT('',(-5.275337026937,5.504363884394,25.));
#1172 = CARTESIAN_POINT('',(-5.564026884332,5.21478087594,25.));
#1173 = CARTESIAN_POINT('',(-5.834435231478,4.908056850602,25.));
#1174 = CARTESIAN_POINT('',(-6.085398140376,4.585538551428,25.));
#1175 = CARTESIAN_POINT('',(-6.315862968794,4.248675085566,25.));
#1176 = CARTESIAN_POINT('',(-6.668871097016,3.658218251843,25.));
#1177 = CARTESIAN_POINT('',(-6.802684590203,3.411332099673,25.));
#1178 = CARTESIAN_POINT('',(-6.926040706004,3.158874191457,25.));
#1179 = CARTESIAN_POINT('',(-7.038670037327,2.901362591443,25.));
#1180 = CARTESIAN_POINT('',(-7.140335319082,2.63932870224,25.));
#1181 = CARTESIAN_POINT('',(-7.230831705296,2.37331708807,25.));
#1182 = CARTESIAN_POINT('',(-7.309987046238,2.103885298022,25.));
#1183 = CARTESIAN_POINT('',(-7.377662165529,1.8316036893,25.));
#1184 = PCURVE('',#209,#1185);
#1185 = DEFINITIONAL_REPRESENTATION('',(#1186),#1245);
#1186 = B_SPLINE_CURVE_WITH_KNOTS('',8,(#1187,#1188,#1189,#1190,#1191,
    #1192,#1193,#1194,#1195,#1196,#1197,#1198,#1199,#1200,#1201,#1202,
    #1203,#1204,#1205,#1206,#1207,#1208,#1209,#1210,#1211,#1212,#1213,
    #1214,#1215,#1216,#1217,#1218,#1219,#1220,#1221,#1222,#1223,#1224,
    #1225,#1226,#1227,#1228,#1229,#1230,#1231,#1232,#1233,#1234,#1235,
    #1236,#1237,#1238,#1239,#1240,#1241,#1242,#1243,#1244),
  .UNSPECIFIED.,.F.,.F.,(9,7,7,7,7,7,7,7,9),(0.,0.143476993877,
    0.224936660909,0.261409174355,0.296664787204,0.559037113448,
    0.821399314656,0.927160122039,1.),.UNSPECIFIED.);
#1187 = CARTESIAN_POINT('',(0.,69.493501070782));
#1188 = CARTESIAN_POINT('',(-7.209358303469E-02,69.594952332544));
#1189 = CARTESIAN_POINT('',(-0.144202896028,69.696425729746));
#1190 = CARTESIAN_POINT('',(-0.216308490689,69.797893894432));
#1191 = CARTESIAN_POINT('',(-0.288408759598,69.899354564612));
#1192 = CARTESIAN_POINT('',(-0.360511024911,70.000818044144));
#1193 = CARTESIAN_POINT('',(-0.432622623974,70.102294658263));
#1194 = CARTESIAN_POINT('',(-0.50474199184,70.203782204756));
#1195 = CARTESIAN_POINT('',(-0.617789218532,70.362864099307));
#1196 = CARTESIAN_POINT('',(-0.658730069642,70.420476730324));
#1197 = CARTESIAN_POINT('',(-0.699671108075,70.478089624945));
#1198 = CARTESIAN_POINT('',(-0.740612230422,70.535702637649));
#1199 = CARTESIAN_POINT('',(-0.781553874667,70.59331638478));
#1200 = CARTESIAN_POINT('',(-0.822496478784,70.650931482659));
#1201 = CARTESIAN_POINT('',(-0.863439939039,70.708547785314));
#1202 = CARTESIAN_POINT('',(-0.922714825047,70.791960368203));
#1203 = CARTESIAN_POINT('',(-0.941046683195,70.817757256909));
#1204 = CARTESIAN_POINT('',(-0.959378639434,70.84355428365));
#1205 = CARTESIAN_POINT('',(-0.977710690668,70.869351444071));
#1206 = CARTESIAN_POINT('',(-0.996042833749,70.89514873374));
#1207 = CARTESIAN_POINT('',(-1.014375065472,70.92094614815));
#1208 = CARTESIAN_POINT('',(-1.032707382581,70.946743682718));
#1209 = CARTESIAN_POINT('',(-1.068760522867,70.997478247657));
#1210 = CARTESIAN_POINT('',(-1.086481349492,71.02241528288));
#1211 = CARTESIAN_POINT('',(-1.104202258715,71.047352434337));
#1212 = CARTESIAN_POINT('',(-1.121923247567,71.072289697851));
#1213 = CARTESIAN_POINT('',(-1.139644313036,71.097227069183));
#1214 = CARTESIAN_POINT('',(-1.157365452068,71.122164544035));
#1215 = CARTESIAN_POINT('',(-1.175086661561,71.147102118042));
#1216 = CARTESIAN_POINT('',(-1.324689708265,71.35762595675));
#1217 = CARTESIAN_POINT('',(-1.456850751659,71.543605124991));
#1218 = CARTESIAN_POINT('',(-1.588842782844,71.72934645656));
#1219 = CARTESIAN_POINT('',(-1.720755978422,71.914976849405));
#1220 = CARTESIAN_POINT('',(-1.85267097492,72.10060977648));
#1221 = CARTESIAN_POINT('',(-1.984668554814,72.286358916152));
#1222 = CARTESIAN_POINT('',(-2.116839527121,72.472352056343));
#1223 = CARTESIAN_POINT('',(-2.380627937463,72.843559394206));
#1224 = CARTESIAN_POINT('',(-2.512796256555,73.029548800653));
#1225 = CARTESIAN_POINT('',(-2.644793117489,73.215296928391));
#1226 = CARTESIAN_POINT('',(-2.776708894869,73.400930954129));
#1227 = CARTESIAN_POINT('',(-2.908623862944,73.586563841192));
#1228 = CARTESIAN_POINT('',(-3.040618027859,73.772308175603));
#1229 = CARTESIAN_POINT('',(-3.172780834279,73.958289825072));
#1230 = CARTESIAN_POINT('',(-3.357828277631,74.218691594905));
#1231 = CARTESIAN_POINT('',(-3.410994388829,74.293507810643));
#1232 = CARTESIAN_POINT('',(-3.464158680055,74.36832146523));
#1233 = CARTESIAN_POINT('',(-3.517320826149,74.44313210108));
#1234 = CARTESIAN_POINT('',(-3.570482481912,74.517942046847));
#1235 = CARTESIAN_POINT('',(-3.623645302802,74.592753632119));
#1236 = CARTESIAN_POINT('',(-3.676808950874,74.667566381365));
#1237 = CARTESIAN_POINT('',(-3.766581682367,74.793896027582));
#1238 = CARTESIAN_POINT('',(-3.803194492988,74.845418169517));
#1239 = CARTESIAN_POINT('',(-3.839806804105,74.89693960858));
#1240 = CARTESIAN_POINT('',(-3.876418524624,74.948460216617));
#1241 = CARTESIAN_POINT('',(-3.913029879717,74.999980310544));
#1242 = CARTESIAN_POINT('',(-3.949641104442,75.051500221209));
#1243 = CARTESIAN_POINT('',(-3.986252137365,75.103019862257));
#1244 = CARTESIAN_POINT('',(-4.022862314177,75.154538298989));
#1245 = ( GEOMETRIC_REPRESENTATION_CONTEXT(2) 
PARAMETRIC_REPRESENTATION_CONTEXT() REPRESENTATION_CONTEXT('2D SPACE',''
  ) );
#1246 = PCURVE('',#1247,#1252);
#1247 = PLANE('',#1248);
#1248 = AXIS2_PLACEMENT_3D('',#1249,#1250,#1251);
#1249 = CARTESIAN_POINT('',(-14.,-14.,25.));
#1250 = DIRECTION('',(0.,0.,1.));
#1251 = DIRECTION('',(1.,0.,0.));
#1252 = DEFINITIONAL_REPRESENTATION('',(#1253),#1312);
#1253 = B_SPLINE_CURVE_WITH_KNOTS('',8,(#1254,#1255,#1256,#1257,#1258,
    #1259,#1260,#1261,#1262,#1263,#1264,#1265,#1266,#1267,#1268,#1269,
    #1270,#1271,#1272,#1273,#1274,#1275,#1276,#1277,#1278,#1279,#1280,
    #1281,#1282,#1283,#1284,#1285,#1286,#1287,#1288,#1289,#1290,#1291,
    #1292,#1293,#1294,#1295,#1296,#1297,#1298,#1299,#1300,#1301,#1302,
    #1303,#1304,#1305,#1306,#1307,#1308,#1309,#1310,#1311),
  .UNSPECIFIED.,.F.,.F.,(9,7,7,7,7,7,7,7,9),(0.,0.143476993877,
    0.224936660909,0.261409174355,0.296664787204,0.559037113448,
    0.821399314656,0.927160122039,1.),.UNSPECIFIED.);
#1254 = CARTESIAN_POINT('',(17.054506609823,7.036575916621));
#1255 = CARTESIAN_POINT('',(17.560519426444,7.258790953103));
#1256 = CARTESIAN_POINT('',(18.048171762573,7.523072938263));
#1257 = CARTESIAN_POINT('',(18.5132353601,7.827597670277));
#1258 = CARTESIAN_POINT('',(18.951858468203,8.170069224312));
#1259 = CARTESIAN_POINT('',(19.360510373676,8.547799292936));
#1260 = CARTESIAN_POINT('',(19.735967553958,8.95773757137));
#1261 = CARTESIAN_POINT('',(20.075341452861,9.396453187562));
#1262 = CARTESIAN_POINT('',(20.546931993255,10.123285970578));
#1263 = CARTESIAN_POINT('',(20.70530590451,10.394564074359));
#1264 = CARTESIAN_POINT('',(20.850820466547,10.673211455859));
#1265 = CARTESIAN_POINT('',(20.983078276889,10.958514791675));
#1266 = CARTESIAN_POINT('',(21.101730727628,11.249739112808));
#1267 = CARTESIAN_POINT('',(21.20647711592,11.546128553729));
#1268 = CARTESIAN_POINT('',(21.297065814123,11.846906205263));
#1269 = CARTESIAN_POINT('',(21.407429251867,12.287549403153));
#1270 = CARTESIAN_POINT('',(21.438683205366,12.424546591219));
#1271 = CARTESIAN_POINT('',(21.467041544539,12.562193571746));
#1272 = CARTESIAN_POINT('',(21.49248858372,12.700418910095));
#1273 = CARTESIAN_POINT('',(21.515010767147,12.83915080076));
#1274 = CARTESIAN_POINT('',(21.534596668958,12.978317067366));
#1275 = CARTESIAN_POINT('',(21.551236993197,13.117845162676));
#1276 = CARTESIAN_POINT('',(21.578155470095,13.392814198538));
#1277 = CARTESIAN_POINT('',(21.588627392934,13.528236390456));
#1278 = CARTESIAN_POINT('',(21.596333880516,13.663862893032));
#1279 = CARTESIAN_POINT('',(21.601270358488,13.799627804032));
#1280 = CARTESIAN_POINT('',(21.603434139957,13.935465170289));
#1281 = CARTESIAN_POINT('',(21.602824425487,14.07130898771));
#1282 = CARTESIAN_POINT('',(21.599442303096,14.207093201272));
#1283 = CARTESIAN_POINT('',(21.547510867525,15.352322503185));
#1284 = CARTESIAN_POINT('',(21.348252492207,16.357051829697));
#1285 = CARTESIAN_POINT('',(20.995794123138,17.326214555566));
#1286 = CARTESIAN_POINT('',(20.498864726362,18.233427335283));
#1287 = CARTESIAN_POINT('',(19.869687794198,19.054470328052));
#1288 = CARTESIAN_POINT('',(19.125481922729,19.768376656726));
#1289 = CARTESIAN_POINT('',(18.286855529358,20.356497596982));
#1290 = CARTESIAN_POINT('',(16.47678407065,21.255801308148));
#1291 = CARTESIAN_POINT('',(15.501550269265,21.568879686619));
#1292 = CARTESIAN_POINT('',(14.483110329672,21.730735041261));
#1293 = CARTESIAN_POINT('',(13.448772681965,21.736206249082));
#1294 = CARTESIAN_POINT('',(12.425645482002,21.584236020328));
#1295 = CARTESIAN_POINT('',(11.440411170823,21.279716820934));
#1296 = CARTESIAN_POINT('',(10.519366209992,20.831636799482));
#1297 = CARTESIAN_POINT('',(9.351698244155,20.027222537151));
#1298 = CARTESIAN_POINT('',(9.030364313302,19.775558734675));
#1299 = CARTESIAN_POINT('',(8.724662973063,19.504363884394));
#1300 = CARTESIAN_POINT('',(8.435973115668,19.21478087594));
#1301 = CARTESIAN_POINT('',(8.165564768522,18.908056850602));
#1302 = CARTESIAN_POINT('',(7.914601859624,18.585538551428));
#1303 = CARTESIAN_POINT('',(7.684137031206,18.248675085566));
#1304 = CARTESIAN_POINT('',(7.331128902984,17.658218251843));
#1305 = CARTESIAN_POINT('',(7.197315409797,17.411332099673));
#1306 = CARTESIAN_POINT('',(7.073959293996,17.158874191457));
#1307 = CARTESIAN_POINT('',(6.961329962673,16.901362591443));
#1308 = CARTESIAN_POINT('',(6.859664680918,16.63932870224));
#1309 = CARTESIAN_POINT('',(6.769168294704,16.37331708807));
#1310 = CARTESIAN_POINT('',(6.690012953762,16.103885298022));
#1311 = CARTESIAN_POINT('',(6.622337834471,15.8316036893));
#1312 = ( GEOMETRIC_REPRESENTATION_CONTEXT(2) 
PARAMETRIC_REPRESENTATION_CONTEXT() REPRESENTATION_CONTEXT('2D SPACE',''
  ) );
#1313 = ORIENTED_EDGE('',*,*,#1314,.F.);
#1314 = EDGE_CURVE('',#122,#1122,#1315,.T.);
#1315 = SURFACE_CURVE('',#1316,(#1319,#1326),.PCURVE_S1.);
#1316 = B_SPLINE_CURVE_WITH_KNOTS('',1,(#1317,#1318),.UNSPECIFIED.,.F.,
  .F.,(2,2),(-4.888557124478,-0.),.PIECEWISE_BEZIER_KNOTS.);
#1317 = CARTESIAN_POINT('',(-7.400139838431,1.748450846959,
    24.13860121685));
#1318 = CARTESIAN_POINT('',(-7.273208977003,2.218012885462,
    29.002898782552));
#1319 = PCURVE('',#209,#1320);
#1320 = DEFINITIONAL_REPRESENTATION('',(#1321),#1325);
#1321 = LINE('',#1322,#1323);
#1322 = CARTESIAN_POINT('',(0.,75.154538298989));
#1323 = VECTOR('',#1324,1.);
#1324 = DIRECTION('',(1.,0.));
#1325 = ( GEOMETRIC_REPRESENTATION_CONTEXT(2) 
PARAMETRIC_REPRESENTATION_CONTEXT() REPRESENTATION_CONTEXT('2D SPACE',''
  ) );
#1326 = PCURVE('',#1327,#1332);
#1327 = PLANE('',#1328);
#1328 = AXIS2_PLACEMENT_3D('',#1329,#1330,#1331);
#1329 = CARTESIAN_POINT('',(-9.033675099352,2.44196093906,26.57074999992
    ));
#1330 = DIRECTION('',(-0.259656584204,-0.960561318397,9.950081345655E-02
    ));
#1331 = DIRECTION('',(-0.965351895751,0.260951561347,-2.908924113698E-20
    ));
#1332 = DEFINITIONAL_REPRESENTATION('',(#1333),#1336);
#1333 = B_SPLINE_CURVE_WITH_KNOTS('',1,(#1334,#1335),.UNSPECIFIED.,.F.,
  .F.,(2,2),(-4.888557124478,-0.),.PIECEWISE_BEZIER_KNOTS.);
#1334 = CARTESIAN_POINT('',(-1.75790890225,2.444278562459));
#1335 = CARTESIAN_POINT('',(-1.757908902863,-2.444278562019));
#1336 = ( GEOMETRIC_REPRESENTATION_CONTEXT(2) 
PARAMETRIC_REPRESENTATION_CONTEXT() REPRESENTATION_CONTEXT('2D SPACE',''
  ) );
#1337 = ADVANCED_FACE('',(#1338),#380,.T.);
#1338 = FACE_BOUND('',#1339,.T.);
#1339 = EDGE_LOOP('',(#1340,#1608,#1698,#1699,#1720));
#1340 = ORIENTED_EDGE('',*,*,#1341,.F.);
#1341 = EDGE_CURVE('',#1342,#1344,#1346,.T.);
#1342 = VERTEX_POINT('',#1343);
#1343 = CARTESIAN_POINT('',(-8.980993252437,7.959219988791,-25.));
#1344 = VERTEX_POINT('',#1345);
#1345 = CARTESIAN_POINT('',(-6.592805047214,10.027044595932,25.));
#1346 = SURFACE_CURVE('',#1347,(#1430,#1436),.PCURVE_S1.);
#1347 = B_SPLINE_CURVE_WITH_KNOTS('',11,(#1348,#1349,#1350,#1351,#1352,
    #1353,#1354,#1355,#1356,#1357,#1358,#1359,#1360,#1361,#1362,#1363,
    #1364,#1365,#1366,#1367,#1368,#1369,#1370,#1371,#1372,#1373,#1374,
    #1375,#1376,#1377,#1378,#1379,#1380,#1381,#1382,#1383,#1384,#1385,
    #1386,#1387,#1388,#1389,#1390,#1391,#1392,#1393,#1394,#1395,#1396,
    #1397,#1398,#1399,#1400,#1401,#1402,#1403,#1404,#1405,#1406,#1407,
    #1408,#1409,#1410,#1411,#1412,#1413,#1414,#1415,#1416,#1417,#1418,
    #1419,#1420,#1421,#1422,#1423,#1424,#1425,#1426,#1427,#1428,#1429),
  .UNSPECIFIED.,.F.,.F.,(12,10,10,10,10,10,10,10,12),(0.,9.394317287374,
    18.788634574747,28.182951862121,37.577269149495,46.971586436868,
    56.365903724242,65.760221011616,75.154538298989),.UNSPECIFIED.);
#1348 = CARTESIAN_POINT('',(12.,8.386023397E-02,-27.40937707295));
#1349 = CARTESIAN_POINT('',(11.949356933056,7.330642186672,
    -26.80549638209));
#1350 = CARTESIAN_POINT('',(7.086547469887,14.543801762042,
    -26.2016157559));
#1351 = CARTESIAN_POINT('',(-2.580905903587,18.170518223296,
    -25.59773489167));
#1352 = CARTESIAN_POINT('',(-13.99477121276,14.672764486934,
    -24.9938546083));
#1353 = CARTESIAN_POINT('',(-21.51146534357,3.374307866197,
    -24.38997330309));
#1354 = CARTESIAN_POINT('',(-18.79525439732,-10.99397621557,
    -23.78609334062));
#1355 = CARTESIAN_POINT('',(-7.672893857665,-18.76886614077,
    -23.18221204161));
#1356 = CARTESIAN_POINT('',(4.230142499041,-17.85874302275,
    -22.5783317502));
#1357 = CARTESIAN_POINT('',(11.906574316494,-10.95330147007,
    -21.97445089176));
#1358 = CARTESIAN_POINT('',(13.800728459492,-2.462791073823,
    -21.37057026291));
#1359 = CARTESIAN_POINT('',(8.6043104434,11.067578225178,-20.16280888275
    ));
#1360 = CARTESIAN_POINT('',(1.513733426616,16.107449700561,
    -19.55892825376));
#1361 = CARTESIAN_POINT('',(-8.811607201901,16.099204524874,
    -18.95504739625));
#1362 = CARTESIAN_POINT('',(-18.2638406416,8.807710480323,
    -18.35116710164));
#1363 = CARTESIAN_POINT('',(-21.32252717528,-4.41349405623,
    -17.74728580971));
#1364 = CARTESIAN_POINT('',(-13.72262880224,-16.9061692762,
    -17.14340583636));
#1365 = CARTESIAN_POINT('',(-0.575367980756,-20.26851223054,
    -16.53952454308));
#1366 = CARTESIAN_POINT('',(10.245555538915,-15.2268644054,
    -15.93564425026));
#1367 = CARTESIAN_POINT('',(15.000061786303,-6.061309384803,
    -15.33176339142));
#1368 = CARTESIAN_POINT('',(13.784406991804,2.552561413212,
    -14.72788276307));
#1369 = CARTESIAN_POINT('',(4.157966074398,13.387933526244,
    -13.52012138251));
#1370 = CARTESIAN_POINT('',(-4.252829021727,15.609444898847,
    -12.91624075504));
#1371 = CARTESIAN_POINT('',(-13.91447792975,11.967293417459,
    -12.31235989278));
#1372 = CARTESIAN_POINT('',(-20.19525279231,1.815324661748,
    -11.70847960778));
#1373 = CARTESIAN_POINT('',(-18.40443898739,-11.63639636387,
    -11.10459830198));
#1374 = CARTESIAN_POINT('',(-6.893592618896,-20.65447849151,
    -10.50071834343));
#1375 = CARTESIAN_POINT('',(6.595801398488,-19.17391562082,
    -9.896837038387));
#1376 = CARTESIAN_POINT('',(14.949601599239,-10.64604245429,
    -9.292956752475));
#1377 = CARTESIAN_POINT('',(16.173635237529,-0.393507637725,
    -8.689075890764));
#1378 = CARTESIAN_POINT('',(12.003767710083,7.241202016611,
    -8.085195263151));
#1379 = CARTESIAN_POINT('',(-0.820571926233,13.994717135151,
    -6.877433882513));
#1380 = CARTESIAN_POINT('',(-9.475055974453,13.113528854589,
    -6.273553254855));
#1381 = CARTESIAN_POINT('',(-17.23638257928,6.303643659068,
    -5.669672393441));
#1382 = CARTESIAN_POINT('',(-19.54179899097,-5.409411349803,
    -5.065792106533));
#1383 = CARTESIAN_POINT('',(-13.1306978119,-17.36991277418,
    -4.461910803624));
#1384 = CARTESIAN_POINT('',(0.817780273937,-21.7591437412,-3.8580308419)
  );
#1385 = CARTESIAN_POINT('',(12.922749481652,-15.62517782819,
    -3.254149539429));
#1386 = CARTESIAN_POINT('',(17.740192230071,-4.702593705322,
    -2.650269251971));
#1387 = CARTESIAN_POINT('',(15.27708461383,5.3246606237,-2.046388390928)
  );
#1388 = CARTESIAN_POINT('',(8.686721296801,11.003014086835,
    -1.442507763122));
#1389 = CARTESIAN_POINT('',(-5.694081856531,12.810264548008,
    -0.23474638254));
#1390 = CARTESIAN_POINT('',(-13.48453506979,8.939163198558,
    0.369134245252));
#1391 = CARTESIAN_POINT('',(-18.35213814633,-0.166833031118,
    0.97301510633));
#1392 = CARTESIAN_POINT('',(-16.38711723734,-11.94177656803,
    1.576895393766));
#1393 = CARTESIAN_POINT('',(-6.176309505014,-20.88018907262,
    2.180776696164));
#1394 = CARTESIAN_POINT('',(8.424482409846,-20.07877478972,
    2.784656658112));
#1395 = CARTESIAN_POINT('',(17.595666519097,-10.07651507598,
    3.388537960696));
#1396 = CARTESIAN_POINT('',(18.260149296564,1.842757602714,
    3.992418247907));
#1397 = CARTESIAN_POINT('',(12.425162783638,10.361305654072,
    4.596299109127));
#1398 = CARTESIAN_POINT('',(4.257828930387,13.356509225196,
    5.200179736872));
#1399 = CARTESIAN_POINT('',(-9.838784950197,9.986178282135,
    6.407941117456));
#1400 = CARTESIAN_POINT('',(-15.76807808012,3.620640606104,
    7.011821745333));
#1401 = CARTESIAN_POINT('',(-17.11893490223,-6.61595613769,7.615702606)
  );
#1402 = CARTESIAN_POINT('',(-11.13498704958,-16.94566913247,
    8.21958289458));
#1403 = CARTESIAN_POINT('',(1.568607759337,-21.71793186598,8.82346419478
    ));
#1404 = CARTESIAN_POINT('',(14.952903528523,-15.82844834357,
    9.427344159794));
#1405 = CARTESIAN_POINT('',(20.016448378942,-3.238121466814,
    10.031225459239));
#1406 = CARTESIAN_POINT('',(16.442921548961,8.152247472464,
    10.635105748797));
#1407 = CARTESIAN_POINT('',(7.982897890093,14.071768415141,
    11.238986608757));
#1408 = CARTESIAN_POINT('',(-0.716038888055,14.000454785299,
    11.842867236965));
#1409 = CARTESIAN_POINT('',(-12.72418515422,5.883923702675,
    13.050628617346));
#1410 = CARTESIAN_POINT('',(-16.03340579351,-2.161301321048,
    13.65450924579));
#1411 = CARTESIAN_POINT('',(-13.69461514334,-12.21827827021,
    14.258390105103));
#1412 = CARTESIAN_POINT('',(-4.457648216606,-19.78062211608,
    14.862270395463));
#1413 = CARTESIAN_POINT('',(9.112753048393,-19.77591531927,
    15.466151694777));
#1414 = CARTESIAN_POINT('',(19.567446591127,-9.552179585622,
    16.070031658555));
#1415 = CARTESIAN_POINT('',(19.875250134719,4.014731422858,
    16.673912961027));
#1416 = CARTESIAN_POINT('',(12.521102764868,13.418300692343,
    17.27779324743));
#1417 = CARTESIAN_POINT('',(2.518872033861,15.981132898997,
    17.881674109369));
#1418 = CARTESIAN_POINT('',(-5.598258210702,12.852429765969,
    18.485554736838));
#1419 = CARTESIAN_POINT('',(-13.98096930313,1.028563718654,
    19.693316117435));
#1420 = CARTESIAN_POINT('',(-14.24655792332,-7.666610207683,
    20.297196745455));
#1421 = CARTESIAN_POINT('',(-8.517470365083,-16.25673726143,
    20.901077606062));
#1422 = CARTESIAN_POINT('',(2.790241686619,-20.08377928279,
    21.504957893425));
#1423 = CARTESIAN_POINT('',(15.490522986215,-15.30270539445,
    22.108839197996));
#1424 = CARTESIAN_POINT('',(21.677478969531,-2.053291631146,
    22.712719154755));
#1425 = CARTESIAN_POINT('',(17.190144277819,10.753723819868,
    23.316600464382));
#1426 = CARTESIAN_POINT('',(6.996661200913,16.966895412986,
    23.920480745201));
#1427 = CARTESIAN_POINT('',(-3.267553676654,15.84501240261,
    24.524361610501));
#1428 = CARTESIAN_POINT('',(-9.763935523441,10.059374183884,
    25.12824223638));
#1429 = CARTESIAN_POINT('',(-11.60610620809,3.050464100378,
    25.732122927296));
#1430 = PCURVE('',#380,#1431);
#1431 = DEFINITIONAL_REPRESENTATION('',(#1432),#1435);
#1432 = B_SPLINE_CURVE_WITH_KNOTS('',1,(#1433,#1434),.UNSPECIFIED.,.F.,
  .F.,(2,2),(0.,75.154538298989),.PIECEWISE_BEZIER_KNOTS.);
#1433 = CARTESIAN_POINT('',(-4.682382198894,0.));
#1434 = CARTESIAN_POINT('',(-4.682382198894,75.154538298989));
#1435 = ( GEOMETRIC_REPRESENTATION_CONTEXT(2) 
PARAMETRIC_REPRESENTATION_CONTEXT() REPRESENTATION_CONTEXT('2D SPACE',''
  ) );
#1436 = PCURVE('',#1437,#1602);
#1437 = B_SPLINE_SURFACE_WITH_KNOTS('',1,11,(
    (#1438,#1439,#1440,#1441,#1442,#1443,#1444,#1445,#1446,#1447,#1448
      ,#1449,#1450,#1451,#1452,#1453,#1454,#1455,#1456,#1457,#1458,#1459
      ,#1460,#1461,#1462,#1463,#1464,#1465,#1466,#1467,#1468,#1469,#1470
      ,#1471,#1472,#1473,#1474,#1475,#1476,#1477,#1478,#1479,#1480,#1481
      ,#1482,#1483,#1484,#1485,#1486,#1487,#1488,#1489,#1490,#1491,#1492
      ,#1493,#1494,#1495,#1496,#1497,#1498,#1499,#1500,#1501,#1502,#1503
      ,#1504,#1505,#1506,#1507,#1508,#1509,#1510,#1511,#1512,#1513,#1514
      ,#1515,#1516,#1517,#1518,#1519)
    ,(#1520,#1521,#1522,#1523,#1524,#1525,#1526,#1527,#1528,#1529,#1530
      ,#1531,#1532,#1533,#1534,#1535,#1536,#1537,#1538,#1539,#1540,#1541
      ,#1542,#1543,#1544,#1545,#1546,#1547,#1548,#1549,#1550,#1551,#1552
      ,#1553,#1554,#1555,#1556,#1557,#1558,#1559,#1560,#1561,#1562,#1563
      ,#1564,#1565,#1566,#1567,#1568,#1569,#1570,#1571,#1572,#1573,#1574
      ,#1575,#1576,#1577,#1578,#1579,#1580,#1581,#1582,#1583,#1584,#1585
      ,#1586,#1587,#1588,#1589,#1590,#1591,#1592,#1593,#1594,#1595,#1596
      ,#1597,#1598,#1599,#1600,#1601
    )),.UNSPECIFIED.,.F.,.F.,.F.,(2,2),(12,10,10,10,10,10,10,10,12),(
    -1.685619062935,-0.),(0.,9.394317287374,18.788634574747,
    28.182951862121,37.577269149495,46.971586436868,56.365903724242,
    65.760221011616,75.154538298989),.UNSPECIFIED.);
#1438 = CARTESIAN_POINT('',(12.,-8.386023396999E-02,-25.73212292704));
#1439 = CARTESIAN_POINT('',(12.050643066946,7.162921718671,
    -25.12824223619));
#1440 = CARTESIAN_POINT('',(7.289119862092,14.443339527157,
    -24.52436160996));
#1441 = CARTESIAN_POINT('',(-2.326702304556,18.204814316566,
    -23.92048074583));
#1442 = CARTESIAN_POINT('',(-13.78833734635,14.86692266446,
    -23.31660046231));
#1443 = CARTESIAN_POINT('',(-21.46220507409,3.674623015193,
    -22.71271915727));
#1444 = CARTESIAN_POINT('',(-18.94707059748,-10.73021950396,
    -22.10883919467));
#1445 = CARTESIAN_POINT('',(-7.934458662413,-18.659796479,
    -21.50495789571));
#1446 = CARTESIAN_POINT('',(3.980135192532,-17.9161193248,-20.9010776043
    ));
#1447 = CARTESIAN_POINT('',(11.752327795379,-11.11863823164,
    -20.29719674585));
#1448 = CARTESIAN_POINT('',(13.764960529357,-2.65542983315,-19.693316117
    ));
#1449 = CARTESIAN_POINT('',(8.758150791185,10.946243218628,
    -18.48555473684));
#1450 = CARTESIAN_POINT('',(1.738703688567,16.084720529937,
    -17.88167410784));
#1451 = CARTESIAN_POINT('',(-8.585743773292,16.22078332796,
    -17.27779325035));
#1452 = CARTESIAN_POINT('',(-18.1389599648,9.062106143715,
    -16.67391295572));
#1453 = CARTESIAN_POINT('',(-21.38212783634,-4.115058930815,
    -16.07003166379));
#1454 = CARTESIAN_POINT('',(-13.95756941224,-16.71273020813,
    -15.46615169049));
#1455 = CARTESIAN_POINT('',(-0.858585068104,-20.25849132046,
    -14.86227039713));
#1456 = CARTESIAN_POINT('',(10.031743898153,-15.36856929458,
    -14.25839010439));
#1457 = CARTESIAN_POINT('',(14.913883723751,-6.27035860312,
    -13.6545092455));
#1458 = CARTESIAN_POINT('',(13.818735337479,2.359660917944,
    -13.05062861716));
#1459 = CARTESIAN_POINT('',(4.344670033774,13.328514102382,
    -11.84286723661));
#1460 = CARTESIAN_POINT('',(-4.03425567271,15.667357984706,
    -11.23898660912));
#1461 = CARTESIAN_POINT('',(-13.74586378283,12.160593602858,
    -10.63510574691));
#1462 = CARTESIAN_POINT('',(-20.16790924053,2.097396761442,
    -10.03122546182));
#1463 = CARTESIAN_POINT('',(-18.56527207785,-11.37803909389,
    -9.427344156111));
#1464 = CARTESIAN_POINT('',(-7.181586703191,-20.55611605339,
    -8.823464197536));
#1465 = CARTESIAN_POINT('',(6.32718203886,-19.26422607854,
    -8.219582892442));
#1466 = CARTESIAN_POINT('',(14.799352177134,-10.85393859067,
    -7.6157026066));
#1467 = CARTESIAN_POINT('',(16.166555886082,-0.619512321643,
    -7.011821744843));
#1468 = CARTESIAN_POINT('',(12.103798518088,7.07272984138,
    -6.407941117245));
#1469 = CARTESIAN_POINT('',(-0.624901293238,14.004818608371,
    -5.200179736607));
#1470 = CARTESIAN_POINT('',(-9.290855560047,13.244671683907,
    -4.596299108933));
#1471 = CARTESIAN_POINT('',(-17.14659926641,6.543924014559,
    -3.992418247569));
#1472 = CARTESIAN_POINT('',(-19.615492373,-5.135766280022,-3.38853796058
    ));
#1473 = CARTESIAN_POINT('',(-13.37217769636,-17.18470146898,
    -2.784656657741));
#1474 = CARTESIAN_POINT('',(0.513594149664,-21.76844771349,
    -2.180776696007));
#1475 = CARTESIAN_POINT('',(12.70310945014,-15.80426047749,
    -1.576895393483));
#1476 = CARTESIAN_POINT('',(17.672736010523,-4.950071686234,
    -0.973015106095));
#1477 = CARTESIAN_POINT('',(15.350010086635,5.110627659586,
    -0.369134245007));
#1478 = CARTESIAN_POINT('',(8.839651249784,10.880533615479,
    0.234746382785));
#1479 = CARTESIAN_POINT('',(-5.51448916617,12.888593992995,
    1.442507763366));
#1480 = CARTESIAN_POINT('',(-13.35828408997,9.126750310071,
    2.046388391172));
#1481 = CARTESIAN_POINT('',(-18.35267736993,8.967311273307E-02,
    2.650269252207));
#1482 = CARTESIAN_POINT('',(-16.5524152609,-11.71158338371,
    3.254149539711));
#1483 = CARTESIAN_POINT('',(-6.467528270572,-20.79182962084,
    3.858030842058));
#1484 = CARTESIAN_POINT('',(8.143038166221,-20.19455432118,
    4.461910803996));
#1485 = CARTESIAN_POINT('',(17.453118364493,-10.32144845948,
    5.065792106648));
#1486 = CARTESIAN_POINT('',(18.284120253639,1.58737341025,5.669672393779
    ));
#1487 = CARTESIAN_POINT('',(12.568759076585,10.186639289298,
    6.273553255049));
#1488 = CARTESIAN_POINT('',(4.444083951612,13.295697191437,
    6.877433882777));
#1489 = CARTESIAN_POINT('',(-9.698256942723,10.122710020199,
    8.085195263362));
#1490 = CARTESIAN_POINT('',(-15.71593586999,3.840662023715,
    8.689075891254));
#1491 = CARTESIAN_POINT('',(-17.20972764529,-6.376055386216,
    9.292956751874));
#1492 = CARTESIAN_POINT('',(-11.37073260176,-16.78839112082,
    9.896837040532));
#1493 = CARTESIAN_POINT('',(1.264924291022,-21.73773372345,
    10.500718340661));
#1494 = CARTESIAN_POINT('',(14.73022426801,-16.03588438011,
    11.104598305692));
#1495 = CARTESIAN_POINT('',(19.969237372018,-3.517555643422,
    11.708479605178));
#1496 = CARTESIAN_POINT('',(16.555251550651,7.92164464583,
    12.312359894677));
#1497 = CARTESIAN_POINT('',(8.178785576311,13.958824851418,
    12.916240754676));
#1498 = CARTESIAN_POINT('',(-0.520298275431,14.009094748741,
    13.520121382871));
#1499 = CARTESIAN_POINT('',(-12.64070853503,6.061182526016,
    14.727882763253));
#1500 = CARTESIAN_POINT('',(-16.06204622939,-1.937006961885,
    15.331763391709));
#1501 = CARTESIAN_POINT('',(-13.86404050329,-12.02568870527,
    15.935644250986));
#1502 = CARTESIAN_POINT('',(-4.733667342474,-19.71638987826,
    16.539524541395));
#1503 = CARTESIAN_POINT('',(8.835474461334,-19.90134397287,
    17.143405840686));
#1504 = CARTESIAN_POINT('',(19.432033863613,-9.824721611441,
    17.747285804424));
#1505 = CARTESIAN_POINT('',(19.929418990603,3.736562276925,
    18.351167106989));
#1506 = CARTESIAN_POINT('',(12.707414272852,13.241994951218,
    18.955047393297));
#1507 = CARTESIAN_POINT('',(2.741978716162,15.944368204942,
    19.558928255293));
#1508 = CARTESIAN_POINT('',(-5.418085580005,12.929415865515,
    20.162808882743));
#1509 = CARTESIAN_POINT('',(-13.9652285569,1.223861607265,
    21.370570263342));
#1510 = CARTESIAN_POINT('',(-14.35231520901,-7.466751180472,
    21.97445089137));
#1511 = CARTESIAN_POINT('',(-8.74384295556,-16.13610914301,
    22.578331751956));
#1512 = CARTESIAN_POINT('',(2.509277706122,-20.12081414172,
    23.182212039333));
#1513 = CARTESIAN_POINT('',(15.275139205843,-15.51770676277,
    23.786093343945));
#1514 = CARTESIAN_POINT('',(21.646664754587,-2.356055972496,
    24.389973300577));
#1515 = CARTESIAN_POINT('',(17.33875972365,10.512423614422,
    24.993854610386));
#1516 = CARTESIAN_POINT('',(7.23310750724,16.867452788288,25.59773489104
    ));
#1517 = CARTESIAN_POINT('',(-3.045784256475,15.889132229116,
    26.201615756439));
#1518 = CARTESIAN_POINT('',(-9.622391843964,10.194852680682,
    26.80549638228));
#1519 = CARTESIAN_POINT('',(-11.56233928991,3.212373372005,
    27.409377073203));
#1520 = CARTESIAN_POINT('',(12.,8.386023397E-02,-27.40937707295));
#1521 = CARTESIAN_POINT('',(11.949356933056,7.330642186672,
    -26.80549638209));
#1522 = CARTESIAN_POINT('',(7.086547469887,14.543801762042,
    -26.2016157559));
#1523 = CARTESIAN_POINT('',(-2.580905903587,18.170518223296,
    -25.59773489167));
#1524 = CARTESIAN_POINT('',(-13.99477121276,14.672764486934,
    -24.9938546083));
#1525 = CARTESIAN_POINT('',(-21.51146534357,3.374307866197,
    -24.38997330309));
#1526 = CARTESIAN_POINT('',(-18.79525439732,-10.99397621557,
    -23.78609334062));
#1527 = CARTESIAN_POINT('',(-7.672893857665,-18.76886614077,
    -23.18221204161));
#1528 = CARTESIAN_POINT('',(4.230142499041,-17.85874302275,
    -22.5783317502));
#1529 = CARTESIAN_POINT('',(11.906574316494,-10.95330147007,
    -21.97445089176));
#1530 = CARTESIAN_POINT('',(13.800728459492,-2.462791073823,
    -21.37057026291));
#1531 = CARTESIAN_POINT('',(8.6043104434,11.067578225178,-20.16280888275
    ));
#1532 = CARTESIAN_POINT('',(1.513733426616,16.107449700561,
    -19.55892825376));
#1533 = CARTESIAN_POINT('',(-8.811607201901,16.099204524874,
    -18.95504739625));
#1534 = CARTESIAN_POINT('',(-18.2638406416,8.807710480323,
    -18.35116710164));
#1535 = CARTESIAN_POINT('',(-21.32252717528,-4.41349405623,
    -17.74728580971));
#1536 = CARTESIAN_POINT('',(-13.72262880224,-16.9061692762,
    -17.14340583636));
#1537 = CARTESIAN_POINT('',(-0.575367980756,-20.26851223054,
    -16.53952454308));
#1538 = CARTESIAN_POINT('',(10.245555538915,-15.2268644054,
    -15.93564425026));
#1539 = CARTESIAN_POINT('',(15.000061786303,-6.061309384803,
    -15.33176339142));
#1540 = CARTESIAN_POINT('',(13.784406991804,2.552561413212,
    -14.72788276307));
#1541 = CARTESIAN_POINT('',(4.157966074398,13.387933526244,
    -13.52012138251));
#1542 = CARTESIAN_POINT('',(-4.252829021727,15.609444898847,
    -12.91624075504));
#1543 = CARTESIAN_POINT('',(-13.91447792975,11.967293417459,
    -12.31235989278));
#1544 = CARTESIAN_POINT('',(-20.19525279231,1.815324661748,
    -11.70847960778));
#1545 = CARTESIAN_POINT('',(-18.40443898739,-11.63639636387,
    -11.10459830198));
#1546 = CARTESIAN_POINT('',(-6.893592618896,-20.65447849151,
    -10.50071834343));
#1547 = CARTESIAN_POINT('',(6.595801398488,-19.17391562082,
    -9.896837038387));
#1548 = CARTESIAN_POINT('',(14.949601599239,-10.64604245429,
    -9.292956752475));
#1549 = CARTESIAN_POINT('',(16.173635237529,-0.393507637725,
    -8.689075890764));
#1550 = CARTESIAN_POINT('',(12.003767710083,7.241202016611,
    -8.085195263151));
#1551 = CARTESIAN_POINT('',(-0.820571926233,13.994717135151,
    -6.877433882513));
#1552 = CARTESIAN_POINT('',(-9.475055974453,13.113528854589,
    -6.273553254855));
#1553 = CARTESIAN_POINT('',(-17.23638257928,6.303643659068,
    -5.669672393441));
#1554 = CARTESIAN_POINT('',(-19.54179899097,-5.409411349803,
    -5.065792106533));
#1555 = CARTESIAN_POINT('',(-13.1306978119,-17.36991277418,
    -4.461910803624));
#1556 = CARTESIAN_POINT('',(0.817780273937,-21.7591437412,-3.8580308419)
  );
#1557 = CARTESIAN_POINT('',(12.922749481652,-15.62517782819,
    -3.254149539429));
#1558 = CARTESIAN_POINT('',(17.740192230071,-4.702593705322,
    -2.650269251971));
#1559 = CARTESIAN_POINT('',(15.27708461383,5.3246606237,-2.046388390928)
  );
#1560 = CARTESIAN_POINT('',(8.686721296801,11.003014086835,
    -1.442507763122));
#1561 = CARTESIAN_POINT('',(-5.694081856531,12.810264548008,
    -0.23474638254));
#1562 = CARTESIAN_POINT('',(-13.48453506979,8.939163198558,
    0.369134245252));
#1563 = CARTESIAN_POINT('',(-18.35213814633,-0.166833031118,
    0.97301510633));
#1564 = CARTESIAN_POINT('',(-16.38711723734,-11.94177656803,
    1.576895393766));
#1565 = CARTESIAN_POINT('',(-6.176309505014,-20.88018907262,
    2.180776696164));
#1566 = CARTESIAN_POINT('',(8.424482409846,-20.07877478972,
    2.784656658112));
#1567 = CARTESIAN_POINT('',(17.595666519097,-10.07651507598,
    3.388537960696));
#1568 = CARTESIAN_POINT('',(18.260149296564,1.842757602714,
    3.992418247907));
#1569 = CARTESIAN_POINT('',(12.425162783638,10.361305654072,
    4.596299109127));
#1570 = CARTESIAN_POINT('',(4.257828930387,13.356509225196,
    5.200179736872));
#1571 = CARTESIAN_POINT('',(-9.838784950197,9.986178282135,
    6.407941117456));
#1572 = CARTESIAN_POINT('',(-15.76807808012,3.620640606104,
    7.011821745333));
#1573 = CARTESIAN_POINT('',(-17.11893490223,-6.61595613769,7.615702606)
  );
#1574 = CARTESIAN_POINT('',(-11.13498704958,-16.94566913247,
    8.21958289458));
#1575 = CARTESIAN_POINT('',(1.568607759337,-21.71793186598,8.82346419478
    ));
#1576 = CARTESIAN_POINT('',(14.952903528523,-15.82844834357,
    9.427344159794));
#1577 = CARTESIAN_POINT('',(20.016448378942,-3.238121466814,
    10.031225459239));
#1578 = CARTESIAN_POINT('',(16.442921548961,8.152247472464,
    10.635105748797));
#1579 = CARTESIAN_POINT('',(7.982897890093,14.071768415141,
    11.238986608757));
#1580 = CARTESIAN_POINT('',(-0.716038888055,14.000454785299,
    11.842867236965));
#1581 = CARTESIAN_POINT('',(-12.72418515422,5.883923702675,
    13.050628617346));
#1582 = CARTESIAN_POINT('',(-16.03340579351,-2.161301321048,
    13.65450924579));
#1583 = CARTESIAN_POINT('',(-13.69461514334,-12.21827827021,
    14.258390105103));
#1584 = CARTESIAN_POINT('',(-4.457648216606,-19.78062211608,
    14.862270395463));
#1585 = CARTESIAN_POINT('',(9.112753048393,-19.77591531927,
    15.466151694777));
#1586 = CARTESIAN_POINT('',(19.567446591127,-9.552179585622,
    16.070031658555));
#1587 = CARTESIAN_POINT('',(19.875250134719,4.014731422858,
    16.673912961027));
#1588 = CARTESIAN_POINT('',(12.521102764868,13.418300692343,
    17.27779324743));
#1589 = CARTESIAN_POINT('',(2.518872033861,15.981132898997,
    17.881674109369));
#1590 = CARTESIAN_POINT('',(-5.598258210702,12.852429765969,
    18.485554736838));
#1591 = CARTESIAN_POINT('',(-13.98096930313,1.028563718654,
    19.693316117435));
#1592 = CARTESIAN_POINT('',(-14.24655792332,-7.666610207683,
    20.297196745455));
#1593 = CARTESIAN_POINT('',(-8.517470365083,-16.25673726143,
    20.901077606062));
#1594 = CARTESIAN_POINT('',(2.790241686619,-20.08377928279,
    21.504957893425));
#1595 = CARTESIAN_POINT('',(15.490522986215,-15.30270539445,
    22.108839197996));
#1596 = CARTESIAN_POINT('',(21.677478969531,-2.053291631146,
    22.712719154755));
#1597 = CARTESIAN_POINT('',(17.190144277819,10.753723819868,
    23.316600464382));
#1598 = CARTESIAN_POINT('',(6.996661200913,16.966895412986,
    23.920480745201));
#1599 = CARTESIAN_POINT('',(-3.267553676654,15.84501240261,
    24.524361610501));
#1600 = CARTESIAN_POINT('',(-9.763935523441,10.059374183884,
    25.12824223638));
#1601 = CARTESIAN_POINT('',(-11.60610620809,3.050464100378,
    25.732122927296));
#1602 = DEFINITIONAL_REPRESENTATION('',(#1603),#1607);
#1603 = LINE('',#1604,#1605);
#1604 = CARTESIAN_POINT('',(-0.,0.));
#1605 = VECTOR('',#1606,1.);
#1606 = DIRECTION('',(0.,1.));
#1607 = ( GEOMETRIC_REPRESENTATION_CONTEXT(2) 
PARAMETRIC_REPRESENTATION_CONTEXT() REPRESENTATION_CONTEXT('2D SPACE',''
  ) );
#1608 = ORIENTED_EDGE('',*,*,#1609,.F.);
#1609 = EDGE_CURVE('',#120,#1342,#1610,.T.);
#1610 = SURFACE_CURVE('',#1611,(#1638,#1668),.PCURVE_S1.);
#1611 = B_SPLINE_CURVE_WITH_KNOTS('',7,(#1612,#1613,#1614,#1615,#1616,
    #1617,#1618,#1619,#1620,#1621,#1622,#1623,#1624,#1625,#1626,#1627,
    #1628,#1629,#1630,#1631,#1632,#1633,#1634,#1635,#1636,#1637),
  .UNSPECIFIED.,.F.,.F.,(8,6,6,6,8),(0.,0.15939625852,0.362870181637,
    0.631400877313,1.),.UNSPECIFIED.);
#1612 = CARTESIAN_POINT('',(-4.765790131692,-5.925076372477,-25.));
#1613 = CARTESIAN_POINT('',(-5.111074914851,-5.803956647265,-25.));
#1614 = CARTESIAN_POINT('',(-5.450007579772,-5.662378709832,-25.));
#1615 = CARTESIAN_POINT('',(-5.781238784324,-5.501176450997,-25.));
#1616 = CARTESIAN_POINT('',(-6.103559963089,-5.321254221243,-25.));
#1617 = CARTESIAN_POINT('',(-6.415894521612,-5.123570434803,-25.));
#1618 = CARTESIAN_POINT('',(-6.717289030664,-4.909121173748,-25.));
#1619 = CARTESIAN_POINT('',(-7.376606821998,-4.385070192403,-25.));
#1620 = CARTESIAN_POINT('',(-7.727116233319,-4.065554087986,-25.));
#1621 = CARTESIAN_POINT('',(-8.056697382763,-3.722487211751,-25.));
#1622 = CARTESIAN_POINT('',(-8.363927037718,-3.358031376811,-25.));
#1623 = CARTESIAN_POINT('',(-8.647654666352,-2.974362834127,-25.));
#1624 = CARTESIAN_POINT('',(-8.906973056689,-2.573646730852,-25.));
#1625 = CARTESIAN_POINT('',(-9.4503138195,-1.609508694373,-25.));
#1626 = CARTESIAN_POINT('',(-9.71573018175,-1.035019406203,-25.));
#1627 = CARTESIAN_POINT('',(-9.935891120094,-0.439440745652,-25.));
#1628 = CARTESIAN_POINT('',(-10.1099243165,0.172484141255,-25.));
#1629 = CARTESIAN_POINT('',(-10.23751213869,0.796200378032,-25.));
#1630 = CARTESIAN_POINT('',(-10.31880483096,1.427369116563,-25.));
#1631 = CARTESIAN_POINT('',(-10.40320461023,2.932839089568,-25.));
#1632 = CARTESIAN_POINT('',(-10.36588886319,3.810146640404,-25.));
#1633 = CARTESIAN_POINT('',(-10.24389999752,4.683260630706,-25.));
#1634 = CARTESIAN_POINT('',(-10.04015184136,5.54271407039,-25.));
#1635 = CARTESIAN_POINT('',(-9.758519962242,6.380039419717,-25.));
#1636 = CARTESIAN_POINT('',(-9.403682062644,7.187728403075,-25.));
#1637 = CARTESIAN_POINT('',(-8.980993252437,7.959219988791,-25.));
#1638 = PCURVE('',#380,#1639);
#1639 = DEFINITIONAL_REPRESENTATION('',(#1640),#1667);
#1640 = B_SPLINE_CURVE_WITH_KNOTS('',7,(#1641,#1642,#1643,#1644,#1645,
    #1646,#1647,#1648,#1649,#1650,#1651,#1652,#1653,#1654,#1655,#1656,
    #1657,#1658,#1659,#1660,#1661,#1662,#1663,#1664,#1665,#1666),
  .UNSPECIFIED.,.F.,.F.,(8,6,6,6,8),(0.,0.15939625852,0.362870181637,
    0.631400877313,1.),.UNSPECIFIED.);
#1641 = CARTESIAN_POINT('',(0.,5.661037228622));
#1642 = CARTESIAN_POINT('',(-0.130080880721,5.598429781451));
#1643 = CARTESIAN_POINT('',(-0.258376992217,5.536681337122));
#1644 = CARTESIAN_POINT('',(-0.384966459482,5.475754294362));
#1645 = CARTESIAN_POINT('',(-0.509921010348,5.41561413083));
#1646 = CARTESIAN_POINT('',(-0.633306403375,5.356229197173));
#1647 = CARTESIAN_POINT('',(-0.755182855751,5.297570511079));
#1648 = CARTESIAN_POINT('',(-1.029328414402,5.165625266903));
#1649 = CARTESIAN_POINT('',(-1.180682846137,5.092778938298));
#1650 = CARTESIAN_POINT('',(-1.329787502803,5.021015418121));
#1651 = CARTESIAN_POINT('',(-1.476751526959,4.950282176457));
#1652 = CARTESIAN_POINT('',(-1.621673135184,4.88053194203));
#1653 = CARTESIAN_POINT('',(-1.764639744154,4.811722641513));
#1654 = CARTESIAN_POINT('',(-2.091930049173,4.654199027306));
#1655 = CARTESIAN_POINT('',(-2.274864782518,4.566153216226));
#1656 = CARTESIAN_POINT('',(-2.454722860464,4.47958818801));
#1657 = CARTESIAN_POINT('',(-2.631678553012,4.394420067151));
#1658 = CARTESIAN_POINT('',(-2.805885640221,4.310574839877));
#1659 = CARTESIAN_POINT('',(-2.977475771358,4.227989143888));
#1660 = CARTESIAN_POINT('',(-3.378655745617,4.034902704878));
#1661 = CARTESIAN_POINT('',(-3.606044429851,3.925461371497));
#1662 = CARTESIAN_POINT('',(-3.82903897193,3.818134922508));
#1663 = CARTESIAN_POINT('',(-4.047941880267,3.712777761737));
#1664 = CARTESIAN_POINT('',(-4.263003360895,3.609269465948));
#1665 = CARTESIAN_POINT('',(-4.474432242495,3.507509526664));
#1666 = CARTESIAN_POINT('',(-4.682382198894,3.407423981231));
#1667 = ( GEOMETRIC_REPRESENTATION_CONTEXT(2) 
PARAMETRIC_REPRESENTATION_CONTEXT() REPRESENTATION_CONTEXT('2D SPACE',''
  ) );
#1668 = PCURVE('',#734,#1669);
#1669 = DEFINITIONAL_REPRESENTATION('',(#1670),#1697);
#1670 = B_SPLINE_CURVE_WITH_KNOTS('',7,(#1671,#1672,#1673,#1674,#1675,
    #1676,#1677,#1678,#1679,#1680,#1681,#1682,#1683,#1684,#1685,#1686,
    #1687,#1688,#1689,#1690,#1691,#1692,#1693,#1694,#1695,#1696),
  .UNSPECIFIED.,.F.,.F.,(8,6,6,6,8),(0.,0.15939625852,0.362870181637,
    0.631400877313,1.),.UNSPECIFIED.);
#1671 = CARTESIAN_POINT('',(9.234209868308,8.074923627523));
#1672 = CARTESIAN_POINT('',(8.888925085149,8.196043352735));
#1673 = CARTESIAN_POINT('',(8.549992420228,8.337621290168));
#1674 = CARTESIAN_POINT('',(8.218761215676,8.498823549003));
#1675 = CARTESIAN_POINT('',(7.896440036911,8.678745778757));
#1676 = CARTESIAN_POINT('',(7.584105478388,8.876429565197));
#1677 = CARTESIAN_POINT('',(7.282710969336,9.090878826252));
#1678 = CARTESIAN_POINT('',(6.623393178002,9.614929807597));
#1679 = CARTESIAN_POINT('',(6.272883766681,9.934445912014));
#1680 = CARTESIAN_POINT('',(5.943302617237,10.277512788249));
#1681 = CARTESIAN_POINT('',(5.636072962282,10.641968623189));
#1682 = CARTESIAN_POINT('',(5.352345333648,11.025637165873));
#1683 = CARTESIAN_POINT('',(5.093026943311,11.426353269148));
#1684 = CARTESIAN_POINT('',(4.5496861805,12.390491305627));
#1685 = CARTESIAN_POINT('',(4.28426981825,12.964980593797));
#1686 = CARTESIAN_POINT('',(4.064108879906,13.560559254348));
#1687 = CARTESIAN_POINT('',(3.8900756835,14.172484141255));
#1688 = CARTESIAN_POINT('',(3.762487861309,14.796200378032));
#1689 = CARTESIAN_POINT('',(3.681195169034,15.427369116563));
#1690 = CARTESIAN_POINT('',(3.596795389766,16.932839089568));
#1691 = CARTESIAN_POINT('',(3.634111136805,17.810146640404));
#1692 = CARTESIAN_POINT('',(3.756100002476,18.683260630706));
#1693 = CARTESIAN_POINT('',(3.959848158637,19.54271407039));
#1694 = CARTESIAN_POINT('',(4.241480037758,20.380039419717));
#1695 = CARTESIAN_POINT('',(4.596317937356,21.187728403075));
#1696 = CARTESIAN_POINT('',(5.019006747563,21.959219988791));
#1697 = ( GEOMETRIC_REPRESENTATION_CONTEXT(2) 
PARAMETRIC_REPRESENTATION_CONTEXT() REPRESENTATION_CONTEXT('2D SPACE',''
  ) );
#1698 = ORIENTED_EDGE('',*,*,#119,.T.);
#1699 = ORIENTED_EDGE('',*,*,#1700,.F.);
#1700 = EDGE_CURVE('',#1701,#122,#1703,.T.);
#1701 = VERTEX_POINT('',#1702);
#1702 = CARTESIAN_POINT('',(-9.673729391089,2.452270961106,25.));
#1703 = SURFACE_CURVE('',#1704,(#1707,#1714),.PCURVE_S1.);
#1704 = B_SPLINE_CURVE_WITH_KNOTS('',1,(#1705,#1706),.UNSPECIFIED.,.F.,
  .F.,(2,2),(-4.682382198894,-0.),.PIECEWISE_BEZIER_KNOTS.);
#1705 = CARTESIAN_POINT('',(-11.60610620809,3.050464100378,
    25.732122927296));
#1706 = CARTESIAN_POINT('',(-7.400139838431,1.748450846959,
    24.13860121685));
#1707 = PCURVE('',#380,#1708);
#1708 = DEFINITIONAL_REPRESENTATION('',(#1709),#1713);
#1709 = LINE('',#1710,#1711);
#1710 = CARTESIAN_POINT('',(0.,75.154538298989));
#1711 = VECTOR('',#1712,1.);
#1712 = DIRECTION('',(1.,0.));
#1713 = ( GEOMETRIC_REPRESENTATION_CONTEXT(2) 
PARAMETRIC_REPRESENTATION_CONTEXT() REPRESENTATION_CONTEXT('2D SPACE',''
  ) );
#1714 = PCURVE('',#1327,#1715);
#1715 = DEFINITIONAL_REPRESENTATION('',(#1716),#1719);
#1716 = B_SPLINE_CURVE_WITH_KNOTS('',1,(#1717,#1718),.UNSPECIFIED.,.F.,
  .F.,(2,2),(-4.682382198894,-0.),.PIECEWISE_BEZIER_KNOTS.);
#1717 = CARTESIAN_POINT('',(2.642091097549,0.842809531136));
#1718 = CARTESIAN_POINT('',(-1.75790890225,2.444278562459));
#1719 = ( GEOMETRIC_REPRESENTATION_CONTEXT(2) 
PARAMETRIC_REPRESENTATION_CONTEXT() REPRESENTATION_CONTEXT('2D SPACE',''
  ) );
#1720 = ORIENTED_EDGE('',*,*,#1721,.T.);
#1721 = EDGE_CURVE('',#1701,#1344,#1722,.T.);
#1722 = SURFACE_CURVE('',#1723,(#1736,#1752),.PCURVE_S1.);
#1723 = B_SPLINE_CURVE_WITH_KNOTS('',6,(#1724,#1725,#1726,#1727,#1728,
    #1729,#1730,#1731,#1732,#1733,#1734,#1735),.UNSPECIFIED.,.F.,.F.,(7,
    5,7),(0.,0.444164627391,1.),.UNSPECIFIED.);
#1724 = CARTESIAN_POINT('',(-9.673729391089,2.452270961105,25.));
#1725 = CARTESIAN_POINT('',(-9.684723955675,3.068849399565,25.));
#1726 = CARTESIAN_POINT('',(-9.648683418833,3.687223812443,25.));
#1727 = CARTESIAN_POINT('',(-9.566433031335,4.302805074763,25.));
#1728 = CARTESIAN_POINT('',(-9.439329364815,4.911419869165,25.));
#1729 = CARTESIAN_POINT('',(-9.269096246769,5.509289580879,25.));
#1730 = CARTESIAN_POINT('',(-8.793297653875,6.823508980609,25.));
#1731 = CARTESIAN_POINT('',(-8.464457671518,7.531881459418,25.));
#1732 = CARTESIAN_POINT('',(-8.075199967916,8.211517539847,25.));
#1733 = CARTESIAN_POINT('',(-7.630140539647,8.856871967601,25.));
#1734 = CARTESIAN_POINT('',(-7.134256086486,9.463307497515,25.));
#1735 = CARTESIAN_POINT('',(-6.592805047214,10.027044595931,25.));
#1736 = PCURVE('',#380,#1737);
#1737 = DEFINITIONAL_REPRESENTATION('',(#1738),#1751);
#1738 = B_SPLINE_CURVE_WITH_KNOTS('',6,(#1739,#1740,#1741,#1742,#1743,
    #1744,#1745,#1746,#1747,#1748,#1749,#1750),.UNSPECIFIED.,.F.,.F.,(7,
    5,7),(0.,0.444164627391,1.),.UNSPECIFIED.);
#1739 = CARTESIAN_POINT('',(-2.531122294684,75.154538298989));
#1740 = CARTESIAN_POINT('',(-2.703816179435,75.071421370456));
#1741 = CARTESIAN_POINT('',(-2.873730535379,74.98964221912));
#1742 = CARTESIAN_POINT('',(-3.041020367106,74.909126241482));
#1743 = CARTESIAN_POINT('',(-3.205828272339,74.829804805802));
#1744 = CARTESIAN_POINT('',(-3.368276793387,74.751618932933));
#1745 = CARTESIAN_POINT('',(-3.728937908167,74.578034071086));
#1746 = CARTESIAN_POINT('',(-3.925880945623,74.483246114827));
#1747 = CARTESIAN_POINT('',(-4.119511926482,74.390052239174));
#1748 = CARTESIAN_POINT('',(-4.310032516802,74.298355383061));
#1749 = CARTESIAN_POINT('',(-4.497610916758,74.208074592363));
#1750 = CARTESIAN_POINT('',(-4.682382198894,74.119144857155));
#1751 = ( GEOMETRIC_REPRESENTATION_CONTEXT(2) 
PARAMETRIC_REPRESENTATION_CONTEXT() REPRESENTATION_CONTEXT('2D SPACE',''
  ) );
#1752 = PCURVE('',#1247,#1753);
#1753 = DEFINITIONAL_REPRESENTATION('',(#1754),#1767);
#1754 = B_SPLINE_CURVE_WITH_KNOTS('',6,(#1755,#1756,#1757,#1758,#1759,
    #1760,#1761,#1762,#1763,#1764,#1765,#1766),.UNSPECIFIED.,.F.,.F.,(7,
    5,7),(0.,0.444164627391,1.),.UNSPECIFIED.);
#1755 = CARTESIAN_POINT('',(4.326270608911,16.452270961105));
#1756 = CARTESIAN_POINT('',(4.315276044325,17.068849399565));
#1757 = CARTESIAN_POINT('',(4.351316581167,17.687223812443));
#1758 = CARTESIAN_POINT('',(4.433566968665,18.302805074763));
#1759 = CARTESIAN_POINT('',(4.560670635185,18.911419869165));
#1760 = CARTESIAN_POINT('',(4.730903753231,19.509289580879));
#1761 = CARTESIAN_POINT('',(5.206702346125,20.823508980609));
#1762 = CARTESIAN_POINT('',(5.535542328482,21.531881459418));
#1763 = CARTESIAN_POINT('',(5.924800032084,22.211517539847));
#1764 = CARTESIAN_POINT('',(6.369859460353,22.856871967601));
#1765 = CARTESIAN_POINT('',(6.865743913514,23.463307497515));
#1766 = CARTESIAN_POINT('',(7.407194952786,24.027044595931));
#1767 = ( GEOMETRIC_REPRESENTATION_CONTEXT(2) 
PARAMETRIC_REPRESENTATION_CONTEXT() REPRESENTATION_CONTEXT('2D SPACE',''
  ) );
#1768 = ADVANCED_FACE('',(#1769),#1327,.T.);
#1769 = FACE_BOUND('',#1770,.T.);
#1770 = EDGE_LOOP('',(#1771,#1772,#1791));
#1771 = ORIENTED_EDGE('',*,*,#1314,.T.);
#1772 = ORIENTED_EDGE('',*,*,#1773,.T.);
#1773 = EDGE_CURVE('',#1122,#1701,#1774,.T.);
#1774 = SURFACE_CURVE('',#1775,(#1779,#1785),.PCURVE_S1.);
#1775 = LINE('',#1776,#1777);
#1776 = CARTESIAN_POINT('',(-9.317784694597,2.356052862077,25.));
#1777 = VECTOR('',#1778,1.);
#1778 = DIRECTION('',(-0.965351895751,0.260951561347,0.));
#1779 = PCURVE('',#1327,#1780);
#1780 = DEFINITIONAL_REPRESENTATION('',(#1781),#1784);
#1781 = B_SPLINE_CURVE_WITH_KNOTS('',1,(#1782,#1783),.UNSPECIFIED.,.F.,
  .F.,(2,2),(-2.009756792412,2.390243208),.PIECEWISE_BEZIER_KNOTS.);
#1782 = CARTESIAN_POINT('',(-1.757908902863,1.578583752159));
#1783 = CARTESIAN_POINT('',(2.642091097549,1.578583752159));
#1784 = ( GEOMETRIC_REPRESENTATION_CONTEXT(2) 
PARAMETRIC_REPRESENTATION_CONTEXT() REPRESENTATION_CONTEXT('2D SPACE',''
  ) );
#1785 = PCURVE('',#1247,#1786);
#1786 = DEFINITIONAL_REPRESENTATION('',(#1787),#1790);
#1787 = B_SPLINE_CURVE_WITH_KNOTS('',1,(#1788,#1789),.UNSPECIFIED.,.F.,
  .F.,(2,2),(-2.009756792412,2.390243208),.PIECEWISE_BEZIER_KNOTS.);
#1788 = CARTESIAN_POINT('',(6.622337834957,15.831603689169));
#1789 = CARTESIAN_POINT('',(2.374789493254,16.979790559204));
#1790 = ( GEOMETRIC_REPRESENTATION_CONTEXT(2) 
PARAMETRIC_REPRESENTATION_CONTEXT() REPRESENTATION_CONTEXT('2D SPACE',''
  ) );
#1791 = ORIENTED_EDGE('',*,*,#1700,.T.);
#1792 = ADVANCED_FACE('',(#1793),#1247,.T.);
#1793 = FACE_BOUND('',#1794,.T.);
#1794 = EDGE_LOOP('',(#1795,#1796,#1888,#2032,#2033));
#1795 = ORIENTED_EDGE('',*,*,#1121,.F.);
#1796 = ORIENTED_EDGE('',*,*,#1797,.F.);
#1797 = EDGE_CURVE('',#1798,#856,#1800,.T.);
#1798 = VERTEX_POINT('',#1799);
#1799 = CARTESIAN_POINT('',(10.746789746373,5.339843890514,25.));
#1800 = SURFACE_CURVE('',#1801,(#1828,#1858),.PCURVE_S1.);
#1801 = B_SPLINE_CURVE_WITH_KNOTS('',7,(#1802,#1803,#1804,#1805,#1806,
    #1807,#1808,#1809,#1810,#1811,#1812,#1813,#1814,#1815,#1816,#1817,
    #1818,#1819,#1820,#1821,#1822,#1823,#1824,#1825,#1826,#1827),
  .UNSPECIFIED.,.F.,.F.,(8,6,6,6,8),(0.,0.368599122685,0.637129818361,
    0.840603741479,1.),.UNSPECIFIED.);
#1802 = CARTESIAN_POINT('',(10.746789746373,5.339843890514,25.));
#1803 = CARTESIAN_POINT('',(10.95351125641,4.484781720909,25.));
#1804 = CARTESIAN_POINT('',(11.085286993871,3.612482125962,25.));
#1805 = CARTESIAN_POINT('',(11.138659504762,2.730676234336,25.));
#1806 = CARTESIAN_POINT('',(11.11107245636,1.847832827836,25.));
#1807 = CARTESIAN_POINT('',(11.000994179939,0.973137397456,25.));
#1808 = CARTESIAN_POINT('',(10.808082231809,0.116489287961,25.));
#1809 = CARTESIAN_POINT('',(10.333752004794,-1.314794749752,25.));
#1810 = CARTESIAN_POINT('',(10.090571482398,-1.902881232828,25.));
#1811 = CARTESIAN_POINT('',(9.804644610572,-2.47169264278,25.));
#1812 = CARTESIAN_POINT('',(9.476958579885,-3.017001257871,25.));
#1813 = CARTESIAN_POINT('',(9.10900861939,-3.534492906094,25.));
#1814 = CARTESIAN_POINT('',(8.70287455431,-4.019816415198,25.));
#1815 = CARTESIAN_POINT('',(7.926766193148,-4.808763275795,25.));
#1816 = CARTESIAN_POINT('',(7.571865200738,-5.127925786795,25.));
#1817 = CARTESIAN_POINT('',(7.19784929143,-5.424261774028,25.));
#1818 = CARTESIAN_POINT('',(6.806159242554,-5.69591784697,25.));
#1819 = CARTESIAN_POINT('',(6.398473618278,-5.941093390709,25.));
#1820 = CARTESIAN_POINT('',(5.976730467411,-6.158072889632,25.));
#1821 = CARTESIAN_POINT('',(5.203504866115,-6.49191649082,25.));
#1822 = CARTESIAN_POINT('',(4.856592236054,-6.620286123793,25.));
#1823 = CARTESIAN_POINT('',(4.503493585277,-6.729616351085,25.));
#1824 = CARTESIAN_POINT('',(4.145389237667,-6.819194401825,25.));
#1825 = CARTESIAN_POINT('',(3.783568585412,-6.888376008022,25.));
#1826 = CARTESIAN_POINT('',(3.4194343111,-6.936603530256,25.));
#1827 = CARTESIAN_POINT('',(3.054506609823,-6.963424083379,25.));
#1828 = PCURVE('',#1247,#1829);
#1829 = DEFINITIONAL_REPRESENTATION('',(#1830),#1857);
#1830 = B_SPLINE_CURVE_WITH_KNOTS('',7,(#1831,#1832,#1833,#1834,#1835,
    #1836,#1837,#1838,#1839,#1840,#1841,#1842,#1843,#1844,#1845,#1846,
    #1847,#1848,#1849,#1850,#1851,#1852,#1853,#1854,#1855,#1856),
  .UNSPECIFIED.,.F.,.F.,(8,6,6,6,8),(0.,0.368599122685,0.637129818361,
    0.840603741479,1.),.UNSPECIFIED.);
#1831 = CARTESIAN_POINT('',(24.746789746373,19.339843890514));
#1832 = CARTESIAN_POINT('',(24.95351125641,18.484781720909));
#1833 = CARTESIAN_POINT('',(25.085286993871,17.612482125962));
#1834 = CARTESIAN_POINT('',(25.138659504762,16.730676234336));
#1835 = CARTESIAN_POINT('',(25.11107245636,15.847832827836));
#1836 = CARTESIAN_POINT('',(25.000994179939,14.973137397456));
#1837 = CARTESIAN_POINT('',(24.808082231809,14.116489287961));
#1838 = CARTESIAN_POINT('',(24.333752004794,12.685205250248));
#1839 = CARTESIAN_POINT('',(24.090571482398,12.097118767172));
#1840 = CARTESIAN_POINT('',(23.804644610572,11.52830735722));
#1841 = CARTESIAN_POINT('',(23.476958579885,10.982998742129));
#1842 = CARTESIAN_POINT('',(23.10900861939,10.465507093906));
#1843 = CARTESIAN_POINT('',(22.70287455431,9.980183584802));
#1844 = CARTESIAN_POINT('',(21.926766193148,9.191236724205));
#1845 = CARTESIAN_POINT('',(21.571865200738,8.872074213205));
#1846 = CARTESIAN_POINT('',(21.19784929143,8.575738225972));
#1847 = CARTESIAN_POINT('',(20.806159242554,8.30408215303));
#1848 = CARTESIAN_POINT('',(20.398473618278,8.058906609291));
#1849 = CARTESIAN_POINT('',(19.976730467411,7.841927110368));
#1850 = CARTESIAN_POINT('',(19.203504866115,7.50808350918));
#1851 = CARTESIAN_POINT('',(18.856592236054,7.379713876207));
#1852 = CARTESIAN_POINT('',(18.503493585277,7.270383648915));
#1853 = CARTESIAN_POINT('',(18.145389237667,7.180805598175));
#1854 = CARTESIAN_POINT('',(17.783568585412,7.111623991978));
#1855 = CARTESIAN_POINT('',(17.4194343111,7.063396469744));
#1856 = CARTESIAN_POINT('',(17.054506609823,7.036575916621));
#1857 = ( GEOMETRIC_REPRESENTATION_CONTEXT(2) 
PARAMETRIC_REPRESENTATION_CONTEXT() REPRESENTATION_CONTEXT('2D SPACE',''
  ) );
#1858 = PCURVE('',#949,#1859);
#1859 = DEFINITIONAL_REPRESENTATION('',(#1860),#1887);
#1860 = B_SPLINE_CURVE_WITH_KNOTS('',7,(#1861,#1862,#1863,#1864,#1865,
    #1866,#1867,#1868,#1869,#1870,#1871,#1872,#1873,#1874,#1875,#1876,
    #1877,#1878,#1879,#1880,#1881,#1882,#1883,#1884,#1885,#1886),
  .UNSPECIFIED.,.F.,.F.,(8,6,6,6,8),(0.,0.368599122685,0.637129818361,
    0.840603741479,1.),.UNSPECIFIED.);
#1861 = CARTESIAN_POINT('',(0.,71.747114317413));
#1862 = CARTESIAN_POINT('',(-0.207949956399,71.647028772014));
#1863 = CARTESIAN_POINT('',(-0.419378838002,71.545268832763));
#1864 = CARTESIAN_POINT('',(-0.634440318625,71.44176053701));
#1865 = CARTESIAN_POINT('',(-0.853343226968,71.336403376274));
#1866 = CARTESIAN_POINT('',(-1.076337769043,71.229076927322));
#1867 = CARTESIAN_POINT('',(-1.303726453278,71.119635593977));
#1868 = CARTESIAN_POINT('',(-1.704906427536,70.926549155032));
#1869 = CARTESIAN_POINT('',(-1.876496558673,70.843963459071));
#1870 = CARTESIAN_POINT('',(-2.050703645882,70.760118231826));
#1871 = CARTESIAN_POINT('',(-2.22765933843,70.674950110995));
#1872 = CARTESIAN_POINT('',(-2.407517416376,70.588385082808));
#1873 = CARTESIAN_POINT('',(-2.590452149722,70.500339271759));
#1874 = CARTESIAN_POINT('',(-2.91774245474,70.342815657605));
#1875 = CARTESIAN_POINT('',(-3.060709063711,70.274006357112));
#1876 = CARTESIAN_POINT('',(-3.205630671936,70.204256122708));
#1877 = CARTESIAN_POINT('',(-3.352594696092,70.133522881069));
#1878 = CARTESIAN_POINT('',(-3.501699352758,70.061759360916));
#1879 = CARTESIAN_POINT('',(-3.653053784493,69.988913032335));
#1880 = CARTESIAN_POINT('',(-3.927199343144,69.856967788204));
#1881 = CARTESIAN_POINT('',(-4.049075795521,69.798309102129));
#1882 = CARTESIAN_POINT('',(-4.172461188547,69.738924168492));
#1883 = CARTESIAN_POINT('',(-4.297415739413,69.678784004981));
#1884 = CARTESIAN_POINT('',(-4.424005206679,69.617856962241));
#1885 = CARTESIAN_POINT('',(-4.552301318174,69.556108517932));
#1886 = CARTESIAN_POINT('',(-4.682382198894,69.493501070782));
#1887 = ( GEOMETRIC_REPRESENTATION_CONTEXT(2) 
PARAMETRIC_REPRESENTATION_CONTEXT() REPRESENTATION_CONTEXT('2D SPACE',''
  ) );
#1888 = ORIENTED_EDGE('',*,*,#1889,.F.);
#1889 = EDGE_CURVE('',#1344,#1798,#1890,.T.);
#1890 = SURFACE_CURVE('',#1891,(#1936,#1984),.PCURVE_S1.);
#1891 = B_SPLINE_CURVE_WITH_KNOTS('',8,(#1892,#1893,#1894,#1895,#1896,
    #1897,#1898,#1899,#1900,#1901,#1902,#1903,#1904,#1905,#1906,#1907,
    #1908,#1909,#1910,#1911,#1912,#1913,#1914,#1915,#1916,#1917,#1918,
    #1919,#1920,#1921,#1922,#1923,#1924,#1925,#1926,#1927,#1928,#1929,
    #1930,#1931,#1932,#1933,#1934,#1935),.UNSPECIFIED.,.F.,.F.,(9,7,7,7,
    7,7,9),(0.,0.125014258917,0.168018705352,0.190020891199,
    0.21402321482,0.635992852467,1.),.UNSPECIFIED.);
#1892 = CARTESIAN_POINT('',(-6.592805047214,10.027044595932,25.));
#1893 = CARTESIAN_POINT('',(-6.327817395022,10.201249741863,25.));
#1894 = CARTESIAN_POINT('',(-6.057568196428,10.367453437306,25.));
#1895 = CARTESIAN_POINT('',(-5.7823407626,10.52546950706,25.));
#1896 = CARTESIAN_POINT('',(-5.502424942091,10.67512445069,25.));
#1897 = CARTESIAN_POINT('',(-5.218117120843,10.816257442529,25.));
#1898 = CARTESIAN_POINT('',(-4.929720222186,10.948720331681,25.));
#1899 = CARTESIAN_POINT('',(-4.637543706836,11.072377642016,25.));
#1900 = CARTESIAN_POINT('',(-4.240204451422,11.226572903251,25.));
#1901 = CARTESIAN_POINT('',(-4.138095342628,11.264982764998,25.));
#1902 = CARTESIAN_POINT('',(-4.035589056709,11.302331183007,25.));
#1903 = CARTESIAN_POINT('',(-3.932698469433,11.338613371553,25.));
#1904 = CARTESIAN_POINT('',(-3.82943652214,11.373824733598,25.));
#1905 = CARTESIAN_POINT('',(-3.725816221744,11.407960860791,25.));
#1906 = CARTESIAN_POINT('',(-3.621850640737,11.441017533464,25.));
#1907 = CARTESIAN_POINT('',(-3.464191507207,11.489349029248,25.));
#1908 = CARTESIAN_POINT('',(-3.410743153743,11.505423724115,25.));
#1909 = CARTESIAN_POINT('',(-3.357209615555,11.521214265646,25.));
#1910 = CARTESIAN_POINT('',(-3.303592655183,11.536720127409,25.));
#1911 = CARTESIAN_POINT('',(-3.249894038944,11.551940796127,25.));
#1912 = CARTESIAN_POINT('',(-3.196115536935,11.566875771687,25.));
#1913 = CARTESIAN_POINT('',(-3.142258923027,11.581524567132,25.));
#1914 = CARTESIAN_POINT('',(-3.029490180801,11.611554459652,25.));
#1915 = CARTESIAN_POINT('',(-2.970563542625,11.626881070661,25.));
#1916 = CARTESIAN_POINT('',(-2.911548368266,11.641865926568,25.));
#1917 = CARTESIAN_POINT('',(-2.852446970265,11.656508431087,25.));
#1918 = CARTESIAN_POINT('',(-2.793261665788,11.670808006765,25.));
#1919 = CARTESIAN_POINT('',(-2.733994776618,11.684764094984,25.));
#1920 = CARTESIAN_POINT('',(-2.674648629163,11.698376155963,25.));
#1921 = CARTESIAN_POINT('',(-1.570546143358,11.944891401518,25.));
#1922 = CARTESIAN_POINT('',(-0.501633713837,12.07175188141,25.));
#1923 = CARTESIAN_POINT('',(0.578180568043,12.089075468323,25.));
#1924 = CARTESIAN_POINT('',(1.655792120469,11.996078924184,25.));
#1925 = CARTESIAN_POINT('',(2.718299871471,11.793661032124,25.));
#1926 = CARTESIAN_POINT('',(3.753041834962,11.484453401205,25.));
#1927 = CARTESIAN_POINT('',(4.747615371956,11.072760260804,25.));
#1928 = CARTESIAN_POINT('',(6.503012502092,10.127402797774,25.));
#1929 = CARTESIAN_POINT('',(7.277682428525,9.617988528442,25.));
#1930 = CARTESIAN_POINT('',(8.006389352839,9.041033335891,25.));
#1931 = CARTESIAN_POINT('',(8.682320695152,8.401468657649,25.));
#1932 = CARTESIAN_POINT('',(9.299377151439,7.704929043579,25.));
#1933 = CARTESIAN_POINT('',(9.85212673568,6.9576948138,25.));
#1934 = CARTESIAN_POINT('',(10.335863908997,6.166736416536,25.));
#1935 = CARTESIAN_POINT('',(10.746789746373,5.339843890514,25.));
#1936 = PCURVE('',#1247,#1937);
#1937 = DEFINITIONAL_REPRESENTATION('',(#1938),#1983);
#1938 = B_SPLINE_CURVE_WITH_KNOTS('',8,(#1939,#1940,#1941,#1942,#1943,
    #1944,#1945,#1946,#1947,#1948,#1949,#1950,#1951,#1952,#1953,#1954,
    #1955,#1956,#1957,#1958,#1959,#1960,#1961,#1962,#1963,#1964,#1965,
    #1966,#1967,#1968,#1969,#1970,#1971,#1972,#1973,#1974,#1975,#1976,
    #1977,#1978,#1979,#1980,#1981,#1982),.UNSPECIFIED.,.F.,.F.,(9,7,7,7,
    7,7,9),(0.,0.125014258917,0.168018705352,0.190020891199,
    0.21402321482,0.635992852467,1.),.UNSPECIFIED.);
#1939 = CARTESIAN_POINT('',(7.407194952786,24.027044595932));
#1940 = CARTESIAN_POINT('',(7.672182604978,24.201249741863));
#1941 = CARTESIAN_POINT('',(7.942431803572,24.367453437306));
#1942 = CARTESIAN_POINT('',(8.2176592374,24.52546950706));
#1943 = CARTESIAN_POINT('',(8.497575057909,24.67512445069));
#1944 = CARTESIAN_POINT('',(8.781882879157,24.816257442529));
#1945 = CARTESIAN_POINT('',(9.070279777814,24.948720331681));
#1946 = CARTESIAN_POINT('',(9.362456293164,25.072377642016));
#1947 = CARTESIAN_POINT('',(9.759795548578,25.226572903251));
#1948 = CARTESIAN_POINT('',(9.861904657372,25.264982764998));
#1949 = CARTESIAN_POINT('',(9.964410943291,25.302331183007));
#1950 = CARTESIAN_POINT('',(10.067301530567,25.338613371553));
#1951 = CARTESIAN_POINT('',(10.17056347786,25.373824733598));
#1952 = CARTESIAN_POINT('',(10.274183778256,25.407960860791));
#1953 = CARTESIAN_POINT('',(10.378149359263,25.441017533464));
#1954 = CARTESIAN_POINT('',(10.535808492793,25.489349029248));
#1955 = CARTESIAN_POINT('',(10.589256846257,25.505423724115));
#1956 = CARTESIAN_POINT('',(10.642790384445,25.521214265646));
#1957 = CARTESIAN_POINT('',(10.696407344817,25.536720127409));
#1958 = CARTESIAN_POINT('',(10.750105961056,25.551940796127));
#1959 = CARTESIAN_POINT('',(10.803884463065,25.566875771687));
#1960 = CARTESIAN_POINT('',(10.857741076973,25.581524567132));
#1961 = CARTESIAN_POINT('',(10.970509819199,25.611554459652));
#1962 = CARTESIAN_POINT('',(11.029436457375,25.626881070661));
#1963 = CARTESIAN_POINT('',(11.088451631734,25.641865926568));
#1964 = CARTESIAN_POINT('',(11.147553029735,25.656508431087));
#1965 = CARTESIAN_POINT('',(11.206738334212,25.670808006765));
#1966 = CARTESIAN_POINT('',(11.266005223382,25.684764094984));
#1967 = CARTESIAN_POINT('',(11.325351370837,25.698376155963));
#1968 = CARTESIAN_POINT('',(12.429453856642,25.944891401518));
#1969 = CARTESIAN_POINT('',(13.498366286163,26.07175188141));
#1970 = CARTESIAN_POINT('',(14.578180568043,26.089075468323));
#1971 = CARTESIAN_POINT('',(15.655792120469,25.996078924184));
#1972 = CARTESIAN_POINT('',(16.718299871471,25.793661032124));
#1973 = CARTESIAN_POINT('',(17.753041834962,25.484453401205));
#1974 = CARTESIAN_POINT('',(18.747615371956,25.072760260804));
#1975 = CARTESIAN_POINT('',(20.503012502092,24.127402797774));
#1976 = CARTESIAN_POINT('',(21.277682428525,23.617988528442));
#1977 = CARTESIAN_POINT('',(22.006389352839,23.041033335891));
#1978 = CARTESIAN_POINT('',(22.682320695152,22.401468657649));
#1979 = CARTESIAN_POINT('',(23.299377151439,21.704929043579));
#1980 = CARTESIAN_POINT('',(23.85212673568,20.9576948138));
#1981 = CARTESIAN_POINT('',(24.335863908997,20.166736416536));
#1982 = CARTESIAN_POINT('',(24.746789746373,19.339843890514));
#1983 = ( GEOMETRIC_REPRESENTATION_CONTEXT(2) 
PARAMETRIC_REPRESENTATION_CONTEXT() REPRESENTATION_CONTEXT('2D SPACE',''
  ) );
#1984 = PCURVE('',#1437,#1985);
#1985 = DEFINITIONAL_REPRESENTATION('',(#1986),#2031);
#1986 = B_SPLINE_CURVE_WITH_KNOTS('',8,(#1987,#1988,#1989,#1990,#1991,
    #1992,#1993,#1994,#1995,#1996,#1997,#1998,#1999,#2000,#2001,#2002,
    #2003,#2004,#2005,#2006,#2007,#2008,#2009,#2010,#2011,#2012,#2013,
    #2014,#2015,#2016,#2017,#2018,#2019,#2020,#2021,#2022,#2023,#2024,
    #2025,#2026,#2027,#2028,#2029,#2030),.UNSPECIFIED.,.F.,.F.,(9,7,7,7,
    7,7,9),(0.,0.125014258917,0.168018705352,0.190020891199,
    0.21402321482,0.635992852467,1.),.UNSPECIFIED.);
#1987 = CARTESIAN_POINT('',(0.,74.119144857155));
#1988 = CARTESIAN_POINT('',(-2.63375215471E-02,74.082082268819));
#1989 = CARTESIAN_POINT('',(-5.267513987968E-02,74.045019544292));
#1990 = CARTESIAN_POINT('',(-7.901284742881E-02,74.007956694225));
#1991 = CARTESIAN_POINT('',(-0.105350635545,73.970893730786));
#1992 = CARTESIAN_POINT('',(-0.131688494498,73.933830667667));
#1993 = CARTESIAN_POINT('',(-0.158026413477,73.89676752008));
#1994 = CARTESIAN_POINT('',(-0.184364380591,73.859704304757));
#1995 = CARTESIAN_POINT('',(-0.219762559026,73.80989141283));
#1996 = CARTESIAN_POINT('',(-0.22882274308,73.797141774597));
#1997 = CARTESIAN_POINT('',(-0.237882934858,73.784392125496));
#1998 = CARTESIAN_POINT('',(-0.246943134172,73.77164246579));
#1999 = CARTESIAN_POINT('',(-0.256003340821,73.75889279576));
#2000 = CARTESIAN_POINT('',(-0.265063554592,73.746143115709));
#2001 = CARTESIAN_POINT('',(-0.274123775257,73.733393425957));
#2002 = CARTESIAN_POINT('',(-0.287819448946,73.714120651378));
#2003 = CARTESIAN_POINT('',(-0.292454897104,73.707597573402));
#2004 = CARTESIAN_POINT('',(-0.29709034702,73.701074492951));
#2005 = CARTESIAN_POINT('',(-0.301725798666,73.694551410067));
#2006 = CARTESIAN_POINT('',(-0.306361252012,73.688028324788));
#2007 = CARTESIAN_POINT('',(-0.31099670703,73.681505237158));
#2008 = CARTESIAN_POINT('',(-0.315632163689,73.674982147218));
#2009 = CARTESIAN_POINT('',(-0.325324472685,73.661342972493));
#2010 = CARTESIAN_POINT('',(-0.330381325342,73.654226887256));
#2011 = CARTESIAN_POINT('',(-0.335438179889,73.64711079936));
#2012 = CARTESIAN_POINT('',(-0.340495036283,73.639994708865));
#2013 = CARTESIAN_POINT('',(-0.345551894481,73.63287861583));
#2014 = CARTESIAN_POINT('',(-0.350608754442,73.625762520316));
#2015 = CARTESIAN_POINT('',(-0.355665616119,73.618646422385));
#2016 = CARTESIAN_POINT('',(-0.449623988708,73.48642667357));
#2017 = CARTESIAN_POINT('',(-0.538564879396,73.361267606779));
#2018 = CARTESIAN_POINT('',(-0.62748528718,73.2361373638));
#2019 = CARTESIAN_POINT('',(-0.716389187468,73.111030350384));
#2020 = CARTESIAN_POINT('',(-0.805292868728,72.985923645157));
#2021 = CARTESIAN_POINT('',(-0.894212687931,72.860794230346));
#2022 = CARTESIAN_POINT('',(-0.983152831977,72.735636214098));
#2023 = CARTESIAN_POINT('',(-1.148743033494,72.502614991221));
#2024 = CARTESIAN_POINT('',(-1.225450677336,72.394670748109));
#2025 = CARTESIAN_POINT('',(-1.302148651549,72.286740112282));
#2026 = CARTESIAN_POINT('',(-1.378837854637,72.178821819349));
#2027 = CARTESIAN_POINT('',(-1.455526897297,72.070903752196));
#2028 = CARTESIAN_POINT('',(-1.532224372184,71.962973819094));
#2029 = CARTESIAN_POINT('',(-1.608931124349,71.855030830866));
#2030 = CARTESIAN_POINT('',(-1.685619062935,71.747114317413));
#2031 = ( GEOMETRIC_REPRESENTATION_CONTEXT(2) 
PARAMETRIC_REPRESENTATION_CONTEXT() REPRESENTATION_CONTEXT('2D SPACE',''
  ) );
#2032 = ORIENTED_EDGE('',*,*,#1721,.F.);
#2033 = ORIENTED_EDGE('',*,*,#1773,.F.);
#2034 = ADVANCED_FACE('',(#2035),#949,.T.);
#2035 = FACE_BOUND('',#2036,.T.);
#2036 = EDGE_LOOP('',(#2037,#2038,#2059,#2109,#2208));
#2037 = ORIENTED_EDGE('',*,*,#855,.F.);
#2038 = ORIENTED_EDGE('',*,*,#2039,.T.);
#2039 = EDGE_CURVE('',#830,#2040,#2042,.T.);
#2040 = VERTEX_POINT('',#2041);
#2041 = CARTESIAN_POINT('',(9.978476942614,-0.157070367457,-25.));
#2042 = SURFACE_CURVE('',#2043,(#2046,#2053),.PCURVE_S1.);
#2043 = B_SPLINE_CURVE_WITH_KNOTS('',1,(#2044,#2045),.UNSPECIFIED.,.F.,
  .F.,(2,2),(-4.682382198894,-0.),.PIECEWISE_BEZIER_KNOTS.);
#2044 = CARTESIAN_POINT('',(7.6,-0.243207705257,-24.13860121714));
#2045 = CARTESIAN_POINT('',(12.,-8.386023397E-02,-25.73212292704));
#2046 = PCURVE('',#949,#2047);
#2047 = DEFINITIONAL_REPRESENTATION('',(#2048),#2052);
#2048 = LINE('',#2049,#2050);
#2049 = CARTESIAN_POINT('',(0.,0.));
#2050 = VECTOR('',#2051,1.);
#2051 = DIRECTION('',(1.,0.));
#2052 = ( GEOMETRIC_REPRESENTATION_CONTEXT(2) 
PARAMETRIC_REPRESENTATION_CONTEXT() REPRESENTATION_CONTEXT('2D SPACE',''
  ) );
#2053 = PCURVE('',#844,#2054);
#2054 = DEFINITIONAL_REPRESENTATION('',(#2055),#2058);
#2055 = B_SPLINE_CURVE_WITH_KNOTS('',1,(#2056,#2057),.UNSPECIFIED.,.F.,
  .F.,(2,2),(-4.682382198894,-0.),.PIECEWISE_BEZIER_KNOTS.);
#2056 = CARTESIAN_POINT('',(2.444278562239,-1.757908902557));
#2057 = CARTESIAN_POINT('',(0.842809531468,2.642091097443));
#2058 = ( GEOMETRIC_REPRESENTATION_CONTEXT(2) 
PARAMETRIC_REPRESENTATION_CONTEXT() REPRESENTATION_CONTEXT('2D SPACE',''
  ) );
#2059 = ORIENTED_EDGE('',*,*,#2060,.T.);
#2060 = EDGE_CURVE('',#2040,#2061,#2063,.T.);
#2061 = VERTEX_POINT('',#2062);
#2062 = CARTESIAN_POINT('',(8.980949795546,7.959223736443,-25.));
#2063 = SURFACE_CURVE('',#2064,(#2077,#2093),.PCURVE_S1.);
#2064 = B_SPLINE_CURVE_WITH_KNOTS('',6,(#2065,#2066,#2067,#2068,#2069,
    #2070,#2071,#2072,#2073,#2074,#2075,#2076),.UNSPECIFIED.,.F.,.F.,(7,
    5,7),(0.,0.444164627391,1.),.UNSPECIFIED.);
#2065 = CARTESIAN_POINT('',(9.978476942614,-0.157070367457,-25.));
#2066 = CARTESIAN_POINT('',(10.149987672599,0.435275747981,-25.));
#2067 = CARTESIAN_POINT('',(10.276561640605,1.041629493883,-25.));
#2068 = CARTESIAN_POINT('',(10.357797964709,1.657345399279,-25.));
#2069 = CARTESIAN_POINT('',(10.393917180225,2.278040744858,-25.));
#2070 = CARTESIAN_POINT('',(10.385597351873,2.899618002219,-25.));
#2071 = CARTESIAN_POINT('',(10.269231882868,4.292462576456,-25.));
#2072 = CARTESIAN_POINT('',(10.136636487086,5.062102598382,-25.));
#2073 = CARTESIAN_POINT('',(9.938217921576,5.819767982368,-25.));
#2074 = CARTESIAN_POINT('',(9.676985204615,6.558901055167,-25.));
#2075 = CARTESIAN_POINT('',(9.356532506394,7.273726565787,-25.));
#2076 = CARTESIAN_POINT('',(8.980949795546,7.959223736443,-25.));
#2077 = PCURVE('',#949,#2078);
#2078 = DEFINITIONAL_REPRESENTATION('',(#2079),#2092);
#2079 = B_SPLINE_CURVE_WITH_KNOTS('',6,(#2080,#2081,#2082,#2083,#2084,
    #2085,#2086,#2087,#2088,#2089,#2090,#2091),.UNSPECIFIED.,.F.,.F.,(7,
    5,7),(0.,0.444164627391,1.),.UNSPECIFIED.);
#2080 = CARTESIAN_POINT('',(-2.151259904218,0.));
#2081 = CARTESIAN_POINT('',(-1.978566019466,8.311692850549E-02));
#2082 = CARTESIAN_POINT('',(-1.808651663524,0.164896079814));
#2083 = CARTESIAN_POINT('',(-1.641361831797,0.245412057425));
#2084 = CARTESIAN_POINT('',(-1.476553926565,0.324733493078));
#2085 = CARTESIAN_POINT('',(-1.314105405516,0.402919365921));
#2086 = CARTESIAN_POINT('',(-0.953444290734,0.57650422771));
#2087 = CARTESIAN_POINT('',(-0.756501253275,0.671292183937));
#2088 = CARTESIAN_POINT('',(-0.562870272415,0.764486059558));
#2089 = CARTESIAN_POINT('',(-0.372349682092,0.856182915641));
#2090 = CARTESIAN_POINT('',(-0.184771282136,0.946463706308));
#2091 = CARTESIAN_POINT('',(0.,1.035393441487));
#2092 = ( GEOMETRIC_REPRESENTATION_CONTEXT(2) 
PARAMETRIC_REPRESENTATION_CONTEXT() REPRESENTATION_CONTEXT('2D SPACE',''
  ) );
#2093 = PCURVE('',#734,#2094);
#2094 = DEFINITIONAL_REPRESENTATION('',(#2095),#2108);
#2095 = B_SPLINE_CURVE_WITH_KNOTS('',6,(#2096,#2097,#2098,#2099,#2100,
    #2101,#2102,#2103,#2104,#2105,#2106,#2107),.UNSPECIFIED.,.F.,.F.,(7,
    5,7),(0.,0.444164627391,1.),.UNSPECIFIED.);
#2096 = CARTESIAN_POINT('',(23.978476942614,13.842929632543));
#2097 = CARTESIAN_POINT('',(24.149987672599,14.435275747981));
#2098 = CARTESIAN_POINT('',(24.276561640605,15.041629493883));
#2099 = CARTESIAN_POINT('',(24.357797964709,15.657345399279));
#2100 = CARTESIAN_POINT('',(24.393917180225,16.278040744858));
#2101 = CARTESIAN_POINT('',(24.385597351873,16.899618002219));
#2102 = CARTESIAN_POINT('',(24.269231882868,18.292462576456));
#2103 = CARTESIAN_POINT('',(24.136636487086,19.062102598382));
#2104 = CARTESIAN_POINT('',(23.938217921576,19.819767982368));
#2105 = CARTESIAN_POINT('',(23.676985204615,20.558901055167));
#2106 = CARTESIAN_POINT('',(23.356532506394,21.273726565787));
#2107 = CARTESIAN_POINT('',(22.980949795546,21.959223736443));
#2108 = ( GEOMETRIC_REPRESENTATION_CONTEXT(2) 
PARAMETRIC_REPRESENTATION_CONTEXT() REPRESENTATION_CONTEXT('2D SPACE',''
  ) );
#2109 = ORIENTED_EDGE('',*,*,#2110,.T.);
#2110 = EDGE_CURVE('',#2061,#1798,#2111,.T.);
#2111 = SURFACE_CURVE('',#2112,(#2195,#2202),.PCURVE_S1.);
#2112 = B_SPLINE_CURVE_WITH_KNOTS('',11,(#2113,#2114,#2115,#2116,#2117,
    #2118,#2119,#2120,#2121,#2122,#2123,#2124,#2125,#2126,#2127,#2128,
    #2129,#2130,#2131,#2132,#2133,#2134,#2135,#2136,#2137,#2138,#2139,
    #2140,#2141,#2142,#2143,#2144,#2145,#2146,#2147,#2148,#2149,#2150,
    #2151,#2152,#2153,#2154,#2155,#2156,#2157,#2158,#2159,#2160,#2161,
    #2162,#2163,#2164,#2165,#2166,#2167,#2168,#2169,#2170,#2171,#2172,
    #2173,#2174,#2175,#2176,#2177,#2178,#2179,#2180,#2181,#2182,#2183,
    #2184,#2185,#2186,#2187,#2188,#2189,#2190,#2191,#2192,#2193,#2194),
  .UNSPECIFIED.,.F.,.F.,(12,10,10,10,10,10,10,10,12),(0.,9.394317287374,
    18.788634574747,28.182951862121,37.577269149495,46.971586436868,
    56.365903724242,65.760221011616,75.154538298989),.UNSPECIFIED.);
#2113 = CARTESIAN_POINT('',(12.,-8.386023397E-02,-25.73212292704));
#2114 = CARTESIAN_POINT('',(12.050643066946,7.162921718671,
    -25.12824223619));
#2115 = CARTESIAN_POINT('',(7.289119862089,14.443339527157,
    -24.52436160996));
#2116 = CARTESIAN_POINT('',(-2.326702304549,18.204814316565,
    -23.92048074583));
#2117 = CARTESIAN_POINT('',(-13.78833734636,14.866922664462,
    -23.3166004623));
#2118 = CARTESIAN_POINT('',(-21.46220507407,3.674623015192,
    -22.71271915727));
#2119 = CARTESIAN_POINT('',(-18.94707059749,-10.73021950395,
    -22.10883919467));
#2120 = CARTESIAN_POINT('',(-7.934458662403,-18.659796479,
    -21.50495789571));
#2121 = CARTESIAN_POINT('',(3.980135192527,-17.9161193248,-20.9010776043
    ));
#2122 = CARTESIAN_POINT('',(11.752327795381,-11.11863823164,
    -20.29719674585));
#2123 = CARTESIAN_POINT('',(13.764960529356,-2.65542983315,-19.693316117
    ));
#2124 = CARTESIAN_POINT('',(8.758150791185,10.946243218628,
    -18.48555473684));
#2125 = CARTESIAN_POINT('',(1.738703688567,16.084720529938,
    -17.88167410784));
#2126 = CARTESIAN_POINT('',(-8.585743773292,16.22078332796,
    -17.27779325036));
#2127 = CARTESIAN_POINT('',(-18.1389599648,9.062106143715,
    -16.67391295572));
#2128 = CARTESIAN_POINT('',(-21.38212783634,-4.115058930816,
    -16.0700316638));
#2129 = CARTESIAN_POINT('',(-13.95756941223,-16.71273020813,
    -15.46615169048));
#2130 = CARTESIAN_POINT('',(-0.858585068105,-20.25849132046,
    -14.86227039714));
#2131 = CARTESIAN_POINT('',(10.031743898153,-15.36856929458,
    -14.25839010439));
#2132 = CARTESIAN_POINT('',(14.91388372375,-6.27035860312,-13.6545092455
    ));
#2133 = CARTESIAN_POINT('',(13.818735337479,2.359660917944,
    -13.05062861716));
#2134 = CARTESIAN_POINT('',(4.344670033774,13.328514102382,
    -11.84286723661));
#2135 = CARTESIAN_POINT('',(-4.034255672709,15.667357984706,
    -11.23898660912));
#2136 = CARTESIAN_POINT('',(-13.74586378283,12.160593602858,
    -10.63510574691));
#2137 = CARTESIAN_POINT('',(-20.16790924053,2.097396761442,
    -10.03122546182));
#2138 = CARTESIAN_POINT('',(-18.56527207785,-11.37803909389,
    -9.427344156109));
#2139 = CARTESIAN_POINT('',(-7.181586703191,-20.55611605339,
    -8.823464197539));
#2140 = CARTESIAN_POINT('',(6.32718203886,-19.26422607854,-8.21958289244
    ));
#2141 = CARTESIAN_POINT('',(14.799352177134,-10.85393859067,
    -7.615702606601));
#2142 = CARTESIAN_POINT('',(16.166555886083,-0.619512321643,
    -7.011821744842));
#2143 = CARTESIAN_POINT('',(12.103798518088,7.07272984138,
    -6.407941117245));
#2144 = CARTESIAN_POINT('',(-0.624901293238,14.004818608371,
    -5.200179736607));
#2145 = CARTESIAN_POINT('',(-9.290855560048,13.244671683907,
    -4.596299108933));
#2146 = CARTESIAN_POINT('',(-17.14659926641,6.543924014559,
    -3.992418247569));
#2147 = CARTESIAN_POINT('',(-19.615492373,-5.135766280023,-3.38853796058
    ));
#2148 = CARTESIAN_POINT('',(-13.37217769636,-17.18470146897,
    -2.784656657741));
#2149 = CARTESIAN_POINT('',(0.513594149661,-21.76844771349,
    -2.180776696006));
#2150 = CARTESIAN_POINT('',(12.703109450142,-15.80426047749,
    -1.576895393484));
#2151 = CARTESIAN_POINT('',(17.672736010522,-4.950071686234,
    -0.973015106095));
#2152 = CARTESIAN_POINT('',(15.350010086636,5.110627659586,
    -0.369134245007));
#2153 = CARTESIAN_POINT('',(8.839651249784,10.880533615479,
    0.234746382785));
#2154 = CARTESIAN_POINT('',(-5.51448916617,12.888593992995,
    1.442507763366));
#2155 = CARTESIAN_POINT('',(-13.35828408997,9.126750310072,
    2.046388391172));
#2156 = CARTESIAN_POINT('',(-18.35267736993,8.967311273281E-02,
    2.650269252207));
#2157 = CARTESIAN_POINT('',(-16.5524152609,-11.71158338371,3.25414953971
    ));
#2158 = CARTESIAN_POINT('',(-6.467528270572,-20.79182962085,
    3.858030842059));
#2159 = CARTESIAN_POINT('',(8.143038166221,-20.19455432118,
    4.461910803994));
#2160 = CARTESIAN_POINT('',(17.453118364493,-10.32144845948,
    5.065792106649));
#2161 = CARTESIAN_POINT('',(18.284120253639,1.58737341025,5.669672393778
    ));
#2162 = CARTESIAN_POINT('',(12.568759076585,10.186639289298,
    6.273553255049));
#2163 = CARTESIAN_POINT('',(4.444083951612,13.295697191437,
    6.877433882777));
#2164 = CARTESIAN_POINT('',(-9.698256942723,10.122710020198,
    8.085195263362));
#2165 = CARTESIAN_POINT('',(-15.71593586999,3.840662023716,
    8.689075891254));
#2166 = CARTESIAN_POINT('',(-17.20972764529,-6.37605538622,
    9.292956751874));
#2167 = CARTESIAN_POINT('',(-11.37073260176,-16.78839112082,
    9.896837040532));
#2168 = CARTESIAN_POINT('',(1.264924291024,-21.73773372346,
    10.500718340661));
#2169 = CARTESIAN_POINT('',(14.730224268009,-16.0358843801,
    11.104598305692));
#2170 = CARTESIAN_POINT('',(19.969237372019,-3.517555643429,
    11.708479605178));
#2171 = CARTESIAN_POINT('',(16.55525155065,7.921644645834,
    12.312359894677));
#2172 = CARTESIAN_POINT('',(8.178785576311,13.958824851416,
    12.916240754676));
#2173 = CARTESIAN_POINT('',(-0.520298275431,14.009094748741,
    13.520121382871));
#2174 = CARTESIAN_POINT('',(-12.64070853503,6.061182526016,
    14.727882763253));
#2175 = CARTESIAN_POINT('',(-16.06204622939,-1.937006961884,
    15.331763391708));
#2176 = CARTESIAN_POINT('',(-13.86404050329,-12.02568870528,
    15.935644250987));
#2177 = CARTESIAN_POINT('',(-4.733667342473,-19.71638987826,
    16.539524541393));
#2178 = CARTESIAN_POINT('',(8.835474461331,-19.90134397287,
    17.143405840688));
#2179 = CARTESIAN_POINT('',(19.432033863616,-9.824721611437,
    17.747285804422));
#2180 = CARTESIAN_POINT('',(19.9294189906,3.736562276923,18.351167106991
    ));
#2181 = CARTESIAN_POINT('',(12.707414272853,13.24199495122,
    18.955047393297));
#2182 = CARTESIAN_POINT('',(2.741978716161,15.944368204942,
    19.558928255293));
#2183 = CARTESIAN_POINT('',(-5.418085580005,12.929415865515,
    20.162808882743));
#2184 = CARTESIAN_POINT('',(-13.9652285569,1.223861607264,
    21.370570263342));
#2185 = CARTESIAN_POINT('',(-14.35231520901,-7.466751180472,
    21.974450891371));
#2186 = CARTESIAN_POINT('',(-8.743842955563,-16.13610914301,
    22.578331751954));
#2187 = CARTESIAN_POINT('',(2.509277706125,-20.12081414172,
    23.182212039336));
#2188 = CARTESIAN_POINT('',(15.275139205839,-15.51770676278,
    23.78609334394));
#2189 = CARTESIAN_POINT('',(21.64666475459,-2.356055972494,
    24.389973300582));
#2190 = CARTESIAN_POINT('',(17.338759723647,10.51242361442,
    24.993854610382));
#2191 = CARTESIAN_POINT('',(7.233107507242,16.867452788289,
    25.597734891043));
#2192 = CARTESIAN_POINT('',(-3.045784256475,15.889132229116,
    26.201615756438));
#2193 = CARTESIAN_POINT('',(-9.622391843964,10.194852680682,
    26.805496382281));
#2194 = CARTESIAN_POINT('',(-11.56233928991,3.212373372005,
    27.409377073203));
#2195 = PCURVE('',#949,#2196);
#2196 = DEFINITIONAL_REPRESENTATION('',(#2197),#2201);
#2197 = LINE('',#2198,#2199);
#2198 = CARTESIAN_POINT('',(-0.,0.));
#2199 = VECTOR('',#2200,1.);
#2200 = DIRECTION('',(0.,1.));
#2201 = ( GEOMETRIC_REPRESENTATION_CONTEXT(2) 
PARAMETRIC_REPRESENTATION_CONTEXT() REPRESENTATION_CONTEXT('2D SPACE',''
  ) );
#2202 = PCURVE('',#1437,#2203);
#2203 = DEFINITIONAL_REPRESENTATION('',(#2204),#2207);
#2204 = B_SPLINE_CURVE_WITH_KNOTS('',1,(#2205,#2206),.UNSPECIFIED.,.F.,
  .F.,(2,2),(0.,75.154538298989),.PIECEWISE_BEZIER_KNOTS.);
#2205 = CARTESIAN_POINT('',(-1.685619062935,0.));
#2206 = CARTESIAN_POINT('',(-1.685619062935,75.154538298989));
#2207 = ( GEOMETRIC_REPRESENTATION_CONTEXT(2) 
PARAMETRIC_REPRESENTATION_CONTEXT() REPRESENTATION_CONTEXT('2D SPACE',''
  ) );
#2208 = ORIENTED_EDGE('',*,*,#1797,.T.);
#2209 = ADVANCED_FACE('',(#2210),#844,.F.);
#2210 = FACE_BOUND('',#2211,.F.);
#2211 = EDGE_LOOP('',(#2212,#2213,#2214));
#2212 = ORIENTED_EDGE('',*,*,#829,.T.);
#2213 = ORIENTED_EDGE('',*,*,#2039,.T.);
#2214 = ORIENTED_EDGE('',*,*,#2215,.F.);
#2215 = EDGE_CURVE('',#553,#2040,#2216,.T.);
#2216 = SURFACE_CURVE('',#2217,(#2221,#2227),.PCURVE_S1.);
#2217 = LINE('',#2218,#2219);
#2218 = CARTESIAN_POINT('',(-2.321045548722,-0.157070367457,-25.));
#2219 = VECTOR('',#2220,1.);
#2220 = DIRECTION('',(1.,4.0870986011E-16,-0.));
#2221 = PCURVE('',#844,#2222);
#2222 = DEFINITIONAL_REPRESENTATION('',(#2223),#2226);
#2223 = B_SPLINE_CURVE_WITH_KNOTS('',1,(#2224,#2225),.UNSPECIFIED.,.F.,
  .F.,(2,2),(9.921045548722,14.321045548722),.PIECEWISE_BEZIER_KNOTS.);
#2224 = CARTESIAN_POINT('',(1.578583752239,-1.757908902557));
#2225 = CARTESIAN_POINT('',(1.578583752239,2.642091097443));
#2226 = ( GEOMETRIC_REPRESENTATION_CONTEXT(2) 
PARAMETRIC_REPRESENTATION_CONTEXT() REPRESENTATION_CONTEXT('2D SPACE',''
  ) );
#2227 = PCURVE('',#734,#2228);
#2228 = DEFINITIONAL_REPRESENTATION('',(#2229),#2232);
#2229 = B_SPLINE_CURVE_WITH_KNOTS('',1,(#2230,#2231),.UNSPECIFIED.,.F.,
  .F.,(2,2),(9.921045548722,14.321045548722),.PIECEWISE_BEZIER_KNOTS.);
#2230 = CARTESIAN_POINT('',(21.6,13.842929632543));
#2231 = CARTESIAN_POINT('',(26.,13.842929632543));
#2232 = ( GEOMETRIC_REPRESENTATION_CONTEXT(2) 
PARAMETRIC_REPRESENTATION_CONTEXT() REPRESENTATION_CONTEXT('2D SPACE',''
  ) );
#2233 = ADVANCED_FACE('',(#2234),#734,.F.);
#2234 = FACE_BOUND('',#2235,.F.);
#2235 = EDGE_LOOP('',(#2236,#2237,#2238,#2239,#2377));
#2236 = ORIENTED_EDGE('',*,*,#552,.F.);
#2237 = ORIENTED_EDGE('',*,*,#2215,.T.);
#2238 = ORIENTED_EDGE('',*,*,#2060,.T.);
#2239 = ORIENTED_EDGE('',*,*,#2240,.F.);
#2240 = EDGE_CURVE('',#1342,#2061,#2241,.T.);
#2241 = SURFACE_CURVE('',#2242,(#2285,#2331),.PCURVE_S1.);
#2242 = B_SPLINE_CURVE_WITH_KNOTS('',6,(#2243,#2244,#2245,#2246,#2247,
    #2248,#2249,#2250,#2251,#2252,#2253,#2254,#2255,#2256,#2257,#2258,
    #2259,#2260,#2261,#2262,#2263,#2264,#2265,#2266,#2267,#2268,#2269,
    #2270,#2271,#2272,#2273,#2274,#2275,#2276,#2277,#2278,#2279,#2280,
    #2281,#2282,#2283,#2284),.UNSPECIFIED.,.F.,.F.,(7,5,5,5,5,5,5,5,7),(
    0.,0.189004840969,0.216005594601,0.243006315008,0.524001886769,
    0.803994785928,0.83199523495,0.87499611336,1.),.UNSPECIFIED.);
#2243 = CARTESIAN_POINT('',(-8.980993252437,7.959219988791,-25.));
#2244 = CARTESIAN_POINT('',(-8.556939858912,8.437654569127,-25.));
#2245 = CARTESIAN_POINT('',(-8.102291179807,8.888993034351,-25.));
#2246 = CARTESIAN_POINT('',(-7.619234082086,9.310762339718,-25.));
#2247 = CARTESIAN_POINT('',(-7.110189811657,9.700771832709,-25.));
#2248 = CARTESIAN_POINT('',(-6.577785110737,10.057082037538,-25.));
#2249 = CARTESIAN_POINT('',(-5.945889918433,10.423890094543,-25.));
#2250 = CARTESIAN_POINT('',(-5.8664841349,10.469019862103,-25.));
#2251 = CARTESIAN_POINT('',(-5.786667861999,10.513423517146,-25.));
#2252 = CARTESIAN_POINT('',(-5.706449405842,10.55709640588,-25.));
#2253 = CARTESIAN_POINT('',(-5.625837142397,10.600034001456,-25.));
#2254 = CARTESIAN_POINT('',(-5.463841992235,10.684429754551,-25.));
#2255 = CARTESIAN_POINT('',(-5.382459104718,10.725887914798,-25.));
#2256 = CARTESIAN_POINT('',(-5.300699300738,10.766601984852,-25.));
#2257 = CARTESIAN_POINT('',(-5.218571090087,10.806567694844,-25.));
#2258 = CARTESIAN_POINT('',(-5.136083046544,10.845780904891,-25.));
#2259 = CARTESIAN_POINT('',(-4.191138690537,11.284455165948,-25.));
#2260 = CARTESIAN_POINT('',(-3.290891895381,11.602787744835,-25.));
#2261 = CARTESIAN_POINT('',(-2.362455321712,11.834571776048,-25.));
#2262 = CARTESIAN_POINT('',(-1.416182267733,11.976999325969,-25.));
#2263 = CARTESIAN_POINT('',(-0.462710550926,12.028686490772,-25.));
#2264 = CARTESIAN_POINT('',(1.433280869186,11.95168702266,-25.));
#2265 = CARTESIAN_POINT('',(2.376057008035,11.823634037922,-25.));
#2266 = CARTESIAN_POINT('',(3.304442579929,11.606360550246,-25.));
#2267 = CARTESIAN_POINT('',(4.208056634063,11.302076251965,-25.));
#2268 = CARTESIAN_POINT('',(5.076911621331,10.914371358081,-25.));
#2269 = CARTESIAN_POINT('',(5.984029452818,10.402052056563,-25.));
#2270 = CARTESIAN_POINT('',(6.066056720862,10.354694813452,-25.));
#2271 = CARTESIAN_POINT('',(6.147633649412,10.306561786893,-25.));
#2272 = CARTESIAN_POINT('',(6.228751077807,10.257658345731,-25.));
#2273 = CARTESIAN_POINT('',(6.309399931361,10.207990002739,-25.));
#2274 = CARTESIAN_POINT('',(6.512691957386,10.080119707033,-25.));
#2275 = CARTESIAN_POINT('',(6.634686399636,10.000886359017,-25.));
#2276 = CARTESIAN_POINT('',(6.755521981399,9.919882865758,-25.));
#2277 = CARTESIAN_POINT('',(6.875166661162,9.83713049262,-25.));
#2278 = CARTESIAN_POINT('',(6.993588922601,9.752651275142,-25.));
#2279 = CARTESIAN_POINT('',(7.451368534911,9.415932625914,-25.));
#2280 = CARTESIAN_POINT('',(7.781388788942,9.15099554097,-25.));
#2281 = CARTESIAN_POINT('',(8.100054125016,8.872219583029,-25.));
#2282 = CARTESIAN_POINT('',(8.40664501725,8.580216709382,-25.));
#2283 = CARTESIAN_POINT('',(8.700486825537,8.275648015782,-25.));
#2284 = CARTESIAN_POINT('',(8.980949795546,7.959223736443,-25.));
#2285 = PCURVE('',#734,#2286);
#2286 = DEFINITIONAL_REPRESENTATION('',(#2287),#2330);
#2287 = B_SPLINE_CURVE_WITH_KNOTS('',6,(#2288,#2289,#2290,#2291,#2292,
    #2293,#2294,#2295,#2296,#2297,#2298,#2299,#2300,#2301,#2302,#2303,
    #2304,#2305,#2306,#2307,#2308,#2309,#2310,#2311,#2312,#2313,#2314,
    #2315,#2316,#2317,#2318,#2319,#2320,#2321,#2322,#2323,#2324,#2325,
    #2326,#2327,#2328,#2329),.UNSPECIFIED.,.F.,.F.,(7,5,5,5,5,5,5,5,7),(
    0.,0.189004840969,0.216005594601,0.243006315008,0.524001886769,
    0.803994785928,0.83199523495,0.87499611336,1.),.UNSPECIFIED.);
#2288 = CARTESIAN_POINT('',(5.019006747563,21.959219988791));
#2289 = CARTESIAN_POINT('',(5.443060141088,22.437654569127));
#2290 = CARTESIAN_POINT('',(5.897708820193,22.888993034351));
#2291 = CARTESIAN_POINT('',(6.380765917914,23.310762339718));
#2292 = CARTESIAN_POINT('',(6.889810188343,23.700771832709));
#2293 = CARTESIAN_POINT('',(7.422214889263,24.057082037538));
#2294 = CARTESIAN_POINT('',(8.054110081567,24.423890094543));
#2295 = CARTESIAN_POINT('',(8.1335158651,24.469019862103));
#2296 = CARTESIAN_POINT('',(8.213332138001,24.513423517146));
#2297 = CARTESIAN_POINT('',(8.293550594158,24.55709640588));
#2298 = CARTESIAN_POINT('',(8.374162857603,24.600034001456));
#2299 = CARTESIAN_POINT('',(8.536158007765,24.684429754551));
#2300 = CARTESIAN_POINT('',(8.617540895282,24.725887914798));
#2301 = CARTESIAN_POINT('',(8.699300699262,24.766601984852));
#2302 = CARTESIAN_POINT('',(8.781428909913,24.806567694844));
#2303 = CARTESIAN_POINT('',(8.863916953456,24.845780904891));
#2304 = CARTESIAN_POINT('',(9.808861309463,25.284455165948));
#2305 = CARTESIAN_POINT('',(10.709108104619,25.602787744835));
#2306 = CARTESIAN_POINT('',(11.637544678288,25.834571776048));
#2307 = CARTESIAN_POINT('',(12.583817732267,25.976999325969));
#2308 = CARTESIAN_POINT('',(13.537289449074,26.028686490772));
#2309 = CARTESIAN_POINT('',(15.433280869186,25.95168702266));
#2310 = CARTESIAN_POINT('',(16.376057008035,25.823634037922));
#2311 = CARTESIAN_POINT('',(17.304442579929,25.606360550246));
#2312 = CARTESIAN_POINT('',(18.208056634063,25.302076251965));
#2313 = CARTESIAN_POINT('',(19.076911621331,24.914371358081));
#2314 = CARTESIAN_POINT('',(19.984029452818,24.402052056563));
#2315 = CARTESIAN_POINT('',(20.066056720862,24.354694813452));
#2316 = CARTESIAN_POINT('',(20.147633649412,24.306561786893));
#2317 = CARTESIAN_POINT('',(20.228751077807,24.257658345731));
#2318 = CARTESIAN_POINT('',(20.309399931361,24.207990002739));
#2319 = CARTESIAN_POINT('',(20.512691957386,24.080119707033));
#2320 = CARTESIAN_POINT('',(20.634686399636,24.000886359017));
#2321 = CARTESIAN_POINT('',(20.755521981399,23.919882865758));
#2322 = CARTESIAN_POINT('',(20.875166661162,23.83713049262));
#2323 = CARTESIAN_POINT('',(20.993588922601,23.752651275142));
#2324 = CARTESIAN_POINT('',(21.451368534911,23.415932625914));
#2325 = CARTESIAN_POINT('',(21.781388788942,23.15099554097));
#2326 = CARTESIAN_POINT('',(22.100054125016,22.872219583029));
#2327 = CARTESIAN_POINT('',(22.40664501725,22.580216709382));
#2328 = CARTESIAN_POINT('',(22.700486825537,22.275648015782));
#2329 = CARTESIAN_POINT('',(22.980949795546,21.959223736443));
#2330 = ( GEOMETRIC_REPRESENTATION_CONTEXT(2) 
PARAMETRIC_REPRESENTATION_CONTEXT() REPRESENTATION_CONTEXT('2D SPACE',''
  ) );
#2331 = PCURVE('',#1437,#2332);
#2332 = DEFINITIONAL_REPRESENTATION('',(#2333),#2376);
#2333 = B_SPLINE_CURVE_WITH_KNOTS('',6,(#2334,#2335,#2336,#2337,#2338,
    #2339,#2340,#2341,#2342,#2343,#2344,#2345,#2346,#2347,#2348,#2349,
    #2350,#2351,#2352,#2353,#2354,#2355,#2356,#2357,#2358,#2359,#2360,
    #2361,#2362,#2363,#2364,#2365,#2366,#2367,#2368,#2369,#2370,#2371,
    #2372,#2373,#2374,#2375),.UNSPECIFIED.,.F.,.F.,(7,5,5,5,5,5,5,5,7),(
    0.,0.189004840969,0.216005594601,0.243006315008,0.524001886769,
    0.803994785928,0.83199523495,0.87499611336,1.),.UNSPECIFIED.);
#2334 = CARTESIAN_POINT('',(0.,3.407423981231));
#2335 = CARTESIAN_POINT('',(-5.309638594166E-02,3.332705884052));
#2336 = CARTESIAN_POINT('',(-0.106194225116,3.257985741858));
#2337 = CARTESIAN_POINT('',(-0.159290601649,3.183267657914));
#2338 = CARTESIAN_POINT('',(-0.212387060469,3.108549458166));
#2339 = CARTESIAN_POINT('',(-0.265485156041,3.033828955146));
#2340 = CARTESIAN_POINT('',(-0.326167284167,2.94843607825));
#2341 = CARTESIAN_POINT('',(-0.333752567231,2.937761944647));
#2342 = CARTESIAN_POINT('',(-0.341337852095,2.927087808511));
#2343 = CARTESIAN_POINT('',(-0.348923138768,2.91641366983));
#2344 = CARTESIAN_POINT('',(-0.356508427262,2.905739528585));
#2345 = CARTESIAN_POINT('',(-0.371678998592,2.884391254057));
#2346 = CARTESIAN_POINT('',(-0.379264281481,2.8737171207));
#2347 = CARTESIAN_POINT('',(-0.386849566276,2.863042984659));
#2348 = CARTESIAN_POINT('',(-0.394434852996,2.852368845909));
#2349 = CARTESIAN_POINT('',(-0.402020141661,2.841694704423));
#2350 = CARTESIAN_POINT('',(-0.488545291892,2.719935106799));
#2351 = CARTESIAN_POINT('',(-0.567494882979,2.608835959095));
#2352 = CARTESIAN_POINT('',(-0.646433629801,2.497752071591));
#2353 = CARTESIAN_POINT('',(-0.72537268563,2.386667749229));
#2354 = CARTESIAN_POINT('',(-0.804323174491,2.275567338114));
#2355 = CARTESIAN_POINT('',(-0.961923918623,2.053789009496));
#2356 = CARTESIAN_POINT('',(-1.040593061788,1.943084512643));
#2357 = CARTESIAN_POINT('',(-1.11925139785,1.832395223748));
#2358 = CARTESIAN_POINT('',(-1.197909689885,1.721705996856));
#2359 = CARTESIAN_POINT('',(-1.276578636229,1.611001777098));
#2360 = CARTESIAN_POINT('',(-1.363103961268,1.489241933602));
#2361 = CARTESIAN_POINT('',(-1.370970191232,1.478172446964));
#2362 = CARTESIAN_POINT('',(-1.378836416301,1.467102967215));
#2363 = CARTESIAN_POINT('',(-1.386702636294,1.456033494611));
#2364 = CARTESIAN_POINT('',(-1.394568851036,1.444964029396));
#2365 = CARTESIAN_POINT('',(-1.414515363452,1.416894972982));
#2366 = CARTESIAN_POINT('',(-1.426595654123,1.399895391638));
#2367 = CARTESIAN_POINT('',(-1.438675931701,1.38289582872));
#2368 = CARTESIAN_POINT('',(-1.450756195573,1.36589628509));
#2369 = CARTESIAN_POINT('',(-1.462836445191,1.34889676152));
#2370 = CARTESIAN_POINT('',(-1.510034016437,1.282479572284));
#2371 = CARTESIAN_POINT('',(-1.545151287169,1.233061978244));
#2372 = CARTESIAN_POINT('',(-1.580268455941,1.183644527681));
#2373 = CARTESIAN_POINT('',(-1.615385491477,1.134227264606));
#2374 = CARTESIAN_POINT('',(-1.650502367539,1.084810225935));
#2375 = CARTESIAN_POINT('',(-1.685619062935,1.035393441487));
#2376 = ( GEOMETRIC_REPRESENTATION_CONTEXT(2) 
PARAMETRIC_REPRESENTATION_CONTEXT() REPRESENTATION_CONTEXT('2D SPACE',''
  ) );
#2377 = ORIENTED_EDGE('',*,*,#1609,.F.);
#2378 = ADVANCED_FACE('',(#2379),#1437,.T.);
#2379 = FACE_BOUND('',#2380,.T.);
#2380 = EDGE_LOOP('',(#2381,#2382,#2383,#2384));
#2381 = ORIENTED_EDGE('',*,*,#2110,.F.);
#2382 = ORIENTED_EDGE('',*,*,#2240,.F.);
#2383 = ORIENTED_EDGE('',*,*,#1341,.T.);
#2384 = ORIENTED_EDGE('',*,*,#1889,.T.);
#2385 = ( GEOMETRIC_REPRESENTATION_CONTEXT(3) 
GLOBAL_UNCERTAINTY_ASSIGNED_CONTEXT((#2389)) 
GLOBAL_UNIT_ASSIGNED_CONTEXT((#2386,#2387,#2388)) REPRESENTATION_CONTEXT
('Context #1','3D Context with UNIT and UNCERTAINTY') );
#2386 = ( LENGTH_UNIT() NAMED_UNIT(*) SI_UNIT(.MILLI.,.METRE.) );
#2387 = ( NAMED_UNIT(*) PLANE_ANGLE_UNIT() SI_UNIT($,.RADIAN.) );
#2388 = ( NAMED_UNIT(*) SI_UNIT($,.STERADIAN.) SOLID_ANGLE_UNIT() );
#2389 = UNCERTAINTY_MEASURE_WITH_UNIT(LENGTH_MEASURE(1.E-05),#2386,
  'distance_accuracy_value','confusion accuracy');
#2390 = PRODUCT_RELATED_PRODUCT_CATEGORY('part',$,(#7));
ENDSEC;
END-ISO-10303-21;
