ISO-10303-21;
HEADER;
FILE_DESCRIPTION(('Open CASCADE Model'),'2;1');
FILE_NAME('Open CASCADE Shape Model','2026-04-28T21:21:03',('Author'),(
    'Open CASCADE'),'Open CASCADE STEP processor 7.8','build123d',
  'Unknown');
FILE_SCHEMA(('AUTOMOTIVE_DESIGN { 1 0 10303 214 1 1 1 1 }'));
ENDSEC;
DATA;
#1 = APPLICATION_PROTOCOL_DEFINITION('international standard',
  'automotive_design',2000,#2);
#2 = APPLICATION_CONTEXT(
  'core data for automotive mechanical design processes');
#3 = SHAPE_DEFINITION_REPRESENTATION(#4,#10);
#4 = PRODUCT_DEFINITION_SHAPE('','',#5);
#5 = PRODUCT_DEFINITION('design','',#6,#9);
#6 = PRODUCT_DEFINITION_FORMATION('','',#7);
#7 = PRODUCT('COMPOUND','COMPOUND','',(#8));
#8 = PRODUCT_CONTEXT('',#2,'mechanical');
#9 = PRODUCT_DEFINITION_CONTEXT('part definition',#2,'design');
#10 = ADVANCED_BREP_SHAPE_REPRESENTATION('',(#11,#15),#6447);
#11 = AXIS2_PLACEMENT_3D('',#12,#13,#14);
#12 = CARTESIAN_POINT('',(0.,0.,0.));
#13 = DIRECTION('',(0.,0.,1.));
#14 = DIRECTION('',(1.,0.,-0.));
#15 = MANIFOLD_SOLID_BREP('',#16);
#16 = CLOSED_SHELL('',(#17,#137,#213,#289,#1036,#2231,#2286,#2313,#3029,
    #3056,#3083,#3110,#3137,#3164,#3191,#3218,#3245,#3272,#3299,#3326,
    #3353,#3380,#3407,#3434,#3461,#3488,#3515,#3542,#3569,#3596,#3623,
    #3673,#3743,#3813,#3883,#3953,#4023,#4093,#4163,#4233,#4303,#4373,
    #4443,#4513,#4583,#4653,#4723,#4793,#4863,#4933,#5003,#5073,#5143,
    #5191,#5197,#5315,#5321,#5327,#5333,#5339,#5345,#5351,#5357,#5363,
    #5369,#5375,#5381,#5387,#5393,#5399,#5405,#5411,#5417,#5423,#5429,
    #5435,#5441,#5447,#5523,#5796,#6029,#6056,#6114,#6161,#6214,#6221,
    #6279,#6306,#6359,#6386,#6393,#6420));
#17 = ADVANCED_FACE('',(#18),#32,.F.);
#18 = FACE_BOUND('',#19,.F.);
#19 = EDGE_LOOP('',(#20,#55,#83,#111));
#20 = ORIENTED_EDGE('',*,*,#21,.T.);
#21 = EDGE_CURVE('',#22,#24,#26,.T.);
#22 = VERTEX_POINT('',#23);
#23 = CARTESIAN_POINT('',(-2.064933178929,0.147119675466,23.5));
#24 = VERTEX_POINT('',#25);
#25 = CARTESIAN_POINT('',(-2.064933178929,0.147119675466,27.7));
#26 = SURFACE_CURVE('',#27,(#31,#43),.PCURVE_S1.);
#27 = LINE('',#28,#29);
#28 = CARTESIAN_POINT('',(-2.064933178929,0.147119675466,23.5));
#29 = VECTOR('',#30,1.);
#30 = DIRECTION('',(0.,0.,1.));
#31 = PCURVE('',#32,#37);
#32 = PLANE('',#33);
#33 = AXIS2_PLACEMENT_3D('',#34,#35,#36);
#34 = CARTESIAN_POINT('',(-2.064933178929,0.147119675466,23.5));
#35 = DIRECTION('',(-0.607186152009,-0.794559611866,0.));
#36 = DIRECTION('',(-0.794559611866,0.607186152009,0.));
#37 = DEFINITIONAL_REPRESENTATION('',(#38),#42);
#38 = LINE('',#39,#40);
#39 = CARTESIAN_POINT('',(0.,0.));
#40 = VECTOR('',#41,1.);
#41 = DIRECTION('',(0.,-1.));
#42 = ( GEOMETRIC_REPRESENTATION_CONTEXT(2) 
PARAMETRIC_REPRESENTATION_CONTEXT() REPRESENTATION_CONTEXT('2D SPACE',''
  ) );
#43 = PCURVE('',#44,#49);
#44 = PLANE('',#45);
#45 = AXIS2_PLACEMENT_3D('',#46,#47,#48);
#46 = CARTESIAN_POINT('',(-2.364341197458,-0.147995766321,23.5));
#47 = DIRECTION('',(-0.701983033257,0.712193668196,0.));
#48 = DIRECTION('',(0.712193668196,0.701983033257,0.));
#49 = DEFINITIONAL_REPRESENTATION('',(#50),#54);
#50 = LINE('',#51,#52);
#51 = CARTESIAN_POINT('',(0.42040252799,0.));
#52 = VECTOR('',#53,1.);
#53 = DIRECTION('',(0.,-1.));
#54 = ( GEOMETRIC_REPRESENTATION_CONTEXT(2) 
PARAMETRIC_REPRESENTATION_CONTEXT() REPRESENTATION_CONTEXT('2D SPACE',''
  ) );
#55 = ORIENTED_EDGE('',*,*,#56,.T.);
#56 = EDGE_CURVE('',#24,#57,#59,.T.);
#57 = VERTEX_POINT('',#58);
#58 = CARTESIAN_POINT('',(-2.398968048397,0.402382268732,27.7));
#59 = SURFACE_CURVE('',#60,(#64,#71),.PCURVE_S1.);
#60 = LINE('',#61,#62);
#61 = CARTESIAN_POINT('',(-2.064933178929,0.147119675466,27.7));
#62 = VECTOR('',#63,1.);
#63 = DIRECTION('',(-0.794559611866,0.607186152009,0.));
#64 = PCURVE('',#32,#65);
#65 = DEFINITIONAL_REPRESENTATION('',(#66),#70);
#66 = LINE('',#67,#68);
#67 = CARTESIAN_POINT('',(0.,-4.2));
#68 = VECTOR('',#69,1.);
#69 = DIRECTION('',(1.,0.));
#70 = ( GEOMETRIC_REPRESENTATION_CONTEXT(2) 
PARAMETRIC_REPRESENTATION_CONTEXT() REPRESENTATION_CONTEXT('2D SPACE',''
  ) );
#71 = PCURVE('',#72,#77);
#72 = PLANE('',#73);
#73 = AXIS2_PLACEMENT_3D('',#74,#75,#76);
#74 = CARTESIAN_POINT('',(-4.56,-9.856623356903E-03,27.7));
#75 = DIRECTION('',(0.,0.,1.));
#76 = DIRECTION('',(1.,0.,0.));
#77 = DEFINITIONAL_REPRESENTATION('',(#78),#82);
#78 = LINE('',#79,#80);
#79 = CARTESIAN_POINT('',(2.495066821071,0.156976298823));
#80 = VECTOR('',#81,1.);
#81 = DIRECTION('',(-0.794559611866,0.607186152009));
#82 = ( GEOMETRIC_REPRESENTATION_CONTEXT(2) 
PARAMETRIC_REPRESENTATION_CONTEXT() REPRESENTATION_CONTEXT('2D SPACE',''
  ) );
#83 = ORIENTED_EDGE('',*,*,#84,.F.);
#84 = EDGE_CURVE('',#85,#57,#87,.T.);
#85 = VERTEX_POINT('',#86);
#86 = CARTESIAN_POINT('',(-2.398968048397,0.402382268732,23.5));
#87 = SURFACE_CURVE('',#88,(#92,#99),.PCURVE_S1.);
#88 = LINE('',#89,#90);
#89 = CARTESIAN_POINT('',(-2.398968048397,0.402382268732,23.5));
#90 = VECTOR('',#91,1.);
#91 = DIRECTION('',(0.,0.,1.));
#92 = PCURVE('',#32,#93);
#93 = DEFINITIONAL_REPRESENTATION('',(#94),#98);
#94 = LINE('',#95,#96);
#95 = CARTESIAN_POINT('',(0.42040252799,0.));
#96 = VECTOR('',#97,1.);
#97 = DIRECTION('',(0.,-1.));
#98 = ( GEOMETRIC_REPRESENTATION_CONTEXT(2) 
PARAMETRIC_REPRESENTATION_CONTEXT() REPRESENTATION_CONTEXT('2D SPACE',''
  ) );
#99 = PCURVE('',#100,#105);
#100 = PLANE('',#101);
#101 = AXIS2_PLACEMENT_3D('',#102,#103,#104);
#102 = CARTESIAN_POINT('',(-2.398968048397,0.402382268732,23.5));
#103 = DIRECTION('',(-0.857044308394,0.515242713145,0.));
#104 = DIRECTION('',(0.515242713145,0.857044308394,0.));
#105 = DEFINITIONAL_REPRESENTATION('',(#106),#110);
#106 = LINE('',#107,#108);
#107 = CARTESIAN_POINT('',(0.,0.));
#108 = VECTOR('',#109,1.);
#109 = DIRECTION('',(0.,-1.));
#110 = ( GEOMETRIC_REPRESENTATION_CONTEXT(2) 
PARAMETRIC_REPRESENTATION_CONTEXT() REPRESENTATION_CONTEXT('2D SPACE',''
  ) );
#111 = ORIENTED_EDGE('',*,*,#112,.F.);
#112 = EDGE_CURVE('',#22,#85,#113,.T.);
#113 = SURFACE_CURVE('',#114,(#118,#125),.PCURVE_S1.);
#114 = LINE('',#115,#116);
#115 = CARTESIAN_POINT('',(-2.064933178929,0.147119675466,23.5));
#116 = VECTOR('',#117,1.);
#117 = DIRECTION('',(-0.794559611866,0.607186152009,0.));
#118 = PCURVE('',#32,#119);
#119 = DEFINITIONAL_REPRESENTATION('',(#120),#124);
#120 = LINE('',#121,#122);
#121 = CARTESIAN_POINT('',(0.,0.));
#122 = VECTOR('',#123,1.);
#123 = DIRECTION('',(1.,0.));
#124 = ( GEOMETRIC_REPRESENTATION_CONTEXT(2) 
PARAMETRIC_REPRESENTATION_CONTEXT() REPRESENTATION_CONTEXT('2D SPACE',''
  ) );
#125 = PCURVE('',#126,#131);
#126 = PLANE('',#127);
#127 = AXIS2_PLACEMENT_3D('',#128,#129,#130);
#128 = CARTESIAN_POINT('',(-4.56,5.4929950689E-16,23.5));
#129 = DIRECTION('',(0.,0.,1.));
#130 = DIRECTION('',(1.,0.,0.));
#131 = DEFINITIONAL_REPRESENTATION('',(#132),#136);
#132 = LINE('',#133,#134);
#133 = CARTESIAN_POINT('',(2.495066821071,0.147119675466));
#134 = VECTOR('',#135,1.);
#135 = DIRECTION('',(-0.794559611866,0.607186152009));
#136 = ( GEOMETRIC_REPRESENTATION_CONTEXT(2) 
PARAMETRIC_REPRESENTATION_CONTEXT() REPRESENTATION_CONTEXT('2D SPACE',''
  ) );
#137 = ADVANCED_FACE('',(#138),#44,.F.);
#138 = FACE_BOUND('',#139,.F.);
#139 = EDGE_LOOP('',(#140,#170,#191,#192));
#140 = ORIENTED_EDGE('',*,*,#141,.T.);
#141 = EDGE_CURVE('',#142,#144,#146,.T.);
#142 = VERTEX_POINT('',#143);
#143 = CARTESIAN_POINT('',(-2.364341197458,-0.147995766321,23.5));
#144 = VERTEX_POINT('',#145);
#145 = CARTESIAN_POINT('',(-2.364341197458,-0.147995766321,27.7));
#146 = SURFACE_CURVE('',#147,(#151,#158),.PCURVE_S1.);
#147 = LINE('',#148,#149);
#148 = CARTESIAN_POINT('',(-2.364341197458,-0.147995766321,23.5));
#149 = VECTOR('',#150,1.);
#150 = DIRECTION('',(0.,0.,1.));
#151 = PCURVE('',#44,#152);
#152 = DEFINITIONAL_REPRESENTATION('',(#153),#157);
#153 = LINE('',#154,#155);
#154 = CARTESIAN_POINT('',(0.,0.));
#155 = VECTOR('',#156,1.);
#156 = DIRECTION('',(0.,-1.));
#157 = ( GEOMETRIC_REPRESENTATION_CONTEXT(2) 
PARAMETRIC_REPRESENTATION_CONTEXT() REPRESENTATION_CONTEXT('2D SPACE',''
  ) );
#158 = PCURVE('',#159,#164);
#159 = PLANE('',#160);
#160 = AXIS2_PLACEMENT_3D('',#161,#162,#163);
#161 = CARTESIAN_POINT('',(-2.104281873178,-0.478309909821,23.5));
#162 = DIRECTION('',(-0.785709222727,-0.618596004935,0.));
#163 = DIRECTION('',(-0.618596004935,0.785709222727,0.));
#164 = DEFINITIONAL_REPRESENTATION('',(#165),#169);
#165 = LINE('',#166,#167);
#166 = CARTESIAN_POINT('',(0.42040252799,0.));
#167 = VECTOR('',#168,1.);
#168 = DIRECTION('',(0.,-1.));
#169 = ( GEOMETRIC_REPRESENTATION_CONTEXT(2) 
PARAMETRIC_REPRESENTATION_CONTEXT() REPRESENTATION_CONTEXT('2D SPACE',''
  ) );
#170 = ORIENTED_EDGE('',*,*,#171,.T.);
#171 = EDGE_CURVE('',#144,#24,#172,.T.);
#172 = SURFACE_CURVE('',#173,(#177,#184),.PCURVE_S1.);
#173 = LINE('',#174,#175);
#174 = CARTESIAN_POINT('',(-2.364341197458,-0.147995766321,27.7));
#175 = VECTOR('',#176,1.);
#176 = DIRECTION('',(0.712193668196,0.701983033257,0.));
#177 = PCURVE('',#44,#178);
#178 = DEFINITIONAL_REPRESENTATION('',(#179),#183);
#179 = LINE('',#180,#181);
#180 = CARTESIAN_POINT('',(0.,-4.2));
#181 = VECTOR('',#182,1.);
#182 = DIRECTION('',(1.,0.));
#183 = ( GEOMETRIC_REPRESENTATION_CONTEXT(2) 
PARAMETRIC_REPRESENTATION_CONTEXT() REPRESENTATION_CONTEXT('2D SPACE',''
  ) );
#184 = PCURVE('',#72,#185);
#185 = DEFINITIONAL_REPRESENTATION('',(#186),#190);
#186 = LINE('',#187,#188);
#187 = CARTESIAN_POINT('',(2.195658802542,-0.138139142964));
#188 = VECTOR('',#189,1.);
#189 = DIRECTION('',(0.712193668196,0.701983033257));
#190 = ( GEOMETRIC_REPRESENTATION_CONTEXT(2) 
PARAMETRIC_REPRESENTATION_CONTEXT() REPRESENTATION_CONTEXT('2D SPACE',''
  ) );
#191 = ORIENTED_EDGE('',*,*,#21,.F.);
#192 = ORIENTED_EDGE('',*,*,#193,.F.);
#193 = EDGE_CURVE('',#142,#22,#194,.T.);
#194 = SURFACE_CURVE('',#195,(#199,#206),.PCURVE_S1.);
#195 = LINE('',#196,#197);
#196 = CARTESIAN_POINT('',(-2.364341197458,-0.147995766321,23.5));
#197 = VECTOR('',#198,1.);
#198 = DIRECTION('',(0.712193668196,0.701983033257,0.));
#199 = PCURVE('',#44,#200);
#200 = DEFINITIONAL_REPRESENTATION('',(#201),#205);
#201 = LINE('',#202,#203);
#202 = CARTESIAN_POINT('',(0.,0.));
#203 = VECTOR('',#204,1.);
#204 = DIRECTION('',(1.,0.));
#205 = ( GEOMETRIC_REPRESENTATION_CONTEXT(2) 
PARAMETRIC_REPRESENTATION_CONTEXT() REPRESENTATION_CONTEXT('2D SPACE',''
  ) );
#206 = PCURVE('',#126,#207);
#207 = DEFINITIONAL_REPRESENTATION('',(#208),#212);
#208 = LINE('',#209,#210);
#209 = CARTESIAN_POINT('',(2.195658802542,-0.147995766321));
#210 = VECTOR('',#211,1.);
#211 = DIRECTION('',(0.712193668196,0.701983033257));
#212 = ( GEOMETRIC_REPRESENTATION_CONTEXT(2) 
PARAMETRIC_REPRESENTATION_CONTEXT() REPRESENTATION_CONTEXT('2D SPACE',''
  ) );
#213 = ADVANCED_FACE('',(#214),#100,.F.);
#214 = FACE_BOUND('',#215,.F.);
#215 = EDGE_LOOP('',(#216,#217,#240,#268));
#216 = ORIENTED_EDGE('',*,*,#84,.T.);
#217 = ORIENTED_EDGE('',*,*,#218,.T.);
#218 = EDGE_CURVE('',#57,#219,#221,.T.);
#219 = VERTEX_POINT('',#220);
#220 = CARTESIAN_POINT('',(-2.182358709262,0.76268586258,27.7));
#221 = SURFACE_CURVE('',#222,(#226,#233),.PCURVE_S1.);
#222 = LINE('',#223,#224);
#223 = CARTESIAN_POINT('',(-2.398968048397,0.402382268732,27.7));
#224 = VECTOR('',#225,1.);
#225 = DIRECTION('',(0.515242713145,0.857044308394,0.));
#226 = PCURVE('',#100,#227);
#227 = DEFINITIONAL_REPRESENTATION('',(#228),#232);
#228 = LINE('',#229,#230);
#229 = CARTESIAN_POINT('',(0.,-4.2));
#230 = VECTOR('',#231,1.);
#231 = DIRECTION('',(1.,0.));
#232 = ( GEOMETRIC_REPRESENTATION_CONTEXT(2) 
PARAMETRIC_REPRESENTATION_CONTEXT() REPRESENTATION_CONTEXT('2D SPACE',''
  ) );
#233 = PCURVE('',#72,#234);
#234 = DEFINITIONAL_REPRESENTATION('',(#235),#239);
#235 = LINE('',#236,#237);
#236 = CARTESIAN_POINT('',(2.161031951603,0.412238892089));
#237 = VECTOR('',#238,1.);
#238 = DIRECTION('',(0.515242713145,0.857044308394));
#239 = ( GEOMETRIC_REPRESENTATION_CONTEXT(2) 
PARAMETRIC_REPRESENTATION_CONTEXT() REPRESENTATION_CONTEXT('2D SPACE',''
  ) );
#240 = ORIENTED_EDGE('',*,*,#241,.F.);
#241 = EDGE_CURVE('',#242,#219,#244,.T.);
#242 = VERTEX_POINT('',#243);
#243 = CARTESIAN_POINT('',(-2.182358709262,0.76268586258,23.5));
#244 = SURFACE_CURVE('',#245,(#249,#256),.PCURVE_S1.);
#245 = LINE('',#246,#247);
#246 = CARTESIAN_POINT('',(-2.182358709262,0.76268586258,23.5));
#247 = VECTOR('',#248,1.);
#248 = DIRECTION('',(0.,0.,1.));
#249 = PCURVE('',#100,#250);
#250 = DEFINITIONAL_REPRESENTATION('',(#251),#255);
#251 = LINE('',#252,#253);
#252 = CARTESIAN_POINT('',(0.42040252799,0.));
#253 = VECTOR('',#254,1.);
#254 = DIRECTION('',(0.,-1.));
#255 = ( GEOMETRIC_REPRESENTATION_CONTEXT(2) 
PARAMETRIC_REPRESENTATION_CONTEXT() REPRESENTATION_CONTEXT('2D SPACE',''
  ) );
#256 = PCURVE('',#257,#262);
#257 = PLANE('',#258);
#258 = AXIS2_PLACEMENT_3D('',#259,#260,#261);
#259 = CARTESIAN_POINT('',(-2.182358709262,0.76268586258,23.5));
#260 = DIRECTION('',(-0.390511342286,-0.920598116197,0.));
#261 = DIRECTION('',(-0.920598116197,0.390511342286,0.));
#262 = DEFINITIONAL_REPRESENTATION('',(#263),#267);
#263 = LINE('',#264,#265);
#264 = CARTESIAN_POINT('',(0.,0.));
#265 = VECTOR('',#266,1.);
#266 = DIRECTION('',(0.,-1.));
#267 = ( GEOMETRIC_REPRESENTATION_CONTEXT(2) 
PARAMETRIC_REPRESENTATION_CONTEXT() REPRESENTATION_CONTEXT('2D SPACE',''
  ) );
#268 = ORIENTED_EDGE('',*,*,#269,.F.);
#269 = EDGE_CURVE('',#85,#242,#270,.T.);
#270 = SURFACE_CURVE('',#271,(#275,#282),.PCURVE_S1.);
#271 = LINE('',#272,#273);
#272 = CARTESIAN_POINT('',(-2.398968048397,0.402382268732,23.5));
#273 = VECTOR('',#274,1.);
#274 = DIRECTION('',(0.515242713145,0.857044308394,0.));
#275 = PCURVE('',#100,#276);
#276 = DEFINITIONAL_REPRESENTATION('',(#277),#281);
#277 = LINE('',#278,#279);
#278 = CARTESIAN_POINT('',(0.,0.));
#279 = VECTOR('',#280,1.);
#280 = DIRECTION('',(1.,0.));
#281 = ( GEOMETRIC_REPRESENTATION_CONTEXT(2) 
PARAMETRIC_REPRESENTATION_CONTEXT() REPRESENTATION_CONTEXT('2D SPACE',''
  ) );
#282 = PCURVE('',#126,#283);
#283 = DEFINITIONAL_REPRESENTATION('',(#284),#288);
#284 = LINE('',#285,#286);
#285 = CARTESIAN_POINT('',(2.161031951603,0.402382268732));
#286 = VECTOR('',#287,1.);
#287 = DIRECTION('',(0.515242713145,0.857044308394));
#288 = ( GEOMETRIC_REPRESENTATION_CONTEXT(2) 
PARAMETRIC_REPRESENTATION_CONTEXT() REPRESENTATION_CONTEXT('2D SPACE',''
  ) );
#289 = ADVANCED_FACE('',(#290),#126,.T.);
#290 = FACE_BOUND('',#291,.T.);
#291 = EDGE_LOOP('',(#292,#323,#347,#375,#403,#431,#459,#487,#515,#543,
    #571,#599,#627,#655,#683,#711,#739,#767,#795,#823,#851,#879,#907,
    #935,#963,#991,#1012,#1013,#1014,#1015));
#292 = ORIENTED_EDGE('',*,*,#293,.T.);
#293 = EDGE_CURVE('',#294,#296,#298,.T.);
#294 = VERTEX_POINT('',#295);
#295 = CARTESIAN_POINT('',(-2.105806068139,-0.476373954806,23.5));
#296 = VERTEX_POINT('',#297);
#297 = CARTESIAN_POINT('',(-2.06,3.77865380311E-16,23.5));
#298 = SURFACE_CURVE('',#299,(#304,#311),.PCURVE_S1.);
#299 = CIRCLE('',#300,2.5);
#300 = AXIS2_PLACEMENT_3D('',#301,#302,#303);
#301 = CARTESIAN_POINT('',(-4.56,3.77865380311E-16,23.5));
#302 = DIRECTION('',(0.,0.,1.));
#303 = DIRECTION('',(1.,0.,0.));
#304 = PCURVE('',#126,#305);
#305 = DEFINITIONAL_REPRESENTATION('',(#306),#310);
#306 = CIRCLE('',#307,2.5);
#307 = AXIS2_PLACEMENT_2D('',#308,#309);
#308 = CARTESIAN_POINT('',(1.367440132539E-16,-1.714341265789E-16));
#309 = DIRECTION('',(1.,0.));
#310 = ( GEOMETRIC_REPRESENTATION_CONTEXT(2) 
PARAMETRIC_REPRESENTATION_CONTEXT() REPRESENTATION_CONTEXT('2D SPACE',''
  ) );
#311 = PCURVE('',#312,#317);
#312 = CYLINDRICAL_SURFACE('',#313,2.5);
#313 = AXIS2_PLACEMENT_3D('',#314,#315,#316);
#314 = CARTESIAN_POINT('',(-4.56,3.77865380311E-16,22.7));
#315 = DIRECTION('',(-0.,-0.,-1.));
#316 = DIRECTION('',(1.,0.,0.));
#317 = DEFINITIONAL_REPRESENTATION('',(#318),#322);
#318 = LINE('',#319,#320);
#319 = CARTESIAN_POINT('',(-0.,-0.8));
#320 = VECTOR('',#321,1.);
#321 = DIRECTION('',(-1.,0.));
#322 = ( GEOMETRIC_REPRESENTATION_CONTEXT(2) 
PARAMETRIC_REPRESENTATION_CONTEXT() REPRESENTATION_CONTEXT('2D SPACE',''
  ) );
#323 = ORIENTED_EDGE('',*,*,#324,.T.);
#324 = EDGE_CURVE('',#296,#325,#327,.T.);
#325 = VERTEX_POINT('',#326);
#326 = CARTESIAN_POINT('',(-7.014193931861,-0.476373954806,23.5));
#327 = SURFACE_CURVE('',#328,(#333,#340),.PCURVE_S1.);
#328 = CIRCLE('',#329,2.5);
#329 = AXIS2_PLACEMENT_3D('',#330,#331,#332);
#330 = CARTESIAN_POINT('',(-4.56,3.77865380311E-16,23.5));
#331 = DIRECTION('',(0.,0.,1.));
#332 = DIRECTION('',(1.,0.,0.));
#333 = PCURVE('',#126,#334);
#334 = DEFINITIONAL_REPRESENTATION('',(#335),#339);
#335 = CIRCLE('',#336,2.5);
#336 = AXIS2_PLACEMENT_2D('',#337,#338);
#337 = CARTESIAN_POINT('',(1.367440132539E-16,-1.714341265789E-16));
#338 = DIRECTION('',(1.,0.));
#339 = ( GEOMETRIC_REPRESENTATION_CONTEXT(2) 
PARAMETRIC_REPRESENTATION_CONTEXT() REPRESENTATION_CONTEXT('2D SPACE',''
  ) );
#340 = PCURVE('',#312,#341);
#341 = DEFINITIONAL_REPRESENTATION('',(#342),#346);
#342 = LINE('',#343,#344);
#343 = CARTESIAN_POINT('',(-0.,-0.8));
#344 = VECTOR('',#345,1.);
#345 = DIRECTION('',(-1.,0.));
#346 = ( GEOMETRIC_REPRESENTATION_CONTEXT(2) 
PARAMETRIC_REPRESENTATION_CONTEXT() REPRESENTATION_CONTEXT('2D SPACE',''
  ) );
#347 = ORIENTED_EDGE('',*,*,#348,.F.);
#348 = EDGE_CURVE('',#349,#325,#351,.T.);
#349 = VERTEX_POINT('',#350);
#350 = CARTESIAN_POINT('',(-6.755658802542,-0.147995766321,23.5));
#351 = SURFACE_CURVE('',#352,(#356,#363),.PCURVE_S1.);
#352 = LINE('',#353,#354);
#353 = CARTESIAN_POINT('',(-6.755658802542,-0.147995766321,23.5));
#354 = VECTOR('',#355,1.);
#355 = DIRECTION('',(-0.618596004935,-0.785709222727,0.));
#356 = PCURVE('',#126,#357);
#357 = DEFINITIONAL_REPRESENTATION('',(#358),#362);
#358 = LINE('',#359,#360);
#359 = CARTESIAN_POINT('',(-2.195658802542,-0.147995766321));
#360 = VECTOR('',#361,1.);
#361 = DIRECTION('',(-0.618596004935,-0.785709222727));
#362 = ( GEOMETRIC_REPRESENTATION_CONTEXT(2) 
PARAMETRIC_REPRESENTATION_CONTEXT() REPRESENTATION_CONTEXT('2D SPACE',''
  ) );
#363 = PCURVE('',#364,#369);
#364 = PLANE('',#365);
#365 = AXIS2_PLACEMENT_3D('',#366,#367,#368);
#366 = CARTESIAN_POINT('',(-6.755658802542,-0.147995766321,23.5));
#367 = DIRECTION('',(0.785709222727,-0.618596004935,0.));
#368 = DIRECTION('',(-0.618596004935,-0.785709222727,0.));
#369 = DEFINITIONAL_REPRESENTATION('',(#370),#374);
#370 = LINE('',#371,#372);
#371 = CARTESIAN_POINT('',(0.,0.));
#372 = VECTOR('',#373,1.);
#373 = DIRECTION('',(1.,0.));
#374 = ( GEOMETRIC_REPRESENTATION_CONTEXT(2) 
PARAMETRIC_REPRESENTATION_CONTEXT() REPRESENTATION_CONTEXT('2D SPACE',''
  ) );
#375 = ORIENTED_EDGE('',*,*,#376,.F.);
#376 = EDGE_CURVE('',#377,#349,#379,.T.);
#377 = VERTEX_POINT('',#378);
#378 = CARTESIAN_POINT('',(-7.055066821071,0.147119675466,23.5));
#379 = SURFACE_CURVE('',#380,(#384,#391),.PCURVE_S1.);
#380 = LINE('',#381,#382);
#381 = CARTESIAN_POINT('',(-7.055066821071,0.147119675466,23.5));
#382 = VECTOR('',#383,1.);
#383 = DIRECTION('',(0.712193668196,-0.701983033257,0.));
#384 = PCURVE('',#126,#385);
#385 = DEFINITIONAL_REPRESENTATION('',(#386),#390);
#386 = LINE('',#387,#388);
#387 = CARTESIAN_POINT('',(-2.495066821071,0.147119675466));
#388 = VECTOR('',#389,1.);
#389 = DIRECTION('',(0.712193668196,-0.701983033257));
#390 = ( GEOMETRIC_REPRESENTATION_CONTEXT(2) 
PARAMETRIC_REPRESENTATION_CONTEXT() REPRESENTATION_CONTEXT('2D SPACE',''
  ) );
#391 = PCURVE('',#392,#397);
#392 = PLANE('',#393);
#393 = AXIS2_PLACEMENT_3D('',#394,#395,#396);
#394 = CARTESIAN_POINT('',(-7.055066821071,0.147119675466,23.5));
#395 = DIRECTION('',(0.701983033257,0.712193668196,-0.));
#396 = DIRECTION('',(0.712193668196,-0.701983033257,0.));
#397 = DEFINITIONAL_REPRESENTATION('',(#398),#402);
#398 = LINE('',#399,#400);
#399 = CARTESIAN_POINT('',(0.,0.));
#400 = VECTOR('',#401,1.);
#401 = DIRECTION('',(1.,0.));
#402 = ( GEOMETRIC_REPRESENTATION_CONTEXT(2) 
PARAMETRIC_REPRESENTATION_CONTEXT() REPRESENTATION_CONTEXT('2D SPACE',''
  ) );
#403 = ORIENTED_EDGE('',*,*,#404,.F.);
#404 = EDGE_CURVE('',#405,#377,#407,.T.);
#405 = VERTEX_POINT('',#406);
#406 = CARTESIAN_POINT('',(-6.721031951603,0.402382268732,23.5));
#407 = SURFACE_CURVE('',#408,(#412,#419),.PCURVE_S1.);
#408 = LINE('',#409,#410);
#409 = CARTESIAN_POINT('',(-6.721031951603,0.402382268732,23.5));
#410 = VECTOR('',#411,1.);
#411 = DIRECTION('',(-0.794559611866,-0.607186152009,0.));
#412 = PCURVE('',#126,#413);
#413 = DEFINITIONAL_REPRESENTATION('',(#414),#418);
#414 = LINE('',#415,#416);
#415 = CARTESIAN_POINT('',(-2.161031951603,0.402382268732));
#416 = VECTOR('',#417,1.);
#417 = DIRECTION('',(-0.794559611866,-0.607186152009));
#418 = ( GEOMETRIC_REPRESENTATION_CONTEXT(2) 
PARAMETRIC_REPRESENTATION_CONTEXT() REPRESENTATION_CONTEXT('2D SPACE',''
  ) );
#419 = PCURVE('',#420,#425);
#420 = PLANE('',#421);
#421 = AXIS2_PLACEMENT_3D('',#422,#423,#424);
#422 = CARTESIAN_POINT('',(-6.721031951603,0.402382268732,23.5));
#423 = DIRECTION('',(0.607186152009,-0.794559611866,0.));
#424 = DIRECTION('',(-0.794559611866,-0.607186152009,0.));
#425 = DEFINITIONAL_REPRESENTATION('',(#426),#430);
#426 = LINE('',#427,#428);
#427 = CARTESIAN_POINT('',(0.,0.));
#428 = VECTOR('',#429,1.);
#429 = DIRECTION('',(1.,0.));
#430 = ( GEOMETRIC_REPRESENTATION_CONTEXT(2) 
PARAMETRIC_REPRESENTATION_CONTEXT() REPRESENTATION_CONTEXT('2D SPACE',''
  ) );
#431 = ORIENTED_EDGE('',*,*,#432,.F.);
#432 = EDGE_CURVE('',#433,#405,#435,.T.);
#433 = VERTEX_POINT('',#434);
#434 = CARTESIAN_POINT('',(-6.937641290738,0.76268586258,23.5));
#435 = SURFACE_CURVE('',#436,(#440,#447),.PCURVE_S1.);
#436 = LINE('',#437,#438);
#437 = CARTESIAN_POINT('',(-6.937641290738,0.76268586258,23.5));
#438 = VECTOR('',#439,1.);
#439 = DIRECTION('',(0.515242713145,-0.857044308394,0.));
#440 = PCURVE('',#126,#441);
#441 = DEFINITIONAL_REPRESENTATION('',(#442),#446);
#442 = LINE('',#443,#444);
#443 = CARTESIAN_POINT('',(-2.377641290738,0.76268586258));
#444 = VECTOR('',#445,1.);
#445 = DIRECTION('',(0.515242713145,-0.857044308394));
#446 = ( GEOMETRIC_REPRESENTATION_CONTEXT(2) 
PARAMETRIC_REPRESENTATION_CONTEXT() REPRESENTATION_CONTEXT('2D SPACE',''
  ) );
#447 = PCURVE('',#448,#453);
#448 = PLANE('',#449);
#449 = AXIS2_PLACEMENT_3D('',#450,#451,#452);
#450 = CARTESIAN_POINT('',(-6.937641290738,0.76268586258,23.5));
#451 = DIRECTION('',(0.857044308394,0.515242713145,-0.));
#452 = DIRECTION('',(0.515242713145,-0.857044308394,0.));
#453 = DEFINITIONAL_REPRESENTATION('',(#454),#458);
#454 = LINE('',#455,#456);
#455 = CARTESIAN_POINT('',(0.,0.));
#456 = VECTOR('',#457,1.);
#457 = DIRECTION('',(1.,0.));
#458 = ( GEOMETRIC_REPRESENTATION_CONTEXT(2) 
PARAMETRIC_REPRESENTATION_CONTEXT() REPRESENTATION_CONTEXT('2D SPACE',''
  ) );
#459 = ORIENTED_EDGE('',*,*,#460,.F.);
#460 = EDGE_CURVE('',#461,#433,#463,.T.);
#461 = VERTEX_POINT('',#462);
#462 = CARTESIAN_POINT('',(-6.550619515425,0.926857818086,23.5));
#463 = SURFACE_CURVE('',#464,(#468,#475),.PCURVE_S1.);
#464 = LINE('',#465,#466);
#465 = CARTESIAN_POINT('',(-6.550619515425,0.926857818086,23.5));
#466 = VECTOR('',#467,1.);
#467 = DIRECTION('',(-0.920598116197,-0.390511342286,0.));
#468 = PCURVE('',#126,#469);
#469 = DEFINITIONAL_REPRESENTATION('',(#470),#474);
#470 = LINE('',#471,#472);
#471 = CARTESIAN_POINT('',(-1.990619515425,0.926857818086));
#472 = VECTOR('',#473,1.);
#473 = DIRECTION('',(-0.920598116197,-0.390511342286));
#474 = ( GEOMETRIC_REPRESENTATION_CONTEXT(2) 
PARAMETRIC_REPRESENTATION_CONTEXT() REPRESENTATION_CONTEXT('2D SPACE',''
  ) );
#475 = PCURVE('',#476,#481);
#476 = PLANE('',#477);
#477 = AXIS2_PLACEMENT_3D('',#478,#479,#480);
#478 = CARTESIAN_POINT('',(-6.550619515425,0.926857818086,23.5));
#479 = DIRECTION('',(0.390511342286,-0.920598116197,0.));
#480 = DIRECTION('',(-0.920598116197,-0.390511342286,0.));
#481 = DEFINITIONAL_REPRESENTATION('',(#482),#486);
#482 = LINE('',#483,#484);
#483 = CARTESIAN_POINT('',(0.,0.));
#484 = VECTOR('',#485,1.);
#485 = DIRECTION('',(1.,0.));
#486 = ( GEOMETRIC_REPRESENTATION_CONTEXT(2) 
PARAMETRIC_REPRESENTATION_CONTEXT() REPRESENTATION_CONTEXT('2D SPACE',''
  ) );
#487 = ORIENTED_EDGE('',*,*,#488,.F.);
#488 = EDGE_CURVE('',#489,#461,#491,.T.);
#489 = VERTEX_POINT('',#490);
#490 = CARTESIAN_POINT('',(-6.670819813755,1.329710364091,23.5));
#491 = SURFACE_CURVE('',#492,(#496,#503),.PCURVE_S1.);
#492 = LINE('',#493,#494);
#493 = CARTESIAN_POINT('',(-6.670819813755,1.329710364091,23.5));
#494 = VECTOR('',#495,1.);
#495 = DIRECTION('',(0.285917163497,-0.958254337646,0.));
#496 = PCURVE('',#126,#497);
#497 = DEFINITIONAL_REPRESENTATION('',(#498),#502);
#498 = LINE('',#499,#500);
#499 = CARTESIAN_POINT('',(-2.110819813755,1.329710364091));
#500 = VECTOR('',#501,1.);
#501 = DIRECTION('',(0.285917163497,-0.958254337646));
#502 = ( GEOMETRIC_REPRESENTATION_CONTEXT(2) 
PARAMETRIC_REPRESENTATION_CONTEXT() REPRESENTATION_CONTEXT('2D SPACE',''
  ) );
#503 = PCURVE('',#504,#509);
#504 = PLANE('',#505);
#505 = AXIS2_PLACEMENT_3D('',#506,#507,#508);
#506 = CARTESIAN_POINT('',(-6.670819813755,1.329710364091,23.5));
#507 = DIRECTION('',(0.958254337646,0.285917163497,-0.));
#508 = DIRECTION('',(0.285917163497,-0.958254337646,0.));
#509 = DEFINITIONAL_REPRESENTATION('',(#510),#514);
#510 = LINE('',#511,#512);
#511 = CARTESIAN_POINT('',(0.,0.));
#512 = VECTOR('',#513,1.);
#513 = DIRECTION('',(1.,0.));
#514 = ( GEOMETRIC_REPRESENTATION_CONTEXT(2) 
PARAMETRIC_REPRESENTATION_CONTEXT() REPRESENTATION_CONTEXT('2D SPACE',''
  ) );
#515 = ORIENTED_EDGE('',*,*,#516,.F.);
#516 = EDGE_CURVE('',#517,#489,#519,.T.);
#517 = VERTEX_POINT('',#518);
#518 = CARTESIAN_POINT('',(-6.255129134107,1.39247615409,23.5));
#519 = SURFACE_CURVE('',#520,(#524,#531),.PCURVE_S1.);
#520 = LINE('',#521,#522);
#521 = CARTESIAN_POINT('',(-6.255129134107,1.39247615409,23.5));
#522 = VECTOR('',#523,1.);
#523 = DIRECTION('',(-0.988792055165,-0.149299268726,0.));
#524 = PCURVE('',#126,#525);
#525 = DEFINITIONAL_REPRESENTATION('',(#526),#530);
#526 = LINE('',#527,#528);
#527 = CARTESIAN_POINT('',(-1.695129134107,1.39247615409));
#528 = VECTOR('',#529,1.);
#529 = DIRECTION('',(-0.988792055165,-0.149299268726));
#530 = ( GEOMETRIC_REPRESENTATION_CONTEXT(2) 
PARAMETRIC_REPRESENTATION_CONTEXT() REPRESENTATION_CONTEXT('2D SPACE',''
  ) );
#531 = PCURVE('',#532,#537);
#532 = PLANE('',#533);
#533 = AXIS2_PLACEMENT_3D('',#534,#535,#536);
#534 = CARTESIAN_POINT('',(-6.255129134107,1.39247615409,23.5));
#535 = DIRECTION('',(0.149299268726,-0.988792055165,0.));
#536 = DIRECTION('',(-0.988792055165,-0.149299268726,0.));
#537 = DEFINITIONAL_REPRESENTATION('',(#538),#542);
#538 = LINE('',#539,#540);
#539 = CARTESIAN_POINT('',(0.,0.));
#540 = VECTOR('',#541,1.);
#541 = DIRECTION('',(1.,0.));
#542 = ( GEOMETRIC_REPRESENTATION_CONTEXT(2) 
PARAMETRIC_REPRESENTATION_CONTEXT() REPRESENTATION_CONTEXT('2D SPACE',''
  ) );
#543 = ORIENTED_EDGE('',*,*,#544,.F.);
#544 = EDGE_CURVE('',#545,#517,#547,.T.);
#545 = VERTEX_POINT('',#546);
#546 = CARTESIAN_POINT('',(-6.271367764822,1.812564945197,23.5));
#547 = SURFACE_CURVE('',#548,(#552,#559),.PCURVE_S1.);
#548 = LINE('',#549,#550);
#549 = CARTESIAN_POINT('',(-6.271367764822,1.812564945197,23.5));
#550 = VECTOR('',#551,1.);
#551 = DIRECTION('',(3.862638693589E-02,-0.999253722651,0.));
#552 = PCURVE('',#126,#553);
#553 = DEFINITIONAL_REPRESENTATION('',(#554),#558);
#554 = LINE('',#555,#556);
#555 = CARTESIAN_POINT('',(-1.711367764822,1.812564945197));
#556 = VECTOR('',#557,1.);
#557 = DIRECTION('',(3.862638693589E-02,-0.999253722651));
#558 = ( GEOMETRIC_REPRESENTATION_CONTEXT(2) 
PARAMETRIC_REPRESENTATION_CONTEXT() REPRESENTATION_CONTEXT('2D SPACE',''
  ) );
#559 = PCURVE('',#560,#565);
#560 = PLANE('',#561);
#561 = AXIS2_PLACEMENT_3D('',#562,#563,#564);
#562 = CARTESIAN_POINT('',(-6.271367764822,1.812564945197,23.5));
#563 = DIRECTION('',(0.999253722651,3.862638693589E-02,-0.));
#564 = DIRECTION('',(3.862638693589E-02,-0.999253722651,0.));
#565 = DEFINITIONAL_REPRESENTATION('',(#566),#570);
#566 = LINE('',#567,#568);
#567 = CARTESIAN_POINT('',(0.,0.));
#568 = VECTOR('',#569,1.);
#569 = DIRECTION('',(1.,0.));
#570 = ( GEOMETRIC_REPRESENTATION_CONTEXT(2) 
PARAMETRIC_REPRESENTATION_CONTEXT() REPRESENTATION_CONTEXT('2D SPACE',''
  ) );
#571 = ORIENTED_EDGE('',*,*,#572,.F.);
#572 = EDGE_CURVE('',#573,#545,#575,.T.);
#573 = VERTEX_POINT('',#574);
#574 = CARTESIAN_POINT('',(-5.853127555043,1.769980764268,23.5));
#575 = SURFACE_CURVE('',#576,(#580,#587),.PCURVE_S1.);
#576 = LINE('',#577,#578);
#577 = CARTESIAN_POINT('',(-5.853127555043,1.769980764268,23.5));
#578 = VECTOR('',#579,1.);
#579 = DIRECTION('',(-0.994856552784,0.101293826972,0.));
#580 = PCURVE('',#126,#581);
#581 = DEFINITIONAL_REPRESENTATION('',(#582),#586);
#582 = LINE('',#583,#584);
#583 = CARTESIAN_POINT('',(-1.293127555043,1.769980764268));
#584 = VECTOR('',#585,1.);
#585 = DIRECTION('',(-0.994856552784,0.101293826972));
#586 = ( GEOMETRIC_REPRESENTATION_CONTEXT(2) 
PARAMETRIC_REPRESENTATION_CONTEXT() REPRESENTATION_CONTEXT('2D SPACE',''
  ) );
#587 = PCURVE('',#588,#593);
#588 = PLANE('',#589);
#589 = AXIS2_PLACEMENT_3D('',#590,#591,#592);
#590 = CARTESIAN_POINT('',(-5.853127555043,1.769980764268,23.5));
#591 = DIRECTION('',(-0.101293826972,-0.994856552784,0.));
#592 = DIRECTION('',(-0.994856552784,0.101293826972,0.));
#593 = DEFINITIONAL_REPRESENTATION('',(#594),#598);
#594 = LINE('',#595,#596);
#595 = CARTESIAN_POINT('',(0.,0.));
#596 = VECTOR('',#597,1.);
#597 = DIRECTION('',(1.,0.));
#598 = ( GEOMETRIC_REPRESENTATION_CONTEXT(2) 
PARAMETRIC_REPRESENTATION_CONTEXT() REPRESENTATION_CONTEXT('2D SPACE',''
  ) );
#599 = ORIENTED_EDGE('',*,*,#600,.F.);
#600 = EDGE_CURVE('',#601,#573,#603,.T.);
#601 = VERTEX_POINT('',#602);
#602 = CARTESIAN_POINT('',(-5.764384185254,2.180910076753,23.5));
#603 = SURFACE_CURVE('',#604,(#608,#615),.PCURVE_S1.);
#604 = LINE('',#605,#606);
#605 = CARTESIAN_POINT('',(-5.764384185254,2.180910076753,23.5));
#606 = VECTOR('',#607,1.);
#607 = DIRECTION('',(-0.211091427574,-0.977466321264,0.));
#608 = PCURVE('',#126,#609);
#609 = DEFINITIONAL_REPRESENTATION('',(#610),#614);
#610 = LINE('',#611,#612);
#611 = CARTESIAN_POINT('',(-1.204384185254,2.180910076753));
#612 = VECTOR('',#613,1.);
#613 = DIRECTION('',(-0.211091427574,-0.977466321264));
#614 = ( GEOMETRIC_REPRESENTATION_CONTEXT(2) 
PARAMETRIC_REPRESENTATION_CONTEXT() REPRESENTATION_CONTEXT('2D SPACE',''
  ) );
#615 = PCURVE('',#616,#621);
#616 = PLANE('',#617);
#617 = AXIS2_PLACEMENT_3D('',#618,#619,#620);
#618 = CARTESIAN_POINT('',(-5.764384185254,2.180910076753,23.5));
#619 = DIRECTION('',(0.977466321264,-0.211091427574,0.));
#620 = DIRECTION('',(-0.211091427574,-0.977466321264,0.));
#621 = DEFINITIONAL_REPRESENTATION('',(#622),#626);
#622 = LINE('',#623,#624);
#623 = CARTESIAN_POINT('',(0.,0.));
#624 = VECTOR('',#625,1.);
#625 = DIRECTION('',(1.,0.));
#626 = ( GEOMETRIC_REPRESENTATION_CONTEXT(2) 
PARAMETRIC_REPRESENTATION_CONTEXT() REPRESENTATION_CONTEXT('2D SPACE',''
  ) );
#627 = ORIENTED_EDGE('',*,*,#628,.F.);
#628 = EDGE_CURVE('',#629,#601,#631,.T.);
#629 = VERTEX_POINT('',#630);
#630 = CARTESIAN_POINT('',(-5.369874015906,2.035651645597,23.5));
#631 = SURFACE_CURVE('',#632,(#636,#643),.PCURVE_S1.);
#632 = LINE('',#633,#634);
#633 = CARTESIAN_POINT('',(-5.369874015906,2.035651645597,23.5));
#634 = VECTOR('',#635,1.);
#635 = DIRECTION('',(-0.938410554365,0.345522258988,0.));
#636 = PCURVE('',#126,#637);
#637 = DEFINITIONAL_REPRESENTATION('',(#638),#642);
#638 = LINE('',#639,#640);
#639 = CARTESIAN_POINT('',(-0.809874015906,2.035651645597));
#640 = VECTOR('',#641,1.);
#641 = DIRECTION('',(-0.938410554365,0.345522258988));
#642 = ( GEOMETRIC_REPRESENTATION_CONTEXT(2) 
PARAMETRIC_REPRESENTATION_CONTEXT() REPRESENTATION_CONTEXT('2D SPACE',''
  ) );
#643 = PCURVE('',#644,#649);
#644 = PLANE('',#645);
#645 = AXIS2_PLACEMENT_3D('',#646,#647,#648);
#646 = CARTESIAN_POINT('',(-5.369874015906,2.035651645597,23.5));
#647 = DIRECTION('',(-0.345522258988,-0.938410554365,0.));
#648 = DIRECTION('',(-0.938410554365,0.345522258988,0.));
#649 = DEFINITIONAL_REPRESENTATION('',(#650),#654);
#650 = LINE('',#651,#652);
#651 = CARTESIAN_POINT('',(0.,0.));
#652 = VECTOR('',#653,1.);
#653 = DIRECTION('',(1.,0.));
#654 = ( GEOMETRIC_REPRESENTATION_CONTEXT(2) 
PARAMETRIC_REPRESENTATION_CONTEXT() REPRESENTATION_CONTEXT('2D SPACE',''
  ) );
#655 = ORIENTED_EDGE('',*,*,#656,.F.);
#656 = EDGE_CURVE('',#657,#629,#659,.T.);
#657 = VERTEX_POINT('',#658);
#658 = CARTESIAN_POINT('',(-5.181724717912,2.411601279465,23.5));
#659 = SURFACE_CURVE('',#660,(#664,#671),.PCURVE_S1.);
#660 = LINE('',#661,#662);
#661 = CARTESIAN_POINT('',(-5.181724717912,2.411601279465,23.5));
#662 = VECTOR('',#663,1.);
#663 = DIRECTION('',(-0.447545591349,-0.894261116042,0.));
#664 = PCURVE('',#126,#665);
#665 = DEFINITIONAL_REPRESENTATION('',(#666),#670);
#666 = LINE('',#667,#668);
#667 = CARTESIAN_POINT('',(-0.621724717912,2.411601279465));
#668 = VECTOR('',#669,1.);
#669 = DIRECTION('',(-0.447545591349,-0.894261116042));
#670 = ( GEOMETRIC_REPRESENTATION_CONTEXT(2) 
PARAMETRIC_REPRESENTATION_CONTEXT() REPRESENTATION_CONTEXT('2D SPACE',''
  ) );
#671 = PCURVE('',#672,#677);
#672 = PLANE('',#673);
#673 = AXIS2_PLACEMENT_3D('',#674,#675,#676);
#674 = CARTESIAN_POINT('',(-5.181724717912,2.411601279465,23.5));
#675 = DIRECTION('',(0.894261116042,-0.447545591349,0.));
#676 = DIRECTION('',(-0.447545591349,-0.894261116042,0.));
#677 = DEFINITIONAL_REPRESENTATION('',(#678),#682);
#678 = LINE('',#679,#680);
#679 = CARTESIAN_POINT('',(0.,0.));
#680 = VECTOR('',#681,1.);
#681 = DIRECTION('',(1.,0.));
#682 = ( GEOMETRIC_REPRESENTATION_CONTEXT(2) 
PARAMETRIC_REPRESENTATION_CONTEXT() REPRESENTATION_CONTEXT('2D SPACE',''
  ) );
#683 = ORIENTED_EDGE('',*,*,#684,.F.);
#684 = EDGE_CURVE('',#685,#657,#687,.T.);
#685 = VERTEX_POINT('',#686);
#686 = CARTESIAN_POINT('',(-4.835733113841,2.172795719535,23.5));
#687 = SURFACE_CURVE('',#688,(#692,#699),.PCURVE_S1.);
#688 = LINE('',#689,#690);
#689 = CARTESIAN_POINT('',(-4.835733113841,2.172795719535,23.5));
#690 = VECTOR('',#691,1.);
#691 = DIRECTION('',(-0.823000769583,0.56804025673,0.));
#692 = PCURVE('',#126,#693);
#693 = DEFINITIONAL_REPRESENTATION('',(#694),#698);
#694 = LINE('',#695,#696);
#695 = CARTESIAN_POINT('',(-0.275733113841,2.172795719535));
#696 = VECTOR('',#697,1.);
#697 = DIRECTION('',(-0.823000769583,0.56804025673));
#698 = ( GEOMETRIC_REPRESENTATION_CONTEXT(2) 
PARAMETRIC_REPRESENTATION_CONTEXT() REPRESENTATION_CONTEXT('2D SPACE',''
  ) );
#699 = PCURVE('',#700,#705);
#700 = PLANE('',#701);
#701 = AXIS2_PLACEMENT_3D('',#702,#703,#704);
#702 = CARTESIAN_POINT('',(-4.835733113841,2.172795719535,23.5));
#703 = DIRECTION('',(-0.56804025673,-0.823000769583,0.));
#704 = DIRECTION('',(-0.823000769583,0.56804025673,0.));
#705 = DEFINITIONAL_REPRESENTATION('',(#706),#710);
#706 = LINE('',#707,#708);
#707 = CARTESIAN_POINT('',(0.,0.));
#708 = VECTOR('',#709,1.);
#709 = DIRECTION('',(1.,0.));
#710 = ( GEOMETRIC_REPRESENTATION_CONTEXT(2) 
PARAMETRIC_REPRESENTATION_CONTEXT() REPRESENTATION_CONTEXT('2D SPACE',''
  ) );
#711 = ORIENTED_EDGE('',*,*,#712,.F.);
#712 = EDGE_CURVE('',#713,#685,#715,.T.);
#713 = VERTEX_POINT('',#714);
#714 = CARTESIAN_POINT('',(-4.56,2.490143376643,23.5));
#715 = SURFACE_CURVE('',#716,(#720,#727),.PCURVE_S1.);
#716 = LINE('',#717,#718);
#717 = CARTESIAN_POINT('',(-4.56,2.490143376643,23.5));
#718 = VECTOR('',#719,1.);
#719 = DIRECTION('',(-0.655878819662,-0.754866196036,0.));
#720 = PCURVE('',#126,#721);
#721 = DEFINITIONAL_REPRESENTATION('',(#722),#726);
#722 = LINE('',#723,#724);
#723 = CARTESIAN_POINT('',(1.178003282847E-15,2.490143376643));
#724 = VECTOR('',#725,1.);
#725 = DIRECTION('',(-0.655878819662,-0.754866196036));
#726 = ( GEOMETRIC_REPRESENTATION_CONTEXT(2) 
PARAMETRIC_REPRESENTATION_CONTEXT() REPRESENTATION_CONTEXT('2D SPACE',''
  ) );
#727 = PCURVE('',#728,#733);
#728 = PLANE('',#729);
#729 = AXIS2_PLACEMENT_3D('',#730,#731,#732);
#730 = CARTESIAN_POINT('',(-4.56,2.490143376643,23.5));
#731 = DIRECTION('',(0.754866196036,-0.655878819662,0.));
#732 = DIRECTION('',(-0.655878819662,-0.754866196036,0.));
#733 = DEFINITIONAL_REPRESENTATION('',(#734),#738);
#734 = LINE('',#735,#736);
#735 = CARTESIAN_POINT('',(0.,0.));
#736 = VECTOR('',#737,1.);
#737 = DIRECTION('',(1.,0.));
#738 = ( GEOMETRIC_REPRESENTATION_CONTEXT(2) 
PARAMETRIC_REPRESENTATION_CONTEXT() REPRESENTATION_CONTEXT('2D SPACE',''
  ) );
#739 = ORIENTED_EDGE('',*,*,#740,.F.);
#740 = EDGE_CURVE('',#741,#713,#743,.T.);
#741 = VERTEX_POINT('',#742);
#742 = CARTESIAN_POINT('',(-4.284266886159,2.172795719535,23.5));
#743 = SURFACE_CURVE('',#744,(#748,#755),.PCURVE_S1.);
#744 = LINE('',#745,#746);
#745 = CARTESIAN_POINT('',(-4.284266886159,2.172795719535,23.5));
#746 = VECTOR('',#747,1.);
#747 = DIRECTION('',(-0.655878819662,0.754866196036,0.));
#748 = PCURVE('',#126,#749);
#749 = DEFINITIONAL_REPRESENTATION('',(#750),#754);
#750 = LINE('',#751,#752);
#751 = CARTESIAN_POINT('',(0.275733113841,2.172795719535));
#752 = VECTOR('',#753,1.);
#753 = DIRECTION('',(-0.655878819662,0.754866196036));
#754 = ( GEOMETRIC_REPRESENTATION_CONTEXT(2) 
PARAMETRIC_REPRESENTATION_CONTEXT() REPRESENTATION_CONTEXT('2D SPACE',''
  ) );
#755 = PCURVE('',#756,#761);
#756 = PLANE('',#757);
#757 = AXIS2_PLACEMENT_3D('',#758,#759,#760);
#758 = CARTESIAN_POINT('',(-4.284266886159,2.172795719535,23.5));
#759 = DIRECTION('',(-0.754866196036,-0.655878819662,0.));
#760 = DIRECTION('',(-0.655878819662,0.754866196036,0.));
#761 = DEFINITIONAL_REPRESENTATION('',(#762),#766);
#762 = LINE('',#763,#764);
#763 = CARTESIAN_POINT('',(0.,0.));
#764 = VECTOR('',#765,1.);
#765 = DIRECTION('',(1.,0.));
#766 = ( GEOMETRIC_REPRESENTATION_CONTEXT(2) 
PARAMETRIC_REPRESENTATION_CONTEXT() REPRESENTATION_CONTEXT('2D SPACE',''
  ) );
#767 = ORIENTED_EDGE('',*,*,#768,.F.);
#768 = EDGE_CURVE('',#769,#741,#771,.T.);
#769 = VERTEX_POINT('',#770);
#770 = CARTESIAN_POINT('',(-3.938275282088,2.411601279465,23.5));
#771 = SURFACE_CURVE('',#772,(#776,#783),.PCURVE_S1.);
#772 = LINE('',#773,#774);
#773 = CARTESIAN_POINT('',(-3.938275282088,2.411601279465,23.5));
#774 = VECTOR('',#775,1.);
#775 = DIRECTION('',(-0.823000769583,-0.56804025673,0.));
#776 = PCURVE('',#126,#777);
#777 = DEFINITIONAL_REPRESENTATION('',(#778),#782);
#778 = LINE('',#779,#780);
#779 = CARTESIAN_POINT('',(0.621724717912,2.411601279465));
#780 = VECTOR('',#781,1.);
#781 = DIRECTION('',(-0.823000769583,-0.56804025673));
#782 = ( GEOMETRIC_REPRESENTATION_CONTEXT(2) 
PARAMETRIC_REPRESENTATION_CONTEXT() REPRESENTATION_CONTEXT('2D SPACE',''
  ) );
#783 = PCURVE('',#784,#789);
#784 = PLANE('',#785);
#785 = AXIS2_PLACEMENT_3D('',#786,#787,#788);
#786 = CARTESIAN_POINT('',(-3.938275282088,2.411601279465,23.5));
#787 = DIRECTION('',(0.56804025673,-0.823000769583,0.));
#788 = DIRECTION('',(-0.823000769583,-0.56804025673,0.));
#789 = DEFINITIONAL_REPRESENTATION('',(#790),#794);
#790 = LINE('',#791,#792);
#791 = CARTESIAN_POINT('',(0.,0.));
#792 = VECTOR('',#793,1.);
#793 = DIRECTION('',(1.,0.));
#794 = ( GEOMETRIC_REPRESENTATION_CONTEXT(2) 
PARAMETRIC_REPRESENTATION_CONTEXT() REPRESENTATION_CONTEXT('2D SPACE',''
  ) );
#795 = ORIENTED_EDGE('',*,*,#796,.F.);
#796 = EDGE_CURVE('',#797,#769,#799,.T.);
#797 = VERTEX_POINT('',#798);
#798 = CARTESIAN_POINT('',(-3.750125984094,2.035651645597,23.5));
#799 = SURFACE_CURVE('',#800,(#804,#811),.PCURVE_S1.);
#800 = LINE('',#801,#802);
#801 = CARTESIAN_POINT('',(-3.750125984094,2.035651645597,23.5));
#802 = VECTOR('',#803,1.);
#803 = DIRECTION('',(-0.447545591349,0.894261116042,0.));
#804 = PCURVE('',#126,#805);
#805 = DEFINITIONAL_REPRESENTATION('',(#806),#810);
#806 = LINE('',#807,#808);
#807 = CARTESIAN_POINT('',(0.809874015906,2.035651645597));
#808 = VECTOR('',#809,1.);
#809 = DIRECTION('',(-0.447545591349,0.894261116042));
#810 = ( GEOMETRIC_REPRESENTATION_CONTEXT(2) 
PARAMETRIC_REPRESENTATION_CONTEXT() REPRESENTATION_CONTEXT('2D SPACE',''
  ) );
#811 = PCURVE('',#812,#817);
#812 = PLANE('',#813);
#813 = AXIS2_PLACEMENT_3D('',#814,#815,#816);
#814 = CARTESIAN_POINT('',(-3.750125984094,2.035651645597,23.5));
#815 = DIRECTION('',(-0.894261116042,-0.447545591349,0.));
#816 = DIRECTION('',(-0.447545591349,0.894261116042,0.));
#817 = DEFINITIONAL_REPRESENTATION('',(#818),#822);
#818 = LINE('',#819,#820);
#819 = CARTESIAN_POINT('',(0.,0.));
#820 = VECTOR('',#821,1.);
#821 = DIRECTION('',(1.,0.));
#822 = ( GEOMETRIC_REPRESENTATION_CONTEXT(2) 
PARAMETRIC_REPRESENTATION_CONTEXT() REPRESENTATION_CONTEXT('2D SPACE',''
  ) );
#823 = ORIENTED_EDGE('',*,*,#824,.F.);
#824 = EDGE_CURVE('',#825,#797,#827,.T.);
#825 = VERTEX_POINT('',#826);
#826 = CARTESIAN_POINT('',(-3.355615814746,2.180910076753,23.5));
#827 = SURFACE_CURVE('',#828,(#832,#839),.PCURVE_S1.);
#828 = LINE('',#829,#830);
#829 = CARTESIAN_POINT('',(-3.355615814746,2.180910076753,23.5));
#830 = VECTOR('',#831,1.);
#831 = DIRECTION('',(-0.938410554365,-0.345522258988,0.));
#832 = PCURVE('',#126,#833);
#833 = DEFINITIONAL_REPRESENTATION('',(#834),#838);
#834 = LINE('',#835,#836);
#835 = CARTESIAN_POINT('',(1.204384185254,2.180910076753));
#836 = VECTOR('',#837,1.);
#837 = DIRECTION('',(-0.938410554365,-0.345522258988));
#838 = ( GEOMETRIC_REPRESENTATION_CONTEXT(2) 
PARAMETRIC_REPRESENTATION_CONTEXT() REPRESENTATION_CONTEXT('2D SPACE',''
  ) );
#839 = PCURVE('',#840,#845);
#840 = PLANE('',#841);
#841 = AXIS2_PLACEMENT_3D('',#842,#843,#844);
#842 = CARTESIAN_POINT('',(-3.355615814746,2.180910076753,23.5));
#843 = DIRECTION('',(0.345522258988,-0.938410554365,0.));
#844 = DIRECTION('',(-0.938410554365,-0.345522258988,0.));
#845 = DEFINITIONAL_REPRESENTATION('',(#846),#850);
#846 = LINE('',#847,#848);
#847 = CARTESIAN_POINT('',(0.,0.));
#848 = VECTOR('',#849,1.);
#849 = DIRECTION('',(1.,0.));
#850 = ( GEOMETRIC_REPRESENTATION_CONTEXT(2) 
PARAMETRIC_REPRESENTATION_CONTEXT() REPRESENTATION_CONTEXT('2D SPACE',''
  ) );
#851 = ORIENTED_EDGE('',*,*,#852,.F.);
#852 = EDGE_CURVE('',#853,#825,#855,.T.);
#853 = VERTEX_POINT('',#854);
#854 = CARTESIAN_POINT('',(-3.266872444957,1.769980764268,23.5));
#855 = SURFACE_CURVE('',#856,(#860,#867),.PCURVE_S1.);
#856 = LINE('',#857,#858);
#857 = CARTESIAN_POINT('',(-3.266872444957,1.769980764268,23.5));
#858 = VECTOR('',#859,1.);
#859 = DIRECTION('',(-0.211091427574,0.977466321264,0.));
#860 = PCURVE('',#126,#861);
#861 = DEFINITIONAL_REPRESENTATION('',(#862),#866);
#862 = LINE('',#863,#864);
#863 = CARTESIAN_POINT('',(1.293127555043,1.769980764268));
#864 = VECTOR('',#865,1.);
#865 = DIRECTION('',(-0.211091427574,0.977466321264));
#866 = ( GEOMETRIC_REPRESENTATION_CONTEXT(2) 
PARAMETRIC_REPRESENTATION_CONTEXT() REPRESENTATION_CONTEXT('2D SPACE',''
  ) );
#867 = PCURVE('',#868,#873);
#868 = PLANE('',#869);
#869 = AXIS2_PLACEMENT_3D('',#870,#871,#872);
#870 = CARTESIAN_POINT('',(-3.266872444957,1.769980764268,23.5));
#871 = DIRECTION('',(-0.977466321264,-0.211091427574,0.));
#872 = DIRECTION('',(-0.211091427574,0.977466321264,0.));
#873 = DEFINITIONAL_REPRESENTATION('',(#874),#878);
#874 = LINE('',#875,#876);
#875 = CARTESIAN_POINT('',(0.,0.));
#876 = VECTOR('',#877,1.);
#877 = DIRECTION('',(1.,0.));
#878 = ( GEOMETRIC_REPRESENTATION_CONTEXT(2) 
PARAMETRIC_REPRESENTATION_CONTEXT() REPRESENTATION_CONTEXT('2D SPACE',''
  ) );
#879 = ORIENTED_EDGE('',*,*,#880,.F.);
#880 = EDGE_CURVE('',#881,#853,#883,.T.);
#881 = VERTEX_POINT('',#882);
#882 = CARTESIAN_POINT('',(-2.848632235178,1.812564945197,23.5));
#883 = SURFACE_CURVE('',#884,(#888,#895),.PCURVE_S1.);
#884 = LINE('',#885,#886);
#885 = CARTESIAN_POINT('',(-2.848632235178,1.812564945197,23.5));
#886 = VECTOR('',#887,1.);
#887 = DIRECTION('',(-0.994856552784,-0.101293826972,0.));
#888 = PCURVE('',#126,#889);
#889 = DEFINITIONAL_REPRESENTATION('',(#890),#894);
#890 = LINE('',#891,#892);
#891 = CARTESIAN_POINT('',(1.711367764822,1.812564945197));
#892 = VECTOR('',#893,1.);
#893 = DIRECTION('',(-0.994856552784,-0.101293826972));
#894 = ( GEOMETRIC_REPRESENTATION_CONTEXT(2) 
PARAMETRIC_REPRESENTATION_CONTEXT() REPRESENTATION_CONTEXT('2D SPACE',''
  ) );
#895 = PCURVE('',#896,#901);
#896 = PLANE('',#897);
#897 = AXIS2_PLACEMENT_3D('',#898,#899,#900);
#898 = CARTESIAN_POINT('',(-2.848632235178,1.812564945197,23.5));
#899 = DIRECTION('',(0.101293826972,-0.994856552784,0.));
#900 = DIRECTION('',(-0.994856552784,-0.101293826972,0.));
#901 = DEFINITIONAL_REPRESENTATION('',(#902),#906);
#902 = LINE('',#903,#904);
#903 = CARTESIAN_POINT('',(0.,0.));
#904 = VECTOR('',#905,1.);
#905 = DIRECTION('',(1.,0.));
#906 = ( GEOMETRIC_REPRESENTATION_CONTEXT(2) 
PARAMETRIC_REPRESENTATION_CONTEXT() REPRESENTATION_CONTEXT('2D SPACE',''
  ) );
#907 = ORIENTED_EDGE('',*,*,#908,.F.);
#908 = EDGE_CURVE('',#909,#881,#911,.T.);
#909 = VERTEX_POINT('',#910);
#910 = CARTESIAN_POINT('',(-2.864870865893,1.39247615409,23.5));
#911 = SURFACE_CURVE('',#912,(#916,#923),.PCURVE_S1.);
#912 = LINE('',#913,#914);
#913 = CARTESIAN_POINT('',(-2.864870865893,1.39247615409,23.5));
#914 = VECTOR('',#915,1.);
#915 = DIRECTION('',(3.862638693589E-02,0.999253722651,0.));
#916 = PCURVE('',#126,#917);
#917 = DEFINITIONAL_REPRESENTATION('',(#918),#922);
#918 = LINE('',#919,#920);
#919 = CARTESIAN_POINT('',(1.695129134107,1.39247615409));
#920 = VECTOR('',#921,1.);
#921 = DIRECTION('',(3.862638693589E-02,0.999253722651));
#922 = ( GEOMETRIC_REPRESENTATION_CONTEXT(2) 
PARAMETRIC_REPRESENTATION_CONTEXT() REPRESENTATION_CONTEXT('2D SPACE',''
  ) );
#923 = PCURVE('',#924,#929);
#924 = PLANE('',#925);
#925 = AXIS2_PLACEMENT_3D('',#926,#927,#928);
#926 = CARTESIAN_POINT('',(-2.864870865893,1.39247615409,23.5));
#927 = DIRECTION('',(-0.999253722651,3.862638693589E-02,0.));
#928 = DIRECTION('',(3.862638693589E-02,0.999253722651,0.));
#929 = DEFINITIONAL_REPRESENTATION('',(#930),#934);
#930 = LINE('',#931,#932);
#931 = CARTESIAN_POINT('',(0.,0.));
#932 = VECTOR('',#933,1.);
#933 = DIRECTION('',(1.,0.));
#934 = ( GEOMETRIC_REPRESENTATION_CONTEXT(2) 
PARAMETRIC_REPRESENTATION_CONTEXT() REPRESENTATION_CONTEXT('2D SPACE',''
  ) );
#935 = ORIENTED_EDGE('',*,*,#936,.F.);
#936 = EDGE_CURVE('',#937,#909,#939,.T.);
#937 = VERTEX_POINT('',#938);
#938 = CARTESIAN_POINT('',(-2.449180186245,1.329710364091,23.5));
#939 = SURFACE_CURVE('',#940,(#944,#951),.PCURVE_S1.);
#940 = LINE('',#941,#942);
#941 = CARTESIAN_POINT('',(-2.449180186245,1.329710364091,23.5));
#942 = VECTOR('',#943,1.);
#943 = DIRECTION('',(-0.988792055165,0.149299268726,0.));
#944 = PCURVE('',#126,#945);
#945 = DEFINITIONAL_REPRESENTATION('',(#946),#950);
#946 = LINE('',#947,#948);
#947 = CARTESIAN_POINT('',(2.110819813755,1.329710364091));
#948 = VECTOR('',#949,1.);
#949 = DIRECTION('',(-0.988792055165,0.149299268726));
#950 = ( GEOMETRIC_REPRESENTATION_CONTEXT(2) 
PARAMETRIC_REPRESENTATION_CONTEXT() REPRESENTATION_CONTEXT('2D SPACE',''
  ) );
#951 = PCURVE('',#952,#957);
#952 = PLANE('',#953);
#953 = AXIS2_PLACEMENT_3D('',#954,#955,#956);
#954 = CARTESIAN_POINT('',(-2.449180186245,1.329710364091,23.5));
#955 = DIRECTION('',(-0.149299268726,-0.988792055165,0.));
#956 = DIRECTION('',(-0.988792055165,0.149299268726,0.));
#957 = DEFINITIONAL_REPRESENTATION('',(#958),#962);
#958 = LINE('',#959,#960);
#959 = CARTESIAN_POINT('',(0.,0.));
#960 = VECTOR('',#961,1.);
#961 = DIRECTION('',(1.,0.));
#962 = ( GEOMETRIC_REPRESENTATION_CONTEXT(2) 
PARAMETRIC_REPRESENTATION_CONTEXT() REPRESENTATION_CONTEXT('2D SPACE',''
  ) );
#963 = ORIENTED_EDGE('',*,*,#964,.F.);
#964 = EDGE_CURVE('',#965,#937,#967,.T.);
#965 = VERTEX_POINT('',#966);
#966 = CARTESIAN_POINT('',(-2.569380484575,0.926857818086,23.5));
#967 = SURFACE_CURVE('',#968,(#972,#979),.PCURVE_S1.);
#968 = LINE('',#969,#970);
#969 = CARTESIAN_POINT('',(-2.569380484575,0.926857818086,23.5));
#970 = VECTOR('',#971,1.);
#971 = DIRECTION('',(0.285917163497,0.958254337646,0.));
#972 = PCURVE('',#126,#973);
#973 = DEFINITIONAL_REPRESENTATION('',(#974),#978);
#974 = LINE('',#975,#976);
#975 = CARTESIAN_POINT('',(1.990619515425,0.926857818086));
#976 = VECTOR('',#977,1.);
#977 = DIRECTION('',(0.285917163497,0.958254337646));
#978 = ( GEOMETRIC_REPRESENTATION_CONTEXT(2) 
PARAMETRIC_REPRESENTATION_CONTEXT() REPRESENTATION_CONTEXT('2D SPACE',''
  ) );
#979 = PCURVE('',#980,#985);
#980 = PLANE('',#981);
#981 = AXIS2_PLACEMENT_3D('',#982,#983,#984);
#982 = CARTESIAN_POINT('',(-2.569380484575,0.926857818086,23.5));
#983 = DIRECTION('',(-0.958254337646,0.285917163497,0.));
#984 = DIRECTION('',(0.285917163497,0.958254337646,0.));
#985 = DEFINITIONAL_REPRESENTATION('',(#986),#990);
#986 = LINE('',#987,#988);
#987 = CARTESIAN_POINT('',(0.,0.));
#988 = VECTOR('',#989,1.);
#989 = DIRECTION('',(1.,0.));
#990 = ( GEOMETRIC_REPRESENTATION_CONTEXT(2) 
PARAMETRIC_REPRESENTATION_CONTEXT() REPRESENTATION_CONTEXT('2D SPACE',''
  ) );
#991 = ORIENTED_EDGE('',*,*,#992,.F.);
#992 = EDGE_CURVE('',#242,#965,#993,.T.);
#993 = SURFACE_CURVE('',#994,(#998,#1005),.PCURVE_S1.);
#994 = LINE('',#995,#996);
#995 = CARTESIAN_POINT('',(-2.182358709262,0.76268586258,23.5));
#996 = VECTOR('',#997,1.);
#997 = DIRECTION('',(-0.920598116197,0.390511342286,0.));
#998 = PCURVE('',#126,#999);
#999 = DEFINITIONAL_REPRESENTATION('',(#1000),#1004);
#1000 = LINE('',#1001,#1002);
#1001 = CARTESIAN_POINT('',(2.377641290738,0.76268586258));
#1002 = VECTOR('',#1003,1.);
#1003 = DIRECTION('',(-0.920598116197,0.390511342286));
#1004 = ( GEOMETRIC_REPRESENTATION_CONTEXT(2) 
PARAMETRIC_REPRESENTATION_CONTEXT() REPRESENTATION_CONTEXT('2D SPACE',''
  ) );
#1005 = PCURVE('',#257,#1006);
#1006 = DEFINITIONAL_REPRESENTATION('',(#1007),#1011);
#1007 = LINE('',#1008,#1009);
#1008 = CARTESIAN_POINT('',(0.,0.));
#1009 = VECTOR('',#1010,1.);
#1010 = DIRECTION('',(1.,0.));
#1011 = ( GEOMETRIC_REPRESENTATION_CONTEXT(2) 
PARAMETRIC_REPRESENTATION_CONTEXT() REPRESENTATION_CONTEXT('2D SPACE',''
  ) );
#1012 = ORIENTED_EDGE('',*,*,#269,.F.);
#1013 = ORIENTED_EDGE('',*,*,#112,.F.);
#1014 = ORIENTED_EDGE('',*,*,#193,.F.);
#1015 = ORIENTED_EDGE('',*,*,#1016,.F.);
#1016 = EDGE_CURVE('',#294,#142,#1017,.T.);
#1017 = SURFACE_CURVE('',#1018,(#1022,#1029),.PCURVE_S1.);
#1018 = LINE('',#1019,#1020);
#1019 = CARTESIAN_POINT('',(-2.104281873178,-0.478309909821,23.5));
#1020 = VECTOR('',#1021,1.);
#1021 = DIRECTION('',(-0.618596004935,0.785709222727,0.));
#1022 = PCURVE('',#126,#1023);
#1023 = DEFINITIONAL_REPRESENTATION('',(#1024),#1028);
#1024 = LINE('',#1025,#1026);
#1025 = CARTESIAN_POINT('',(2.455718126822,-0.478309909821));
#1026 = VECTOR('',#1027,1.);
#1027 = DIRECTION('',(-0.618596004935,0.785709222727));
#1028 = ( GEOMETRIC_REPRESENTATION_CONTEXT(2) 
PARAMETRIC_REPRESENTATION_CONTEXT() REPRESENTATION_CONTEXT('2D SPACE',''
  ) );
#1029 = PCURVE('',#159,#1030);
#1030 = DEFINITIONAL_REPRESENTATION('',(#1031),#1035);
#1031 = LINE('',#1032,#1033);
#1032 = CARTESIAN_POINT('',(0.,0.));
#1033 = VECTOR('',#1034,1.);
#1034 = DIRECTION('',(1.,0.));
#1035 = ( GEOMETRIC_REPRESENTATION_CONTEXT(2) 
PARAMETRIC_REPRESENTATION_CONTEXT() REPRESENTATION_CONTEXT('2D SPACE',''
  ) );
#1036 = ADVANCED_FACE('',(#1037),#72,.T.);
#1037 = FACE_BOUND('',#1038,.T.);
#1038 = EDGE_LOOP('',(#1039,#1040,#1041,#1064,#1087,#1110,#1133,#1156,
    #1179,#1202,#1225,#1248,#1271,#1294,#1317,#1340,#1363,#1386,#1409,
    #1432,#1455,#1478,#1501,#1524,#1547,#1570,#1593,#1621,#1649,#1677,
    #1705,#1733,#1761,#1789,#1817,#1845,#1873,#1901,#1929,#1957,#1985,
    #2013,#2041,#2069,#2097,#2125,#2153,#2181,#2209,#2230));
#1039 = ORIENTED_EDGE('',*,*,#56,.T.);
#1040 = ORIENTED_EDGE('',*,*,#218,.T.);
#1041 = ORIENTED_EDGE('',*,*,#1042,.T.);
#1042 = EDGE_CURVE('',#219,#1043,#1045,.T.);
#1043 = VERTEX_POINT('',#1044);
#1044 = CARTESIAN_POINT('',(-2.569380484575,0.926857818086,27.7));
#1045 = SURFACE_CURVE('',#1046,(#1050,#1057),.PCURVE_S1.);
#1046 = LINE('',#1047,#1048);
#1047 = CARTESIAN_POINT('',(-2.182358709262,0.76268586258,27.7));
#1048 = VECTOR('',#1049,1.);
#1049 = DIRECTION('',(-0.920598116197,0.390511342286,0.));
#1050 = PCURVE('',#72,#1051);
#1051 = DEFINITIONAL_REPRESENTATION('',(#1052),#1056);
#1052 = LINE('',#1053,#1054);
#1053 = CARTESIAN_POINT('',(2.377641290738,0.772542485937));
#1054 = VECTOR('',#1055,1.);
#1055 = DIRECTION('',(-0.920598116197,0.390511342286));
#1056 = ( GEOMETRIC_REPRESENTATION_CONTEXT(2) 
PARAMETRIC_REPRESENTATION_CONTEXT() REPRESENTATION_CONTEXT('2D SPACE',''
  ) );
#1057 = PCURVE('',#257,#1058);
#1058 = DEFINITIONAL_REPRESENTATION('',(#1059),#1063);
#1059 = LINE('',#1060,#1061);
#1060 = CARTESIAN_POINT('',(0.,-4.2));
#1061 = VECTOR('',#1062,1.);
#1062 = DIRECTION('',(1.,0.));
#1063 = ( GEOMETRIC_REPRESENTATION_CONTEXT(2) 
PARAMETRIC_REPRESENTATION_CONTEXT() REPRESENTATION_CONTEXT('2D SPACE',''
  ) );
#1064 = ORIENTED_EDGE('',*,*,#1065,.T.);
#1065 = EDGE_CURVE('',#1043,#1066,#1068,.T.);
#1066 = VERTEX_POINT('',#1067);
#1067 = CARTESIAN_POINT('',(-2.449180186245,1.329710364091,27.7));
#1068 = SURFACE_CURVE('',#1069,(#1073,#1080),.PCURVE_S1.);
#1069 = LINE('',#1070,#1071);
#1070 = CARTESIAN_POINT('',(-2.569380484575,0.926857818086,27.7));
#1071 = VECTOR('',#1072,1.);
#1072 = DIRECTION('',(0.285917163497,0.958254337646,0.));
#1073 = PCURVE('',#72,#1074);
#1074 = DEFINITIONAL_REPRESENTATION('',(#1075),#1079);
#1075 = LINE('',#1076,#1077);
#1076 = CARTESIAN_POINT('',(1.990619515425,0.936714441443));
#1077 = VECTOR('',#1078,1.);
#1078 = DIRECTION('',(0.285917163497,0.958254337646));
#1079 = ( GEOMETRIC_REPRESENTATION_CONTEXT(2) 
PARAMETRIC_REPRESENTATION_CONTEXT() REPRESENTATION_CONTEXT('2D SPACE',''
  ) );
#1080 = PCURVE('',#980,#1081);
#1081 = DEFINITIONAL_REPRESENTATION('',(#1082),#1086);
#1082 = LINE('',#1083,#1084);
#1083 = CARTESIAN_POINT('',(0.,-4.2));
#1084 = VECTOR('',#1085,1.);
#1085 = DIRECTION('',(1.,0.));
#1086 = ( GEOMETRIC_REPRESENTATION_CONTEXT(2) 
PARAMETRIC_REPRESENTATION_CONTEXT() REPRESENTATION_CONTEXT('2D SPACE',''
  ) );
#1087 = ORIENTED_EDGE('',*,*,#1088,.T.);
#1088 = EDGE_CURVE('',#1066,#1089,#1091,.T.);
#1089 = VERTEX_POINT('',#1090);
#1090 = CARTESIAN_POINT('',(-2.864870865893,1.39247615409,27.7));
#1091 = SURFACE_CURVE('',#1092,(#1096,#1103),.PCURVE_S1.);
#1092 = LINE('',#1093,#1094);
#1093 = CARTESIAN_POINT('',(-2.449180186245,1.329710364091,27.7));
#1094 = VECTOR('',#1095,1.);
#1095 = DIRECTION('',(-0.988792055165,0.149299268726,0.));
#1096 = PCURVE('',#72,#1097);
#1097 = DEFINITIONAL_REPRESENTATION('',(#1098),#1102);
#1098 = LINE('',#1099,#1100);
#1099 = CARTESIAN_POINT('',(2.110819813755,1.339566987447));
#1100 = VECTOR('',#1101,1.);
#1101 = DIRECTION('',(-0.988792055165,0.149299268726));
#1102 = ( GEOMETRIC_REPRESENTATION_CONTEXT(2) 
PARAMETRIC_REPRESENTATION_CONTEXT() REPRESENTATION_CONTEXT('2D SPACE',''
  ) );
#1103 = PCURVE('',#952,#1104);
#1104 = DEFINITIONAL_REPRESENTATION('',(#1105),#1109);
#1105 = LINE('',#1106,#1107);
#1106 = CARTESIAN_POINT('',(0.,-4.2));
#1107 = VECTOR('',#1108,1.);
#1108 = DIRECTION('',(1.,0.));
#1109 = ( GEOMETRIC_REPRESENTATION_CONTEXT(2) 
PARAMETRIC_REPRESENTATION_CONTEXT() REPRESENTATION_CONTEXT('2D SPACE',''
  ) );
#1110 = ORIENTED_EDGE('',*,*,#1111,.T.);
#1111 = EDGE_CURVE('',#1089,#1112,#1114,.T.);
#1112 = VERTEX_POINT('',#1113);
#1113 = CARTESIAN_POINT('',(-2.848632235178,1.812564945197,27.7));
#1114 = SURFACE_CURVE('',#1115,(#1119,#1126),.PCURVE_S1.);
#1115 = LINE('',#1116,#1117);
#1116 = CARTESIAN_POINT('',(-2.864870865893,1.39247615409,27.7));
#1117 = VECTOR('',#1118,1.);
#1118 = DIRECTION('',(3.862638693589E-02,0.999253722651,0.));
#1119 = PCURVE('',#72,#1120);
#1120 = DEFINITIONAL_REPRESENTATION('',(#1121),#1125);
#1121 = LINE('',#1122,#1123);
#1122 = CARTESIAN_POINT('',(1.695129134107,1.402332777447));
#1123 = VECTOR('',#1124,1.);
#1124 = DIRECTION('',(3.862638693589E-02,0.999253722651));
#1125 = ( GEOMETRIC_REPRESENTATION_CONTEXT(2) 
PARAMETRIC_REPRESENTATION_CONTEXT() REPRESENTATION_CONTEXT('2D SPACE',''
  ) );
#1126 = PCURVE('',#924,#1127);
#1127 = DEFINITIONAL_REPRESENTATION('',(#1128),#1132);
#1128 = LINE('',#1129,#1130);
#1129 = CARTESIAN_POINT('',(0.,-4.2));
#1130 = VECTOR('',#1131,1.);
#1131 = DIRECTION('',(1.,0.));
#1132 = ( GEOMETRIC_REPRESENTATION_CONTEXT(2) 
PARAMETRIC_REPRESENTATION_CONTEXT() REPRESENTATION_CONTEXT('2D SPACE',''
  ) );
#1133 = ORIENTED_EDGE('',*,*,#1134,.T.);
#1134 = EDGE_CURVE('',#1112,#1135,#1137,.T.);
#1135 = VERTEX_POINT('',#1136);
#1136 = CARTESIAN_POINT('',(-3.266872444957,1.769980764268,27.7));
#1137 = SURFACE_CURVE('',#1138,(#1142,#1149),.PCURVE_S1.);
#1138 = LINE('',#1139,#1140);
#1139 = CARTESIAN_POINT('',(-2.848632235178,1.812564945197,27.7));
#1140 = VECTOR('',#1141,1.);
#1141 = DIRECTION('',(-0.994856552784,-0.101293826972,0.));
#1142 = PCURVE('',#72,#1143);
#1143 = DEFINITIONAL_REPRESENTATION('',(#1144),#1148);
#1144 = LINE('',#1145,#1146);
#1145 = CARTESIAN_POINT('',(1.711367764822,1.822421568554));
#1146 = VECTOR('',#1147,1.);
#1147 = DIRECTION('',(-0.994856552784,-0.101293826972));
#1148 = ( GEOMETRIC_REPRESENTATION_CONTEXT(2) 
PARAMETRIC_REPRESENTATION_CONTEXT() REPRESENTATION_CONTEXT('2D SPACE',''
  ) );
#1149 = PCURVE('',#896,#1150);
#1150 = DEFINITIONAL_REPRESENTATION('',(#1151),#1155);
#1151 = LINE('',#1152,#1153);
#1152 = CARTESIAN_POINT('',(0.,-4.2));
#1153 = VECTOR('',#1154,1.);
#1154 = DIRECTION('',(1.,0.));
#1155 = ( GEOMETRIC_REPRESENTATION_CONTEXT(2) 
PARAMETRIC_REPRESENTATION_CONTEXT() REPRESENTATION_CONTEXT('2D SPACE',''
  ) );
#1156 = ORIENTED_EDGE('',*,*,#1157,.T.);
#1157 = EDGE_CURVE('',#1135,#1158,#1160,.T.);
#1158 = VERTEX_POINT('',#1159);
#1159 = CARTESIAN_POINT('',(-3.355615814746,2.180910076753,27.7));
#1160 = SURFACE_CURVE('',#1161,(#1165,#1172),.PCURVE_S1.);
#1161 = LINE('',#1162,#1163);
#1162 = CARTESIAN_POINT('',(-3.266872444957,1.769980764268,27.7));
#1163 = VECTOR('',#1164,1.);
#1164 = DIRECTION('',(-0.211091427574,0.977466321264,0.));
#1165 = PCURVE('',#72,#1166);
#1166 = DEFINITIONAL_REPRESENTATION('',(#1167),#1171);
#1167 = LINE('',#1168,#1169);
#1168 = CARTESIAN_POINT('',(1.293127555043,1.779837387625));
#1169 = VECTOR('',#1170,1.);
#1170 = DIRECTION('',(-0.211091427574,0.977466321264));
#1171 = ( GEOMETRIC_REPRESENTATION_CONTEXT(2) 
PARAMETRIC_REPRESENTATION_CONTEXT() REPRESENTATION_CONTEXT('2D SPACE',''
  ) );
#1172 = PCURVE('',#868,#1173);
#1173 = DEFINITIONAL_REPRESENTATION('',(#1174),#1178);
#1174 = LINE('',#1175,#1176);
#1175 = CARTESIAN_POINT('',(0.,-4.2));
#1176 = VECTOR('',#1177,1.);
#1177 = DIRECTION('',(1.,0.));
#1178 = ( GEOMETRIC_REPRESENTATION_CONTEXT(2) 
PARAMETRIC_REPRESENTATION_CONTEXT() REPRESENTATION_CONTEXT('2D SPACE',''
  ) );
#1179 = ORIENTED_EDGE('',*,*,#1180,.T.);
#1180 = EDGE_CURVE('',#1158,#1181,#1183,.T.);
#1181 = VERTEX_POINT('',#1182);
#1182 = CARTESIAN_POINT('',(-3.750125984094,2.035651645597,27.7));
#1183 = SURFACE_CURVE('',#1184,(#1188,#1195),.PCURVE_S1.);
#1184 = LINE('',#1185,#1186);
#1185 = CARTESIAN_POINT('',(-3.355615814746,2.180910076753,27.7));
#1186 = VECTOR('',#1187,1.);
#1187 = DIRECTION('',(-0.938410554365,-0.345522258988,0.));
#1188 = PCURVE('',#72,#1189);
#1189 = DEFINITIONAL_REPRESENTATION('',(#1190),#1194);
#1190 = LINE('',#1191,#1192);
#1191 = CARTESIAN_POINT('',(1.204384185254,2.19076670011));
#1192 = VECTOR('',#1193,1.);
#1193 = DIRECTION('',(-0.938410554365,-0.345522258988));
#1194 = ( GEOMETRIC_REPRESENTATION_CONTEXT(2) 
PARAMETRIC_REPRESENTATION_CONTEXT() REPRESENTATION_CONTEXT('2D SPACE',''
  ) );
#1195 = PCURVE('',#840,#1196);
#1196 = DEFINITIONAL_REPRESENTATION('',(#1197),#1201);
#1197 = LINE('',#1198,#1199);
#1198 = CARTESIAN_POINT('',(0.,-4.2));
#1199 = VECTOR('',#1200,1.);
#1200 = DIRECTION('',(1.,0.));
#1201 = ( GEOMETRIC_REPRESENTATION_CONTEXT(2) 
PARAMETRIC_REPRESENTATION_CONTEXT() REPRESENTATION_CONTEXT('2D SPACE',''
  ) );
#1202 = ORIENTED_EDGE('',*,*,#1203,.T.);
#1203 = EDGE_CURVE('',#1181,#1204,#1206,.T.);
#1204 = VERTEX_POINT('',#1205);
#1205 = CARTESIAN_POINT('',(-3.938275282088,2.411601279465,27.7));
#1206 = SURFACE_CURVE('',#1207,(#1211,#1218),.PCURVE_S1.);
#1207 = LINE('',#1208,#1209);
#1208 = CARTESIAN_POINT('',(-3.750125984094,2.035651645597,27.7));
#1209 = VECTOR('',#1210,1.);
#1210 = DIRECTION('',(-0.447545591349,0.894261116042,0.));
#1211 = PCURVE('',#72,#1212);
#1212 = DEFINITIONAL_REPRESENTATION('',(#1213),#1217);
#1213 = LINE('',#1214,#1215);
#1214 = CARTESIAN_POINT('',(0.809874015906,2.045508268954));
#1215 = VECTOR('',#1216,1.);
#1216 = DIRECTION('',(-0.447545591349,0.894261116042));
#1217 = ( GEOMETRIC_REPRESENTATION_CONTEXT(2) 
PARAMETRIC_REPRESENTATION_CONTEXT() REPRESENTATION_CONTEXT('2D SPACE',''
  ) );
#1218 = PCURVE('',#812,#1219);
#1219 = DEFINITIONAL_REPRESENTATION('',(#1220),#1224);
#1220 = LINE('',#1221,#1222);
#1221 = CARTESIAN_POINT('',(0.,-4.2));
#1222 = VECTOR('',#1223,1.);
#1223 = DIRECTION('',(1.,0.));
#1224 = ( GEOMETRIC_REPRESENTATION_CONTEXT(2) 
PARAMETRIC_REPRESENTATION_CONTEXT() REPRESENTATION_CONTEXT('2D SPACE',''
  ) );
#1225 = ORIENTED_EDGE('',*,*,#1226,.T.);
#1226 = EDGE_CURVE('',#1204,#1227,#1229,.T.);
#1227 = VERTEX_POINT('',#1228);
#1228 = CARTESIAN_POINT('',(-4.284266886159,2.172795719535,27.7));
#1229 = SURFACE_CURVE('',#1230,(#1234,#1241),.PCURVE_S1.);
#1230 = LINE('',#1231,#1232);
#1231 = CARTESIAN_POINT('',(-3.938275282088,2.411601279465,27.7));
#1232 = VECTOR('',#1233,1.);
#1233 = DIRECTION('',(-0.823000769583,-0.56804025673,0.));
#1234 = PCURVE('',#72,#1235);
#1235 = DEFINITIONAL_REPRESENTATION('',(#1236),#1240);
#1236 = LINE('',#1237,#1238);
#1237 = CARTESIAN_POINT('',(0.621724717912,2.421457902822));
#1238 = VECTOR('',#1239,1.);
#1239 = DIRECTION('',(-0.823000769583,-0.56804025673));
#1240 = ( GEOMETRIC_REPRESENTATION_CONTEXT(2) 
PARAMETRIC_REPRESENTATION_CONTEXT() REPRESENTATION_CONTEXT('2D SPACE',''
  ) );
#1241 = PCURVE('',#784,#1242);
#1242 = DEFINITIONAL_REPRESENTATION('',(#1243),#1247);
#1243 = LINE('',#1244,#1245);
#1244 = CARTESIAN_POINT('',(0.,-4.2));
#1245 = VECTOR('',#1246,1.);
#1246 = DIRECTION('',(1.,0.));
#1247 = ( GEOMETRIC_REPRESENTATION_CONTEXT(2) 
PARAMETRIC_REPRESENTATION_CONTEXT() REPRESENTATION_CONTEXT('2D SPACE',''
  ) );
#1248 = ORIENTED_EDGE('',*,*,#1249,.T.);
#1249 = EDGE_CURVE('',#1227,#1250,#1252,.T.);
#1250 = VERTEX_POINT('',#1251);
#1251 = CARTESIAN_POINT('',(-4.56,2.490143376643,27.7));
#1252 = SURFACE_CURVE('',#1253,(#1257,#1264),.PCURVE_S1.);
#1253 = LINE('',#1254,#1255);
#1254 = CARTESIAN_POINT('',(-4.284266886159,2.172795719535,27.7));
#1255 = VECTOR('',#1256,1.);
#1256 = DIRECTION('',(-0.655878819662,0.754866196036,0.));
#1257 = PCURVE('',#72,#1258);
#1258 = DEFINITIONAL_REPRESENTATION('',(#1259),#1263);
#1259 = LINE('',#1260,#1261);
#1260 = CARTESIAN_POINT('',(0.275733113841,2.182652342892));
#1261 = VECTOR('',#1262,1.);
#1262 = DIRECTION('',(-0.655878819662,0.754866196036));
#1263 = ( GEOMETRIC_REPRESENTATION_CONTEXT(2) 
PARAMETRIC_REPRESENTATION_CONTEXT() REPRESENTATION_CONTEXT('2D SPACE',''
  ) );
#1264 = PCURVE('',#756,#1265);
#1265 = DEFINITIONAL_REPRESENTATION('',(#1266),#1270);
#1266 = LINE('',#1267,#1268);
#1267 = CARTESIAN_POINT('',(0.,-4.2));
#1268 = VECTOR('',#1269,1.);
#1269 = DIRECTION('',(1.,0.));
#1270 = ( GEOMETRIC_REPRESENTATION_CONTEXT(2) 
PARAMETRIC_REPRESENTATION_CONTEXT() REPRESENTATION_CONTEXT('2D SPACE',''
  ) );
#1271 = ORIENTED_EDGE('',*,*,#1272,.T.);
#1272 = EDGE_CURVE('',#1250,#1273,#1275,.T.);
#1273 = VERTEX_POINT('',#1274);
#1274 = CARTESIAN_POINT('',(-4.835733113841,2.172795719535,27.7));
#1275 = SURFACE_CURVE('',#1276,(#1280,#1287),.PCURVE_S1.);
#1276 = LINE('',#1277,#1278);
#1277 = CARTESIAN_POINT('',(-4.56,2.490143376643,27.7));
#1278 = VECTOR('',#1279,1.);
#1279 = DIRECTION('',(-0.655878819662,-0.754866196036,0.));
#1280 = PCURVE('',#72,#1281);
#1281 = DEFINITIONAL_REPRESENTATION('',(#1282),#1286);
#1282 = LINE('',#1283,#1284);
#1283 = CARTESIAN_POINT('',(-1.321317230011E-16,2.5));
#1284 = VECTOR('',#1285,1.);
#1285 = DIRECTION('',(-0.655878819662,-0.754866196036));
#1286 = ( GEOMETRIC_REPRESENTATION_CONTEXT(2) 
PARAMETRIC_REPRESENTATION_CONTEXT() REPRESENTATION_CONTEXT('2D SPACE',''
  ) );
#1287 = PCURVE('',#728,#1288);
#1288 = DEFINITIONAL_REPRESENTATION('',(#1289),#1293);
#1289 = LINE('',#1290,#1291);
#1290 = CARTESIAN_POINT('',(0.,-4.2));
#1291 = VECTOR('',#1292,1.);
#1292 = DIRECTION('',(1.,0.));
#1293 = ( GEOMETRIC_REPRESENTATION_CONTEXT(2) 
PARAMETRIC_REPRESENTATION_CONTEXT() REPRESENTATION_CONTEXT('2D SPACE',''
  ) );
#1294 = ORIENTED_EDGE('',*,*,#1295,.T.);
#1295 = EDGE_CURVE('',#1273,#1296,#1298,.T.);
#1296 = VERTEX_POINT('',#1297);
#1297 = CARTESIAN_POINT('',(-5.181724717912,2.411601279465,27.7));
#1298 = SURFACE_CURVE('',#1299,(#1303,#1310),.PCURVE_S1.);
#1299 = LINE('',#1300,#1301);
#1300 = CARTESIAN_POINT('',(-4.835733113841,2.172795719535,27.7));
#1301 = VECTOR('',#1302,1.);
#1302 = DIRECTION('',(-0.823000769583,0.56804025673,0.));
#1303 = PCURVE('',#72,#1304);
#1304 = DEFINITIONAL_REPRESENTATION('',(#1305),#1309);
#1305 = LINE('',#1306,#1307);
#1306 = CARTESIAN_POINT('',(-0.275733113841,2.182652342892));
#1307 = VECTOR('',#1308,1.);
#1308 = DIRECTION('',(-0.823000769583,0.56804025673));
#1309 = ( GEOMETRIC_REPRESENTATION_CONTEXT(2) 
PARAMETRIC_REPRESENTATION_CONTEXT() REPRESENTATION_CONTEXT('2D SPACE',''
  ) );
#1310 = PCURVE('',#700,#1311);
#1311 = DEFINITIONAL_REPRESENTATION('',(#1312),#1316);
#1312 = LINE('',#1313,#1314);
#1313 = CARTESIAN_POINT('',(0.,-4.2));
#1314 = VECTOR('',#1315,1.);
#1315 = DIRECTION('',(1.,0.));
#1316 = ( GEOMETRIC_REPRESENTATION_CONTEXT(2) 
PARAMETRIC_REPRESENTATION_CONTEXT() REPRESENTATION_CONTEXT('2D SPACE',''
  ) );
#1317 = ORIENTED_EDGE('',*,*,#1318,.T.);
#1318 = EDGE_CURVE('',#1296,#1319,#1321,.T.);
#1319 = VERTEX_POINT('',#1320);
#1320 = CARTESIAN_POINT('',(-5.369874015906,2.035651645597,27.7));
#1321 = SURFACE_CURVE('',#1322,(#1326,#1333),.PCURVE_S1.);
#1322 = LINE('',#1323,#1324);
#1323 = CARTESIAN_POINT('',(-5.181724717912,2.411601279465,27.7));
#1324 = VECTOR('',#1325,1.);
#1325 = DIRECTION('',(-0.447545591349,-0.894261116042,0.));
#1326 = PCURVE('',#72,#1327);
#1327 = DEFINITIONAL_REPRESENTATION('',(#1328),#1332);
#1328 = LINE('',#1329,#1330);
#1329 = CARTESIAN_POINT('',(-0.621724717912,2.421457902822));
#1330 = VECTOR('',#1331,1.);
#1331 = DIRECTION('',(-0.447545591349,-0.894261116042));
#1332 = ( GEOMETRIC_REPRESENTATION_CONTEXT(2) 
PARAMETRIC_REPRESENTATION_CONTEXT() REPRESENTATION_CONTEXT('2D SPACE',''
  ) );
#1333 = PCURVE('',#672,#1334);
#1334 = DEFINITIONAL_REPRESENTATION('',(#1335),#1339);
#1335 = LINE('',#1336,#1337);
#1336 = CARTESIAN_POINT('',(0.,-4.2));
#1337 = VECTOR('',#1338,1.);
#1338 = DIRECTION('',(1.,0.));
#1339 = ( GEOMETRIC_REPRESENTATION_CONTEXT(2) 
PARAMETRIC_REPRESENTATION_CONTEXT() REPRESENTATION_CONTEXT('2D SPACE',''
  ) );
#1340 = ORIENTED_EDGE('',*,*,#1341,.T.);
#1341 = EDGE_CURVE('',#1319,#1342,#1344,.T.);
#1342 = VERTEX_POINT('',#1343);
#1343 = CARTESIAN_POINT('',(-5.764384185254,2.180910076753,27.7));
#1344 = SURFACE_CURVE('',#1345,(#1349,#1356),.PCURVE_S1.);
#1345 = LINE('',#1346,#1347);
#1346 = CARTESIAN_POINT('',(-5.369874015906,2.035651645597,27.7));
#1347 = VECTOR('',#1348,1.);
#1348 = DIRECTION('',(-0.938410554365,0.345522258988,0.));
#1349 = PCURVE('',#72,#1350);
#1350 = DEFINITIONAL_REPRESENTATION('',(#1351),#1355);
#1351 = LINE('',#1352,#1353);
#1352 = CARTESIAN_POINT('',(-0.809874015906,2.045508268954));
#1353 = VECTOR('',#1354,1.);
#1354 = DIRECTION('',(-0.938410554365,0.345522258988));
#1355 = ( GEOMETRIC_REPRESENTATION_CONTEXT(2) 
PARAMETRIC_REPRESENTATION_CONTEXT() REPRESENTATION_CONTEXT('2D SPACE',''
  ) );
#1356 = PCURVE('',#644,#1357);
#1357 = DEFINITIONAL_REPRESENTATION('',(#1358),#1362);
#1358 = LINE('',#1359,#1360);
#1359 = CARTESIAN_POINT('',(0.,-4.2));
#1360 = VECTOR('',#1361,1.);
#1361 = DIRECTION('',(1.,0.));
#1362 = ( GEOMETRIC_REPRESENTATION_CONTEXT(2) 
PARAMETRIC_REPRESENTATION_CONTEXT() REPRESENTATION_CONTEXT('2D SPACE',''
  ) );
#1363 = ORIENTED_EDGE('',*,*,#1364,.T.);
#1364 = EDGE_CURVE('',#1342,#1365,#1367,.T.);
#1365 = VERTEX_POINT('',#1366);
#1366 = CARTESIAN_POINT('',(-5.853127555043,1.769980764268,27.7));
#1367 = SURFACE_CURVE('',#1368,(#1372,#1379),.PCURVE_S1.);
#1368 = LINE('',#1369,#1370);
#1369 = CARTESIAN_POINT('',(-5.764384185254,2.180910076753,27.7));
#1370 = VECTOR('',#1371,1.);
#1371 = DIRECTION('',(-0.211091427574,-0.977466321264,0.));
#1372 = PCURVE('',#72,#1373);
#1373 = DEFINITIONAL_REPRESENTATION('',(#1374),#1378);
#1374 = LINE('',#1375,#1376);
#1375 = CARTESIAN_POINT('',(-1.204384185254,2.19076670011));
#1376 = VECTOR('',#1377,1.);
#1377 = DIRECTION('',(-0.211091427574,-0.977466321264));
#1378 = ( GEOMETRIC_REPRESENTATION_CONTEXT(2) 
PARAMETRIC_REPRESENTATION_CONTEXT() REPRESENTATION_CONTEXT('2D SPACE',''
  ) );
#1379 = PCURVE('',#616,#1380);
#1380 = DEFINITIONAL_REPRESENTATION('',(#1381),#1385);
#1381 = LINE('',#1382,#1383);
#1382 = CARTESIAN_POINT('',(0.,-4.2));
#1383 = VECTOR('',#1384,1.);
#1384 = DIRECTION('',(1.,0.));
#1385 = ( GEOMETRIC_REPRESENTATION_CONTEXT(2) 
PARAMETRIC_REPRESENTATION_CONTEXT() REPRESENTATION_CONTEXT('2D SPACE',''
  ) );
#1386 = ORIENTED_EDGE('',*,*,#1387,.T.);
#1387 = EDGE_CURVE('',#1365,#1388,#1390,.T.);
#1388 = VERTEX_POINT('',#1389);
#1389 = CARTESIAN_POINT('',(-6.271367764822,1.812564945197,27.7));
#1390 = SURFACE_CURVE('',#1391,(#1395,#1402),.PCURVE_S1.);
#1391 = LINE('',#1392,#1393);
#1392 = CARTESIAN_POINT('',(-5.853127555043,1.769980764268,27.7));
#1393 = VECTOR('',#1394,1.);
#1394 = DIRECTION('',(-0.994856552784,0.101293826972,0.));
#1395 = PCURVE('',#72,#1396);
#1396 = DEFINITIONAL_REPRESENTATION('',(#1397),#1401);
#1397 = LINE('',#1398,#1399);
#1398 = CARTESIAN_POINT('',(-1.293127555043,1.779837387625));
#1399 = VECTOR('',#1400,1.);
#1400 = DIRECTION('',(-0.994856552784,0.101293826972));
#1401 = ( GEOMETRIC_REPRESENTATION_CONTEXT(2) 
PARAMETRIC_REPRESENTATION_CONTEXT() REPRESENTATION_CONTEXT('2D SPACE',''
  ) );
#1402 = PCURVE('',#588,#1403);
#1403 = DEFINITIONAL_REPRESENTATION('',(#1404),#1408);
#1404 = LINE('',#1405,#1406);
#1405 = CARTESIAN_POINT('',(0.,-4.2));
#1406 = VECTOR('',#1407,1.);
#1407 = DIRECTION('',(1.,0.));
#1408 = ( GEOMETRIC_REPRESENTATION_CONTEXT(2) 
PARAMETRIC_REPRESENTATION_CONTEXT() REPRESENTATION_CONTEXT('2D SPACE',''
  ) );
#1409 = ORIENTED_EDGE('',*,*,#1410,.T.);
#1410 = EDGE_CURVE('',#1388,#1411,#1413,.T.);
#1411 = VERTEX_POINT('',#1412);
#1412 = CARTESIAN_POINT('',(-6.255129134107,1.39247615409,27.7));
#1413 = SURFACE_CURVE('',#1414,(#1418,#1425),.PCURVE_S1.);
#1414 = LINE('',#1415,#1416);
#1415 = CARTESIAN_POINT('',(-6.271367764822,1.812564945197,27.7));
#1416 = VECTOR('',#1417,1.);
#1417 = DIRECTION('',(3.862638693589E-02,-0.999253722651,0.));
#1418 = PCURVE('',#72,#1419);
#1419 = DEFINITIONAL_REPRESENTATION('',(#1420),#1424);
#1420 = LINE('',#1421,#1422);
#1421 = CARTESIAN_POINT('',(-1.711367764822,1.822421568554));
#1422 = VECTOR('',#1423,1.);
#1423 = DIRECTION('',(3.862638693589E-02,-0.999253722651));
#1424 = ( GEOMETRIC_REPRESENTATION_CONTEXT(2) 
PARAMETRIC_REPRESENTATION_CONTEXT() REPRESENTATION_CONTEXT('2D SPACE',''
  ) );
#1425 = PCURVE('',#560,#1426);
#1426 = DEFINITIONAL_REPRESENTATION('',(#1427),#1431);
#1427 = LINE('',#1428,#1429);
#1428 = CARTESIAN_POINT('',(0.,-4.2));
#1429 = VECTOR('',#1430,1.);
#1430 = DIRECTION('',(1.,0.));
#1431 = ( GEOMETRIC_REPRESENTATION_CONTEXT(2) 
PARAMETRIC_REPRESENTATION_CONTEXT() REPRESENTATION_CONTEXT('2D SPACE',''
  ) );
#1432 = ORIENTED_EDGE('',*,*,#1433,.T.);
#1433 = EDGE_CURVE('',#1411,#1434,#1436,.T.);
#1434 = VERTEX_POINT('',#1435);
#1435 = CARTESIAN_POINT('',(-6.670819813755,1.329710364091,27.7));
#1436 = SURFACE_CURVE('',#1437,(#1441,#1448),.PCURVE_S1.);
#1437 = LINE('',#1438,#1439);
#1438 = CARTESIAN_POINT('',(-6.255129134107,1.39247615409,27.7));
#1439 = VECTOR('',#1440,1.);
#1440 = DIRECTION('',(-0.988792055165,-0.149299268726,0.));
#1441 = PCURVE('',#72,#1442);
#1442 = DEFINITIONAL_REPRESENTATION('',(#1443),#1447);
#1443 = LINE('',#1444,#1445);
#1444 = CARTESIAN_POINT('',(-1.695129134107,1.402332777447));
#1445 = VECTOR('',#1446,1.);
#1446 = DIRECTION('',(-0.988792055165,-0.149299268726));
#1447 = ( GEOMETRIC_REPRESENTATION_CONTEXT(2) 
PARAMETRIC_REPRESENTATION_CONTEXT() REPRESENTATION_CONTEXT('2D SPACE',''
  ) );
#1448 = PCURVE('',#532,#1449);
#1449 = DEFINITIONAL_REPRESENTATION('',(#1450),#1454);
#1450 = LINE('',#1451,#1452);
#1451 = CARTESIAN_POINT('',(0.,-4.2));
#1452 = VECTOR('',#1453,1.);
#1453 = DIRECTION('',(1.,0.));
#1454 = ( GEOMETRIC_REPRESENTATION_CONTEXT(2) 
PARAMETRIC_REPRESENTATION_CONTEXT() REPRESENTATION_CONTEXT('2D SPACE',''
  ) );
#1455 = ORIENTED_EDGE('',*,*,#1456,.T.);
#1456 = EDGE_CURVE('',#1434,#1457,#1459,.T.);
#1457 = VERTEX_POINT('',#1458);
#1458 = CARTESIAN_POINT('',(-6.550619515425,0.926857818086,27.7));
#1459 = SURFACE_CURVE('',#1460,(#1464,#1471),.PCURVE_S1.);
#1460 = LINE('',#1461,#1462);
#1461 = CARTESIAN_POINT('',(-6.670819813755,1.329710364091,27.7));
#1462 = VECTOR('',#1463,1.);
#1463 = DIRECTION('',(0.285917163497,-0.958254337646,0.));
#1464 = PCURVE('',#72,#1465);
#1465 = DEFINITIONAL_REPRESENTATION('',(#1466),#1470);
#1466 = LINE('',#1467,#1468);
#1467 = CARTESIAN_POINT('',(-2.110819813755,1.339566987447));
#1468 = VECTOR('',#1469,1.);
#1469 = DIRECTION('',(0.285917163497,-0.958254337646));
#1470 = ( GEOMETRIC_REPRESENTATION_CONTEXT(2) 
PARAMETRIC_REPRESENTATION_CONTEXT() REPRESENTATION_CONTEXT('2D SPACE',''
  ) );
#1471 = PCURVE('',#504,#1472);
#1472 = DEFINITIONAL_REPRESENTATION('',(#1473),#1477);
#1473 = LINE('',#1474,#1475);
#1474 = CARTESIAN_POINT('',(0.,-4.2));
#1475 = VECTOR('',#1476,1.);
#1476 = DIRECTION('',(1.,0.));
#1477 = ( GEOMETRIC_REPRESENTATION_CONTEXT(2) 
PARAMETRIC_REPRESENTATION_CONTEXT() REPRESENTATION_CONTEXT('2D SPACE',''
  ) );
#1478 = ORIENTED_EDGE('',*,*,#1479,.T.);
#1479 = EDGE_CURVE('',#1457,#1480,#1482,.T.);
#1480 = VERTEX_POINT('',#1481);
#1481 = CARTESIAN_POINT('',(-6.937641290738,0.76268586258,27.7));
#1482 = SURFACE_CURVE('',#1483,(#1487,#1494),.PCURVE_S1.);
#1483 = LINE('',#1484,#1485);
#1484 = CARTESIAN_POINT('',(-6.550619515425,0.926857818086,27.7));
#1485 = VECTOR('',#1486,1.);
#1486 = DIRECTION('',(-0.920598116197,-0.390511342286,0.));
#1487 = PCURVE('',#72,#1488);
#1488 = DEFINITIONAL_REPRESENTATION('',(#1489),#1493);
#1489 = LINE('',#1490,#1491);
#1490 = CARTESIAN_POINT('',(-1.990619515425,0.936714441443));
#1491 = VECTOR('',#1492,1.);
#1492 = DIRECTION('',(-0.920598116197,-0.390511342286));
#1493 = ( GEOMETRIC_REPRESENTATION_CONTEXT(2) 
PARAMETRIC_REPRESENTATION_CONTEXT() REPRESENTATION_CONTEXT('2D SPACE',''
  ) );
#1494 = PCURVE('',#476,#1495);
#1495 = DEFINITIONAL_REPRESENTATION('',(#1496),#1500);
#1496 = LINE('',#1497,#1498);
#1497 = CARTESIAN_POINT('',(0.,-4.2));
#1498 = VECTOR('',#1499,1.);
#1499 = DIRECTION('',(1.,0.));
#1500 = ( GEOMETRIC_REPRESENTATION_CONTEXT(2) 
PARAMETRIC_REPRESENTATION_CONTEXT() REPRESENTATION_CONTEXT('2D SPACE',''
  ) );
#1501 = ORIENTED_EDGE('',*,*,#1502,.T.);
#1502 = EDGE_CURVE('',#1480,#1503,#1505,.T.);
#1503 = VERTEX_POINT('',#1504);
#1504 = CARTESIAN_POINT('',(-6.721031951603,0.402382268732,27.7));
#1505 = SURFACE_CURVE('',#1506,(#1510,#1517),.PCURVE_S1.);
#1506 = LINE('',#1507,#1508);
#1507 = CARTESIAN_POINT('',(-6.937641290738,0.76268586258,27.7));
#1508 = VECTOR('',#1509,1.);
#1509 = DIRECTION('',(0.515242713145,-0.857044308394,0.));
#1510 = PCURVE('',#72,#1511);
#1511 = DEFINITIONAL_REPRESENTATION('',(#1512),#1516);
#1512 = LINE('',#1513,#1514);
#1513 = CARTESIAN_POINT('',(-2.377641290738,0.772542485937));
#1514 = VECTOR('',#1515,1.);
#1515 = DIRECTION('',(0.515242713145,-0.857044308394));
#1516 = ( GEOMETRIC_REPRESENTATION_CONTEXT(2) 
PARAMETRIC_REPRESENTATION_CONTEXT() REPRESENTATION_CONTEXT('2D SPACE',''
  ) );
#1517 = PCURVE('',#448,#1518);
#1518 = DEFINITIONAL_REPRESENTATION('',(#1519),#1523);
#1519 = LINE('',#1520,#1521);
#1520 = CARTESIAN_POINT('',(0.,-4.2));
#1521 = VECTOR('',#1522,1.);
#1522 = DIRECTION('',(1.,0.));
#1523 = ( GEOMETRIC_REPRESENTATION_CONTEXT(2) 
PARAMETRIC_REPRESENTATION_CONTEXT() REPRESENTATION_CONTEXT('2D SPACE',''
  ) );
#1524 = ORIENTED_EDGE('',*,*,#1525,.T.);
#1525 = EDGE_CURVE('',#1503,#1526,#1528,.T.);
#1526 = VERTEX_POINT('',#1527);
#1527 = CARTESIAN_POINT('',(-7.055066821071,0.147119675466,27.7));
#1528 = SURFACE_CURVE('',#1529,(#1533,#1540),.PCURVE_S1.);
#1529 = LINE('',#1530,#1531);
#1530 = CARTESIAN_POINT('',(-6.721031951603,0.402382268732,27.7));
#1531 = VECTOR('',#1532,1.);
#1532 = DIRECTION('',(-0.794559611866,-0.607186152009,0.));
#1533 = PCURVE('',#72,#1534);
#1534 = DEFINITIONAL_REPRESENTATION('',(#1535),#1539);
#1535 = LINE('',#1536,#1537);
#1536 = CARTESIAN_POINT('',(-2.161031951603,0.412238892089));
#1537 = VECTOR('',#1538,1.);
#1538 = DIRECTION('',(-0.794559611866,-0.607186152009));
#1539 = ( GEOMETRIC_REPRESENTATION_CONTEXT(2) 
PARAMETRIC_REPRESENTATION_CONTEXT() REPRESENTATION_CONTEXT('2D SPACE',''
  ) );
#1540 = PCURVE('',#420,#1541);
#1541 = DEFINITIONAL_REPRESENTATION('',(#1542),#1546);
#1542 = LINE('',#1543,#1544);
#1543 = CARTESIAN_POINT('',(0.,-4.2));
#1544 = VECTOR('',#1545,1.);
#1545 = DIRECTION('',(1.,0.));
#1546 = ( GEOMETRIC_REPRESENTATION_CONTEXT(2) 
PARAMETRIC_REPRESENTATION_CONTEXT() REPRESENTATION_CONTEXT('2D SPACE',''
  ) );
#1547 = ORIENTED_EDGE('',*,*,#1548,.T.);
#1548 = EDGE_CURVE('',#1526,#1549,#1551,.T.);
#1549 = VERTEX_POINT('',#1550);
#1550 = CARTESIAN_POINT('',(-6.755658802542,-0.147995766321,27.7));
#1551 = SURFACE_CURVE('',#1552,(#1556,#1563),.PCURVE_S1.);
#1552 = LINE('',#1553,#1554);
#1553 = CARTESIAN_POINT('',(-7.055066821071,0.147119675466,27.7));
#1554 = VECTOR('',#1555,1.);
#1555 = DIRECTION('',(0.712193668196,-0.701983033257,0.));
#1556 = PCURVE('',#72,#1557);
#1557 = DEFINITIONAL_REPRESENTATION('',(#1558),#1562);
#1558 = LINE('',#1559,#1560);
#1559 = CARTESIAN_POINT('',(-2.495066821071,0.156976298823));
#1560 = VECTOR('',#1561,1.);
#1561 = DIRECTION('',(0.712193668196,-0.701983033257));
#1562 = ( GEOMETRIC_REPRESENTATION_CONTEXT(2) 
PARAMETRIC_REPRESENTATION_CONTEXT() REPRESENTATION_CONTEXT('2D SPACE',''
  ) );
#1563 = PCURVE('',#392,#1564);
#1564 = DEFINITIONAL_REPRESENTATION('',(#1565),#1569);
#1565 = LINE('',#1566,#1567);
#1566 = CARTESIAN_POINT('',(0.,-4.2));
#1567 = VECTOR('',#1568,1.);
#1568 = DIRECTION('',(1.,0.));
#1569 = ( GEOMETRIC_REPRESENTATION_CONTEXT(2) 
PARAMETRIC_REPRESENTATION_CONTEXT() REPRESENTATION_CONTEXT('2D SPACE',''
  ) );
#1570 = ORIENTED_EDGE('',*,*,#1571,.T.);
#1571 = EDGE_CURVE('',#1549,#1572,#1574,.T.);
#1572 = VERTEX_POINT('',#1573);
#1573 = CARTESIAN_POINT('',(-7.015718126822,-0.478309909821,27.7));
#1574 = SURFACE_CURVE('',#1575,(#1579,#1586),.PCURVE_S1.);
#1575 = LINE('',#1576,#1577);
#1576 = CARTESIAN_POINT('',(-6.755658802542,-0.147995766321,27.7));
#1577 = VECTOR('',#1578,1.);
#1578 = DIRECTION('',(-0.618596004935,-0.785709222727,0.));
#1579 = PCURVE('',#72,#1580);
#1580 = DEFINITIONAL_REPRESENTATION('',(#1581),#1585);
#1581 = LINE('',#1582,#1583);
#1582 = CARTESIAN_POINT('',(-2.195658802542,-0.138139142964));
#1583 = VECTOR('',#1584,1.);
#1584 = DIRECTION('',(-0.618596004935,-0.785709222727));
#1585 = ( GEOMETRIC_REPRESENTATION_CONTEXT(2) 
PARAMETRIC_REPRESENTATION_CONTEXT() REPRESENTATION_CONTEXT('2D SPACE',''
  ) );
#1586 = PCURVE('',#364,#1587);
#1587 = DEFINITIONAL_REPRESENTATION('',(#1588),#1592);
#1588 = LINE('',#1589,#1590);
#1589 = CARTESIAN_POINT('',(0.,-4.2));
#1590 = VECTOR('',#1591,1.);
#1591 = DIRECTION('',(1.,0.));
#1592 = ( GEOMETRIC_REPRESENTATION_CONTEXT(2) 
PARAMETRIC_REPRESENTATION_CONTEXT() REPRESENTATION_CONTEXT('2D SPACE',''
  ) );
#1593 = ORIENTED_EDGE('',*,*,#1594,.T.);
#1594 = EDGE_CURVE('',#1572,#1595,#1597,.T.);
#1595 = VERTEX_POINT('',#1596);
#1596 = CARTESIAN_POINT('',(-6.652324335849,-0.689694010982,27.7));
#1597 = SURFACE_CURVE('',#1598,(#1602,#1609),.PCURVE_S1.);
#1598 = LINE('',#1599,#1600);
#1599 = CARTESIAN_POINT('',(-7.015718126822,-0.478309909821,27.7));
#1600 = VECTOR('',#1601,1.);
#1601 = DIRECTION('',(0.86439487581,-0.502813582428,0.));
#1602 = PCURVE('',#72,#1603);
#1603 = DEFINITIONAL_REPRESENTATION('',(#1604),#1608);
#1604 = LINE('',#1605,#1606);
#1605 = CARTESIAN_POINT('',(-2.455718126822,-0.468453286464));
#1606 = VECTOR('',#1607,1.);
#1607 = DIRECTION('',(0.86439487581,-0.502813582428));
#1608 = ( GEOMETRIC_REPRESENTATION_CONTEXT(2) 
PARAMETRIC_REPRESENTATION_CONTEXT() REPRESENTATION_CONTEXT('2D SPACE',''
  ) );
#1609 = PCURVE('',#1610,#1615);
#1610 = PLANE('',#1611);
#1611 = AXIS2_PLACEMENT_3D('',#1612,#1613,#1614);
#1612 = CARTESIAN_POINT('',(-7.015718126822,-0.478309909821,23.5));
#1613 = DIRECTION('',(0.502813582428,0.86439487581,-0.));
#1614 = DIRECTION('',(0.86439487581,-0.502813582428,0.));
#1615 = DEFINITIONAL_REPRESENTATION('',(#1616),#1620);
#1616 = LINE('',#1617,#1618);
#1617 = CARTESIAN_POINT('',(0.,-4.2));
#1618 = VECTOR('',#1619,1.);
#1619 = DIRECTION('',(1.,0.));
#1620 = ( GEOMETRIC_REPRESENTATION_CONTEXT(2) 
PARAMETRIC_REPRESENTATION_CONTEXT() REPRESENTATION_CONTEXT('2D SPACE',''
  ) );
#1621 = ORIENTED_EDGE('',*,*,#1622,.T.);
#1622 = EDGE_CURVE('',#1595,#1623,#1625,.T.);
#1623 = VERTEX_POINT('',#1624);
#1624 = CARTESIAN_POINT('',(-6.822067631165,-1.07430485227,27.7));
#1625 = SURFACE_CURVE('',#1626,(#1630,#1637),.PCURVE_S1.);
#1626 = LINE('',#1627,#1628);
#1627 = CARTESIAN_POINT('',(-6.652324335849,-0.689694010982,27.7));
#1628 = VECTOR('',#1629,1.);
#1629 = DIRECTION('',(-0.403763735977,-0.914863293345,0.));
#1630 = PCURVE('',#72,#1631);
#1631 = DEFINITIONAL_REPRESENTATION('',(#1632),#1636);
#1632 = LINE('',#1633,#1634);
#1633 = CARTESIAN_POINT('',(-2.092324335849,-0.679837387625));
#1634 = VECTOR('',#1635,1.);
#1635 = DIRECTION('',(-0.403763735977,-0.914863293345));
#1636 = ( GEOMETRIC_REPRESENTATION_CONTEXT(2) 
PARAMETRIC_REPRESENTATION_CONTEXT() REPRESENTATION_CONTEXT('2D SPACE',''
  ) );
#1637 = PCURVE('',#1638,#1643);
#1638 = PLANE('',#1639);
#1639 = AXIS2_PLACEMENT_3D('',#1640,#1641,#1642);
#1640 = CARTESIAN_POINT('',(-6.652324335849,-0.689694010982,23.5));
#1641 = DIRECTION('',(0.914863293345,-0.403763735977,0.));
#1642 = DIRECTION('',(-0.403763735977,-0.914863293345,0.));
#1643 = DEFINITIONAL_REPRESENTATION('',(#1644),#1648);
#1644 = LINE('',#1645,#1646);
#1645 = CARTESIAN_POINT('',(0.,-4.2));
#1646 = VECTOR('',#1647,1.);
#1647 = DIRECTION('',(1.,0.));
#1648 = ( GEOMETRIC_REPRESENTATION_CONTEXT(2) 
PARAMETRIC_REPRESENTATION_CONTEXT() REPRESENTATION_CONTEXT('2D SPACE',''
  ) );
#1649 = ORIENTED_EDGE('',*,*,#1650,.T.);
#1650 = EDGE_CURVE('',#1623,#1651,#1653,.T.);
#1651 = VERTEX_POINT('',#1652);
#1652 = CARTESIAN_POINT('',(-6.417521436104,-1.188675572311,27.7));
#1653 = SURFACE_CURVE('',#1654,(#1658,#1665),.PCURVE_S1.);
#1654 = LINE('',#1655,#1656);
#1655 = CARTESIAN_POINT('',(-6.822067631165,-1.07430485227,27.7));
#1656 = VECTOR('',#1657,1.);
#1657 = DIRECTION('',(0.962282974354,-0.272050504995,0.));
#1658 = PCURVE('',#72,#1659);
#1659 = DEFINITIONAL_REPRESENTATION('',(#1660),#1664);
#1660 = LINE('',#1661,#1662);
#1661 = CARTESIAN_POINT('',(-2.262067631165,-1.064448228913));
#1662 = VECTOR('',#1663,1.);
#1663 = DIRECTION('',(0.962282974354,-0.272050504995));
#1664 = ( GEOMETRIC_REPRESENTATION_CONTEXT(2) 
PARAMETRIC_REPRESENTATION_CONTEXT() REPRESENTATION_CONTEXT('2D SPACE',''
  ) );
#1665 = PCURVE('',#1666,#1671);
#1666 = PLANE('',#1667);
#1667 = AXIS2_PLACEMENT_3D('',#1668,#1669,#1670);
#1668 = CARTESIAN_POINT('',(-6.822067631165,-1.07430485227,23.5));
#1669 = DIRECTION('',(0.272050504995,0.962282974354,-0.));
#1670 = DIRECTION('',(0.962282974354,-0.272050504995,0.));
#1671 = DEFINITIONAL_REPRESENTATION('',(#1672),#1676);
#1672 = LINE('',#1673,#1674);
#1673 = CARTESIAN_POINT('',(0.,-4.2));
#1674 = VECTOR('',#1675,1.);
#1675 = DIRECTION('',(1.,0.));
#1676 = ( GEOMETRIC_REPRESENTATION_CONTEXT(2) 
PARAMETRIC_REPRESENTATION_CONTEXT() REPRESENTATION_CONTEXT('2D SPACE',''
  ) );
#1677 = ORIENTED_EDGE('',*,*,#1678,.T.);
#1678 = EDGE_CURVE('',#1651,#1679,#1681,.T.);
#1679 = VERTEX_POINT('',#1680);
#1680 = CARTESIAN_POINT('',(-6.486283106939,-1.603416597729,27.7));
#1681 = SURFACE_CURVE('',#1682,(#1686,#1693),.PCURVE_S1.);
#1682 = LINE('',#1683,#1684);
#1683 = CARTESIAN_POINT('',(-6.417521436104,-1.188675572311,27.7));
#1684 = VECTOR('',#1685,1.);
#1685 = DIRECTION('',(-0.163561506549,-0.98653313861,0.));
#1686 = PCURVE('',#72,#1687);
#1687 = DEFINITIONAL_REPRESENTATION('',(#1688),#1692);
#1688 = LINE('',#1689,#1690);
#1689 = CARTESIAN_POINT('',(-1.857521436104,-1.178818948954));
#1690 = VECTOR('',#1691,1.);
#1691 = DIRECTION('',(-0.163561506549,-0.98653313861));
#1692 = ( GEOMETRIC_REPRESENTATION_CONTEXT(2) 
PARAMETRIC_REPRESENTATION_CONTEXT() REPRESENTATION_CONTEXT('2D SPACE',''
  ) );
#1693 = PCURVE('',#1694,#1699);
#1694 = PLANE('',#1695);
#1695 = AXIS2_PLACEMENT_3D('',#1696,#1697,#1698);
#1696 = CARTESIAN_POINT('',(-6.417521436104,-1.188675572311,23.5));
#1697 = DIRECTION('',(0.98653313861,-0.163561506549,0.));
#1698 = DIRECTION('',(-0.163561506549,-0.98653313861,0.));
#1699 = DEFINITIONAL_REPRESENTATION('',(#1700),#1704);
#1700 = LINE('',#1701,#1702);
#1701 = CARTESIAN_POINT('',(0.,-4.2));
#1702 = VECTOR('',#1703,1.);
#1703 = DIRECTION('',(1.,0.));
#1704 = ( GEOMETRIC_REPRESENTATION_CONTEXT(2) 
PARAMETRIC_REPRESENTATION_CONTEXT() REPRESENTATION_CONTEXT('2D SPACE',''
  ) );
#1705 = ORIENTED_EDGE('',*,*,#1706,.T.);
#1706 = EDGE_CURVE('',#1679,#1707,#1709,.T.);
#1707 = VERTEX_POINT('',#1708);
#1708 = CARTESIAN_POINT('',(-6.066003633043,-1.613587603684,27.7));
#1709 = SURFACE_CURVE('',#1710,(#1714,#1721),.PCURVE_S1.);
#1710 = LINE('',#1711,#1712);
#1711 = CARTESIAN_POINT('',(-6.486283106939,-1.603416597729,27.7));
#1712 = VECTOR('',#1713,1.);
#1713 = DIRECTION('',(0.999707294591,-2.419349380224E-02,0.));
#1714 = PCURVE('',#72,#1715);
#1715 = DEFINITIONAL_REPRESENTATION('',(#1716),#1720);
#1716 = LINE('',#1717,#1718);
#1717 = CARTESIAN_POINT('',(-1.926283106939,-1.593559974372));
#1718 = VECTOR('',#1719,1.);
#1719 = DIRECTION('',(0.999707294591,-2.419349380224E-02));
#1720 = ( GEOMETRIC_REPRESENTATION_CONTEXT(2) 
PARAMETRIC_REPRESENTATION_CONTEXT() REPRESENTATION_CONTEXT('2D SPACE',''
  ) );
#1721 = PCURVE('',#1722,#1727);
#1722 = PLANE('',#1723);
#1723 = AXIS2_PLACEMENT_3D('',#1724,#1725,#1726);
#1724 = CARTESIAN_POINT('',(-6.486283106939,-1.603416597729,23.5));
#1725 = DIRECTION('',(2.419349380224E-02,0.999707294591,-0.));
#1726 = DIRECTION('',(0.999707294591,-2.419349380224E-02,0.));
#1727 = DEFINITIONAL_REPRESENTATION('',(#1728),#1732);
#1728 = LINE('',#1729,#1730);
#1729 = CARTESIAN_POINT('',(0.,-4.2));
#1730 = VECTOR('',#1731,1.);
#1731 = DIRECTION('',(1.,0.));
#1732 = ( GEOMETRIC_REPRESENTATION_CONTEXT(2) 
PARAMETRIC_REPRESENTATION_CONTEXT() REPRESENTATION_CONTEXT('2D SPACE',''
  ) );
#1733 = ORIENTED_EDGE('',*,*,#1734,.T.);
#1734 = EDGE_CURVE('',#1707,#1735,#1737,.T.);
#1735 = VERTEX_POINT('',#1736);
#1736 = CARTESIAN_POINT('',(-6.029463130731,-2.032399109294,27.7));
#1737 = SURFACE_CURVE('',#1738,(#1742,#1749),.PCURVE_S1.);
#1738 = LINE('',#1739,#1740);
#1739 = CARTESIAN_POINT('',(-6.066003633043,-1.613587603684,27.7));
#1740 = VECTOR('',#1741,1.);
#1741 = DIRECTION('',(8.691789387328E-02,-0.996215478561,0.));
#1742 = PCURVE('',#72,#1743);
#1743 = DEFINITIONAL_REPRESENTATION('',(#1744),#1748);
#1744 = LINE('',#1745,#1746);
#1745 = CARTESIAN_POINT('',(-1.506003633043,-1.603730980327));
#1746 = VECTOR('',#1747,1.);
#1747 = DIRECTION('',(8.691789387328E-02,-0.996215478561));
#1748 = ( GEOMETRIC_REPRESENTATION_CONTEXT(2) 
PARAMETRIC_REPRESENTATION_CONTEXT() REPRESENTATION_CONTEXT('2D SPACE',''
  ) );
#1749 = PCURVE('',#1750,#1755);
#1750 = PLANE('',#1751);
#1751 = AXIS2_PLACEMENT_3D('',#1752,#1753,#1754);
#1752 = CARTESIAN_POINT('',(-6.066003633043,-1.613587603684,23.5));
#1753 = DIRECTION('',(0.996215478561,8.691789387328E-02,-0.));
#1754 = DIRECTION('',(8.691789387328E-02,-0.996215478561,0.));
#1755 = DEFINITIONAL_REPRESENTATION('',(#1756),#1760);
#1756 = LINE('',#1757,#1758);
#1757 = CARTESIAN_POINT('',(0.,-4.2));
#1758 = VECTOR('',#1759,1.);
#1759 = DIRECTION('',(1.,0.));
#1760 = ( GEOMETRIC_REPRESENTATION_CONTEXT(2) 
PARAMETRIC_REPRESENTATION_CONTEXT() REPRESENTATION_CONTEXT('2D SPACE',''
  ) );
#1761 = ORIENTED_EDGE('',*,*,#1762,.T.);
#1762 = EDGE_CURVE('',#1735,#1763,#1765,.T.);
#1763 = VERTEX_POINT('',#1764);
#1764 = CARTESIAN_POINT('',(-5.619858083024,-1.937731319453,27.7));
#1765 = SURFACE_CURVE('',#1766,(#1770,#1777),.PCURVE_S1.);
#1766 = LINE('',#1767,#1768);
#1767 = CARTESIAN_POINT('',(-6.029463130731,-2.032399109294,27.7));
#1768 = VECTOR('',#1769,1.);
#1769 = DIRECTION('',(0.974316328842,0.225183683584,0.));
#1770 = PCURVE('',#72,#1771);
#1771 = DEFINITIONAL_REPRESENTATION('',(#1772),#1776);
#1772 = LINE('',#1773,#1774);
#1773 = CARTESIAN_POINT('',(-1.469463130731,-2.022542485937));
#1774 = VECTOR('',#1775,1.);
#1775 = DIRECTION('',(0.974316328842,0.225183683584));
#1776 = ( GEOMETRIC_REPRESENTATION_CONTEXT(2) 
PARAMETRIC_REPRESENTATION_CONTEXT() REPRESENTATION_CONTEXT('2D SPACE',''
  ) );
#1777 = PCURVE('',#1778,#1783);
#1778 = PLANE('',#1779);
#1779 = AXIS2_PLACEMENT_3D('',#1780,#1781,#1782);
#1780 = CARTESIAN_POINT('',(-6.029463130731,-2.032399109294,23.5));
#1781 = DIRECTION('',(-0.225183683584,0.974316328842,0.));
#1782 = DIRECTION('',(0.974316328842,0.225183683584,0.));
#1783 = DEFINITIONAL_REPRESENTATION('',(#1784),#1788);
#1784 = LINE('',#1785,#1786);
#1785 = CARTESIAN_POINT('',(0.,-4.2));
#1786 = VECTOR('',#1787,1.);
#1787 = DIRECTION('',(1.,0.));
#1788 = ( GEOMETRIC_REPRESENTATION_CONTEXT(2) 
PARAMETRIC_REPRESENTATION_CONTEXT() REPRESENTATION_CONTEXT('2D SPACE',''
  ) );
#1789 = ORIENTED_EDGE('',*,*,#1790,.T.);
#1790 = EDGE_CURVE('',#1763,#1791,#1793,.T.);
#1791 = VERTEX_POINT('',#1792);
#1792 = CARTESIAN_POINT('',(-5.480311381712,-2.334297838078,27.7));
#1793 = SURFACE_CURVE('',#1794,(#1798,#1805),.PCURVE_S1.);
#1794 = LINE('',#1795,#1796);
#1795 = CARTESIAN_POINT('',(-5.619858083024,-1.937731319453,27.7));
#1796 = VECTOR('',#1797,1.);
#1797 = DIRECTION('',(0.331935923362,-0.94330193617,0.));
#1798 = PCURVE('',#72,#1799);
#1799 = DEFINITIONAL_REPRESENTATION('',(#1800),#1804);
#1800 = LINE('',#1801,#1802);
#1801 = CARTESIAN_POINT('',(-1.059858083024,-1.927874696096));
#1802 = VECTOR('',#1803,1.);
#1803 = DIRECTION('',(0.331935923362,-0.94330193617));
#1804 = ( GEOMETRIC_REPRESENTATION_CONTEXT(2) 
PARAMETRIC_REPRESENTATION_CONTEXT() REPRESENTATION_CONTEXT('2D SPACE',''
  ) );
#1805 = PCURVE('',#1806,#1811);
#1806 = PLANE('',#1807);
#1807 = AXIS2_PLACEMENT_3D('',#1808,#1809,#1810);
#1808 = CARTESIAN_POINT('',(-5.619858083024,-1.937731319453,23.5));
#1809 = DIRECTION('',(0.94330193617,0.331935923362,-0.));
#1810 = DIRECTION('',(0.331935923362,-0.94330193617,0.));
#1811 = DEFINITIONAL_REPRESENTATION('',(#1812),#1816);
#1812 = LINE('',#1813,#1814);
#1813 = CARTESIAN_POINT('',(0.,-4.2));
#1814 = VECTOR('',#1815,1.);
#1815 = DIRECTION('',(1.,0.));
#1816 = ( GEOMETRIC_REPRESENTATION_CONTEXT(2) 
PARAMETRIC_REPRESENTATION_CONTEXT() REPRESENTATION_CONTEXT('2D SPACE',''
  ) );
#1817 = ORIENTED_EDGE('',*,*,#1818,.T.);
#1818 = EDGE_CURVE('',#1791,#1819,#1821,.T.);
#1819 = VERTEX_POINT('',#1820);
#1820 = CARTESIAN_POINT('',(-5.107117751763,-2.14073957784,27.7));
#1821 = SURFACE_CURVE('',#1822,(#1826,#1833),.PCURVE_S1.);
#1822 = LINE('',#1823,#1824);
#1823 = CARTESIAN_POINT('',(-5.480311381712,-2.334297838078,27.7));
#1824 = VECTOR('',#1825,1.);
#1825 = DIRECTION('',(0.887705484867,0.460411741963,0.));
#1826 = PCURVE('',#72,#1827);
#1827 = DEFINITIONAL_REPRESENTATION('',(#1828),#1832);
#1828 = LINE('',#1829,#1830);
#1829 = CARTESIAN_POINT('',(-0.920311381712,-2.324441214721));
#1830 = VECTOR('',#1831,1.);
#1831 = DIRECTION('',(0.887705484867,0.460411741963));
#1832 = ( GEOMETRIC_REPRESENTATION_CONTEXT(2) 
PARAMETRIC_REPRESENTATION_CONTEXT() REPRESENTATION_CONTEXT('2D SPACE',''
  ) );
#1833 = PCURVE('',#1834,#1839);
#1834 = PLANE('',#1835);
#1835 = AXIS2_PLACEMENT_3D('',#1836,#1837,#1838);
#1836 = CARTESIAN_POINT('',(-5.480311381712,-2.334297838078,23.5));
#1837 = DIRECTION('',(-0.460411741963,0.887705484867,0.));
#1838 = DIRECTION('',(0.887705484867,0.460411741963,0.));
#1839 = DEFINITIONAL_REPRESENTATION('',(#1840),#1844);
#1840 = LINE('',#1841,#1842);
#1841 = CARTESIAN_POINT('',(0.,-4.2));
#1842 = VECTOR('',#1843,1.);
#1843 = DIRECTION('',(1.,0.));
#1844 = ( GEOMETRIC_REPRESENTATION_CONTEXT(2) 
PARAMETRIC_REPRESENTATION_CONTEXT() REPRESENTATION_CONTEXT('2D SPACE',''
  ) );
#1845 = ORIENTED_EDGE('',*,*,#1846,.T.);
#1846 = EDGE_CURVE('',#1819,#1847,#1849,.T.);
#1847 = VERTEX_POINT('',#1848);
#1848 = CARTESIAN_POINT('',(-4.873333083911,-2.490143376643,27.7));
#1849 = SURFACE_CURVE('',#1850,(#1854,#1861),.PCURVE_S1.);
#1850 = LINE('',#1851,#1852);
#1851 = CARTESIAN_POINT('',(-5.107117751763,-2.14073957784,27.7));
#1852 = VECTOR('',#1853,1.);
#1853 = DIRECTION('',(0.55609719801,-0.831117263908,0.));
#1854 = PCURVE('',#72,#1855);
#1855 = DEFINITIONAL_REPRESENTATION('',(#1856),#1860);
#1856 = LINE('',#1857,#1858);
#1857 = CARTESIAN_POINT('',(-0.547117751763,-2.130882954483));
#1858 = VECTOR('',#1859,1.);
#1859 = DIRECTION('',(0.55609719801,-0.831117263908));
#1860 = ( GEOMETRIC_REPRESENTATION_CONTEXT(2) 
PARAMETRIC_REPRESENTATION_CONTEXT() REPRESENTATION_CONTEXT('2D SPACE',''
  ) );
#1861 = PCURVE('',#1862,#1867);
#1862 = PLANE('',#1863);
#1863 = AXIS2_PLACEMENT_3D('',#1864,#1865,#1866);
#1864 = CARTESIAN_POINT('',(-5.107117751763,-2.14073957784,23.5));
#1865 = DIRECTION('',(0.831117263908,0.55609719801,-0.));
#1866 = DIRECTION('',(0.55609719801,-0.831117263908,0.));
#1867 = DEFINITIONAL_REPRESENTATION('',(#1868),#1872);
#1868 = LINE('',#1869,#1870);
#1869 = CARTESIAN_POINT('',(0.,-4.2));
#1870 = VECTOR('',#1871,1.);
#1871 = DIRECTION('',(1.,0.));
#1872 = ( GEOMETRIC_REPRESENTATION_CONTEXT(2) 
PARAMETRIC_REPRESENTATION_CONTEXT() REPRESENTATION_CONTEXT('2D SPACE',''
  ) );
#1873 = ORIENTED_EDGE('',*,*,#1874,.T.);
#1874 = EDGE_CURVE('',#1847,#1875,#1877,.T.);
#1875 = VERTEX_POINT('',#1876);
#1876 = CARTESIAN_POINT('',(-4.56,-2.209856623357,27.7));
#1877 = SURFACE_CURVE('',#1878,(#1882,#1889),.PCURVE_S1.);
#1878 = LINE('',#1879,#1880);
#1879 = CARTESIAN_POINT('',(-4.873333083911,-2.490143376643,27.7));
#1880 = VECTOR('',#1881,1.);
#1881 = DIRECTION('',(0.745316840526,0.666710437318,0.));
#1882 = PCURVE('',#72,#1883);
#1883 = DEFINITIONAL_REPRESENTATION('',(#1884),#1888);
#1884 = LINE('',#1885,#1886);
#1885 = CARTESIAN_POINT('',(-0.313333083911,-2.480286753286));
#1886 = VECTOR('',#1887,1.);
#1887 = DIRECTION('',(0.745316840526,0.666710437318));
#1888 = ( GEOMETRIC_REPRESENTATION_CONTEXT(2) 
PARAMETRIC_REPRESENTATION_CONTEXT() REPRESENTATION_CONTEXT('2D SPACE',''
  ) );
#1889 = PCURVE('',#1890,#1895);
#1890 = PLANE('',#1891);
#1891 = AXIS2_PLACEMENT_3D('',#1892,#1893,#1894);
#1892 = CARTESIAN_POINT('',(-4.873333083911,-2.490143376643,23.5));
#1893 = DIRECTION('',(-0.666710437318,0.745316840526,0.));
#1894 = DIRECTION('',(0.745316840526,0.666710437318,0.));
#1895 = DEFINITIONAL_REPRESENTATION('',(#1896),#1900);
#1896 = LINE('',#1897,#1898);
#1897 = CARTESIAN_POINT('',(0.,-4.2));
#1898 = VECTOR('',#1899,1.);
#1899 = DIRECTION('',(1.,0.));
#1900 = ( GEOMETRIC_REPRESENTATION_CONTEXT(2) 
PARAMETRIC_REPRESENTATION_CONTEXT() REPRESENTATION_CONTEXT('2D SPACE',''
  ) );
#1901 = ORIENTED_EDGE('',*,*,#1902,.T.);
#1902 = EDGE_CURVE('',#1875,#1903,#1905,.T.);
#1903 = VERTEX_POINT('',#1904);
#1904 = CARTESIAN_POINT('',(-4.246666916089,-2.490143376643,27.7));
#1905 = SURFACE_CURVE('',#1906,(#1910,#1917),.PCURVE_S1.);
#1906 = LINE('',#1907,#1908);
#1907 = CARTESIAN_POINT('',(-4.56,-2.209856623357,27.7));
#1908 = VECTOR('',#1909,1.);
#1909 = DIRECTION('',(0.745316840526,-0.666710437318,0.));
#1910 = PCURVE('',#72,#1911);
#1911 = DEFINITIONAL_REPRESENTATION('',(#1912),#1916);
#1912 = LINE('',#1913,#1914);
#1913 = CARTESIAN_POINT('',(-6.893460166132E-16,-2.2));
#1914 = VECTOR('',#1915,1.);
#1915 = DIRECTION('',(0.745316840526,-0.666710437318));
#1916 = ( GEOMETRIC_REPRESENTATION_CONTEXT(2) 
PARAMETRIC_REPRESENTATION_CONTEXT() REPRESENTATION_CONTEXT('2D SPACE',''
  ) );
#1917 = PCURVE('',#1918,#1923);
#1918 = PLANE('',#1919);
#1919 = AXIS2_PLACEMENT_3D('',#1920,#1921,#1922);
#1920 = CARTESIAN_POINT('',(-4.56,-2.209856623357,23.5));
#1921 = DIRECTION('',(0.666710437318,0.745316840526,-0.));
#1922 = DIRECTION('',(0.745316840526,-0.666710437318,0.));
#1923 = DEFINITIONAL_REPRESENTATION('',(#1924),#1928);
#1924 = LINE('',#1925,#1926);
#1925 = CARTESIAN_POINT('',(0.,-4.2));
#1926 = VECTOR('',#1927,1.);
#1927 = DIRECTION('',(1.,0.));
#1928 = ( GEOMETRIC_REPRESENTATION_CONTEXT(2) 
PARAMETRIC_REPRESENTATION_CONTEXT() REPRESENTATION_CONTEXT('2D SPACE',''
  ) );
#1929 = ORIENTED_EDGE('',*,*,#1930,.T.);
#1930 = EDGE_CURVE('',#1903,#1931,#1933,.T.);
#1931 = VERTEX_POINT('',#1932);
#1932 = CARTESIAN_POINT('',(-4.012882248237,-2.14073957784,27.7));
#1933 = SURFACE_CURVE('',#1934,(#1938,#1945),.PCURVE_S1.);
#1934 = LINE('',#1935,#1936);
#1935 = CARTESIAN_POINT('',(-4.246666916089,-2.490143376643,27.7));
#1936 = VECTOR('',#1937,1.);
#1937 = DIRECTION('',(0.55609719801,0.831117263908,0.));
#1938 = PCURVE('',#72,#1939);
#1939 = DEFINITIONAL_REPRESENTATION('',(#1940),#1944);
#1940 = LINE('',#1941,#1942);
#1941 = CARTESIAN_POINT('',(0.313333083911,-2.480286753286));
#1942 = VECTOR('',#1943,1.);
#1943 = DIRECTION('',(0.55609719801,0.831117263908));
#1944 = ( GEOMETRIC_REPRESENTATION_CONTEXT(2) 
PARAMETRIC_REPRESENTATION_CONTEXT() REPRESENTATION_CONTEXT('2D SPACE',''
  ) );
#1945 = PCURVE('',#1946,#1951);
#1946 = PLANE('',#1947);
#1947 = AXIS2_PLACEMENT_3D('',#1948,#1949,#1950);
#1948 = CARTESIAN_POINT('',(-4.246666916089,-2.490143376643,23.5));
#1949 = DIRECTION('',(-0.831117263908,0.55609719801,0.));
#1950 = DIRECTION('',(0.55609719801,0.831117263908,0.));
#1951 = DEFINITIONAL_REPRESENTATION('',(#1952),#1956);
#1952 = LINE('',#1953,#1954);
#1953 = CARTESIAN_POINT('',(0.,-4.2));
#1954 = VECTOR('',#1955,1.);
#1955 = DIRECTION('',(1.,0.));
#1956 = ( GEOMETRIC_REPRESENTATION_CONTEXT(2) 
PARAMETRIC_REPRESENTATION_CONTEXT() REPRESENTATION_CONTEXT('2D SPACE',''
  ) );
#1957 = ORIENTED_EDGE('',*,*,#1958,.T.);
#1958 = EDGE_CURVE('',#1931,#1959,#1961,.T.);
#1959 = VERTEX_POINT('',#1960);
#1960 = CARTESIAN_POINT('',(-3.639688618288,-2.334297838078,27.7));
#1961 = SURFACE_CURVE('',#1962,(#1966,#1973),.PCURVE_S1.);
#1962 = LINE('',#1963,#1964);
#1963 = CARTESIAN_POINT('',(-4.012882248237,-2.14073957784,27.7));
#1964 = VECTOR('',#1965,1.);
#1965 = DIRECTION('',(0.887705484867,-0.460411741963,0.));
#1966 = PCURVE('',#72,#1967);
#1967 = DEFINITIONAL_REPRESENTATION('',(#1968),#1972);
#1968 = LINE('',#1969,#1970);
#1969 = CARTESIAN_POINT('',(0.547117751763,-2.130882954483));
#1970 = VECTOR('',#1971,1.);
#1971 = DIRECTION('',(0.887705484867,-0.460411741963));
#1972 = ( GEOMETRIC_REPRESENTATION_CONTEXT(2) 
PARAMETRIC_REPRESENTATION_CONTEXT() REPRESENTATION_CONTEXT('2D SPACE',''
  ) );
#1973 = PCURVE('',#1974,#1979);
#1974 = PLANE('',#1975);
#1975 = AXIS2_PLACEMENT_3D('',#1976,#1977,#1978);
#1976 = CARTESIAN_POINT('',(-4.012882248237,-2.14073957784,23.5));
#1977 = DIRECTION('',(0.460411741963,0.887705484867,-0.));
#1978 = DIRECTION('',(0.887705484867,-0.460411741963,0.));
#1979 = DEFINITIONAL_REPRESENTATION('',(#1980),#1984);
#1980 = LINE('',#1981,#1982);
#1981 = CARTESIAN_POINT('',(0.,-4.2));
#1982 = VECTOR('',#1983,1.);
#1983 = DIRECTION('',(1.,0.));
#1984 = ( GEOMETRIC_REPRESENTATION_CONTEXT(2) 
PARAMETRIC_REPRESENTATION_CONTEXT() REPRESENTATION_CONTEXT('2D SPACE',''
  ) );
#1985 = ORIENTED_EDGE('',*,*,#1986,.T.);
#1986 = EDGE_CURVE('',#1959,#1987,#1989,.T.);
#1987 = VERTEX_POINT('',#1988);
#1988 = CARTESIAN_POINT('',(-3.500141916976,-1.937731319453,27.7));
#1989 = SURFACE_CURVE('',#1990,(#1994,#2001),.PCURVE_S1.);
#1990 = LINE('',#1991,#1992);
#1991 = CARTESIAN_POINT('',(-3.639688618288,-2.334297838078,27.7));
#1992 = VECTOR('',#1993,1.);
#1993 = DIRECTION('',(0.331935923362,0.94330193617,0.));
#1994 = PCURVE('',#72,#1995);
#1995 = DEFINITIONAL_REPRESENTATION('',(#1996),#2000);
#1996 = LINE('',#1997,#1998);
#1997 = CARTESIAN_POINT('',(0.920311381712,-2.324441214721));
#1998 = VECTOR('',#1999,1.);
#1999 = DIRECTION('',(0.331935923362,0.94330193617));
#2000 = ( GEOMETRIC_REPRESENTATION_CONTEXT(2) 
PARAMETRIC_REPRESENTATION_CONTEXT() REPRESENTATION_CONTEXT('2D SPACE',''
  ) );
#2001 = PCURVE('',#2002,#2007);
#2002 = PLANE('',#2003);
#2003 = AXIS2_PLACEMENT_3D('',#2004,#2005,#2006);
#2004 = CARTESIAN_POINT('',(-3.639688618288,-2.334297838078,23.5));
#2005 = DIRECTION('',(-0.94330193617,0.331935923362,0.));
#2006 = DIRECTION('',(0.331935923362,0.94330193617,0.));
#2007 = DEFINITIONAL_REPRESENTATION('',(#2008),#2012);
#2008 = LINE('',#2009,#2010);
#2009 = CARTESIAN_POINT('',(0.,-4.2));
#2010 = VECTOR('',#2011,1.);
#2011 = DIRECTION('',(1.,0.));
#2012 = ( GEOMETRIC_REPRESENTATION_CONTEXT(2) 
PARAMETRIC_REPRESENTATION_CONTEXT() REPRESENTATION_CONTEXT('2D SPACE',''
  ) );
#2013 = ORIENTED_EDGE('',*,*,#2014,.T.);
#2014 = EDGE_CURVE('',#1987,#2015,#2017,.T.);
#2015 = VERTEX_POINT('',#2016);
#2016 = CARTESIAN_POINT('',(-3.090536869269,-2.032399109294,27.7));
#2017 = SURFACE_CURVE('',#2018,(#2022,#2029),.PCURVE_S1.);
#2018 = LINE('',#2019,#2020);
#2019 = CARTESIAN_POINT('',(-3.500141916976,-1.937731319453,27.7));
#2020 = VECTOR('',#2021,1.);
#2021 = DIRECTION('',(0.974316328842,-0.225183683584,0.));
#2022 = PCURVE('',#72,#2023);
#2023 = DEFINITIONAL_REPRESENTATION('',(#2024),#2028);
#2024 = LINE('',#2025,#2026);
#2025 = CARTESIAN_POINT('',(1.059858083024,-1.927874696096));
#2026 = VECTOR('',#2027,1.);
#2027 = DIRECTION('',(0.974316328842,-0.225183683584));
#2028 = ( GEOMETRIC_REPRESENTATION_CONTEXT(2) 
PARAMETRIC_REPRESENTATION_CONTEXT() REPRESENTATION_CONTEXT('2D SPACE',''
  ) );
#2029 = PCURVE('',#2030,#2035);
#2030 = PLANE('',#2031);
#2031 = AXIS2_PLACEMENT_3D('',#2032,#2033,#2034);
#2032 = CARTESIAN_POINT('',(-3.500141916976,-1.937731319453,23.5));
#2033 = DIRECTION('',(0.225183683584,0.974316328842,-0.));
#2034 = DIRECTION('',(0.974316328842,-0.225183683584,0.));
#2035 = DEFINITIONAL_REPRESENTATION('',(#2036),#2040);
#2036 = LINE('',#2037,#2038);
#2037 = CARTESIAN_POINT('',(0.,-4.2));
#2038 = VECTOR('',#2039,1.);
#2039 = DIRECTION('',(1.,0.));
#2040 = ( GEOMETRIC_REPRESENTATION_CONTEXT(2) 
PARAMETRIC_REPRESENTATION_CONTEXT() REPRESENTATION_CONTEXT('2D SPACE',''
  ) );
#2041 = ORIENTED_EDGE('',*,*,#2042,.T.);
#2042 = EDGE_CURVE('',#2015,#2043,#2045,.T.);
#2043 = VERTEX_POINT('',#2044);
#2044 = CARTESIAN_POINT('',(-3.053996366957,-1.613587603684,27.7));
#2045 = SURFACE_CURVE('',#2046,(#2050,#2057),.PCURVE_S1.);
#2046 = LINE('',#2047,#2048);
#2047 = CARTESIAN_POINT('',(-3.090536869269,-2.032399109294,27.7));
#2048 = VECTOR('',#2049,1.);
#2049 = DIRECTION('',(8.691789387328E-02,0.996215478561,0.));
#2050 = PCURVE('',#72,#2051);
#2051 = DEFINITIONAL_REPRESENTATION('',(#2052),#2056);
#2052 = LINE('',#2053,#2054);
#2053 = CARTESIAN_POINT('',(1.469463130731,-2.022542485937));
#2054 = VECTOR('',#2055,1.);
#2055 = DIRECTION('',(8.691789387328E-02,0.996215478561));
#2056 = ( GEOMETRIC_REPRESENTATION_CONTEXT(2) 
PARAMETRIC_REPRESENTATION_CONTEXT() REPRESENTATION_CONTEXT('2D SPACE',''
  ) );
#2057 = PCURVE('',#2058,#2063);
#2058 = PLANE('',#2059);
#2059 = AXIS2_PLACEMENT_3D('',#2060,#2061,#2062);
#2060 = CARTESIAN_POINT('',(-3.090536869269,-2.032399109294,23.5));
#2061 = DIRECTION('',(-0.996215478561,8.691789387328E-02,0.));
#2062 = DIRECTION('',(8.691789387328E-02,0.996215478561,0.));
#2063 = DEFINITIONAL_REPRESENTATION('',(#2064),#2068);
#2064 = LINE('',#2065,#2066);
#2065 = CARTESIAN_POINT('',(0.,-4.2));
#2066 = VECTOR('',#2067,1.);
#2067 = DIRECTION('',(1.,0.));
#2068 = ( GEOMETRIC_REPRESENTATION_CONTEXT(2) 
PARAMETRIC_REPRESENTATION_CONTEXT() REPRESENTATION_CONTEXT('2D SPACE',''
  ) );
#2069 = ORIENTED_EDGE('',*,*,#2070,.T.);
#2070 = EDGE_CURVE('',#2043,#2071,#2073,.T.);
#2071 = VERTEX_POINT('',#2072);
#2072 = CARTESIAN_POINT('',(-2.633716893061,-1.603416597729,27.7));
#2073 = SURFACE_CURVE('',#2074,(#2078,#2085),.PCURVE_S1.);
#2074 = LINE('',#2075,#2076);
#2075 = CARTESIAN_POINT('',(-3.053996366957,-1.613587603684,27.7));
#2076 = VECTOR('',#2077,1.);
#2077 = DIRECTION('',(0.999707294591,2.419349380224E-02,0.));
#2078 = PCURVE('',#72,#2079);
#2079 = DEFINITIONAL_REPRESENTATION('',(#2080),#2084);
#2080 = LINE('',#2081,#2082);
#2081 = CARTESIAN_POINT('',(1.506003633043,-1.603730980327));
#2082 = VECTOR('',#2083,1.);
#2083 = DIRECTION('',(0.999707294591,2.419349380224E-02));
#2084 = ( GEOMETRIC_REPRESENTATION_CONTEXT(2) 
PARAMETRIC_REPRESENTATION_CONTEXT() REPRESENTATION_CONTEXT('2D SPACE',''
  ) );
#2085 = PCURVE('',#2086,#2091);
#2086 = PLANE('',#2087);
#2087 = AXIS2_PLACEMENT_3D('',#2088,#2089,#2090);
#2088 = CARTESIAN_POINT('',(-3.053996366957,-1.613587603684,23.5));
#2089 = DIRECTION('',(-2.419349380224E-02,0.999707294591,0.));
#2090 = DIRECTION('',(0.999707294591,2.419349380224E-02,0.));
#2091 = DEFINITIONAL_REPRESENTATION('',(#2092),#2096);
#2092 = LINE('',#2093,#2094);
#2093 = CARTESIAN_POINT('',(0.,-4.2));
#2094 = VECTOR('',#2095,1.);
#2095 = DIRECTION('',(1.,0.));
#2096 = ( GEOMETRIC_REPRESENTATION_CONTEXT(2) 
PARAMETRIC_REPRESENTATION_CONTEXT() REPRESENTATION_CONTEXT('2D SPACE',''
  ) );
#2097 = ORIENTED_EDGE('',*,*,#2098,.T.);
#2098 = EDGE_CURVE('',#2071,#2099,#2101,.T.);
#2099 = VERTEX_POINT('',#2100);
#2100 = CARTESIAN_POINT('',(-2.702478563896,-1.188675572311,27.7));
#2101 = SURFACE_CURVE('',#2102,(#2106,#2113),.PCURVE_S1.);
#2102 = LINE('',#2103,#2104);
#2103 = CARTESIAN_POINT('',(-2.633716893061,-1.603416597729,27.7));
#2104 = VECTOR('',#2105,1.);
#2105 = DIRECTION('',(-0.163561506549,0.98653313861,0.));
#2106 = PCURVE('',#72,#2107);
#2107 = DEFINITIONAL_REPRESENTATION('',(#2108),#2112);
#2108 = LINE('',#2109,#2110);
#2109 = CARTESIAN_POINT('',(1.926283106939,-1.593559974372));
#2110 = VECTOR('',#2111,1.);
#2111 = DIRECTION('',(-0.163561506549,0.98653313861));
#2112 = ( GEOMETRIC_REPRESENTATION_CONTEXT(2) 
PARAMETRIC_REPRESENTATION_CONTEXT() REPRESENTATION_CONTEXT('2D SPACE',''
  ) );
#2113 = PCURVE('',#2114,#2119);
#2114 = PLANE('',#2115);
#2115 = AXIS2_PLACEMENT_3D('',#2116,#2117,#2118);
#2116 = CARTESIAN_POINT('',(-2.633716893061,-1.603416597729,23.5));
#2117 = DIRECTION('',(-0.98653313861,-0.163561506549,0.));
#2118 = DIRECTION('',(-0.163561506549,0.98653313861,0.));
#2119 = DEFINITIONAL_REPRESENTATION('',(#2120),#2124);
#2120 = LINE('',#2121,#2122);
#2121 = CARTESIAN_POINT('',(0.,-4.2));
#2122 = VECTOR('',#2123,1.);
#2123 = DIRECTION('',(1.,0.));
#2124 = ( GEOMETRIC_REPRESENTATION_CONTEXT(2) 
PARAMETRIC_REPRESENTATION_CONTEXT() REPRESENTATION_CONTEXT('2D SPACE',''
  ) );
#2125 = ORIENTED_EDGE('',*,*,#2126,.T.);
#2126 = EDGE_CURVE('',#2099,#2127,#2129,.T.);
#2127 = VERTEX_POINT('',#2128);
#2128 = CARTESIAN_POINT('',(-2.297932368835,-1.07430485227,27.7));
#2129 = SURFACE_CURVE('',#2130,(#2134,#2141),.PCURVE_S1.);
#2130 = LINE('',#2131,#2132);
#2131 = CARTESIAN_POINT('',(-2.702478563896,-1.188675572311,27.7));
#2132 = VECTOR('',#2133,1.);
#2133 = DIRECTION('',(0.962282974354,0.272050504995,0.));
#2134 = PCURVE('',#72,#2135);
#2135 = DEFINITIONAL_REPRESENTATION('',(#2136),#2140);
#2136 = LINE('',#2137,#2138);
#2137 = CARTESIAN_POINT('',(1.857521436104,-1.178818948954));
#2138 = VECTOR('',#2139,1.);
#2139 = DIRECTION('',(0.962282974354,0.272050504995));
#2140 = ( GEOMETRIC_REPRESENTATION_CONTEXT(2) 
PARAMETRIC_REPRESENTATION_CONTEXT() REPRESENTATION_CONTEXT('2D SPACE',''
  ) );
#2141 = PCURVE('',#2142,#2147);
#2142 = PLANE('',#2143);
#2143 = AXIS2_PLACEMENT_3D('',#2144,#2145,#2146);
#2144 = CARTESIAN_POINT('',(-2.702478563896,-1.188675572311,23.5));
#2145 = DIRECTION('',(-0.272050504995,0.962282974354,0.));
#2146 = DIRECTION('',(0.962282974354,0.272050504995,0.));
#2147 = DEFINITIONAL_REPRESENTATION('',(#2148),#2152);
#2148 = LINE('',#2149,#2150);
#2149 = CARTESIAN_POINT('',(0.,-4.2));
#2150 = VECTOR('',#2151,1.);
#2151 = DIRECTION('',(1.,0.));
#2152 = ( GEOMETRIC_REPRESENTATION_CONTEXT(2) 
PARAMETRIC_REPRESENTATION_CONTEXT() REPRESENTATION_CONTEXT('2D SPACE',''
  ) );
#2153 = ORIENTED_EDGE('',*,*,#2154,.T.);
#2154 = EDGE_CURVE('',#2127,#2155,#2157,.T.);
#2155 = VERTEX_POINT('',#2156);
#2156 = CARTESIAN_POINT('',(-2.467675664151,-0.689694010982,27.7));
#2157 = SURFACE_CURVE('',#2158,(#2162,#2169),.PCURVE_S1.);
#2158 = LINE('',#2159,#2160);
#2159 = CARTESIAN_POINT('',(-2.297932368835,-1.07430485227,27.7));
#2160 = VECTOR('',#2161,1.);
#2161 = DIRECTION('',(-0.403763735977,0.914863293345,0.));
#2162 = PCURVE('',#72,#2163);
#2163 = DEFINITIONAL_REPRESENTATION('',(#2164),#2168);
#2164 = LINE('',#2165,#2166);
#2165 = CARTESIAN_POINT('',(2.262067631165,-1.064448228913));
#2166 = VECTOR('',#2167,1.);
#2167 = DIRECTION('',(-0.403763735977,0.914863293345));
#2168 = ( GEOMETRIC_REPRESENTATION_CONTEXT(2) 
PARAMETRIC_REPRESENTATION_CONTEXT() REPRESENTATION_CONTEXT('2D SPACE',''
  ) );
#2169 = PCURVE('',#2170,#2175);
#2170 = PLANE('',#2171);
#2171 = AXIS2_PLACEMENT_3D('',#2172,#2173,#2174);
#2172 = CARTESIAN_POINT('',(-2.297932368835,-1.07430485227,23.5));
#2173 = DIRECTION('',(-0.914863293345,-0.403763735977,0.));
#2174 = DIRECTION('',(-0.403763735977,0.914863293345,0.));
#2175 = DEFINITIONAL_REPRESENTATION('',(#2176),#2180);
#2176 = LINE('',#2177,#2178);
#2177 = CARTESIAN_POINT('',(0.,-4.2));
#2178 = VECTOR('',#2179,1.);
#2179 = DIRECTION('',(1.,0.));
#2180 = ( GEOMETRIC_REPRESENTATION_CONTEXT(2) 
PARAMETRIC_REPRESENTATION_CONTEXT() REPRESENTATION_CONTEXT('2D SPACE',''
  ) );
#2181 = ORIENTED_EDGE('',*,*,#2182,.T.);
#2182 = EDGE_CURVE('',#2155,#2183,#2185,.T.);
#2183 = VERTEX_POINT('',#2184);
#2184 = CARTESIAN_POINT('',(-2.104281873178,-0.478309909821,27.7));
#2185 = SURFACE_CURVE('',#2186,(#2190,#2197),.PCURVE_S1.);
#2186 = LINE('',#2187,#2188);
#2187 = CARTESIAN_POINT('',(-2.467675664151,-0.689694010982,27.7));
#2188 = VECTOR('',#2189,1.);
#2189 = DIRECTION('',(0.86439487581,0.502813582428,0.));
#2190 = PCURVE('',#72,#2191);
#2191 = DEFINITIONAL_REPRESENTATION('',(#2192),#2196);
#2192 = LINE('',#2193,#2194);
#2193 = CARTESIAN_POINT('',(2.092324335849,-0.679837387625));
#2194 = VECTOR('',#2195,1.);
#2195 = DIRECTION('',(0.86439487581,0.502813582428));
#2196 = ( GEOMETRIC_REPRESENTATION_CONTEXT(2) 
PARAMETRIC_REPRESENTATION_CONTEXT() REPRESENTATION_CONTEXT('2D SPACE',''
  ) );
#2197 = PCURVE('',#2198,#2203);
#2198 = PLANE('',#2199);
#2199 = AXIS2_PLACEMENT_3D('',#2200,#2201,#2202);
#2200 = CARTESIAN_POINT('',(-2.467675664151,-0.689694010982,23.5));
#2201 = DIRECTION('',(-0.502813582428,0.86439487581,0.));
#2202 = DIRECTION('',(0.86439487581,0.502813582428,0.));
#2203 = DEFINITIONAL_REPRESENTATION('',(#2204),#2208);
#2204 = LINE('',#2205,#2206);
#2205 = CARTESIAN_POINT('',(0.,-4.2));
#2206 = VECTOR('',#2207,1.);
#2207 = DIRECTION('',(1.,0.));
#2208 = ( GEOMETRIC_REPRESENTATION_CONTEXT(2) 
PARAMETRIC_REPRESENTATION_CONTEXT() REPRESENTATION_CONTEXT('2D SPACE',''
  ) );
#2209 = ORIENTED_EDGE('',*,*,#2210,.T.);
#2210 = EDGE_CURVE('',#2183,#144,#2211,.T.);
#2211 = SURFACE_CURVE('',#2212,(#2216,#2223),.PCURVE_S1.);
#2212 = LINE('',#2213,#2214);
#2213 = CARTESIAN_POINT('',(-2.104281873178,-0.478309909821,27.7));
#2214 = VECTOR('',#2215,1.);
#2215 = DIRECTION('',(-0.618596004935,0.785709222727,0.));
#2216 = PCURVE('',#72,#2217);
#2217 = DEFINITIONAL_REPRESENTATION('',(#2218),#2222);
#2218 = LINE('',#2219,#2220);
#2219 = CARTESIAN_POINT('',(2.455718126822,-0.468453286464));
#2220 = VECTOR('',#2221,1.);
#2221 = DIRECTION('',(-0.618596004935,0.785709222727));
#2222 = ( GEOMETRIC_REPRESENTATION_CONTEXT(2) 
PARAMETRIC_REPRESENTATION_CONTEXT() REPRESENTATION_CONTEXT('2D SPACE',''
  ) );
#2223 = PCURVE('',#159,#2224);
#2224 = DEFINITIONAL_REPRESENTATION('',(#2225),#2229);
#2225 = LINE('',#2226,#2227);
#2226 = CARTESIAN_POINT('',(0.,-4.2));
#2227 = VECTOR('',#2228,1.);
#2228 = DIRECTION('',(1.,0.));
#2229 = ( GEOMETRIC_REPRESENTATION_CONTEXT(2) 
PARAMETRIC_REPRESENTATION_CONTEXT() REPRESENTATION_CONTEXT('2D SPACE',''
  ) );
#2230 = ORIENTED_EDGE('',*,*,#171,.T.);
#2231 = ADVANCED_FACE('',(#2232),#159,.F.);
#2232 = FACE_BOUND('',#2233,.F.);
#2233 = EDGE_LOOP('',(#2234,#2257,#2258,#2259,#2260));
#2234 = ORIENTED_EDGE('',*,*,#2235,.T.);
#2235 = EDGE_CURVE('',#2236,#2183,#2238,.T.);
#2236 = VERTEX_POINT('',#2237);
#2237 = CARTESIAN_POINT('',(-2.104281873178,-0.478309909821,23.5));
#2238 = SURFACE_CURVE('',#2239,(#2243,#2250),.PCURVE_S1.);
#2239 = LINE('',#2240,#2241);
#2240 = CARTESIAN_POINT('',(-2.104281873178,-0.478309909821,23.5));
#2241 = VECTOR('',#2242,1.);
#2242 = DIRECTION('',(0.,0.,1.));
#2243 = PCURVE('',#159,#2244);
#2244 = DEFINITIONAL_REPRESENTATION('',(#2245),#2249);
#2245 = LINE('',#2246,#2247);
#2246 = CARTESIAN_POINT('',(0.,0.));
#2247 = VECTOR('',#2248,1.);
#2248 = DIRECTION('',(0.,-1.));
#2249 = ( GEOMETRIC_REPRESENTATION_CONTEXT(2) 
PARAMETRIC_REPRESENTATION_CONTEXT() REPRESENTATION_CONTEXT('2D SPACE',''
  ) );
#2250 = PCURVE('',#2198,#2251);
#2251 = DEFINITIONAL_REPRESENTATION('',(#2252),#2256);
#2252 = LINE('',#2253,#2254);
#2253 = CARTESIAN_POINT('',(0.42040252799,0.));
#2254 = VECTOR('',#2255,1.);
#2255 = DIRECTION('',(0.,-1.));
#2256 = ( GEOMETRIC_REPRESENTATION_CONTEXT(2) 
PARAMETRIC_REPRESENTATION_CONTEXT() REPRESENTATION_CONTEXT('2D SPACE',''
  ) );
#2257 = ORIENTED_EDGE('',*,*,#2210,.T.);
#2258 = ORIENTED_EDGE('',*,*,#141,.F.);
#2259 = ORIENTED_EDGE('',*,*,#1016,.F.);
#2260 = ORIENTED_EDGE('',*,*,#2261,.F.);
#2261 = EDGE_CURVE('',#2236,#294,#2262,.T.);
#2262 = SURFACE_CURVE('',#2263,(#2267,#2274),.PCURVE_S1.);
#2263 = LINE('',#2264,#2265);
#2264 = CARTESIAN_POINT('',(-2.104281873178,-0.478309909821,23.5));
#2265 = VECTOR('',#2266,1.);
#2266 = DIRECTION('',(-0.618596004935,0.785709222727,0.));
#2267 = PCURVE('',#159,#2268);
#2268 = DEFINITIONAL_REPRESENTATION('',(#2269),#2273);
#2269 = LINE('',#2270,#2271);
#2270 = CARTESIAN_POINT('',(0.,0.));
#2271 = VECTOR('',#2272,1.);
#2272 = DIRECTION('',(1.,0.));
#2273 = ( GEOMETRIC_REPRESENTATION_CONTEXT(2) 
PARAMETRIC_REPRESENTATION_CONTEXT() REPRESENTATION_CONTEXT('2D SPACE',''
  ) );
#2274 = PCURVE('',#2275,#2280);
#2275 = PLANE('',#2276);
#2276 = AXIS2_PLACEMENT_3D('',#2277,#2278,#2279);
#2277 = CARTESIAN_POINT('',(-4.56,-9.856623356903E-03,23.5));
#2278 = DIRECTION('',(0.,0.,1.));
#2279 = DIRECTION('',(1.,0.,0.));
#2280 = DEFINITIONAL_REPRESENTATION('',(#2281),#2285);
#2281 = LINE('',#2282,#2283);
#2282 = CARTESIAN_POINT('',(2.455718126822,-0.468453286464));
#2283 = VECTOR('',#2284,1.);
#2284 = DIRECTION('',(-0.618596004935,0.785709222727));
#2285 = ( GEOMETRIC_REPRESENTATION_CONTEXT(2) 
PARAMETRIC_REPRESENTATION_CONTEXT() REPRESENTATION_CONTEXT('2D SPACE',''
  ) );
#2286 = ADVANCED_FACE('',(#2287),#257,.F.);
#2287 = FACE_BOUND('',#2288,.F.);
#2288 = EDGE_LOOP('',(#2289,#2290,#2291,#2312));
#2289 = ORIENTED_EDGE('',*,*,#241,.T.);
#2290 = ORIENTED_EDGE('',*,*,#1042,.T.);
#2291 = ORIENTED_EDGE('',*,*,#2292,.F.);
#2292 = EDGE_CURVE('',#965,#1043,#2293,.T.);
#2293 = SURFACE_CURVE('',#2294,(#2298,#2305),.PCURVE_S1.);
#2294 = LINE('',#2295,#2296);
#2295 = CARTESIAN_POINT('',(-2.569380484575,0.926857818086,23.5));
#2296 = VECTOR('',#2297,1.);
#2297 = DIRECTION('',(0.,0.,1.));
#2298 = PCURVE('',#257,#2299);
#2299 = DEFINITIONAL_REPRESENTATION('',(#2300),#2304);
#2300 = LINE('',#2301,#2302);
#2301 = CARTESIAN_POINT('',(0.42040252799,0.));
#2302 = VECTOR('',#2303,1.);
#2303 = DIRECTION('',(0.,-1.));
#2304 = ( GEOMETRIC_REPRESENTATION_CONTEXT(2) 
PARAMETRIC_REPRESENTATION_CONTEXT() REPRESENTATION_CONTEXT('2D SPACE',''
  ) );
#2305 = PCURVE('',#980,#2306);
#2306 = DEFINITIONAL_REPRESENTATION('',(#2307),#2311);
#2307 = LINE('',#2308,#2309);
#2308 = CARTESIAN_POINT('',(0.,0.));
#2309 = VECTOR('',#2310,1.);
#2310 = DIRECTION('',(0.,-1.));
#2311 = ( GEOMETRIC_REPRESENTATION_CONTEXT(2) 
PARAMETRIC_REPRESENTATION_CONTEXT() REPRESENTATION_CONTEXT('2D SPACE',''
  ) );
#2312 = ORIENTED_EDGE('',*,*,#992,.F.);
#2313 = ADVANCED_FACE('',(#2314),#312,.T.);
#2314 = FACE_BOUND('',#2315,.F.);
#2315 = EDGE_LOOP('',(#2316,#2345,#2366,#2367,#2396,#2425,#2454,#2483,
    #2512,#2541,#2570,#2599,#2628,#2657,#2686,#2715,#2744,#2773,#2802,
    #2831,#2860,#2889,#2918,#2947,#2976,#3005,#3027,#3028));
#2316 = ORIENTED_EDGE('',*,*,#2317,.F.);
#2317 = EDGE_CURVE('',#2318,#2318,#2320,.T.);
#2318 = VERTEX_POINT('',#2319);
#2319 = CARTESIAN_POINT('',(-2.06,3.77865380311E-16,22.7));
#2320 = SURFACE_CURVE('',#2321,(#2326,#2333),.PCURVE_S1.);
#2321 = CIRCLE('',#2322,2.5);
#2322 = AXIS2_PLACEMENT_3D('',#2323,#2324,#2325);
#2323 = CARTESIAN_POINT('',(-4.56,3.77865380311E-16,22.7));
#2324 = DIRECTION('',(0.,0.,1.));
#2325 = DIRECTION('',(1.,0.,0.));
#2326 = PCURVE('',#312,#2327);
#2327 = DEFINITIONAL_REPRESENTATION('',(#2328),#2332);
#2328 = LINE('',#2329,#2330);
#2329 = CARTESIAN_POINT('',(-0.,0.));
#2330 = VECTOR('',#2331,1.);
#2331 = DIRECTION('',(-1.,0.));
#2332 = ( GEOMETRIC_REPRESENTATION_CONTEXT(2) 
PARAMETRIC_REPRESENTATION_CONTEXT() REPRESENTATION_CONTEXT('2D SPACE',''
  ) );
#2333 = PCURVE('',#2334,#2339);
#2334 = PLANE('',#2335);
#2335 = AXIS2_PLACEMENT_3D('',#2336,#2337,#2338);
#2336 = CARTESIAN_POINT('',(0.,0.,22.7));
#2337 = DIRECTION('',(0.,0.,1.));
#2338 = DIRECTION('',(1.,0.,0.));
#2339 = DEFINITIONAL_REPRESENTATION('',(#2340),#2344);
#2340 = CIRCLE('',#2341,2.5);
#2341 = AXIS2_PLACEMENT_2D('',#2342,#2343);
#2342 = CARTESIAN_POINT('',(-4.56,3.77865380311E-16));
#2343 = DIRECTION('',(1.,0.));
#2344 = ( GEOMETRIC_REPRESENTATION_CONTEXT(2) 
PARAMETRIC_REPRESENTATION_CONTEXT() REPRESENTATION_CONTEXT('2D SPACE',''
  ) );
#2345 = ORIENTED_EDGE('',*,*,#2346,.T.);
#2346 = EDGE_CURVE('',#2318,#296,#2347,.T.);
#2347 = SEAM_CURVE('',#2348,(#2352,#2359),.PCURVE_S1.);
#2348 = LINE('',#2349,#2350);
#2349 = CARTESIAN_POINT('',(-2.06,3.77865380311E-16,22.7));
#2350 = VECTOR('',#2351,1.);
#2351 = DIRECTION('',(0.,0.,1.));
#2352 = PCURVE('',#312,#2353);
#2353 = DEFINITIONAL_REPRESENTATION('',(#2354),#2358);
#2354 = LINE('',#2355,#2356);
#2355 = CARTESIAN_POINT('',(-6.28318530718,0.));
#2356 = VECTOR('',#2357,1.);
#2357 = DIRECTION('',(-0.,-1.));
#2358 = ( GEOMETRIC_REPRESENTATION_CONTEXT(2) 
PARAMETRIC_REPRESENTATION_CONTEXT() REPRESENTATION_CONTEXT('2D SPACE',''
  ) );
#2359 = PCURVE('',#312,#2360);
#2360 = DEFINITIONAL_REPRESENTATION('',(#2361),#2365);
#2361 = LINE('',#2362,#2363);
#2362 = CARTESIAN_POINT('',(-0.,0.));
#2363 = VECTOR('',#2364,1.);
#2364 = DIRECTION('',(-0.,-1.));
#2365 = ( GEOMETRIC_REPRESENTATION_CONTEXT(2) 
PARAMETRIC_REPRESENTATION_CONTEXT() REPRESENTATION_CONTEXT('2D SPACE',''
  ) );
#2366 = ORIENTED_EDGE('',*,*,#324,.T.);
#2367 = ORIENTED_EDGE('',*,*,#2368,.T.);
#2368 = EDGE_CURVE('',#325,#2369,#2371,.T.);
#2369 = VERTEX_POINT('',#2370);
#2370 = CARTESIAN_POINT('',(-7.01357390335,-0.479557192418,23.5));
#2371 = SURFACE_CURVE('',#2372,(#2377,#2384),.PCURVE_S1.);
#2372 = CIRCLE('',#2373,2.5);
#2373 = AXIS2_PLACEMENT_3D('',#2374,#2375,#2376);
#2374 = CARTESIAN_POINT('',(-4.56,3.77865380311E-16,23.5));
#2375 = DIRECTION('',(0.,0.,1.));
#2376 = DIRECTION('',(1.,0.,0.));
#2377 = PCURVE('',#312,#2378);
#2378 = DEFINITIONAL_REPRESENTATION('',(#2379),#2383);
#2379 = LINE('',#2380,#2381);
#2380 = CARTESIAN_POINT('',(-0.,-0.8));
#2381 = VECTOR('',#2382,1.);
#2382 = DIRECTION('',(-1.,0.));
#2383 = ( GEOMETRIC_REPRESENTATION_CONTEXT(2) 
PARAMETRIC_REPRESENTATION_CONTEXT() REPRESENTATION_CONTEXT('2D SPACE',''
  ) );
#2384 = PCURVE('',#2385,#2390);
#2385 = PLANE('',#2386);
#2386 = AXIS2_PLACEMENT_3D('',#2387,#2388,#2389);
#2387 = CARTESIAN_POINT('',(-4.56,-9.856623356903E-03,23.5));
#2388 = DIRECTION('',(0.,0.,1.));
#2389 = DIRECTION('',(1.,0.,0.));
#2390 = DEFINITIONAL_REPRESENTATION('',(#2391),#2395);
#2391 = CIRCLE('',#2392,2.5);
#2392 = AXIS2_PLACEMENT_2D('',#2393,#2394);
#2393 = CARTESIAN_POINT('',(-1.173390992595E-15,9.856623356903E-03));
#2394 = DIRECTION('',(1.,0.));
#2395 = ( GEOMETRIC_REPRESENTATION_CONTEXT(2) 
PARAMETRIC_REPRESENTATION_CONTEXT() REPRESENTATION_CONTEXT('2D SPACE',''
  ) );
#2396 = ORIENTED_EDGE('',*,*,#2397,.T.);
#2397 = EDGE_CURVE('',#2369,#2398,#2400,.T.);
#2398 = VERTEX_POINT('',#2399);
#2399 = CARTESIAN_POINT('',(-6.819819902572,-1.06921186298,23.5));
#2400 = SURFACE_CURVE('',#2401,(#2406,#2413),.PCURVE_S1.);
#2401 = CIRCLE('',#2402,2.5);
#2402 = AXIS2_PLACEMENT_3D('',#2403,#2404,#2405);
#2403 = CARTESIAN_POINT('',(-4.56,3.77865380311E-16,23.5));
#2404 = DIRECTION('',(0.,0.,1.));
#2405 = DIRECTION('',(1.,0.,0.));
#2406 = PCURVE('',#312,#2407);
#2407 = DEFINITIONAL_REPRESENTATION('',(#2408),#2412);
#2408 = LINE('',#2409,#2410);
#2409 = CARTESIAN_POINT('',(-0.,-0.8));
#2410 = VECTOR('',#2411,1.);
#2411 = DIRECTION('',(-1.,0.));
#2412 = ( GEOMETRIC_REPRESENTATION_CONTEXT(2) 
PARAMETRIC_REPRESENTATION_CONTEXT() REPRESENTATION_CONTEXT('2D SPACE',''
  ) );
#2413 = PCURVE('',#2414,#2419);
#2414 = PLANE('',#2415);
#2415 = AXIS2_PLACEMENT_3D('',#2416,#2417,#2418);
#2416 = CARTESIAN_POINT('',(-4.56,5.4929950689E-16,23.5));
#2417 = DIRECTION('',(0.,0.,1.));
#2418 = DIRECTION('',(1.,0.,0.));
#2419 = DEFINITIONAL_REPRESENTATION('',(#2420),#2424);
#2420 = CIRCLE('',#2421,2.5);
#2421 = AXIS2_PLACEMENT_2D('',#2422,#2423);
#2422 = CARTESIAN_POINT('',(1.367440132539E-16,-1.714341265789E-16));
#2423 = DIRECTION('',(1.,0.));
#2424 = ( GEOMETRIC_REPRESENTATION_CONTEXT(2) 
PARAMETRIC_REPRESENTATION_CONTEXT() REPRESENTATION_CONTEXT('2D SPACE',''
  ) );
#2425 = ORIENTED_EDGE('',*,*,#2426,.T.);
#2426 = EDGE_CURVE('',#2398,#2427,#2429,.T.);
#2427 = VERTEX_POINT('',#2428);
#2428 = CARTESIAN_POINT('',(-6.816677304179,-1.075828771135,23.5));
#2429 = SURFACE_CURVE('',#2430,(#2435,#2442),.PCURVE_S1.);
#2430 = CIRCLE('',#2431,2.5);
#2431 = AXIS2_PLACEMENT_3D('',#2432,#2433,#2434);
#2432 = CARTESIAN_POINT('',(-4.56,3.77865380311E-16,23.5));
#2433 = DIRECTION('',(0.,0.,1.));
#2434 = DIRECTION('',(1.,0.,0.));
#2435 = PCURVE('',#312,#2436);
#2436 = DEFINITIONAL_REPRESENTATION('',(#2437),#2441);
#2437 = LINE('',#2438,#2439);
#2438 = CARTESIAN_POINT('',(-0.,-0.8));
#2439 = VECTOR('',#2440,1.);
#2440 = DIRECTION('',(-1.,0.));
#2441 = ( GEOMETRIC_REPRESENTATION_CONTEXT(2) 
PARAMETRIC_REPRESENTATION_CONTEXT() REPRESENTATION_CONTEXT('2D SPACE',''
  ) );
#2442 = PCURVE('',#2443,#2448);
#2443 = PLANE('',#2444);
#2444 = AXIS2_PLACEMENT_3D('',#2445,#2446,#2447);
#2445 = CARTESIAN_POINT('',(-4.56,-9.856623356903E-03,23.5));
#2446 = DIRECTION('',(0.,0.,1.));
#2447 = DIRECTION('',(1.,0.,0.));
#2448 = DEFINITIONAL_REPRESENTATION('',(#2449),#2453);
#2449 = CIRCLE('',#2450,2.5);
#2450 = AXIS2_PLACEMENT_2D('',#2451,#2452);
#2451 = CARTESIAN_POINT('',(-1.173390992595E-15,9.856623356903E-03));
#2452 = DIRECTION('',(1.,0.));
#2453 = ( GEOMETRIC_REPRESENTATION_CONTEXT(2) 
PARAMETRIC_REPRESENTATION_CONTEXT() REPRESENTATION_CONTEXT('2D SPACE',''
  ) );
#2454 = ORIENTED_EDGE('',*,*,#2455,.T.);
#2455 = EDGE_CURVE('',#2427,#2456,#2458,.T.);
#2456 = VERTEX_POINT('',#2457);
#2457 = CARTESIAN_POINT('',(-6.484921566025,-1.595204364542,23.5));
#2458 = SURFACE_CURVE('',#2459,(#2464,#2471),.PCURVE_S1.);
#2459 = CIRCLE('',#2460,2.5);
#2460 = AXIS2_PLACEMENT_3D('',#2461,#2462,#2463);
#2461 = CARTESIAN_POINT('',(-4.56,3.77865380311E-16,23.5));
#2462 = DIRECTION('',(0.,0.,1.));
#2463 = DIRECTION('',(1.,0.,0.));
#2464 = PCURVE('',#312,#2465);
#2465 = DEFINITIONAL_REPRESENTATION('',(#2466),#2470);
#2466 = LINE('',#2467,#2468);
#2467 = CARTESIAN_POINT('',(-0.,-0.8));
#2468 = VECTOR('',#2469,1.);
#2469 = DIRECTION('',(-1.,0.));
#2470 = ( GEOMETRIC_REPRESENTATION_CONTEXT(2) 
PARAMETRIC_REPRESENTATION_CONTEXT() REPRESENTATION_CONTEXT('2D SPACE',''
  ) );
#2471 = PCURVE('',#2472,#2477);
#2472 = PLANE('',#2473);
#2473 = AXIS2_PLACEMENT_3D('',#2474,#2475,#2476);
#2474 = CARTESIAN_POINT('',(-4.56,5.4929950689E-16,23.5));
#2475 = DIRECTION('',(0.,0.,1.));
#2476 = DIRECTION('',(1.,0.,0.));
#2477 = DEFINITIONAL_REPRESENTATION('',(#2478),#2482);
#2478 = CIRCLE('',#2479,2.5);
#2479 = AXIS2_PLACEMENT_2D('',#2480,#2481);
#2480 = CARTESIAN_POINT('',(1.367440132539E-16,-1.714341265789E-16));
#2481 = DIRECTION('',(1.,0.));
#2482 = ( GEOMETRIC_REPRESENTATION_CONTEXT(2) 
PARAMETRIC_REPRESENTATION_CONTEXT() REPRESENTATION_CONTEXT('2D SPACE',''
  ) );
#2483 = ORIENTED_EDGE('',*,*,#2484,.T.);
#2484 = EDGE_CURVE('',#2456,#2485,#2487,.T.);
#2485 = VERTEX_POINT('',#2486);
#2486 = CARTESIAN_POINT('',(-6.477917075564,-1.603619060519,23.5));
#2487 = SURFACE_CURVE('',#2488,(#2493,#2500),.PCURVE_S1.);
#2488 = CIRCLE('',#2489,2.5);
#2489 = AXIS2_PLACEMENT_3D('',#2490,#2491,#2492);
#2490 = CARTESIAN_POINT('',(-4.56,3.77865380311E-16,23.5));
#2491 = DIRECTION('',(0.,0.,1.));
#2492 = DIRECTION('',(1.,0.,0.));
#2493 = PCURVE('',#312,#2494);
#2494 = DEFINITIONAL_REPRESENTATION('',(#2495),#2499);
#2495 = LINE('',#2496,#2497);
#2496 = CARTESIAN_POINT('',(-0.,-0.8));
#2497 = VECTOR('',#2498,1.);
#2498 = DIRECTION('',(-1.,0.));
#2499 = ( GEOMETRIC_REPRESENTATION_CONTEXT(2) 
PARAMETRIC_REPRESENTATION_CONTEXT() REPRESENTATION_CONTEXT('2D SPACE',''
  ) );
#2500 = PCURVE('',#2501,#2506);
#2501 = PLANE('',#2502);
#2502 = AXIS2_PLACEMENT_3D('',#2503,#2504,#2505);
#2503 = CARTESIAN_POINT('',(-4.56,-9.856623356903E-03,23.5));
#2504 = DIRECTION('',(0.,0.,1.));
#2505 = DIRECTION('',(1.,0.,0.));
#2506 = DEFINITIONAL_REPRESENTATION('',(#2507),#2511);
#2507 = CIRCLE('',#2508,2.5);
#2508 = AXIS2_PLACEMENT_2D('',#2509,#2510);
#2509 = CARTESIAN_POINT('',(-1.173390992595E-15,9.856623356903E-03));
#2510 = DIRECTION('',(1.,0.));
#2511 = ( GEOMETRIC_REPRESENTATION_CONTEXT(2) 
PARAMETRIC_REPRESENTATION_CONTEXT() REPRESENTATION_CONTEXT('2D SPACE',''
  ) );
#2512 = ORIENTED_EDGE('',*,*,#2513,.T.);
#2513 = EDGE_CURVE('',#2485,#2514,#2516,.T.);
#2514 = VERTEX_POINT('',#2515);
#2515 = CARTESIAN_POINT('',(-6.030381334473,-2.021875053319,23.5));
#2516 = SURFACE_CURVE('',#2517,(#2522,#2529),.PCURVE_S1.);
#2517 = CIRCLE('',#2518,2.5);
#2518 = AXIS2_PLACEMENT_3D('',#2519,#2520,#2521);
#2519 = CARTESIAN_POINT('',(-4.56,3.77865380311E-16,23.5));
#2520 = DIRECTION('',(0.,0.,1.));
#2521 = DIRECTION('',(1.,0.,0.));
#2522 = PCURVE('',#312,#2523);
#2523 = DEFINITIONAL_REPRESENTATION('',(#2524),#2528);
#2524 = LINE('',#2525,#2526);
#2525 = CARTESIAN_POINT('',(-0.,-0.8));
#2526 = VECTOR('',#2527,1.);
#2527 = DIRECTION('',(-1.,0.));
#2528 = ( GEOMETRIC_REPRESENTATION_CONTEXT(2) 
PARAMETRIC_REPRESENTATION_CONTEXT() REPRESENTATION_CONTEXT('2D SPACE',''
  ) );
#2529 = PCURVE('',#2530,#2535);
#2530 = PLANE('',#2531);
#2531 = AXIS2_PLACEMENT_3D('',#2532,#2533,#2534);
#2532 = CARTESIAN_POINT('',(-4.56,5.4929950689E-16,23.5));
#2533 = DIRECTION('',(0.,0.,1.));
#2534 = DIRECTION('',(1.,0.,0.));
#2535 = DEFINITIONAL_REPRESENTATION('',(#2536),#2540);
#2536 = CIRCLE('',#2537,2.5);
#2537 = AXIS2_PLACEMENT_2D('',#2538,#2539);
#2538 = CARTESIAN_POINT('',(1.367440132539E-16,-1.714341265789E-16));
#2539 = DIRECTION('',(1.,0.));
#2540 = ( GEOMETRIC_REPRESENTATION_CONTEXT(2) 
PARAMETRIC_REPRESENTATION_CONTEXT() REPRESENTATION_CONTEXT('2D SPACE',''
  ) );
#2541 = ORIENTED_EDGE('',*,*,#2542,.T.);
#2542 = EDGE_CURVE('',#2514,#2543,#2545,.T.);
#2543 = VERTEX_POINT('',#2544);
#2544 = CARTESIAN_POINT('',(-6.019128783995,-2.030010638326,23.5));
#2545 = SURFACE_CURVE('',#2546,(#2551,#2558),.PCURVE_S1.);
#2546 = CIRCLE('',#2547,2.5);
#2547 = AXIS2_PLACEMENT_3D('',#2548,#2549,#2550);
#2548 = CARTESIAN_POINT('',(-4.56,3.77865380311E-16,23.5));
#2549 = DIRECTION('',(0.,0.,1.));
#2550 = DIRECTION('',(1.,0.,0.));
#2551 = PCURVE('',#312,#2552);
#2552 = DEFINITIONAL_REPRESENTATION('',(#2553),#2557);
#2553 = LINE('',#2554,#2555);
#2554 = CARTESIAN_POINT('',(-0.,-0.8));
#2555 = VECTOR('',#2556,1.);
#2556 = DIRECTION('',(-1.,0.));
#2557 = ( GEOMETRIC_REPRESENTATION_CONTEXT(2) 
PARAMETRIC_REPRESENTATION_CONTEXT() REPRESENTATION_CONTEXT('2D SPACE',''
  ) );
#2558 = PCURVE('',#2559,#2564);
#2559 = PLANE('',#2560);
#2560 = AXIS2_PLACEMENT_3D('',#2561,#2562,#2563);
#2561 = CARTESIAN_POINT('',(-4.56,-9.856623356903E-03,23.5));
#2562 = DIRECTION('',(0.,0.,1.));
#2563 = DIRECTION('',(1.,0.,0.));
#2564 = DEFINITIONAL_REPRESENTATION('',(#2565),#2569);
#2565 = CIRCLE('',#2566,2.5);
#2566 = AXIS2_PLACEMENT_2D('',#2567,#2568);
#2567 = CARTESIAN_POINT('',(-1.173390992595E-15,9.856623356903E-03));
#2568 = DIRECTION('',(1.,0.));
#2569 = ( GEOMETRIC_REPRESENTATION_CONTEXT(2) 
PARAMETRIC_REPRESENTATION_CONTEXT() REPRESENTATION_CONTEXT('2D SPACE',''
  ) );
#2570 = ORIENTED_EDGE('',*,*,#2571,.T.);
#2571 = EDGE_CURVE('',#2543,#2572,#2574,.T.);
#2572 = VERTEX_POINT('',#2573);
#2573 = CARTESIAN_POINT('',(-5.484342905966,-2.322840974365,23.5));
#2574 = SURFACE_CURVE('',#2575,(#2580,#2587),.PCURVE_S1.);
#2575 = CIRCLE('',#2576,2.5);
#2576 = AXIS2_PLACEMENT_3D('',#2577,#2578,#2579);
#2577 = CARTESIAN_POINT('',(-4.56,3.77865380311E-16,23.5));
#2578 = DIRECTION('',(0.,0.,1.));
#2579 = DIRECTION('',(1.,0.,0.));
#2580 = PCURVE('',#312,#2581);
#2581 = DEFINITIONAL_REPRESENTATION('',(#2582),#2586);
#2582 = LINE('',#2583,#2584);
#2583 = CARTESIAN_POINT('',(-0.,-0.8));
#2584 = VECTOR('',#2585,1.);
#2585 = DIRECTION('',(-1.,0.));
#2586 = ( GEOMETRIC_REPRESENTATION_CONTEXT(2) 
PARAMETRIC_REPRESENTATION_CONTEXT() REPRESENTATION_CONTEXT('2D SPACE',''
  ) );
#2587 = PCURVE('',#2588,#2593);
#2588 = PLANE('',#2589);
#2589 = AXIS2_PLACEMENT_3D('',#2590,#2591,#2592);
#2590 = CARTESIAN_POINT('',(-4.56,5.4929950689E-16,23.5));
#2591 = DIRECTION('',(0.,0.,1.));
#2592 = DIRECTION('',(1.,0.,0.));
#2593 = DEFINITIONAL_REPRESENTATION('',(#2594),#2598);
#2594 = CIRCLE('',#2595,2.5);
#2595 = AXIS2_PLACEMENT_2D('',#2596,#2597);
#2596 = CARTESIAN_POINT('',(1.367440132539E-16,-1.714341265789E-16));
#2597 = DIRECTION('',(1.,0.));
#2598 = ( GEOMETRIC_REPRESENTATION_CONTEXT(2) 
PARAMETRIC_REPRESENTATION_CONTEXT() REPRESENTATION_CONTEXT('2D SPACE',''
  ) );
#2599 = ORIENTED_EDGE('',*,*,#2600,.T.);
#2600 = EDGE_CURVE('',#2572,#2601,#2603,.T.);
#2601 = VERTEX_POINT('',#2602);
#2602 = CARTESIAN_POINT('',(-5.469502461244,-2.32869175139,23.5));
#2603 = SURFACE_CURVE('',#2604,(#2609,#2616),.PCURVE_S1.);
#2604 = CIRCLE('',#2605,2.5);
#2605 = AXIS2_PLACEMENT_3D('',#2606,#2607,#2608);
#2606 = CARTESIAN_POINT('',(-4.56,3.77865380311E-16,23.5));
#2607 = DIRECTION('',(0.,0.,1.));
#2608 = DIRECTION('',(1.,0.,0.));
#2609 = PCURVE('',#312,#2610);
#2610 = DEFINITIONAL_REPRESENTATION('',(#2611),#2615);
#2611 = LINE('',#2612,#2613);
#2612 = CARTESIAN_POINT('',(-0.,-0.8));
#2613 = VECTOR('',#2614,1.);
#2614 = DIRECTION('',(-1.,0.));
#2615 = ( GEOMETRIC_REPRESENTATION_CONTEXT(2) 
PARAMETRIC_REPRESENTATION_CONTEXT() REPRESENTATION_CONTEXT('2D SPACE',''
  ) );
#2616 = PCURVE('',#2617,#2622);
#2617 = PLANE('',#2618);
#2618 = AXIS2_PLACEMENT_3D('',#2619,#2620,#2621);
#2619 = CARTESIAN_POINT('',(-4.56,-9.856623356903E-03,23.5));
#2620 = DIRECTION('',(0.,0.,1.));
#2621 = DIRECTION('',(1.,0.,0.));
#2622 = DEFINITIONAL_REPRESENTATION('',(#2623),#2627);
#2623 = CIRCLE('',#2624,2.5);
#2624 = AXIS2_PLACEMENT_2D('',#2625,#2626);
#2625 = CARTESIAN_POINT('',(-1.173390992595E-15,9.856623356903E-03));
#2626 = DIRECTION('',(1.,0.));
#2627 = ( GEOMETRIC_REPRESENTATION_CONTEXT(2) 
PARAMETRIC_REPRESENTATION_CONTEXT() REPRESENTATION_CONTEXT('2D SPACE',''
  ) );
#2628 = ORIENTED_EDGE('',*,*,#2629,.T.);
#2629 = EDGE_CURVE('',#2601,#2630,#2632,.T.);
#2630 = VERTEX_POINT('',#2631);
#2631 = CARTESIAN_POINT('',(-4.880544823367,-2.479365042952,23.5));
#2632 = SURFACE_CURVE('',#2633,(#2638,#2645),.PCURVE_S1.);
#2633 = CIRCLE('',#2634,2.5);
#2634 = AXIS2_PLACEMENT_3D('',#2635,#2636,#2637);
#2635 = CARTESIAN_POINT('',(-4.56,3.77865380311E-16,23.5));
#2636 = DIRECTION('',(0.,0.,1.));
#2637 = DIRECTION('',(1.,0.,0.));
#2638 = PCURVE('',#312,#2639);
#2639 = DEFINITIONAL_REPRESENTATION('',(#2640),#2644);
#2640 = LINE('',#2641,#2642);
#2641 = CARTESIAN_POINT('',(-0.,-0.8));
#2642 = VECTOR('',#2643,1.);
#2643 = DIRECTION('',(-1.,0.));
#2644 = ( GEOMETRIC_REPRESENTATION_CONTEXT(2) 
PARAMETRIC_REPRESENTATION_CONTEXT() REPRESENTATION_CONTEXT('2D SPACE',''
  ) );
#2645 = PCURVE('',#2646,#2651);
#2646 = PLANE('',#2647);
#2647 = AXIS2_PLACEMENT_3D('',#2648,#2649,#2650);
#2648 = CARTESIAN_POINT('',(-4.56,5.4929950689E-16,23.5));
#2649 = DIRECTION('',(0.,0.,1.));
#2650 = DIRECTION('',(1.,0.,0.));
#2651 = DEFINITIONAL_REPRESENTATION('',(#2652),#2656);
#2652 = CIRCLE('',#2653,2.5);
#2653 = AXIS2_PLACEMENT_2D('',#2654,#2655);
#2654 = CARTESIAN_POINT('',(1.367440132539E-16,-1.714341265789E-16));
#2655 = DIRECTION('',(1.,0.));
#2656 = ( GEOMETRIC_REPRESENTATION_CONTEXT(2) 
PARAMETRIC_REPRESENTATION_CONTEXT() REPRESENTATION_CONTEXT('2D SPACE',''
  ) );
#2657 = ORIENTED_EDGE('',*,*,#2658,.T.);
#2658 = EDGE_CURVE('',#2630,#2659,#2661,.T.);
#2659 = VERTEX_POINT('',#2660);
#2660 = CARTESIAN_POINT('',(-4.863659123855,-2.481489701067,23.5));
#2661 = SURFACE_CURVE('',#2662,(#2667,#2674),.PCURVE_S1.);
#2662 = CIRCLE('',#2663,2.5);
#2663 = AXIS2_PLACEMENT_3D('',#2664,#2665,#2666);
#2664 = CARTESIAN_POINT('',(-4.56,3.77865380311E-16,23.5));
#2665 = DIRECTION('',(0.,0.,1.));
#2666 = DIRECTION('',(1.,0.,0.));
#2667 = PCURVE('',#312,#2668);
#2668 = DEFINITIONAL_REPRESENTATION('',(#2669),#2673);
#2669 = LINE('',#2670,#2671);
#2670 = CARTESIAN_POINT('',(-0.,-0.8));
#2671 = VECTOR('',#2672,1.);
#2672 = DIRECTION('',(-1.,0.));
#2673 = ( GEOMETRIC_REPRESENTATION_CONTEXT(2) 
PARAMETRIC_REPRESENTATION_CONTEXT() REPRESENTATION_CONTEXT('2D SPACE',''
  ) );
#2674 = PCURVE('',#2675,#2680);
#2675 = PLANE('',#2676);
#2676 = AXIS2_PLACEMENT_3D('',#2677,#2678,#2679);
#2677 = CARTESIAN_POINT('',(-4.56,-9.856623356903E-03,23.5));
#2678 = DIRECTION('',(0.,0.,1.));
#2679 = DIRECTION('',(1.,0.,0.));
#2680 = DEFINITIONAL_REPRESENTATION('',(#2681),#2685);
#2681 = CIRCLE('',#2682,2.5);
#2682 = AXIS2_PLACEMENT_2D('',#2683,#2684);
#2683 = CARTESIAN_POINT('',(-1.173390992595E-15,9.856623356903E-03));
#2684 = DIRECTION('',(1.,0.));
#2685 = ( GEOMETRIC_REPRESENTATION_CONTEXT(2) 
PARAMETRIC_REPRESENTATION_CONTEXT() REPRESENTATION_CONTEXT('2D SPACE',''
  ) );
#2686 = ORIENTED_EDGE('',*,*,#2687,.T.);
#2687 = EDGE_CURVE('',#2659,#2688,#2690,.T.);
#2688 = VERTEX_POINT('',#2689);
#2689 = CARTESIAN_POINT('',(-4.256340876145,-2.481489701067,23.5));
#2690 = SURFACE_CURVE('',#2691,(#2696,#2703),.PCURVE_S1.);
#2691 = CIRCLE('',#2692,2.5);
#2692 = AXIS2_PLACEMENT_3D('',#2693,#2694,#2695);
#2693 = CARTESIAN_POINT('',(-4.56,3.77865380311E-16,23.5));
#2694 = DIRECTION('',(0.,0.,1.));
#2695 = DIRECTION('',(1.,0.,0.));
#2696 = PCURVE('',#312,#2697);
#2697 = DEFINITIONAL_REPRESENTATION('',(#2698),#2702);
#2698 = LINE('',#2699,#2700);
#2699 = CARTESIAN_POINT('',(-0.,-0.8));
#2700 = VECTOR('',#2701,1.);
#2701 = DIRECTION('',(-1.,0.));
#2702 = ( GEOMETRIC_REPRESENTATION_CONTEXT(2) 
PARAMETRIC_REPRESENTATION_CONTEXT() REPRESENTATION_CONTEXT('2D SPACE',''
  ) );
#2703 = PCURVE('',#2704,#2709);
#2704 = PLANE('',#2705);
#2705 = AXIS2_PLACEMENT_3D('',#2706,#2707,#2708);
#2706 = CARTESIAN_POINT('',(-4.56,5.4929950689E-16,23.5));
#2707 = DIRECTION('',(0.,0.,1.));
#2708 = DIRECTION('',(1.,0.,0.));
#2709 = DEFINITIONAL_REPRESENTATION('',(#2710),#2714);
#2710 = CIRCLE('',#2711,2.5);
#2711 = AXIS2_PLACEMENT_2D('',#2712,#2713);
#2712 = CARTESIAN_POINT('',(1.367440132539E-16,-1.714341265789E-16));
#2713 = DIRECTION('',(1.,0.));
#2714 = ( GEOMETRIC_REPRESENTATION_CONTEXT(2) 
PARAMETRIC_REPRESENTATION_CONTEXT() REPRESENTATION_CONTEXT('2D SPACE',''
  ) );
#2715 = ORIENTED_EDGE('',*,*,#2716,.T.);
#2716 = EDGE_CURVE('',#2688,#2717,#2719,.T.);
#2717 = VERTEX_POINT('',#2718);
#2718 = CARTESIAN_POINT('',(-4.239455176633,-2.479365042952,23.5));
#2719 = SURFACE_CURVE('',#2720,(#2725,#2732),.PCURVE_S1.);
#2720 = CIRCLE('',#2721,2.5);
#2721 = AXIS2_PLACEMENT_3D('',#2722,#2723,#2724);
#2722 = CARTESIAN_POINT('',(-4.56,3.77865380311E-16,23.5));
#2723 = DIRECTION('',(0.,0.,1.));
#2724 = DIRECTION('',(1.,0.,0.));
#2725 = PCURVE('',#312,#2726);
#2726 = DEFINITIONAL_REPRESENTATION('',(#2727),#2731);
#2727 = LINE('',#2728,#2729);
#2728 = CARTESIAN_POINT('',(-0.,-0.8));
#2729 = VECTOR('',#2730,1.);
#2730 = DIRECTION('',(-1.,0.));
#2731 = ( GEOMETRIC_REPRESENTATION_CONTEXT(2) 
PARAMETRIC_REPRESENTATION_CONTEXT() REPRESENTATION_CONTEXT('2D SPACE',''
  ) );
#2732 = PCURVE('',#2733,#2738);
#2733 = PLANE('',#2734);
#2734 = AXIS2_PLACEMENT_3D('',#2735,#2736,#2737);
#2735 = CARTESIAN_POINT('',(-4.56,-9.856623356903E-03,23.5));
#2736 = DIRECTION('',(0.,0.,1.));
#2737 = DIRECTION('',(1.,0.,0.));
#2738 = DEFINITIONAL_REPRESENTATION('',(#2739),#2743);
#2739 = CIRCLE('',#2740,2.5);
#2740 = AXIS2_PLACEMENT_2D('',#2741,#2742);
#2741 = CARTESIAN_POINT('',(-1.173390992595E-15,9.856623356903E-03));
#2742 = DIRECTION('',(1.,0.));
#2743 = ( GEOMETRIC_REPRESENTATION_CONTEXT(2) 
PARAMETRIC_REPRESENTATION_CONTEXT() REPRESENTATION_CONTEXT('2D SPACE',''
  ) );
#2744 = ORIENTED_EDGE('',*,*,#2745,.T.);
#2745 = EDGE_CURVE('',#2717,#2746,#2748,.T.);
#2746 = VERTEX_POINT('',#2747);
#2747 = CARTESIAN_POINT('',(-3.650497538756,-2.32869175139,23.5));
#2748 = SURFACE_CURVE('',#2749,(#2754,#2761),.PCURVE_S1.);
#2749 = CIRCLE('',#2750,2.5);
#2750 = AXIS2_PLACEMENT_3D('',#2751,#2752,#2753);
#2751 = CARTESIAN_POINT('',(-4.56,3.77865380311E-16,23.5));
#2752 = DIRECTION('',(0.,0.,1.));
#2753 = DIRECTION('',(1.,0.,0.));
#2754 = PCURVE('',#312,#2755);
#2755 = DEFINITIONAL_REPRESENTATION('',(#2756),#2760);
#2756 = LINE('',#2757,#2758);
#2757 = CARTESIAN_POINT('',(-0.,-0.8));
#2758 = VECTOR('',#2759,1.);
#2759 = DIRECTION('',(-1.,0.));
#2760 = ( GEOMETRIC_REPRESENTATION_CONTEXT(2) 
PARAMETRIC_REPRESENTATION_CONTEXT() REPRESENTATION_CONTEXT('2D SPACE',''
  ) );
#2761 = PCURVE('',#2762,#2767);
#2762 = PLANE('',#2763);
#2763 = AXIS2_PLACEMENT_3D('',#2764,#2765,#2766);
#2764 = CARTESIAN_POINT('',(-4.56,5.4929950689E-16,23.5));
#2765 = DIRECTION('',(0.,0.,1.));
#2766 = DIRECTION('',(1.,0.,0.));
#2767 = DEFINITIONAL_REPRESENTATION('',(#2768),#2772);
#2768 = CIRCLE('',#2769,2.5);
#2769 = AXIS2_PLACEMENT_2D('',#2770,#2771);
#2770 = CARTESIAN_POINT('',(1.367440132539E-16,-1.714341265789E-16));
#2771 = DIRECTION('',(1.,0.));
#2772 = ( GEOMETRIC_REPRESENTATION_CONTEXT(2) 
PARAMETRIC_REPRESENTATION_CONTEXT() REPRESENTATION_CONTEXT('2D SPACE',''
  ) );
#2773 = ORIENTED_EDGE('',*,*,#2774,.T.);
#2774 = EDGE_CURVE('',#2746,#2775,#2777,.T.);
#2775 = VERTEX_POINT('',#2776);
#2776 = CARTESIAN_POINT('',(-3.635657094034,-2.322840974365,23.5));
#2777 = SURFACE_CURVE('',#2778,(#2783,#2790),.PCURVE_S1.);
#2778 = CIRCLE('',#2779,2.5);
#2779 = AXIS2_PLACEMENT_3D('',#2780,#2781,#2782);
#2780 = CARTESIAN_POINT('',(-4.56,3.77865380311E-16,23.5));
#2781 = DIRECTION('',(0.,0.,1.));
#2782 = DIRECTION('',(1.,0.,0.));
#2783 = PCURVE('',#312,#2784);
#2784 = DEFINITIONAL_REPRESENTATION('',(#2785),#2789);
#2785 = LINE('',#2786,#2787);
#2786 = CARTESIAN_POINT('',(-0.,-0.8));
#2787 = VECTOR('',#2788,1.);
#2788 = DIRECTION('',(-1.,0.));
#2789 = ( GEOMETRIC_REPRESENTATION_CONTEXT(2) 
PARAMETRIC_REPRESENTATION_CONTEXT() REPRESENTATION_CONTEXT('2D SPACE',''
  ) );
#2790 = PCURVE('',#2791,#2796);
#2791 = PLANE('',#2792);
#2792 = AXIS2_PLACEMENT_3D('',#2793,#2794,#2795);
#2793 = CARTESIAN_POINT('',(-4.56,-9.856623356903E-03,23.5));
#2794 = DIRECTION('',(0.,0.,1.));
#2795 = DIRECTION('',(1.,0.,0.));
#2796 = DEFINITIONAL_REPRESENTATION('',(#2797),#2801);
#2797 = CIRCLE('',#2798,2.5);
#2798 = AXIS2_PLACEMENT_2D('',#2799,#2800);
#2799 = CARTESIAN_POINT('',(-1.173390992595E-15,9.856623356903E-03));
#2800 = DIRECTION('',(1.,0.));
#2801 = ( GEOMETRIC_REPRESENTATION_CONTEXT(2) 
PARAMETRIC_REPRESENTATION_CONTEXT() REPRESENTATION_CONTEXT('2D SPACE',''
  ) );
#2802 = ORIENTED_EDGE('',*,*,#2803,.T.);
#2803 = EDGE_CURVE('',#2775,#2804,#2806,.T.);
#2804 = VERTEX_POINT('',#2805);
#2805 = CARTESIAN_POINT('',(-3.100871216005,-2.030010638326,23.5));
#2806 = SURFACE_CURVE('',#2807,(#2812,#2819),.PCURVE_S1.);
#2807 = CIRCLE('',#2808,2.5);
#2808 = AXIS2_PLACEMENT_3D('',#2809,#2810,#2811);
#2809 = CARTESIAN_POINT('',(-4.56,3.77865380311E-16,23.5));
#2810 = DIRECTION('',(0.,0.,1.));
#2811 = DIRECTION('',(1.,0.,0.));
#2812 = PCURVE('',#312,#2813);
#2813 = DEFINITIONAL_REPRESENTATION('',(#2814),#2818);
#2814 = LINE('',#2815,#2816);
#2815 = CARTESIAN_POINT('',(-0.,-0.8));
#2816 = VECTOR('',#2817,1.);
#2817 = DIRECTION('',(-1.,0.));
#2818 = ( GEOMETRIC_REPRESENTATION_CONTEXT(2) 
PARAMETRIC_REPRESENTATION_CONTEXT() REPRESENTATION_CONTEXT('2D SPACE',''
  ) );
#2819 = PCURVE('',#2820,#2825);
#2820 = PLANE('',#2821);
#2821 = AXIS2_PLACEMENT_3D('',#2822,#2823,#2824);
#2822 = CARTESIAN_POINT('',(-4.56,5.4929950689E-16,23.5));
#2823 = DIRECTION('',(0.,0.,1.));
#2824 = DIRECTION('',(1.,0.,0.));
#2825 = DEFINITIONAL_REPRESENTATION('',(#2826),#2830);
#2826 = CIRCLE('',#2827,2.5);
#2827 = AXIS2_PLACEMENT_2D('',#2828,#2829);
#2828 = CARTESIAN_POINT('',(1.367440132539E-16,-1.714341265789E-16));
#2829 = DIRECTION('',(1.,0.));
#2830 = ( GEOMETRIC_REPRESENTATION_CONTEXT(2) 
PARAMETRIC_REPRESENTATION_CONTEXT() REPRESENTATION_CONTEXT('2D SPACE',''
  ) );
#2831 = ORIENTED_EDGE('',*,*,#2832,.T.);
#2832 = EDGE_CURVE('',#2804,#2833,#2835,.T.);
#2833 = VERTEX_POINT('',#2834);
#2834 = CARTESIAN_POINT('',(-3.089618665527,-2.021875053319,23.5));
#2835 = SURFACE_CURVE('',#2836,(#2841,#2848),.PCURVE_S1.);
#2836 = CIRCLE('',#2837,2.5);
#2837 = AXIS2_PLACEMENT_3D('',#2838,#2839,#2840);
#2838 = CARTESIAN_POINT('',(-4.56,3.77865380311E-16,23.5));
#2839 = DIRECTION('',(0.,0.,1.));
#2840 = DIRECTION('',(1.,0.,0.));
#2841 = PCURVE('',#312,#2842);
#2842 = DEFINITIONAL_REPRESENTATION('',(#2843),#2847);
#2843 = LINE('',#2844,#2845);
#2844 = CARTESIAN_POINT('',(-0.,-0.8));
#2845 = VECTOR('',#2846,1.);
#2846 = DIRECTION('',(-1.,0.));
#2847 = ( GEOMETRIC_REPRESENTATION_CONTEXT(2) 
PARAMETRIC_REPRESENTATION_CONTEXT() REPRESENTATION_CONTEXT('2D SPACE',''
  ) );
#2848 = PCURVE('',#2849,#2854);
#2849 = PLANE('',#2850);
#2850 = AXIS2_PLACEMENT_3D('',#2851,#2852,#2853);
#2851 = CARTESIAN_POINT('',(-4.56,-9.856623356903E-03,23.5));
#2852 = DIRECTION('',(0.,0.,1.));
#2853 = DIRECTION('',(1.,0.,0.));
#2854 = DEFINITIONAL_REPRESENTATION('',(#2855),#2859);
#2855 = CIRCLE('',#2856,2.5);
#2856 = AXIS2_PLACEMENT_2D('',#2857,#2858);
#2857 = CARTESIAN_POINT('',(-1.173390992595E-15,9.856623356903E-03));
#2858 = DIRECTION('',(1.,0.));
#2859 = ( GEOMETRIC_REPRESENTATION_CONTEXT(2) 
PARAMETRIC_REPRESENTATION_CONTEXT() REPRESENTATION_CONTEXT('2D SPACE',''
  ) );
#2860 = ORIENTED_EDGE('',*,*,#2861,.T.);
#2861 = EDGE_CURVE('',#2833,#2862,#2864,.T.);
#2862 = VERTEX_POINT('',#2863);
#2863 = CARTESIAN_POINT('',(-2.642082924436,-1.603619060519,23.5));
#2864 = SURFACE_CURVE('',#2865,(#2870,#2877),.PCURVE_S1.);
#2865 = CIRCLE('',#2866,2.5);
#2866 = AXIS2_PLACEMENT_3D('',#2867,#2868,#2869);
#2867 = CARTESIAN_POINT('',(-4.56,3.77865380311E-16,23.5));
#2868 = DIRECTION('',(0.,0.,1.));
#2869 = DIRECTION('',(1.,0.,0.));
#2870 = PCURVE('',#312,#2871);
#2871 = DEFINITIONAL_REPRESENTATION('',(#2872),#2876);
#2872 = LINE('',#2873,#2874);
#2873 = CARTESIAN_POINT('',(-0.,-0.8));
#2874 = VECTOR('',#2875,1.);
#2875 = DIRECTION('',(-1.,0.));
#2876 = ( GEOMETRIC_REPRESENTATION_CONTEXT(2) 
PARAMETRIC_REPRESENTATION_CONTEXT() REPRESENTATION_CONTEXT('2D SPACE',''
  ) );
#2877 = PCURVE('',#2878,#2883);
#2878 = PLANE('',#2879);
#2879 = AXIS2_PLACEMENT_3D('',#2880,#2881,#2882);
#2880 = CARTESIAN_POINT('',(-4.56,5.4929950689E-16,23.5));
#2881 = DIRECTION('',(0.,0.,1.));
#2882 = DIRECTION('',(1.,0.,0.));
#2883 = DEFINITIONAL_REPRESENTATION('',(#2884),#2888);
#2884 = CIRCLE('',#2885,2.5);
#2885 = AXIS2_PLACEMENT_2D('',#2886,#2887);
#2886 = CARTESIAN_POINT('',(1.367440132539E-16,-1.714341265789E-16));
#2887 = DIRECTION('',(1.,0.));
#2888 = ( GEOMETRIC_REPRESENTATION_CONTEXT(2) 
PARAMETRIC_REPRESENTATION_CONTEXT() REPRESENTATION_CONTEXT('2D SPACE',''
  ) );
#2889 = ORIENTED_EDGE('',*,*,#2890,.T.);
#2890 = EDGE_CURVE('',#2862,#2891,#2893,.T.);
#2891 = VERTEX_POINT('',#2892);
#2892 = CARTESIAN_POINT('',(-2.635078433975,-1.595204364542,23.5));
#2893 = SURFACE_CURVE('',#2894,(#2899,#2906),.PCURVE_S1.);
#2894 = CIRCLE('',#2895,2.5);
#2895 = AXIS2_PLACEMENT_3D('',#2896,#2897,#2898);
#2896 = CARTESIAN_POINT('',(-4.56,3.77865380311E-16,23.5));
#2897 = DIRECTION('',(0.,0.,1.));
#2898 = DIRECTION('',(1.,0.,0.));
#2899 = PCURVE('',#312,#2900);
#2900 = DEFINITIONAL_REPRESENTATION('',(#2901),#2905);
#2901 = LINE('',#2902,#2903);
#2902 = CARTESIAN_POINT('',(-0.,-0.8));
#2903 = VECTOR('',#2904,1.);
#2904 = DIRECTION('',(-1.,0.));
#2905 = ( GEOMETRIC_REPRESENTATION_CONTEXT(2) 
PARAMETRIC_REPRESENTATION_CONTEXT() REPRESENTATION_CONTEXT('2D SPACE',''
  ) );
#2906 = PCURVE('',#2907,#2912);
#2907 = PLANE('',#2908);
#2908 = AXIS2_PLACEMENT_3D('',#2909,#2910,#2911);
#2909 = CARTESIAN_POINT('',(-4.56,-9.856623356903E-03,23.5));
#2910 = DIRECTION('',(0.,0.,1.));
#2911 = DIRECTION('',(1.,0.,0.));
#2912 = DEFINITIONAL_REPRESENTATION('',(#2913),#2917);
#2913 = CIRCLE('',#2914,2.5);
#2914 = AXIS2_PLACEMENT_2D('',#2915,#2916);
#2915 = CARTESIAN_POINT('',(-1.173390992595E-15,9.856623356903E-03));
#2916 = DIRECTION('',(1.,0.));
#2917 = ( GEOMETRIC_REPRESENTATION_CONTEXT(2) 
PARAMETRIC_REPRESENTATION_CONTEXT() REPRESENTATION_CONTEXT('2D SPACE',''
  ) );
#2918 = ORIENTED_EDGE('',*,*,#2919,.T.);
#2919 = EDGE_CURVE('',#2891,#2920,#2922,.T.);
#2920 = VERTEX_POINT('',#2921);
#2921 = CARTESIAN_POINT('',(-2.303322695821,-1.075828771135,23.5));
#2922 = SURFACE_CURVE('',#2923,(#2928,#2935),.PCURVE_S1.);
#2923 = CIRCLE('',#2924,2.5);
#2924 = AXIS2_PLACEMENT_3D('',#2925,#2926,#2927);
#2925 = CARTESIAN_POINT('',(-4.56,3.77865380311E-16,23.5));
#2926 = DIRECTION('',(0.,0.,1.));
#2927 = DIRECTION('',(1.,0.,0.));
#2928 = PCURVE('',#312,#2929);
#2929 = DEFINITIONAL_REPRESENTATION('',(#2930),#2934);
#2930 = LINE('',#2931,#2932);
#2931 = CARTESIAN_POINT('',(-0.,-0.8));
#2932 = VECTOR('',#2933,1.);
#2933 = DIRECTION('',(-1.,0.));
#2934 = ( GEOMETRIC_REPRESENTATION_CONTEXT(2) 
PARAMETRIC_REPRESENTATION_CONTEXT() REPRESENTATION_CONTEXT('2D SPACE',''
  ) );
#2935 = PCURVE('',#2936,#2941);
#2936 = PLANE('',#2937);
#2937 = AXIS2_PLACEMENT_3D('',#2938,#2939,#2940);
#2938 = CARTESIAN_POINT('',(-4.56,5.4929950689E-16,23.5));
#2939 = DIRECTION('',(0.,0.,1.));
#2940 = DIRECTION('',(1.,0.,0.));
#2941 = DEFINITIONAL_REPRESENTATION('',(#2942),#2946);
#2942 = CIRCLE('',#2943,2.5);
#2943 = AXIS2_PLACEMENT_2D('',#2944,#2945);
#2944 = CARTESIAN_POINT('',(1.367440132539E-16,-1.714341265789E-16));
#2945 = DIRECTION('',(1.,0.));
#2946 = ( GEOMETRIC_REPRESENTATION_CONTEXT(2) 
PARAMETRIC_REPRESENTATION_CONTEXT() REPRESENTATION_CONTEXT('2D SPACE',''
  ) );
#2947 = ORIENTED_EDGE('',*,*,#2948,.T.);
#2948 = EDGE_CURVE('',#2920,#2949,#2951,.T.);
#2949 = VERTEX_POINT('',#2950);
#2950 = CARTESIAN_POINT('',(-2.300180097428,-1.06921186298,23.5));
#2951 = SURFACE_CURVE('',#2952,(#2957,#2964),.PCURVE_S1.);
#2952 = CIRCLE('',#2953,2.5);
#2953 = AXIS2_PLACEMENT_3D('',#2954,#2955,#2956);
#2954 = CARTESIAN_POINT('',(-4.56,3.77865380311E-16,23.5));
#2955 = DIRECTION('',(0.,0.,1.));
#2956 = DIRECTION('',(1.,0.,0.));
#2957 = PCURVE('',#312,#2958);
#2958 = DEFINITIONAL_REPRESENTATION('',(#2959),#2963);
#2959 = LINE('',#2960,#2961);
#2960 = CARTESIAN_POINT('',(-0.,-0.8));
#2961 = VECTOR('',#2962,1.);
#2962 = DIRECTION('',(-1.,0.));
#2963 = ( GEOMETRIC_REPRESENTATION_CONTEXT(2) 
PARAMETRIC_REPRESENTATION_CONTEXT() REPRESENTATION_CONTEXT('2D SPACE',''
  ) );
#2964 = PCURVE('',#2965,#2970);
#2965 = PLANE('',#2966);
#2966 = AXIS2_PLACEMENT_3D('',#2967,#2968,#2969);
#2967 = CARTESIAN_POINT('',(-4.56,-9.856623356903E-03,23.5));
#2968 = DIRECTION('',(0.,0.,1.));
#2969 = DIRECTION('',(1.,0.,0.));
#2970 = DEFINITIONAL_REPRESENTATION('',(#2971),#2975);
#2971 = CIRCLE('',#2972,2.5);
#2972 = AXIS2_PLACEMENT_2D('',#2973,#2974);
#2973 = CARTESIAN_POINT('',(-1.173390992595E-15,9.856623356903E-03));
#2974 = DIRECTION('',(1.,0.));
#2975 = ( GEOMETRIC_REPRESENTATION_CONTEXT(2) 
PARAMETRIC_REPRESENTATION_CONTEXT() REPRESENTATION_CONTEXT('2D SPACE',''
  ) );
#2976 = ORIENTED_EDGE('',*,*,#2977,.T.);
#2977 = EDGE_CURVE('',#2949,#2978,#2980,.T.);
#2978 = VERTEX_POINT('',#2979);
#2979 = CARTESIAN_POINT('',(-2.10642609665,-0.479557192418,23.5));
#2980 = SURFACE_CURVE('',#2981,(#2986,#2993),.PCURVE_S1.);
#2981 = CIRCLE('',#2982,2.5);
#2982 = AXIS2_PLACEMENT_3D('',#2983,#2984,#2985);
#2983 = CARTESIAN_POINT('',(-4.56,3.77865380311E-16,23.5));
#2984 = DIRECTION('',(0.,0.,1.));
#2985 = DIRECTION('',(1.,0.,0.));
#2986 = PCURVE('',#312,#2987);
#2987 = DEFINITIONAL_REPRESENTATION('',(#2988),#2992);
#2988 = LINE('',#2989,#2990);
#2989 = CARTESIAN_POINT('',(-0.,-0.8));
#2990 = VECTOR('',#2991,1.);
#2991 = DIRECTION('',(-1.,0.));
#2992 = ( GEOMETRIC_REPRESENTATION_CONTEXT(2) 
PARAMETRIC_REPRESENTATION_CONTEXT() REPRESENTATION_CONTEXT('2D SPACE',''
  ) );
#2993 = PCURVE('',#2994,#2999);
#2994 = PLANE('',#2995);
#2995 = AXIS2_PLACEMENT_3D('',#2996,#2997,#2998);
#2996 = CARTESIAN_POINT('',(-4.56,5.4929950689E-16,23.5));
#2997 = DIRECTION('',(0.,0.,1.));
#2998 = DIRECTION('',(1.,0.,0.));
#2999 = DEFINITIONAL_REPRESENTATION('',(#3000),#3004);
#3000 = CIRCLE('',#3001,2.5);
#3001 = AXIS2_PLACEMENT_2D('',#3002,#3003);
#3002 = CARTESIAN_POINT('',(1.367440132539E-16,-1.714341265789E-16));
#3003 = DIRECTION('',(1.,0.));
#3004 = ( GEOMETRIC_REPRESENTATION_CONTEXT(2) 
PARAMETRIC_REPRESENTATION_CONTEXT() REPRESENTATION_CONTEXT('2D SPACE',''
  ) );
#3005 = ORIENTED_EDGE('',*,*,#3006,.T.);
#3006 = EDGE_CURVE('',#2978,#294,#3007,.T.);
#3007 = SURFACE_CURVE('',#3008,(#3013,#3020),.PCURVE_S1.);
#3008 = CIRCLE('',#3009,2.5);
#3009 = AXIS2_PLACEMENT_3D('',#3010,#3011,#3012);
#3010 = CARTESIAN_POINT('',(-4.56,3.77865380311E-16,23.5));
#3011 = DIRECTION('',(0.,0.,1.));
#3012 = DIRECTION('',(1.,0.,0.));
#3013 = PCURVE('',#312,#3014);
#3014 = DEFINITIONAL_REPRESENTATION('',(#3015),#3019);
#3015 = LINE('',#3016,#3017);
#3016 = CARTESIAN_POINT('',(-0.,-0.8));
#3017 = VECTOR('',#3018,1.);
#3018 = DIRECTION('',(-1.,0.));
#3019 = ( GEOMETRIC_REPRESENTATION_CONTEXT(2) 
PARAMETRIC_REPRESENTATION_CONTEXT() REPRESENTATION_CONTEXT('2D SPACE',''
  ) );
#3020 = PCURVE('',#2275,#3021);
#3021 = DEFINITIONAL_REPRESENTATION('',(#3022),#3026);
#3022 = CIRCLE('',#3023,2.5);
#3023 = AXIS2_PLACEMENT_2D('',#3024,#3025);
#3024 = CARTESIAN_POINT('',(-1.173390992595E-15,9.856623356903E-03));
#3025 = DIRECTION('',(1.,0.));
#3026 = ( GEOMETRIC_REPRESENTATION_CONTEXT(2) 
PARAMETRIC_REPRESENTATION_CONTEXT() REPRESENTATION_CONTEXT('2D SPACE',''
  ) );
#3027 = ORIENTED_EDGE('',*,*,#293,.T.);
#3028 = ORIENTED_EDGE('',*,*,#2346,.F.);
#3029 = ADVANCED_FACE('',(#3030),#980,.F.);
#3030 = FACE_BOUND('',#3031,.F.);
#3031 = EDGE_LOOP('',(#3032,#3033,#3034,#3055));
#3032 = ORIENTED_EDGE('',*,*,#2292,.T.);
#3033 = ORIENTED_EDGE('',*,*,#1065,.T.);
#3034 = ORIENTED_EDGE('',*,*,#3035,.F.);
#3035 = EDGE_CURVE('',#937,#1066,#3036,.T.);
#3036 = SURFACE_CURVE('',#3037,(#3041,#3048),.PCURVE_S1.);
#3037 = LINE('',#3038,#3039);
#3038 = CARTESIAN_POINT('',(-2.449180186245,1.329710364091,23.5));
#3039 = VECTOR('',#3040,1.);
#3040 = DIRECTION('',(0.,0.,1.));
#3041 = PCURVE('',#980,#3042);
#3042 = DEFINITIONAL_REPRESENTATION('',(#3043),#3047);
#3043 = LINE('',#3044,#3045);
#3044 = CARTESIAN_POINT('',(0.42040252799,0.));
#3045 = VECTOR('',#3046,1.);
#3046 = DIRECTION('',(0.,-1.));
#3047 = ( GEOMETRIC_REPRESENTATION_CONTEXT(2) 
PARAMETRIC_REPRESENTATION_CONTEXT() REPRESENTATION_CONTEXT('2D SPACE',''
  ) );
#3048 = PCURVE('',#952,#3049);
#3049 = DEFINITIONAL_REPRESENTATION('',(#3050),#3054);
#3050 = LINE('',#3051,#3052);
#3051 = CARTESIAN_POINT('',(0.,0.));
#3052 = VECTOR('',#3053,1.);
#3053 = DIRECTION('',(0.,-1.));
#3054 = ( GEOMETRIC_REPRESENTATION_CONTEXT(2) 
PARAMETRIC_REPRESENTATION_CONTEXT() REPRESENTATION_CONTEXT('2D SPACE',''
  ) );
#3055 = ORIENTED_EDGE('',*,*,#964,.F.);
#3056 = ADVANCED_FACE('',(#3057),#952,.F.);
#3057 = FACE_BOUND('',#3058,.F.);
#3058 = EDGE_LOOP('',(#3059,#3060,#3061,#3082));
#3059 = ORIENTED_EDGE('',*,*,#3035,.T.);
#3060 = ORIENTED_EDGE('',*,*,#1088,.T.);
#3061 = ORIENTED_EDGE('',*,*,#3062,.F.);
#3062 = EDGE_CURVE('',#909,#1089,#3063,.T.);
#3063 = SURFACE_CURVE('',#3064,(#3068,#3075),.PCURVE_S1.);
#3064 = LINE('',#3065,#3066);
#3065 = CARTESIAN_POINT('',(-2.864870865893,1.39247615409,23.5));
#3066 = VECTOR('',#3067,1.);
#3067 = DIRECTION('',(0.,0.,1.));
#3068 = PCURVE('',#952,#3069);
#3069 = DEFINITIONAL_REPRESENTATION('',(#3070),#3074);
#3070 = LINE('',#3071,#3072);
#3071 = CARTESIAN_POINT('',(0.42040252799,0.));
#3072 = VECTOR('',#3073,1.);
#3073 = DIRECTION('',(0.,-1.));
#3074 = ( GEOMETRIC_REPRESENTATION_CONTEXT(2) 
PARAMETRIC_REPRESENTATION_CONTEXT() REPRESENTATION_CONTEXT('2D SPACE',''
  ) );
#3075 = PCURVE('',#924,#3076);
#3076 = DEFINITIONAL_REPRESENTATION('',(#3077),#3081);
#3077 = LINE('',#3078,#3079);
#3078 = CARTESIAN_POINT('',(0.,0.));
#3079 = VECTOR('',#3080,1.);
#3080 = DIRECTION('',(0.,-1.));
#3081 = ( GEOMETRIC_REPRESENTATION_CONTEXT(2) 
PARAMETRIC_REPRESENTATION_CONTEXT() REPRESENTATION_CONTEXT('2D SPACE',''
  ) );
#3082 = ORIENTED_EDGE('',*,*,#936,.F.);
#3083 = ADVANCED_FACE('',(#3084),#924,.F.);
#3084 = FACE_BOUND('',#3085,.F.);
#3085 = EDGE_LOOP('',(#3086,#3087,#3088,#3109));
#3086 = ORIENTED_EDGE('',*,*,#3062,.T.);
#3087 = ORIENTED_EDGE('',*,*,#1111,.T.);
#3088 = ORIENTED_EDGE('',*,*,#3089,.F.);
#3089 = EDGE_CURVE('',#881,#1112,#3090,.T.);
#3090 = SURFACE_CURVE('',#3091,(#3095,#3102),.PCURVE_S1.);
#3091 = LINE('',#3092,#3093);
#3092 = CARTESIAN_POINT('',(-2.848632235178,1.812564945197,23.5));
#3093 = VECTOR('',#3094,1.);
#3094 = DIRECTION('',(0.,0.,1.));
#3095 = PCURVE('',#924,#3096);
#3096 = DEFINITIONAL_REPRESENTATION('',(#3097),#3101);
#3097 = LINE('',#3098,#3099);
#3098 = CARTESIAN_POINT('',(0.42040252799,0.));
#3099 = VECTOR('',#3100,1.);
#3100 = DIRECTION('',(0.,-1.));
#3101 = ( GEOMETRIC_REPRESENTATION_CONTEXT(2) 
PARAMETRIC_REPRESENTATION_CONTEXT() REPRESENTATION_CONTEXT('2D SPACE',''
  ) );
#3102 = PCURVE('',#896,#3103);
#3103 = DEFINITIONAL_REPRESENTATION('',(#3104),#3108);
#3104 = LINE('',#3105,#3106);
#3105 = CARTESIAN_POINT('',(0.,0.));
#3106 = VECTOR('',#3107,1.);
#3107 = DIRECTION('',(0.,-1.));
#3108 = ( GEOMETRIC_REPRESENTATION_CONTEXT(2) 
PARAMETRIC_REPRESENTATION_CONTEXT() REPRESENTATION_CONTEXT('2D SPACE',''
  ) );
#3109 = ORIENTED_EDGE('',*,*,#908,.F.);
#3110 = ADVANCED_FACE('',(#3111),#896,.F.);
#3111 = FACE_BOUND('',#3112,.F.);
#3112 = EDGE_LOOP('',(#3113,#3114,#3115,#3136));
#3113 = ORIENTED_EDGE('',*,*,#3089,.T.);
#3114 = ORIENTED_EDGE('',*,*,#1134,.T.);
#3115 = ORIENTED_EDGE('',*,*,#3116,.F.);
#3116 = EDGE_CURVE('',#853,#1135,#3117,.T.);
#3117 = SURFACE_CURVE('',#3118,(#3122,#3129),.PCURVE_S1.);
#3118 = LINE('',#3119,#3120);
#3119 = CARTESIAN_POINT('',(-3.266872444957,1.769980764268,23.5));
#3120 = VECTOR('',#3121,1.);
#3121 = DIRECTION('',(0.,0.,1.));
#3122 = PCURVE('',#896,#3123);
#3123 = DEFINITIONAL_REPRESENTATION('',(#3124),#3128);
#3124 = LINE('',#3125,#3126);
#3125 = CARTESIAN_POINT('',(0.42040252799,0.));
#3126 = VECTOR('',#3127,1.);
#3127 = DIRECTION('',(0.,-1.));
#3128 = ( GEOMETRIC_REPRESENTATION_CONTEXT(2) 
PARAMETRIC_REPRESENTATION_CONTEXT() REPRESENTATION_CONTEXT('2D SPACE',''
  ) );
#3129 = PCURVE('',#868,#3130);
#3130 = DEFINITIONAL_REPRESENTATION('',(#3131),#3135);
#3131 = LINE('',#3132,#3133);
#3132 = CARTESIAN_POINT('',(0.,0.));
#3133 = VECTOR('',#3134,1.);
#3134 = DIRECTION('',(0.,-1.));
#3135 = ( GEOMETRIC_REPRESENTATION_CONTEXT(2) 
PARAMETRIC_REPRESENTATION_CONTEXT() REPRESENTATION_CONTEXT('2D SPACE',''
  ) );
#3136 = ORIENTED_EDGE('',*,*,#880,.F.);
#3137 = ADVANCED_FACE('',(#3138),#868,.F.);
#3138 = FACE_BOUND('',#3139,.F.);
#3139 = EDGE_LOOP('',(#3140,#3141,#3142,#3163));
#3140 = ORIENTED_EDGE('',*,*,#3116,.T.);
#3141 = ORIENTED_EDGE('',*,*,#1157,.T.);
#3142 = ORIENTED_EDGE('',*,*,#3143,.F.);
#3143 = EDGE_CURVE('',#825,#1158,#3144,.T.);
#3144 = SURFACE_CURVE('',#3145,(#3149,#3156),.PCURVE_S1.);
#3145 = LINE('',#3146,#3147);
#3146 = CARTESIAN_POINT('',(-3.355615814746,2.180910076753,23.5));
#3147 = VECTOR('',#3148,1.);
#3148 = DIRECTION('',(0.,0.,1.));
#3149 = PCURVE('',#868,#3150);
#3150 = DEFINITIONAL_REPRESENTATION('',(#3151),#3155);
#3151 = LINE('',#3152,#3153);
#3152 = CARTESIAN_POINT('',(0.42040252799,0.));
#3153 = VECTOR('',#3154,1.);
#3154 = DIRECTION('',(0.,-1.));
#3155 = ( GEOMETRIC_REPRESENTATION_CONTEXT(2) 
PARAMETRIC_REPRESENTATION_CONTEXT() REPRESENTATION_CONTEXT('2D SPACE',''
  ) );
#3156 = PCURVE('',#840,#3157);
#3157 = DEFINITIONAL_REPRESENTATION('',(#3158),#3162);
#3158 = LINE('',#3159,#3160);
#3159 = CARTESIAN_POINT('',(0.,0.));
#3160 = VECTOR('',#3161,1.);
#3161 = DIRECTION('',(0.,-1.));
#3162 = ( GEOMETRIC_REPRESENTATION_CONTEXT(2) 
PARAMETRIC_REPRESENTATION_CONTEXT() REPRESENTATION_CONTEXT('2D SPACE',''
  ) );
#3163 = ORIENTED_EDGE('',*,*,#852,.F.);
#3164 = ADVANCED_FACE('',(#3165),#840,.F.);
#3165 = FACE_BOUND('',#3166,.F.);
#3166 = EDGE_LOOP('',(#3167,#3168,#3169,#3190));
#3167 = ORIENTED_EDGE('',*,*,#3143,.T.);
#3168 = ORIENTED_EDGE('',*,*,#1180,.T.);
#3169 = ORIENTED_EDGE('',*,*,#3170,.F.);
#3170 = EDGE_CURVE('',#797,#1181,#3171,.T.);
#3171 = SURFACE_CURVE('',#3172,(#3176,#3183),.PCURVE_S1.);
#3172 = LINE('',#3173,#3174);
#3173 = CARTESIAN_POINT('',(-3.750125984094,2.035651645597,23.5));
#3174 = VECTOR('',#3175,1.);
#3175 = DIRECTION('',(0.,0.,1.));
#3176 = PCURVE('',#840,#3177);
#3177 = DEFINITIONAL_REPRESENTATION('',(#3178),#3182);
#3178 = LINE('',#3179,#3180);
#3179 = CARTESIAN_POINT('',(0.42040252799,0.));
#3180 = VECTOR('',#3181,1.);
#3181 = DIRECTION('',(0.,-1.));
#3182 = ( GEOMETRIC_REPRESENTATION_CONTEXT(2) 
PARAMETRIC_REPRESENTATION_CONTEXT() REPRESENTATION_CONTEXT('2D SPACE',''
  ) );
#3183 = PCURVE('',#812,#3184);
#3184 = DEFINITIONAL_REPRESENTATION('',(#3185),#3189);
#3185 = LINE('',#3186,#3187);
#3186 = CARTESIAN_POINT('',(0.,0.));
#3187 = VECTOR('',#3188,1.);
#3188 = DIRECTION('',(0.,-1.));
#3189 = ( GEOMETRIC_REPRESENTATION_CONTEXT(2) 
PARAMETRIC_REPRESENTATION_CONTEXT() REPRESENTATION_CONTEXT('2D SPACE',''
  ) );
#3190 = ORIENTED_EDGE('',*,*,#824,.F.);
#3191 = ADVANCED_FACE('',(#3192),#812,.F.);
#3192 = FACE_BOUND('',#3193,.F.);
#3193 = EDGE_LOOP('',(#3194,#3195,#3196,#3217));
#3194 = ORIENTED_EDGE('',*,*,#3170,.T.);
#3195 = ORIENTED_EDGE('',*,*,#1203,.T.);
#3196 = ORIENTED_EDGE('',*,*,#3197,.F.);
#3197 = EDGE_CURVE('',#769,#1204,#3198,.T.);
#3198 = SURFACE_CURVE('',#3199,(#3203,#3210),.PCURVE_S1.);
#3199 = LINE('',#3200,#3201);
#3200 = CARTESIAN_POINT('',(-3.938275282088,2.411601279465,23.5));
#3201 = VECTOR('',#3202,1.);
#3202 = DIRECTION('',(0.,0.,1.));
#3203 = PCURVE('',#812,#3204);
#3204 = DEFINITIONAL_REPRESENTATION('',(#3205),#3209);
#3205 = LINE('',#3206,#3207);
#3206 = CARTESIAN_POINT('',(0.42040252799,0.));
#3207 = VECTOR('',#3208,1.);
#3208 = DIRECTION('',(0.,-1.));
#3209 = ( GEOMETRIC_REPRESENTATION_CONTEXT(2) 
PARAMETRIC_REPRESENTATION_CONTEXT() REPRESENTATION_CONTEXT('2D SPACE',''
  ) );
#3210 = PCURVE('',#784,#3211);
#3211 = DEFINITIONAL_REPRESENTATION('',(#3212),#3216);
#3212 = LINE('',#3213,#3214);
#3213 = CARTESIAN_POINT('',(0.,0.));
#3214 = VECTOR('',#3215,1.);
#3215 = DIRECTION('',(0.,-1.));
#3216 = ( GEOMETRIC_REPRESENTATION_CONTEXT(2) 
PARAMETRIC_REPRESENTATION_CONTEXT() REPRESENTATION_CONTEXT('2D SPACE',''
  ) );
#3217 = ORIENTED_EDGE('',*,*,#796,.F.);
#3218 = ADVANCED_FACE('',(#3219),#784,.F.);
#3219 = FACE_BOUND('',#3220,.F.);
#3220 = EDGE_LOOP('',(#3221,#3222,#3223,#3244));
#3221 = ORIENTED_EDGE('',*,*,#3197,.T.);
#3222 = ORIENTED_EDGE('',*,*,#1226,.T.);
#3223 = ORIENTED_EDGE('',*,*,#3224,.F.);
#3224 = EDGE_CURVE('',#741,#1227,#3225,.T.);
#3225 = SURFACE_CURVE('',#3226,(#3230,#3237),.PCURVE_S1.);
#3226 = LINE('',#3227,#3228);
#3227 = CARTESIAN_POINT('',(-4.284266886159,2.172795719535,23.5));
#3228 = VECTOR('',#3229,1.);
#3229 = DIRECTION('',(0.,0.,1.));
#3230 = PCURVE('',#784,#3231);
#3231 = DEFINITIONAL_REPRESENTATION('',(#3232),#3236);
#3232 = LINE('',#3233,#3234);
#3233 = CARTESIAN_POINT('',(0.42040252799,0.));
#3234 = VECTOR('',#3235,1.);
#3235 = DIRECTION('',(0.,-1.));
#3236 = ( GEOMETRIC_REPRESENTATION_CONTEXT(2) 
PARAMETRIC_REPRESENTATION_CONTEXT() REPRESENTATION_CONTEXT('2D SPACE',''
  ) );
#3237 = PCURVE('',#756,#3238);
#3238 = DEFINITIONAL_REPRESENTATION('',(#3239),#3243);
#3239 = LINE('',#3240,#3241);
#3240 = CARTESIAN_POINT('',(0.,0.));
#3241 = VECTOR('',#3242,1.);
#3242 = DIRECTION('',(0.,-1.));
#3243 = ( GEOMETRIC_REPRESENTATION_CONTEXT(2) 
PARAMETRIC_REPRESENTATION_CONTEXT() REPRESENTATION_CONTEXT('2D SPACE',''
  ) );
#3244 = ORIENTED_EDGE('',*,*,#768,.F.);
#3245 = ADVANCED_FACE('',(#3246),#756,.F.);
#3246 = FACE_BOUND('',#3247,.F.);
#3247 = EDGE_LOOP('',(#3248,#3249,#3250,#3271));
#3248 = ORIENTED_EDGE('',*,*,#3224,.T.);
#3249 = ORIENTED_EDGE('',*,*,#1249,.T.);
#3250 = ORIENTED_EDGE('',*,*,#3251,.F.);
#3251 = EDGE_CURVE('',#713,#1250,#3252,.T.);
#3252 = SURFACE_CURVE('',#3253,(#3257,#3264),.PCURVE_S1.);
#3253 = LINE('',#3254,#3255);
#3254 = CARTESIAN_POINT('',(-4.56,2.490143376643,23.5));
#3255 = VECTOR('',#3256,1.);
#3256 = DIRECTION('',(0.,0.,1.));
#3257 = PCURVE('',#756,#3258);
#3258 = DEFINITIONAL_REPRESENTATION('',(#3259),#3263);
#3259 = LINE('',#3260,#3261);
#3260 = CARTESIAN_POINT('',(0.42040252799,0.));
#3261 = VECTOR('',#3262,1.);
#3262 = DIRECTION('',(0.,-1.));
#3263 = ( GEOMETRIC_REPRESENTATION_CONTEXT(2) 
PARAMETRIC_REPRESENTATION_CONTEXT() REPRESENTATION_CONTEXT('2D SPACE',''
  ) );
#3264 = PCURVE('',#728,#3265);
#3265 = DEFINITIONAL_REPRESENTATION('',(#3266),#3270);
#3266 = LINE('',#3267,#3268);
#3267 = CARTESIAN_POINT('',(0.,0.));
#3268 = VECTOR('',#3269,1.);
#3269 = DIRECTION('',(0.,-1.));
#3270 = ( GEOMETRIC_REPRESENTATION_CONTEXT(2) 
PARAMETRIC_REPRESENTATION_CONTEXT() REPRESENTATION_CONTEXT('2D SPACE',''
  ) );
#3271 = ORIENTED_EDGE('',*,*,#740,.F.);
#3272 = ADVANCED_FACE('',(#3273),#728,.F.);
#3273 = FACE_BOUND('',#3274,.F.);
#3274 = EDGE_LOOP('',(#3275,#3276,#3277,#3298));
#3275 = ORIENTED_EDGE('',*,*,#3251,.T.);
#3276 = ORIENTED_EDGE('',*,*,#1272,.T.);
#3277 = ORIENTED_EDGE('',*,*,#3278,.F.);
#3278 = EDGE_CURVE('',#685,#1273,#3279,.T.);
#3279 = SURFACE_CURVE('',#3280,(#3284,#3291),.PCURVE_S1.);
#3280 = LINE('',#3281,#3282);
#3281 = CARTESIAN_POINT('',(-4.835733113841,2.172795719535,23.5));
#3282 = VECTOR('',#3283,1.);
#3283 = DIRECTION('',(0.,0.,1.));
#3284 = PCURVE('',#728,#3285);
#3285 = DEFINITIONAL_REPRESENTATION('',(#3286),#3290);
#3286 = LINE('',#3287,#3288);
#3287 = CARTESIAN_POINT('',(0.42040252799,0.));
#3288 = VECTOR('',#3289,1.);
#3289 = DIRECTION('',(0.,-1.));
#3290 = ( GEOMETRIC_REPRESENTATION_CONTEXT(2) 
PARAMETRIC_REPRESENTATION_CONTEXT() REPRESENTATION_CONTEXT('2D SPACE',''
  ) );
#3291 = PCURVE('',#700,#3292);
#3292 = DEFINITIONAL_REPRESENTATION('',(#3293),#3297);
#3293 = LINE('',#3294,#3295);
#3294 = CARTESIAN_POINT('',(0.,0.));
#3295 = VECTOR('',#3296,1.);
#3296 = DIRECTION('',(0.,-1.));
#3297 = ( GEOMETRIC_REPRESENTATION_CONTEXT(2) 
PARAMETRIC_REPRESENTATION_CONTEXT() REPRESENTATION_CONTEXT('2D SPACE',''
  ) );
#3298 = ORIENTED_EDGE('',*,*,#712,.F.);
#3299 = ADVANCED_FACE('',(#3300),#700,.F.);
#3300 = FACE_BOUND('',#3301,.F.);
#3301 = EDGE_LOOP('',(#3302,#3303,#3304,#3325));
#3302 = ORIENTED_EDGE('',*,*,#3278,.T.);
#3303 = ORIENTED_EDGE('',*,*,#1295,.T.);
#3304 = ORIENTED_EDGE('',*,*,#3305,.F.);
#3305 = EDGE_CURVE('',#657,#1296,#3306,.T.);
#3306 = SURFACE_CURVE('',#3307,(#3311,#3318),.PCURVE_S1.);
#3307 = LINE('',#3308,#3309);
#3308 = CARTESIAN_POINT('',(-5.181724717912,2.411601279465,23.5));
#3309 = VECTOR('',#3310,1.);
#3310 = DIRECTION('',(0.,0.,1.));
#3311 = PCURVE('',#700,#3312);
#3312 = DEFINITIONAL_REPRESENTATION('',(#3313),#3317);
#3313 = LINE('',#3314,#3315);
#3314 = CARTESIAN_POINT('',(0.42040252799,0.));
#3315 = VECTOR('',#3316,1.);
#3316 = DIRECTION('',(0.,-1.));
#3317 = ( GEOMETRIC_REPRESENTATION_CONTEXT(2) 
PARAMETRIC_REPRESENTATION_CONTEXT() REPRESENTATION_CONTEXT('2D SPACE',''
  ) );
#3318 = PCURVE('',#672,#3319);
#3319 = DEFINITIONAL_REPRESENTATION('',(#3320),#3324);
#3320 = LINE('',#3321,#3322);
#3321 = CARTESIAN_POINT('',(0.,0.));
#3322 = VECTOR('',#3323,1.);
#3323 = DIRECTION('',(0.,-1.));
#3324 = ( GEOMETRIC_REPRESENTATION_CONTEXT(2) 
PARAMETRIC_REPRESENTATION_CONTEXT() REPRESENTATION_CONTEXT('2D SPACE',''
  ) );
#3325 = ORIENTED_EDGE('',*,*,#684,.F.);
#3326 = ADVANCED_FACE('',(#3327),#672,.F.);
#3327 = FACE_BOUND('',#3328,.F.);
#3328 = EDGE_LOOP('',(#3329,#3330,#3331,#3352));
#3329 = ORIENTED_EDGE('',*,*,#3305,.T.);
#3330 = ORIENTED_EDGE('',*,*,#1318,.T.);
#3331 = ORIENTED_EDGE('',*,*,#3332,.F.);
#3332 = EDGE_CURVE('',#629,#1319,#3333,.T.);
#3333 = SURFACE_CURVE('',#3334,(#3338,#3345),.PCURVE_S1.);
#3334 = LINE('',#3335,#3336);
#3335 = CARTESIAN_POINT('',(-5.369874015906,2.035651645597,23.5));
#3336 = VECTOR('',#3337,1.);
#3337 = DIRECTION('',(0.,0.,1.));
#3338 = PCURVE('',#672,#3339);
#3339 = DEFINITIONAL_REPRESENTATION('',(#3340),#3344);
#3340 = LINE('',#3341,#3342);
#3341 = CARTESIAN_POINT('',(0.42040252799,0.));
#3342 = VECTOR('',#3343,1.);
#3343 = DIRECTION('',(0.,-1.));
#3344 = ( GEOMETRIC_REPRESENTATION_CONTEXT(2) 
PARAMETRIC_REPRESENTATION_CONTEXT() REPRESENTATION_CONTEXT('2D SPACE',''
  ) );
#3345 = PCURVE('',#644,#3346);
#3346 = DEFINITIONAL_REPRESENTATION('',(#3347),#3351);
#3347 = LINE('',#3348,#3349);
#3348 = CARTESIAN_POINT('',(0.,0.));
#3349 = VECTOR('',#3350,1.);
#3350 = DIRECTION('',(0.,-1.));
#3351 = ( GEOMETRIC_REPRESENTATION_CONTEXT(2) 
PARAMETRIC_REPRESENTATION_CONTEXT() REPRESENTATION_CONTEXT('2D SPACE',''
  ) );
#3352 = ORIENTED_EDGE('',*,*,#656,.F.);
#3353 = ADVANCED_FACE('',(#3354),#644,.F.);
#3354 = FACE_BOUND('',#3355,.F.);
#3355 = EDGE_LOOP('',(#3356,#3357,#3358,#3379));
#3356 = ORIENTED_EDGE('',*,*,#3332,.T.);
#3357 = ORIENTED_EDGE('',*,*,#1341,.T.);
#3358 = ORIENTED_EDGE('',*,*,#3359,.F.);
#3359 = EDGE_CURVE('',#601,#1342,#3360,.T.);
#3360 = SURFACE_CURVE('',#3361,(#3365,#3372),.PCURVE_S1.);
#3361 = LINE('',#3362,#3363);
#3362 = CARTESIAN_POINT('',(-5.764384185254,2.180910076753,23.5));
#3363 = VECTOR('',#3364,1.);
#3364 = DIRECTION('',(0.,0.,1.));
#3365 = PCURVE('',#644,#3366);
#3366 = DEFINITIONAL_REPRESENTATION('',(#3367),#3371);
#3367 = LINE('',#3368,#3369);
#3368 = CARTESIAN_POINT('',(0.42040252799,0.));
#3369 = VECTOR('',#3370,1.);
#3370 = DIRECTION('',(0.,-1.));
#3371 = ( GEOMETRIC_REPRESENTATION_CONTEXT(2) 
PARAMETRIC_REPRESENTATION_CONTEXT() REPRESENTATION_CONTEXT('2D SPACE',''
  ) );
#3372 = PCURVE('',#616,#3373);
#3373 = DEFINITIONAL_REPRESENTATION('',(#3374),#3378);
#3374 = LINE('',#3375,#3376);
#3375 = CARTESIAN_POINT('',(0.,0.));
#3376 = VECTOR('',#3377,1.);
#3377 = DIRECTION('',(0.,-1.));
#3378 = ( GEOMETRIC_REPRESENTATION_CONTEXT(2) 
PARAMETRIC_REPRESENTATION_CONTEXT() REPRESENTATION_CONTEXT('2D SPACE',''
  ) );
#3379 = ORIENTED_EDGE('',*,*,#628,.F.);
#3380 = ADVANCED_FACE('',(#3381),#616,.F.);
#3381 = FACE_BOUND('',#3382,.F.);
#3382 = EDGE_LOOP('',(#3383,#3384,#3385,#3406));
#3383 = ORIENTED_EDGE('',*,*,#3359,.T.);
#3384 = ORIENTED_EDGE('',*,*,#1364,.T.);
#3385 = ORIENTED_EDGE('',*,*,#3386,.F.);
#3386 = EDGE_CURVE('',#573,#1365,#3387,.T.);
#3387 = SURFACE_CURVE('',#3388,(#3392,#3399),.PCURVE_S1.);
#3388 = LINE('',#3389,#3390);
#3389 = CARTESIAN_POINT('',(-5.853127555043,1.769980764268,23.5));
#3390 = VECTOR('',#3391,1.);
#3391 = DIRECTION('',(0.,0.,1.));
#3392 = PCURVE('',#616,#3393);
#3393 = DEFINITIONAL_REPRESENTATION('',(#3394),#3398);
#3394 = LINE('',#3395,#3396);
#3395 = CARTESIAN_POINT('',(0.42040252799,0.));
#3396 = VECTOR('',#3397,1.);
#3397 = DIRECTION('',(0.,-1.));
#3398 = ( GEOMETRIC_REPRESENTATION_CONTEXT(2) 
PARAMETRIC_REPRESENTATION_CONTEXT() REPRESENTATION_CONTEXT('2D SPACE',''
  ) );
#3399 = PCURVE('',#588,#3400);
#3400 = DEFINITIONAL_REPRESENTATION('',(#3401),#3405);
#3401 = LINE('',#3402,#3403);
#3402 = CARTESIAN_POINT('',(0.,0.));
#3403 = VECTOR('',#3404,1.);
#3404 = DIRECTION('',(0.,-1.));
#3405 = ( GEOMETRIC_REPRESENTATION_CONTEXT(2) 
PARAMETRIC_REPRESENTATION_CONTEXT() REPRESENTATION_CONTEXT('2D SPACE',''
  ) );
#3406 = ORIENTED_EDGE('',*,*,#600,.F.);
#3407 = ADVANCED_FACE('',(#3408),#588,.F.);
#3408 = FACE_BOUND('',#3409,.F.);
#3409 = EDGE_LOOP('',(#3410,#3411,#3412,#3433));
#3410 = ORIENTED_EDGE('',*,*,#3386,.T.);
#3411 = ORIENTED_EDGE('',*,*,#1387,.T.);
#3412 = ORIENTED_EDGE('',*,*,#3413,.F.);
#3413 = EDGE_CURVE('',#545,#1388,#3414,.T.);
#3414 = SURFACE_CURVE('',#3415,(#3419,#3426),.PCURVE_S1.);
#3415 = LINE('',#3416,#3417);
#3416 = CARTESIAN_POINT('',(-6.271367764822,1.812564945197,23.5));
#3417 = VECTOR('',#3418,1.);
#3418 = DIRECTION('',(0.,0.,1.));
#3419 = PCURVE('',#588,#3420);
#3420 = DEFINITIONAL_REPRESENTATION('',(#3421),#3425);
#3421 = LINE('',#3422,#3423);
#3422 = CARTESIAN_POINT('',(0.42040252799,0.));
#3423 = VECTOR('',#3424,1.);
#3424 = DIRECTION('',(0.,-1.));
#3425 = ( GEOMETRIC_REPRESENTATION_CONTEXT(2) 
PARAMETRIC_REPRESENTATION_CONTEXT() REPRESENTATION_CONTEXT('2D SPACE',''
  ) );
#3426 = PCURVE('',#560,#3427);
#3427 = DEFINITIONAL_REPRESENTATION('',(#3428),#3432);
#3428 = LINE('',#3429,#3430);
#3429 = CARTESIAN_POINT('',(0.,0.));
#3430 = VECTOR('',#3431,1.);
#3431 = DIRECTION('',(0.,-1.));
#3432 = ( GEOMETRIC_REPRESENTATION_CONTEXT(2) 
PARAMETRIC_REPRESENTATION_CONTEXT() REPRESENTATION_CONTEXT('2D SPACE',''
  ) );
#3433 = ORIENTED_EDGE('',*,*,#572,.F.);
#3434 = ADVANCED_FACE('',(#3435),#560,.F.);
#3435 = FACE_BOUND('',#3436,.F.);
#3436 = EDGE_LOOP('',(#3437,#3438,#3439,#3460));
#3437 = ORIENTED_EDGE('',*,*,#3413,.T.);
#3438 = ORIENTED_EDGE('',*,*,#1410,.T.);
#3439 = ORIENTED_EDGE('',*,*,#3440,.F.);
#3440 = EDGE_CURVE('',#517,#1411,#3441,.T.);
#3441 = SURFACE_CURVE('',#3442,(#3446,#3453),.PCURVE_S1.);
#3442 = LINE('',#3443,#3444);
#3443 = CARTESIAN_POINT('',(-6.255129134107,1.39247615409,23.5));
#3444 = VECTOR('',#3445,1.);
#3445 = DIRECTION('',(0.,0.,1.));
#3446 = PCURVE('',#560,#3447);
#3447 = DEFINITIONAL_REPRESENTATION('',(#3448),#3452);
#3448 = LINE('',#3449,#3450);
#3449 = CARTESIAN_POINT('',(0.42040252799,0.));
#3450 = VECTOR('',#3451,1.);
#3451 = DIRECTION('',(0.,-1.));
#3452 = ( GEOMETRIC_REPRESENTATION_CONTEXT(2) 
PARAMETRIC_REPRESENTATION_CONTEXT() REPRESENTATION_CONTEXT('2D SPACE',''
  ) );
#3453 = PCURVE('',#532,#3454);
#3454 = DEFINITIONAL_REPRESENTATION('',(#3455),#3459);
#3455 = LINE('',#3456,#3457);
#3456 = CARTESIAN_POINT('',(0.,0.));
#3457 = VECTOR('',#3458,1.);
#3458 = DIRECTION('',(0.,-1.));
#3459 = ( GEOMETRIC_REPRESENTATION_CONTEXT(2) 
PARAMETRIC_REPRESENTATION_CONTEXT() REPRESENTATION_CONTEXT('2D SPACE',''
  ) );
#3460 = ORIENTED_EDGE('',*,*,#544,.F.);
#3461 = ADVANCED_FACE('',(#3462),#532,.F.);
#3462 = FACE_BOUND('',#3463,.F.);
#3463 = EDGE_LOOP('',(#3464,#3465,#3466,#3487));
#3464 = ORIENTED_EDGE('',*,*,#3440,.T.);
#3465 = ORIENTED_EDGE('',*,*,#1433,.T.);
#3466 = ORIENTED_EDGE('',*,*,#3467,.F.);
#3467 = EDGE_CURVE('',#489,#1434,#3468,.T.);
#3468 = SURFACE_CURVE('',#3469,(#3473,#3480),.PCURVE_S1.);
#3469 = LINE('',#3470,#3471);
#3470 = CARTESIAN_POINT('',(-6.670819813755,1.329710364091,23.5));
#3471 = VECTOR('',#3472,1.);
#3472 = DIRECTION('',(0.,0.,1.));
#3473 = PCURVE('',#532,#3474);
#3474 = DEFINITIONAL_REPRESENTATION('',(#3475),#3479);
#3475 = LINE('',#3476,#3477);
#3476 = CARTESIAN_POINT('',(0.42040252799,0.));
#3477 = VECTOR('',#3478,1.);
#3478 = DIRECTION('',(0.,-1.));
#3479 = ( GEOMETRIC_REPRESENTATION_CONTEXT(2) 
PARAMETRIC_REPRESENTATION_CONTEXT() REPRESENTATION_CONTEXT('2D SPACE',''
  ) );
#3480 = PCURVE('',#504,#3481);
#3481 = DEFINITIONAL_REPRESENTATION('',(#3482),#3486);
#3482 = LINE('',#3483,#3484);
#3483 = CARTESIAN_POINT('',(0.,0.));
#3484 = VECTOR('',#3485,1.);
#3485 = DIRECTION('',(0.,-1.));
#3486 = ( GEOMETRIC_REPRESENTATION_CONTEXT(2) 
PARAMETRIC_REPRESENTATION_CONTEXT() REPRESENTATION_CONTEXT('2D SPACE',''
  ) );
#3487 = ORIENTED_EDGE('',*,*,#516,.F.);
#3488 = ADVANCED_FACE('',(#3489),#504,.F.);
#3489 = FACE_BOUND('',#3490,.F.);
#3490 = EDGE_LOOP('',(#3491,#3492,#3493,#3514));
#3491 = ORIENTED_EDGE('',*,*,#3467,.T.);
#3492 = ORIENTED_EDGE('',*,*,#1456,.T.);
#3493 = ORIENTED_EDGE('',*,*,#3494,.F.);
#3494 = EDGE_CURVE('',#461,#1457,#3495,.T.);
#3495 = SURFACE_CURVE('',#3496,(#3500,#3507),.PCURVE_S1.);
#3496 = LINE('',#3497,#3498);
#3497 = CARTESIAN_POINT('',(-6.550619515425,0.926857818086,23.5));
#3498 = VECTOR('',#3499,1.);
#3499 = DIRECTION('',(0.,0.,1.));
#3500 = PCURVE('',#504,#3501);
#3501 = DEFINITIONAL_REPRESENTATION('',(#3502),#3506);
#3502 = LINE('',#3503,#3504);
#3503 = CARTESIAN_POINT('',(0.42040252799,0.));
#3504 = VECTOR('',#3505,1.);
#3505 = DIRECTION('',(0.,-1.));
#3506 = ( GEOMETRIC_REPRESENTATION_CONTEXT(2) 
PARAMETRIC_REPRESENTATION_CONTEXT() REPRESENTATION_CONTEXT('2D SPACE',''
  ) );
#3507 = PCURVE('',#476,#3508);
#3508 = DEFINITIONAL_REPRESENTATION('',(#3509),#3513);
#3509 = LINE('',#3510,#3511);
#3510 = CARTESIAN_POINT('',(0.,0.));
#3511 = VECTOR('',#3512,1.);
#3512 = DIRECTION('',(0.,-1.));
#3513 = ( GEOMETRIC_REPRESENTATION_CONTEXT(2) 
PARAMETRIC_REPRESENTATION_CONTEXT() REPRESENTATION_CONTEXT('2D SPACE',''
  ) );
#3514 = ORIENTED_EDGE('',*,*,#488,.F.);
#3515 = ADVANCED_FACE('',(#3516),#476,.F.);
#3516 = FACE_BOUND('',#3517,.F.);
#3517 = EDGE_LOOP('',(#3518,#3519,#3520,#3541));
#3518 = ORIENTED_EDGE('',*,*,#3494,.T.);
#3519 = ORIENTED_EDGE('',*,*,#1479,.T.);
#3520 = ORIENTED_EDGE('',*,*,#3521,.F.);
#3521 = EDGE_CURVE('',#433,#1480,#3522,.T.);
#3522 = SURFACE_CURVE('',#3523,(#3527,#3534),.PCURVE_S1.);
#3523 = LINE('',#3524,#3525);
#3524 = CARTESIAN_POINT('',(-6.937641290738,0.76268586258,23.5));
#3525 = VECTOR('',#3526,1.);
#3526 = DIRECTION('',(0.,0.,1.));
#3527 = PCURVE('',#476,#3528);
#3528 = DEFINITIONAL_REPRESENTATION('',(#3529),#3533);
#3529 = LINE('',#3530,#3531);
#3530 = CARTESIAN_POINT('',(0.42040252799,0.));
#3531 = VECTOR('',#3532,1.);
#3532 = DIRECTION('',(0.,-1.));
#3533 = ( GEOMETRIC_REPRESENTATION_CONTEXT(2) 
PARAMETRIC_REPRESENTATION_CONTEXT() REPRESENTATION_CONTEXT('2D SPACE',''
  ) );
#3534 = PCURVE('',#448,#3535);
#3535 = DEFINITIONAL_REPRESENTATION('',(#3536),#3540);
#3536 = LINE('',#3537,#3538);
#3537 = CARTESIAN_POINT('',(0.,0.));
#3538 = VECTOR('',#3539,1.);
#3539 = DIRECTION('',(0.,-1.));
#3540 = ( GEOMETRIC_REPRESENTATION_CONTEXT(2) 
PARAMETRIC_REPRESENTATION_CONTEXT() REPRESENTATION_CONTEXT('2D SPACE',''
  ) );
#3541 = ORIENTED_EDGE('',*,*,#460,.F.);
#3542 = ADVANCED_FACE('',(#3543),#448,.F.);
#3543 = FACE_BOUND('',#3544,.F.);
#3544 = EDGE_LOOP('',(#3545,#3546,#3547,#3568));
#3545 = ORIENTED_EDGE('',*,*,#3521,.T.);
#3546 = ORIENTED_EDGE('',*,*,#1502,.T.);
#3547 = ORIENTED_EDGE('',*,*,#3548,.F.);
#3548 = EDGE_CURVE('',#405,#1503,#3549,.T.);
#3549 = SURFACE_CURVE('',#3550,(#3554,#3561),.PCURVE_S1.);
#3550 = LINE('',#3551,#3552);
#3551 = CARTESIAN_POINT('',(-6.721031951603,0.402382268732,23.5));
#3552 = VECTOR('',#3553,1.);
#3553 = DIRECTION('',(0.,0.,1.));
#3554 = PCURVE('',#448,#3555);
#3555 = DEFINITIONAL_REPRESENTATION('',(#3556),#3560);
#3556 = LINE('',#3557,#3558);
#3557 = CARTESIAN_POINT('',(0.42040252799,0.));
#3558 = VECTOR('',#3559,1.);
#3559 = DIRECTION('',(0.,-1.));
#3560 = ( GEOMETRIC_REPRESENTATION_CONTEXT(2) 
PARAMETRIC_REPRESENTATION_CONTEXT() REPRESENTATION_CONTEXT('2D SPACE',''
  ) );
#3561 = PCURVE('',#420,#3562);
#3562 = DEFINITIONAL_REPRESENTATION('',(#3563),#3567);
#3563 = LINE('',#3564,#3565);
#3564 = CARTESIAN_POINT('',(0.,0.));
#3565 = VECTOR('',#3566,1.);
#3566 = DIRECTION('',(0.,-1.));
#3567 = ( GEOMETRIC_REPRESENTATION_CONTEXT(2) 
PARAMETRIC_REPRESENTATION_CONTEXT() REPRESENTATION_CONTEXT('2D SPACE',''
  ) );
#3568 = ORIENTED_EDGE('',*,*,#432,.F.);
#3569 = ADVANCED_FACE('',(#3570),#420,.F.);
#3570 = FACE_BOUND('',#3571,.F.);
#3571 = EDGE_LOOP('',(#3572,#3573,#3574,#3595));
#3572 = ORIENTED_EDGE('',*,*,#3548,.T.);
#3573 = ORIENTED_EDGE('',*,*,#1525,.T.);
#3574 = ORIENTED_EDGE('',*,*,#3575,.F.);
#3575 = EDGE_CURVE('',#377,#1526,#3576,.T.);
#3576 = SURFACE_CURVE('',#3577,(#3581,#3588),.PCURVE_S1.);
#3577 = LINE('',#3578,#3579);
#3578 = CARTESIAN_POINT('',(-7.055066821071,0.147119675466,23.5));
#3579 = VECTOR('',#3580,1.);
#3580 = DIRECTION('',(0.,0.,1.));
#3581 = PCURVE('',#420,#3582);
#3582 = DEFINITIONAL_REPRESENTATION('',(#3583),#3587);
#3583 = LINE('',#3584,#3585);
#3584 = CARTESIAN_POINT('',(0.42040252799,0.));
#3585 = VECTOR('',#3586,1.);
#3586 = DIRECTION('',(0.,-1.));
#3587 = ( GEOMETRIC_REPRESENTATION_CONTEXT(2) 
PARAMETRIC_REPRESENTATION_CONTEXT() REPRESENTATION_CONTEXT('2D SPACE',''
  ) );
#3588 = PCURVE('',#392,#3589);
#3589 = DEFINITIONAL_REPRESENTATION('',(#3590),#3594);
#3590 = LINE('',#3591,#3592);
#3591 = CARTESIAN_POINT('',(0.,0.));
#3592 = VECTOR('',#3593,1.);
#3593 = DIRECTION('',(0.,-1.));
#3594 = ( GEOMETRIC_REPRESENTATION_CONTEXT(2) 
PARAMETRIC_REPRESENTATION_CONTEXT() REPRESENTATION_CONTEXT('2D SPACE',''
  ) );
#3595 = ORIENTED_EDGE('',*,*,#404,.F.);
#3596 = ADVANCED_FACE('',(#3597),#392,.F.);
#3597 = FACE_BOUND('',#3598,.F.);
#3598 = EDGE_LOOP('',(#3599,#3600,#3601,#3622));
#3599 = ORIENTED_EDGE('',*,*,#3575,.T.);
#3600 = ORIENTED_EDGE('',*,*,#1548,.T.);
#3601 = ORIENTED_EDGE('',*,*,#3602,.F.);
#3602 = EDGE_CURVE('',#349,#1549,#3603,.T.);
#3603 = SURFACE_CURVE('',#3604,(#3608,#3615),.PCURVE_S1.);
#3604 = LINE('',#3605,#3606);
#3605 = CARTESIAN_POINT('',(-6.755658802542,-0.147995766321,23.5));
#3606 = VECTOR('',#3607,1.);
#3607 = DIRECTION('',(0.,0.,1.));
#3608 = PCURVE('',#392,#3609);
#3609 = DEFINITIONAL_REPRESENTATION('',(#3610),#3614);
#3610 = LINE('',#3611,#3612);
#3611 = CARTESIAN_POINT('',(0.42040252799,0.));
#3612 = VECTOR('',#3613,1.);
#3613 = DIRECTION('',(0.,-1.));
#3614 = ( GEOMETRIC_REPRESENTATION_CONTEXT(2) 
PARAMETRIC_REPRESENTATION_CONTEXT() REPRESENTATION_CONTEXT('2D SPACE',''
  ) );
#3615 = PCURVE('',#364,#3616);
#3616 = DEFINITIONAL_REPRESENTATION('',(#3617),#3621);
#3617 = LINE('',#3618,#3619);
#3618 = CARTESIAN_POINT('',(0.,0.));
#3619 = VECTOR('',#3620,1.);
#3620 = DIRECTION('',(0.,-1.));
#3621 = ( GEOMETRIC_REPRESENTATION_CONTEXT(2) 
PARAMETRIC_REPRESENTATION_CONTEXT() REPRESENTATION_CONTEXT('2D SPACE',''
  ) );
#3622 = ORIENTED_EDGE('',*,*,#376,.F.);
#3623 = ADVANCED_FACE('',(#3624),#364,.F.);
#3624 = FACE_BOUND('',#3625,.F.);
#3625 = EDGE_LOOP('',(#3626,#3627,#3628,#3651,#3672));
#3626 = ORIENTED_EDGE('',*,*,#3602,.T.);
#3627 = ORIENTED_EDGE('',*,*,#1571,.T.);
#3628 = ORIENTED_EDGE('',*,*,#3629,.F.);
#3629 = EDGE_CURVE('',#3630,#1572,#3632,.T.);
#3630 = VERTEX_POINT('',#3631);
#3631 = CARTESIAN_POINT('',(-7.015718126822,-0.478309909821,23.5));
#3632 = SURFACE_CURVE('',#3633,(#3637,#3644),.PCURVE_S1.);
#3633 = LINE('',#3634,#3635);
#3634 = CARTESIAN_POINT('',(-7.015718126822,-0.478309909821,23.5));
#3635 = VECTOR('',#3636,1.);
#3636 = DIRECTION('',(0.,0.,1.));
#3637 = PCURVE('',#364,#3638);
#3638 = DEFINITIONAL_REPRESENTATION('',(#3639),#3643);
#3639 = LINE('',#3640,#3641);
#3640 = CARTESIAN_POINT('',(0.42040252799,0.));
#3641 = VECTOR('',#3642,1.);
#3642 = DIRECTION('',(0.,-1.));
#3643 = ( GEOMETRIC_REPRESENTATION_CONTEXT(2) 
PARAMETRIC_REPRESENTATION_CONTEXT() REPRESENTATION_CONTEXT('2D SPACE',''
  ) );
#3644 = PCURVE('',#1610,#3645);
#3645 = DEFINITIONAL_REPRESENTATION('',(#3646),#3650);
#3646 = LINE('',#3647,#3648);
#3647 = CARTESIAN_POINT('',(0.,0.));
#3648 = VECTOR('',#3649,1.);
#3649 = DIRECTION('',(0.,-1.));
#3650 = ( GEOMETRIC_REPRESENTATION_CONTEXT(2) 
PARAMETRIC_REPRESENTATION_CONTEXT() REPRESENTATION_CONTEXT('2D SPACE',''
  ) );
#3651 = ORIENTED_EDGE('',*,*,#3652,.F.);
#3652 = EDGE_CURVE('',#325,#3630,#3653,.T.);
#3653 = SURFACE_CURVE('',#3654,(#3658,#3665),.PCURVE_S1.);
#3654 = LINE('',#3655,#3656);
#3655 = CARTESIAN_POINT('',(-6.755658802542,-0.147995766321,23.5));
#3656 = VECTOR('',#3657,1.);
#3657 = DIRECTION('',(-0.618596004935,-0.785709222727,0.));
#3658 = PCURVE('',#364,#3659);
#3659 = DEFINITIONAL_REPRESENTATION('',(#3660),#3664);
#3660 = LINE('',#3661,#3662);
#3661 = CARTESIAN_POINT('',(0.,0.));
#3662 = VECTOR('',#3663,1.);
#3663 = DIRECTION('',(1.,0.));
#3664 = ( GEOMETRIC_REPRESENTATION_CONTEXT(2) 
PARAMETRIC_REPRESENTATION_CONTEXT() REPRESENTATION_CONTEXT('2D SPACE',''
  ) );
#3665 = PCURVE('',#2385,#3666);
#3666 = DEFINITIONAL_REPRESENTATION('',(#3667),#3671);
#3667 = LINE('',#3668,#3669);
#3668 = CARTESIAN_POINT('',(-2.195658802542,-0.138139142964));
#3669 = VECTOR('',#3670,1.);
#3670 = DIRECTION('',(-0.618596004935,-0.785709222727));
#3671 = ( GEOMETRIC_REPRESENTATION_CONTEXT(2) 
PARAMETRIC_REPRESENTATION_CONTEXT() REPRESENTATION_CONTEXT('2D SPACE',''
  ) );
#3672 = ORIENTED_EDGE('',*,*,#348,.F.);
#3673 = ADVANCED_FACE('',(#3674),#1610,.F.);
#3674 = FACE_BOUND('',#3675,.F.);
#3675 = EDGE_LOOP('',(#3676,#3677,#3678,#3701,#3722));
#3676 = ORIENTED_EDGE('',*,*,#3629,.T.);
#3677 = ORIENTED_EDGE('',*,*,#1594,.T.);
#3678 = ORIENTED_EDGE('',*,*,#3679,.F.);
#3679 = EDGE_CURVE('',#3680,#1595,#3682,.T.);
#3680 = VERTEX_POINT('',#3681);
#3681 = CARTESIAN_POINT('',(-6.652324335849,-0.689694010982,23.5));
#3682 = SURFACE_CURVE('',#3683,(#3687,#3694),.PCURVE_S1.);
#3683 = LINE('',#3684,#3685);
#3684 = CARTESIAN_POINT('',(-6.652324335849,-0.689694010982,23.5));
#3685 = VECTOR('',#3686,1.);
#3686 = DIRECTION('',(0.,0.,1.));
#3687 = PCURVE('',#1610,#3688);
#3688 = DEFINITIONAL_REPRESENTATION('',(#3689),#3693);
#3689 = LINE('',#3690,#3691);
#3690 = CARTESIAN_POINT('',(0.42040252799,0.));
#3691 = VECTOR('',#3692,1.);
#3692 = DIRECTION('',(0.,-1.));
#3693 = ( GEOMETRIC_REPRESENTATION_CONTEXT(2) 
PARAMETRIC_REPRESENTATION_CONTEXT() REPRESENTATION_CONTEXT('2D SPACE',''
  ) );
#3694 = PCURVE('',#1638,#3695);
#3695 = DEFINITIONAL_REPRESENTATION('',(#3696),#3700);
#3696 = LINE('',#3697,#3698);
#3697 = CARTESIAN_POINT('',(0.,0.));
#3698 = VECTOR('',#3699,1.);
#3699 = DIRECTION('',(0.,-1.));
#3700 = ( GEOMETRIC_REPRESENTATION_CONTEXT(2) 
PARAMETRIC_REPRESENTATION_CONTEXT() REPRESENTATION_CONTEXT('2D SPACE',''
  ) );
#3701 = ORIENTED_EDGE('',*,*,#3702,.F.);
#3702 = EDGE_CURVE('',#2369,#3680,#3703,.T.);
#3703 = SURFACE_CURVE('',#3704,(#3708,#3715),.PCURVE_S1.);
#3704 = LINE('',#3705,#3706);
#3705 = CARTESIAN_POINT('',(-7.015718126822,-0.478309909821,23.5));
#3706 = VECTOR('',#3707,1.);
#3707 = DIRECTION('',(0.86439487581,-0.502813582428,0.));
#3708 = PCURVE('',#1610,#3709);
#3709 = DEFINITIONAL_REPRESENTATION('',(#3710),#3714);
#3710 = LINE('',#3711,#3712);
#3711 = CARTESIAN_POINT('',(0.,0.));
#3712 = VECTOR('',#3713,1.);
#3713 = DIRECTION('',(1.,0.));
#3714 = ( GEOMETRIC_REPRESENTATION_CONTEXT(2) 
PARAMETRIC_REPRESENTATION_CONTEXT() REPRESENTATION_CONTEXT('2D SPACE',''
  ) );
#3715 = PCURVE('',#2414,#3716);
#3716 = DEFINITIONAL_REPRESENTATION('',(#3717),#3721);
#3717 = LINE('',#3718,#3719);
#3718 = CARTESIAN_POINT('',(-2.455718126822,-0.478309909821));
#3719 = VECTOR('',#3720,1.);
#3720 = DIRECTION('',(0.86439487581,-0.502813582428));
#3721 = ( GEOMETRIC_REPRESENTATION_CONTEXT(2) 
PARAMETRIC_REPRESENTATION_CONTEXT() REPRESENTATION_CONTEXT('2D SPACE',''
  ) );
#3722 = ORIENTED_EDGE('',*,*,#3723,.F.);
#3723 = EDGE_CURVE('',#3630,#2369,#3724,.T.);
#3724 = SURFACE_CURVE('',#3725,(#3729,#3736),.PCURVE_S1.);
#3725 = LINE('',#3726,#3727);
#3726 = CARTESIAN_POINT('',(-7.015718126822,-0.478309909821,23.5));
#3727 = VECTOR('',#3728,1.);
#3728 = DIRECTION('',(0.86439487581,-0.502813582428,0.));
#3729 = PCURVE('',#1610,#3730);
#3730 = DEFINITIONAL_REPRESENTATION('',(#3731),#3735);
#3731 = LINE('',#3732,#3733);
#3732 = CARTESIAN_POINT('',(0.,0.));
#3733 = VECTOR('',#3734,1.);
#3734 = DIRECTION('',(1.,0.));
#3735 = ( GEOMETRIC_REPRESENTATION_CONTEXT(2) 
PARAMETRIC_REPRESENTATION_CONTEXT() REPRESENTATION_CONTEXT('2D SPACE',''
  ) );
#3736 = PCURVE('',#2385,#3737);
#3737 = DEFINITIONAL_REPRESENTATION('',(#3738),#3742);
#3738 = LINE('',#3739,#3740);
#3739 = CARTESIAN_POINT('',(-2.455718126822,-0.468453286464));
#3740 = VECTOR('',#3741,1.);
#3741 = DIRECTION('',(0.86439487581,-0.502813582428));
#3742 = ( GEOMETRIC_REPRESENTATION_CONTEXT(2) 
PARAMETRIC_REPRESENTATION_CONTEXT() REPRESENTATION_CONTEXT('2D SPACE',''
  ) );
#3743 = ADVANCED_FACE('',(#3744),#1638,.F.);
#3744 = FACE_BOUND('',#3745,.F.);
#3745 = EDGE_LOOP('',(#3746,#3747,#3748,#3771,#3792));
#3746 = ORIENTED_EDGE('',*,*,#3679,.T.);
#3747 = ORIENTED_EDGE('',*,*,#1622,.T.);
#3748 = ORIENTED_EDGE('',*,*,#3749,.F.);
#3749 = EDGE_CURVE('',#3750,#1623,#3752,.T.);
#3750 = VERTEX_POINT('',#3751);
#3751 = CARTESIAN_POINT('',(-6.822067631165,-1.07430485227,23.5));
#3752 = SURFACE_CURVE('',#3753,(#3757,#3764),.PCURVE_S1.);
#3753 = LINE('',#3754,#3755);
#3754 = CARTESIAN_POINT('',(-6.822067631165,-1.07430485227,23.5));
#3755 = VECTOR('',#3756,1.);
#3756 = DIRECTION('',(0.,0.,1.));
#3757 = PCURVE('',#1638,#3758);
#3758 = DEFINITIONAL_REPRESENTATION('',(#3759),#3763);
#3759 = LINE('',#3760,#3761);
#3760 = CARTESIAN_POINT('',(0.42040252799,0.));
#3761 = VECTOR('',#3762,1.);
#3762 = DIRECTION('',(0.,-1.));
#3763 = ( GEOMETRIC_REPRESENTATION_CONTEXT(2) 
PARAMETRIC_REPRESENTATION_CONTEXT() REPRESENTATION_CONTEXT('2D SPACE',''
  ) );
#3764 = PCURVE('',#1666,#3765);
#3765 = DEFINITIONAL_REPRESENTATION('',(#3766),#3770);
#3766 = LINE('',#3767,#3768);
#3767 = CARTESIAN_POINT('',(0.,0.));
#3768 = VECTOR('',#3769,1.);
#3769 = DIRECTION('',(0.,-1.));
#3770 = ( GEOMETRIC_REPRESENTATION_CONTEXT(2) 
PARAMETRIC_REPRESENTATION_CONTEXT() REPRESENTATION_CONTEXT('2D SPACE',''
  ) );
#3771 = ORIENTED_EDGE('',*,*,#3772,.F.);
#3772 = EDGE_CURVE('',#2398,#3750,#3773,.T.);
#3773 = SURFACE_CURVE('',#3774,(#3778,#3785),.PCURVE_S1.);
#3774 = LINE('',#3775,#3776);
#3775 = CARTESIAN_POINT('',(-6.652324335849,-0.689694010982,23.5));
#3776 = VECTOR('',#3777,1.);
#3777 = DIRECTION('',(-0.403763735977,-0.914863293345,0.));
#3778 = PCURVE('',#1638,#3779);
#3779 = DEFINITIONAL_REPRESENTATION('',(#3780),#3784);
#3780 = LINE('',#3781,#3782);
#3781 = CARTESIAN_POINT('',(0.,0.));
#3782 = VECTOR('',#3783,1.);
#3783 = DIRECTION('',(1.,0.));
#3784 = ( GEOMETRIC_REPRESENTATION_CONTEXT(2) 
PARAMETRIC_REPRESENTATION_CONTEXT() REPRESENTATION_CONTEXT('2D SPACE',''
  ) );
#3785 = PCURVE('',#2443,#3786);
#3786 = DEFINITIONAL_REPRESENTATION('',(#3787),#3791);
#3787 = LINE('',#3788,#3789);
#3788 = CARTESIAN_POINT('',(-2.092324335849,-0.679837387625));
#3789 = VECTOR('',#3790,1.);
#3790 = DIRECTION('',(-0.403763735977,-0.914863293345));
#3791 = ( GEOMETRIC_REPRESENTATION_CONTEXT(2) 
PARAMETRIC_REPRESENTATION_CONTEXT() REPRESENTATION_CONTEXT('2D SPACE',''
  ) );
#3792 = ORIENTED_EDGE('',*,*,#3793,.F.);
#3793 = EDGE_CURVE('',#3680,#2398,#3794,.T.);
#3794 = SURFACE_CURVE('',#3795,(#3799,#3806),.PCURVE_S1.);
#3795 = LINE('',#3796,#3797);
#3796 = CARTESIAN_POINT('',(-6.652324335849,-0.689694010982,23.5));
#3797 = VECTOR('',#3798,1.);
#3798 = DIRECTION('',(-0.403763735977,-0.914863293345,0.));
#3799 = PCURVE('',#1638,#3800);
#3800 = DEFINITIONAL_REPRESENTATION('',(#3801),#3805);
#3801 = LINE('',#3802,#3803);
#3802 = CARTESIAN_POINT('',(0.,0.));
#3803 = VECTOR('',#3804,1.);
#3804 = DIRECTION('',(1.,0.));
#3805 = ( GEOMETRIC_REPRESENTATION_CONTEXT(2) 
PARAMETRIC_REPRESENTATION_CONTEXT() REPRESENTATION_CONTEXT('2D SPACE',''
  ) );
#3806 = PCURVE('',#2414,#3807);
#3807 = DEFINITIONAL_REPRESENTATION('',(#3808),#3812);
#3808 = LINE('',#3809,#3810);
#3809 = CARTESIAN_POINT('',(-2.092324335849,-0.689694010982));
#3810 = VECTOR('',#3811,1.);
#3811 = DIRECTION('',(-0.403763735977,-0.914863293345));
#3812 = ( GEOMETRIC_REPRESENTATION_CONTEXT(2) 
PARAMETRIC_REPRESENTATION_CONTEXT() REPRESENTATION_CONTEXT('2D SPACE',''
  ) );
#3813 = ADVANCED_FACE('',(#3814),#1666,.F.);
#3814 = FACE_BOUND('',#3815,.F.);
#3815 = EDGE_LOOP('',(#3816,#3817,#3818,#3841,#3862));
#3816 = ORIENTED_EDGE('',*,*,#3749,.T.);
#3817 = ORIENTED_EDGE('',*,*,#1650,.T.);
#3818 = ORIENTED_EDGE('',*,*,#3819,.F.);
#3819 = EDGE_CURVE('',#3820,#1651,#3822,.T.);
#3820 = VERTEX_POINT('',#3821);
#3821 = CARTESIAN_POINT('',(-6.417521436104,-1.188675572311,23.5));
#3822 = SURFACE_CURVE('',#3823,(#3827,#3834),.PCURVE_S1.);
#3823 = LINE('',#3824,#3825);
#3824 = CARTESIAN_POINT('',(-6.417521436104,-1.188675572311,23.5));
#3825 = VECTOR('',#3826,1.);
#3826 = DIRECTION('',(0.,0.,1.));
#3827 = PCURVE('',#1666,#3828);
#3828 = DEFINITIONAL_REPRESENTATION('',(#3829),#3833);
#3829 = LINE('',#3830,#3831);
#3830 = CARTESIAN_POINT('',(0.42040252799,0.));
#3831 = VECTOR('',#3832,1.);
#3832 = DIRECTION('',(0.,-1.));
#3833 = ( GEOMETRIC_REPRESENTATION_CONTEXT(2) 
PARAMETRIC_REPRESENTATION_CONTEXT() REPRESENTATION_CONTEXT('2D SPACE',''
  ) );
#3834 = PCURVE('',#1694,#3835);
#3835 = DEFINITIONAL_REPRESENTATION('',(#3836),#3840);
#3836 = LINE('',#3837,#3838);
#3837 = CARTESIAN_POINT('',(0.,0.));
#3838 = VECTOR('',#3839,1.);
#3839 = DIRECTION('',(0.,-1.));
#3840 = ( GEOMETRIC_REPRESENTATION_CONTEXT(2) 
PARAMETRIC_REPRESENTATION_CONTEXT() REPRESENTATION_CONTEXT('2D SPACE',''
  ) );
#3841 = ORIENTED_EDGE('',*,*,#3842,.F.);
#3842 = EDGE_CURVE('',#2427,#3820,#3843,.T.);
#3843 = SURFACE_CURVE('',#3844,(#3848,#3855),.PCURVE_S1.);
#3844 = LINE('',#3845,#3846);
#3845 = CARTESIAN_POINT('',(-6.822067631165,-1.07430485227,23.5));
#3846 = VECTOR('',#3847,1.);
#3847 = DIRECTION('',(0.962282974354,-0.272050504995,0.));
#3848 = PCURVE('',#1666,#3849);
#3849 = DEFINITIONAL_REPRESENTATION('',(#3850),#3854);
#3850 = LINE('',#3851,#3852);
#3851 = CARTESIAN_POINT('',(0.,0.));
#3852 = VECTOR('',#3853,1.);
#3853 = DIRECTION('',(1.,0.));
#3854 = ( GEOMETRIC_REPRESENTATION_CONTEXT(2) 
PARAMETRIC_REPRESENTATION_CONTEXT() REPRESENTATION_CONTEXT('2D SPACE',''
  ) );
#3855 = PCURVE('',#2472,#3856);
#3856 = DEFINITIONAL_REPRESENTATION('',(#3857),#3861);
#3857 = LINE('',#3858,#3859);
#3858 = CARTESIAN_POINT('',(-2.262067631165,-1.07430485227));
#3859 = VECTOR('',#3860,1.);
#3860 = DIRECTION('',(0.962282974354,-0.272050504995));
#3861 = ( GEOMETRIC_REPRESENTATION_CONTEXT(2) 
PARAMETRIC_REPRESENTATION_CONTEXT() REPRESENTATION_CONTEXT('2D SPACE',''
  ) );
#3862 = ORIENTED_EDGE('',*,*,#3863,.F.);
#3863 = EDGE_CURVE('',#3750,#2427,#3864,.T.);
#3864 = SURFACE_CURVE('',#3865,(#3869,#3876),.PCURVE_S1.);
#3865 = LINE('',#3866,#3867);
#3866 = CARTESIAN_POINT('',(-6.822067631165,-1.07430485227,23.5));
#3867 = VECTOR('',#3868,1.);
#3868 = DIRECTION('',(0.962282974354,-0.272050504995,0.));
#3869 = PCURVE('',#1666,#3870);
#3870 = DEFINITIONAL_REPRESENTATION('',(#3871),#3875);
#3871 = LINE('',#3872,#3873);
#3872 = CARTESIAN_POINT('',(0.,0.));
#3873 = VECTOR('',#3874,1.);
#3874 = DIRECTION('',(1.,0.));
#3875 = ( GEOMETRIC_REPRESENTATION_CONTEXT(2) 
PARAMETRIC_REPRESENTATION_CONTEXT() REPRESENTATION_CONTEXT('2D SPACE',''
  ) );
#3876 = PCURVE('',#2443,#3877);
#3877 = DEFINITIONAL_REPRESENTATION('',(#3878),#3882);
#3878 = LINE('',#3879,#3880);
#3879 = CARTESIAN_POINT('',(-2.262067631165,-1.064448228913));
#3880 = VECTOR('',#3881,1.);
#3881 = DIRECTION('',(0.962282974354,-0.272050504995));
#3882 = ( GEOMETRIC_REPRESENTATION_CONTEXT(2) 
PARAMETRIC_REPRESENTATION_CONTEXT() REPRESENTATION_CONTEXT('2D SPACE',''
  ) );
#3883 = ADVANCED_FACE('',(#3884),#1694,.F.);
#3884 = FACE_BOUND('',#3885,.F.);
#3885 = EDGE_LOOP('',(#3886,#3887,#3888,#3911,#3932));
#3886 = ORIENTED_EDGE('',*,*,#3819,.T.);
#3887 = ORIENTED_EDGE('',*,*,#1678,.T.);
#3888 = ORIENTED_EDGE('',*,*,#3889,.F.);
#3889 = EDGE_CURVE('',#3890,#1679,#3892,.T.);
#3890 = VERTEX_POINT('',#3891);
#3891 = CARTESIAN_POINT('',(-6.486283106939,-1.603416597729,23.5));
#3892 = SURFACE_CURVE('',#3893,(#3897,#3904),.PCURVE_S1.);
#3893 = LINE('',#3894,#3895);
#3894 = CARTESIAN_POINT('',(-6.486283106939,-1.603416597729,23.5));
#3895 = VECTOR('',#3896,1.);
#3896 = DIRECTION('',(0.,0.,1.));
#3897 = PCURVE('',#1694,#3898);
#3898 = DEFINITIONAL_REPRESENTATION('',(#3899),#3903);
#3899 = LINE('',#3900,#3901);
#3900 = CARTESIAN_POINT('',(0.42040252799,0.));
#3901 = VECTOR('',#3902,1.);
#3902 = DIRECTION('',(0.,-1.));
#3903 = ( GEOMETRIC_REPRESENTATION_CONTEXT(2) 
PARAMETRIC_REPRESENTATION_CONTEXT() REPRESENTATION_CONTEXT('2D SPACE',''
  ) );
#3904 = PCURVE('',#1722,#3905);
#3905 = DEFINITIONAL_REPRESENTATION('',(#3906),#3910);
#3906 = LINE('',#3907,#3908);
#3907 = CARTESIAN_POINT('',(0.,0.));
#3908 = VECTOR('',#3909,1.);
#3909 = DIRECTION('',(0.,-1.));
#3910 = ( GEOMETRIC_REPRESENTATION_CONTEXT(2) 
PARAMETRIC_REPRESENTATION_CONTEXT() REPRESENTATION_CONTEXT('2D SPACE',''
  ) );
#3911 = ORIENTED_EDGE('',*,*,#3912,.F.);
#3912 = EDGE_CURVE('',#2456,#3890,#3913,.T.);
#3913 = SURFACE_CURVE('',#3914,(#3918,#3925),.PCURVE_S1.);
#3914 = LINE('',#3915,#3916);
#3915 = CARTESIAN_POINT('',(-6.417521436104,-1.188675572311,23.5));
#3916 = VECTOR('',#3917,1.);
#3917 = DIRECTION('',(-0.163561506549,-0.98653313861,0.));
#3918 = PCURVE('',#1694,#3919);
#3919 = DEFINITIONAL_REPRESENTATION('',(#3920),#3924);
#3920 = LINE('',#3921,#3922);
#3921 = CARTESIAN_POINT('',(0.,0.));
#3922 = VECTOR('',#3923,1.);
#3923 = DIRECTION('',(1.,0.));
#3924 = ( GEOMETRIC_REPRESENTATION_CONTEXT(2) 
PARAMETRIC_REPRESENTATION_CONTEXT() REPRESENTATION_CONTEXT('2D SPACE',''
  ) );
#3925 = PCURVE('',#2501,#3926);
#3926 = DEFINITIONAL_REPRESENTATION('',(#3927),#3931);
#3927 = LINE('',#3928,#3929);
#3928 = CARTESIAN_POINT('',(-1.857521436104,-1.178818948954));
#3929 = VECTOR('',#3930,1.);
#3930 = DIRECTION('',(-0.163561506549,-0.98653313861));
#3931 = ( GEOMETRIC_REPRESENTATION_CONTEXT(2) 
PARAMETRIC_REPRESENTATION_CONTEXT() REPRESENTATION_CONTEXT('2D SPACE',''
  ) );
#3932 = ORIENTED_EDGE('',*,*,#3933,.F.);
#3933 = EDGE_CURVE('',#3820,#2456,#3934,.T.);
#3934 = SURFACE_CURVE('',#3935,(#3939,#3946),.PCURVE_S1.);
#3935 = LINE('',#3936,#3937);
#3936 = CARTESIAN_POINT('',(-6.417521436104,-1.188675572311,23.5));
#3937 = VECTOR('',#3938,1.);
#3938 = DIRECTION('',(-0.163561506549,-0.98653313861,0.));
#3939 = PCURVE('',#1694,#3940);
#3940 = DEFINITIONAL_REPRESENTATION('',(#3941),#3945);
#3941 = LINE('',#3942,#3943);
#3942 = CARTESIAN_POINT('',(0.,0.));
#3943 = VECTOR('',#3944,1.);
#3944 = DIRECTION('',(1.,0.));
#3945 = ( GEOMETRIC_REPRESENTATION_CONTEXT(2) 
PARAMETRIC_REPRESENTATION_CONTEXT() REPRESENTATION_CONTEXT('2D SPACE',''
  ) );
#3946 = PCURVE('',#2472,#3947);
#3947 = DEFINITIONAL_REPRESENTATION('',(#3948),#3952);
#3948 = LINE('',#3949,#3950);
#3949 = CARTESIAN_POINT('',(-1.857521436104,-1.188675572311));
#3950 = VECTOR('',#3951,1.);
#3951 = DIRECTION('',(-0.163561506549,-0.98653313861));
#3952 = ( GEOMETRIC_REPRESENTATION_CONTEXT(2) 
PARAMETRIC_REPRESENTATION_CONTEXT() REPRESENTATION_CONTEXT('2D SPACE',''
  ) );
#3953 = ADVANCED_FACE('',(#3954),#1722,.F.);
#3954 = FACE_BOUND('',#3955,.F.);
#3955 = EDGE_LOOP('',(#3956,#3957,#3958,#3981,#4002));
#3956 = ORIENTED_EDGE('',*,*,#3889,.T.);
#3957 = ORIENTED_EDGE('',*,*,#1706,.T.);
#3958 = ORIENTED_EDGE('',*,*,#3959,.F.);
#3959 = EDGE_CURVE('',#3960,#1707,#3962,.T.);
#3960 = VERTEX_POINT('',#3961);
#3961 = CARTESIAN_POINT('',(-6.066003633043,-1.613587603684,23.5));
#3962 = SURFACE_CURVE('',#3963,(#3967,#3974),.PCURVE_S1.);
#3963 = LINE('',#3964,#3965);
#3964 = CARTESIAN_POINT('',(-6.066003633043,-1.613587603684,23.5));
#3965 = VECTOR('',#3966,1.);
#3966 = DIRECTION('',(0.,0.,1.));
#3967 = PCURVE('',#1722,#3968);
#3968 = DEFINITIONAL_REPRESENTATION('',(#3969),#3973);
#3969 = LINE('',#3970,#3971);
#3970 = CARTESIAN_POINT('',(0.42040252799,0.));
#3971 = VECTOR('',#3972,1.);
#3972 = DIRECTION('',(0.,-1.));
#3973 = ( GEOMETRIC_REPRESENTATION_CONTEXT(2) 
PARAMETRIC_REPRESENTATION_CONTEXT() REPRESENTATION_CONTEXT('2D SPACE',''
  ) );
#3974 = PCURVE('',#1750,#3975);
#3975 = DEFINITIONAL_REPRESENTATION('',(#3976),#3980);
#3976 = LINE('',#3977,#3978);
#3977 = CARTESIAN_POINT('',(0.,0.));
#3978 = VECTOR('',#3979,1.);
#3979 = DIRECTION('',(0.,-1.));
#3980 = ( GEOMETRIC_REPRESENTATION_CONTEXT(2) 
PARAMETRIC_REPRESENTATION_CONTEXT() REPRESENTATION_CONTEXT('2D SPACE',''
  ) );
#3981 = ORIENTED_EDGE('',*,*,#3982,.F.);
#3982 = EDGE_CURVE('',#2485,#3960,#3983,.T.);
#3983 = SURFACE_CURVE('',#3984,(#3988,#3995),.PCURVE_S1.);
#3984 = LINE('',#3985,#3986);
#3985 = CARTESIAN_POINT('',(-6.486283106939,-1.603416597729,23.5));
#3986 = VECTOR('',#3987,1.);
#3987 = DIRECTION('',(0.999707294591,-2.419349380224E-02,0.));
#3988 = PCURVE('',#1722,#3989);
#3989 = DEFINITIONAL_REPRESENTATION('',(#3990),#3994);
#3990 = LINE('',#3991,#3992);
#3991 = CARTESIAN_POINT('',(0.,0.));
#3992 = VECTOR('',#3993,1.);
#3993 = DIRECTION('',(1.,0.));
#3994 = ( GEOMETRIC_REPRESENTATION_CONTEXT(2) 
PARAMETRIC_REPRESENTATION_CONTEXT() REPRESENTATION_CONTEXT('2D SPACE',''
  ) );
#3995 = PCURVE('',#2530,#3996);
#3996 = DEFINITIONAL_REPRESENTATION('',(#3997),#4001);
#3997 = LINE('',#3998,#3999);
#3998 = CARTESIAN_POINT('',(-1.926283106939,-1.603416597729));
#3999 = VECTOR('',#4000,1.);
#4000 = DIRECTION('',(0.999707294591,-2.419349380224E-02));
#4001 = ( GEOMETRIC_REPRESENTATION_CONTEXT(2) 
PARAMETRIC_REPRESENTATION_CONTEXT() REPRESENTATION_CONTEXT('2D SPACE',''
  ) );
#4002 = ORIENTED_EDGE('',*,*,#4003,.F.);
#4003 = EDGE_CURVE('',#3890,#2485,#4004,.T.);
#4004 = SURFACE_CURVE('',#4005,(#4009,#4016),.PCURVE_S1.);
#4005 = LINE('',#4006,#4007);
#4006 = CARTESIAN_POINT('',(-6.486283106939,-1.603416597729,23.5));
#4007 = VECTOR('',#4008,1.);
#4008 = DIRECTION('',(0.999707294591,-2.419349380224E-02,0.));
#4009 = PCURVE('',#1722,#4010);
#4010 = DEFINITIONAL_REPRESENTATION('',(#4011),#4015);
#4011 = LINE('',#4012,#4013);
#4012 = CARTESIAN_POINT('',(0.,0.));
#4013 = VECTOR('',#4014,1.);
#4014 = DIRECTION('',(1.,0.));
#4015 = ( GEOMETRIC_REPRESENTATION_CONTEXT(2) 
PARAMETRIC_REPRESENTATION_CONTEXT() REPRESENTATION_CONTEXT('2D SPACE',''
  ) );
#4016 = PCURVE('',#2501,#4017);
#4017 = DEFINITIONAL_REPRESENTATION('',(#4018),#4022);
#4018 = LINE('',#4019,#4020);
#4019 = CARTESIAN_POINT('',(-1.926283106939,-1.593559974372));
#4020 = VECTOR('',#4021,1.);
#4021 = DIRECTION('',(0.999707294591,-2.419349380224E-02));
#4022 = ( GEOMETRIC_REPRESENTATION_CONTEXT(2) 
PARAMETRIC_REPRESENTATION_CONTEXT() REPRESENTATION_CONTEXT('2D SPACE',''
  ) );
#4023 = ADVANCED_FACE('',(#4024),#1750,.F.);
#4024 = FACE_BOUND('',#4025,.F.);
#4025 = EDGE_LOOP('',(#4026,#4027,#4028,#4051,#4072));
#4026 = ORIENTED_EDGE('',*,*,#3959,.T.);
#4027 = ORIENTED_EDGE('',*,*,#1734,.T.);
#4028 = ORIENTED_EDGE('',*,*,#4029,.F.);
#4029 = EDGE_CURVE('',#4030,#1735,#4032,.T.);
#4030 = VERTEX_POINT('',#4031);
#4031 = CARTESIAN_POINT('',(-6.029463130731,-2.032399109294,23.5));
#4032 = SURFACE_CURVE('',#4033,(#4037,#4044),.PCURVE_S1.);
#4033 = LINE('',#4034,#4035);
#4034 = CARTESIAN_POINT('',(-6.029463130731,-2.032399109294,23.5));
#4035 = VECTOR('',#4036,1.);
#4036 = DIRECTION('',(0.,0.,1.));
#4037 = PCURVE('',#1750,#4038);
#4038 = DEFINITIONAL_REPRESENTATION('',(#4039),#4043);
#4039 = LINE('',#4040,#4041);
#4040 = CARTESIAN_POINT('',(0.42040252799,0.));
#4041 = VECTOR('',#4042,1.);
#4042 = DIRECTION('',(0.,-1.));
#4043 = ( GEOMETRIC_REPRESENTATION_CONTEXT(2) 
PARAMETRIC_REPRESENTATION_CONTEXT() REPRESENTATION_CONTEXT('2D SPACE',''
  ) );
#4044 = PCURVE('',#1778,#4045);
#4045 = DEFINITIONAL_REPRESENTATION('',(#4046),#4050);
#4046 = LINE('',#4047,#4048);
#4047 = CARTESIAN_POINT('',(0.,0.));
#4048 = VECTOR('',#4049,1.);
#4049 = DIRECTION('',(0.,-1.));
#4050 = ( GEOMETRIC_REPRESENTATION_CONTEXT(2) 
PARAMETRIC_REPRESENTATION_CONTEXT() REPRESENTATION_CONTEXT('2D SPACE',''
  ) );
#4051 = ORIENTED_EDGE('',*,*,#4052,.F.);
#4052 = EDGE_CURVE('',#2514,#4030,#4053,.T.);
#4053 = SURFACE_CURVE('',#4054,(#4058,#4065),.PCURVE_S1.);
#4054 = LINE('',#4055,#4056);
#4055 = CARTESIAN_POINT('',(-6.066003633043,-1.613587603684,23.5));
#4056 = VECTOR('',#4057,1.);
#4057 = DIRECTION('',(8.691789387328E-02,-0.996215478561,0.));
#4058 = PCURVE('',#1750,#4059);
#4059 = DEFINITIONAL_REPRESENTATION('',(#4060),#4064);
#4060 = LINE('',#4061,#4062);
#4061 = CARTESIAN_POINT('',(0.,0.));
#4062 = VECTOR('',#4063,1.);
#4063 = DIRECTION('',(1.,0.));
#4064 = ( GEOMETRIC_REPRESENTATION_CONTEXT(2) 
PARAMETRIC_REPRESENTATION_CONTEXT() REPRESENTATION_CONTEXT('2D SPACE',''
  ) );
#4065 = PCURVE('',#2559,#4066);
#4066 = DEFINITIONAL_REPRESENTATION('',(#4067),#4071);
#4067 = LINE('',#4068,#4069);
#4068 = CARTESIAN_POINT('',(-1.506003633043,-1.603730980327));
#4069 = VECTOR('',#4070,1.);
#4070 = DIRECTION('',(8.691789387328E-02,-0.996215478561));
#4071 = ( GEOMETRIC_REPRESENTATION_CONTEXT(2) 
PARAMETRIC_REPRESENTATION_CONTEXT() REPRESENTATION_CONTEXT('2D SPACE',''
  ) );
#4072 = ORIENTED_EDGE('',*,*,#4073,.F.);
#4073 = EDGE_CURVE('',#3960,#2514,#4074,.T.);
#4074 = SURFACE_CURVE('',#4075,(#4079,#4086),.PCURVE_S1.);
#4075 = LINE('',#4076,#4077);
#4076 = CARTESIAN_POINT('',(-6.066003633043,-1.613587603684,23.5));
#4077 = VECTOR('',#4078,1.);
#4078 = DIRECTION('',(8.691789387328E-02,-0.996215478561,0.));
#4079 = PCURVE('',#1750,#4080);
#4080 = DEFINITIONAL_REPRESENTATION('',(#4081),#4085);
#4081 = LINE('',#4082,#4083);
#4082 = CARTESIAN_POINT('',(0.,0.));
#4083 = VECTOR('',#4084,1.);
#4084 = DIRECTION('',(1.,0.));
#4085 = ( GEOMETRIC_REPRESENTATION_CONTEXT(2) 
PARAMETRIC_REPRESENTATION_CONTEXT() REPRESENTATION_CONTEXT('2D SPACE',''
  ) );
#4086 = PCURVE('',#2530,#4087);
#4087 = DEFINITIONAL_REPRESENTATION('',(#4088),#4092);
#4088 = LINE('',#4089,#4090);
#4089 = CARTESIAN_POINT('',(-1.506003633043,-1.613587603684));
#4090 = VECTOR('',#4091,1.);
#4091 = DIRECTION('',(8.691789387328E-02,-0.996215478561));
#4092 = ( GEOMETRIC_REPRESENTATION_CONTEXT(2) 
PARAMETRIC_REPRESENTATION_CONTEXT() REPRESENTATION_CONTEXT('2D SPACE',''
  ) );
#4093 = ADVANCED_FACE('',(#4094),#1778,.F.);
#4094 = FACE_BOUND('',#4095,.F.);
#4095 = EDGE_LOOP('',(#4096,#4097,#4098,#4121,#4142));
#4096 = ORIENTED_EDGE('',*,*,#4029,.T.);
#4097 = ORIENTED_EDGE('',*,*,#1762,.T.);
#4098 = ORIENTED_EDGE('',*,*,#4099,.F.);
#4099 = EDGE_CURVE('',#4100,#1763,#4102,.T.);
#4100 = VERTEX_POINT('',#4101);
#4101 = CARTESIAN_POINT('',(-5.619858083024,-1.937731319453,23.5));
#4102 = SURFACE_CURVE('',#4103,(#4107,#4114),.PCURVE_S1.);
#4103 = LINE('',#4104,#4105);
#4104 = CARTESIAN_POINT('',(-5.619858083024,-1.937731319453,23.5));
#4105 = VECTOR('',#4106,1.);
#4106 = DIRECTION('',(0.,0.,1.));
#4107 = PCURVE('',#1778,#4108);
#4108 = DEFINITIONAL_REPRESENTATION('',(#4109),#4113);
#4109 = LINE('',#4110,#4111);
#4110 = CARTESIAN_POINT('',(0.42040252799,0.));
#4111 = VECTOR('',#4112,1.);
#4112 = DIRECTION('',(0.,-1.));
#4113 = ( GEOMETRIC_REPRESENTATION_CONTEXT(2) 
PARAMETRIC_REPRESENTATION_CONTEXT() REPRESENTATION_CONTEXT('2D SPACE',''
  ) );
#4114 = PCURVE('',#1806,#4115);
#4115 = DEFINITIONAL_REPRESENTATION('',(#4116),#4120);
#4116 = LINE('',#4117,#4118);
#4117 = CARTESIAN_POINT('',(0.,0.));
#4118 = VECTOR('',#4119,1.);
#4119 = DIRECTION('',(0.,-1.));
#4120 = ( GEOMETRIC_REPRESENTATION_CONTEXT(2) 
PARAMETRIC_REPRESENTATION_CONTEXT() REPRESENTATION_CONTEXT('2D SPACE',''
  ) );
#4121 = ORIENTED_EDGE('',*,*,#4122,.F.);
#4122 = EDGE_CURVE('',#2543,#4100,#4123,.T.);
#4123 = SURFACE_CURVE('',#4124,(#4128,#4135),.PCURVE_S1.);
#4124 = LINE('',#4125,#4126);
#4125 = CARTESIAN_POINT('',(-6.029463130731,-2.032399109294,23.5));
#4126 = VECTOR('',#4127,1.);
#4127 = DIRECTION('',(0.974316328842,0.225183683584,0.));
#4128 = PCURVE('',#1778,#4129);
#4129 = DEFINITIONAL_REPRESENTATION('',(#4130),#4134);
#4130 = LINE('',#4131,#4132);
#4131 = CARTESIAN_POINT('',(0.,0.));
#4132 = VECTOR('',#4133,1.);
#4133 = DIRECTION('',(1.,0.));
#4134 = ( GEOMETRIC_REPRESENTATION_CONTEXT(2) 
PARAMETRIC_REPRESENTATION_CONTEXT() REPRESENTATION_CONTEXT('2D SPACE',''
  ) );
#4135 = PCURVE('',#2588,#4136);
#4136 = DEFINITIONAL_REPRESENTATION('',(#4137),#4141);
#4137 = LINE('',#4138,#4139);
#4138 = CARTESIAN_POINT('',(-1.469463130731,-2.032399109294));
#4139 = VECTOR('',#4140,1.);
#4140 = DIRECTION('',(0.974316328842,0.225183683584));
#4141 = ( GEOMETRIC_REPRESENTATION_CONTEXT(2) 
PARAMETRIC_REPRESENTATION_CONTEXT() REPRESENTATION_CONTEXT('2D SPACE',''
  ) );
#4142 = ORIENTED_EDGE('',*,*,#4143,.F.);
#4143 = EDGE_CURVE('',#4030,#2543,#4144,.T.);
#4144 = SURFACE_CURVE('',#4145,(#4149,#4156),.PCURVE_S1.);
#4145 = LINE('',#4146,#4147);
#4146 = CARTESIAN_POINT('',(-6.029463130731,-2.032399109294,23.5));
#4147 = VECTOR('',#4148,1.);
#4148 = DIRECTION('',(0.974316328842,0.225183683584,0.));
#4149 = PCURVE('',#1778,#4150);
#4150 = DEFINITIONAL_REPRESENTATION('',(#4151),#4155);
#4151 = LINE('',#4152,#4153);
#4152 = CARTESIAN_POINT('',(0.,0.));
#4153 = VECTOR('',#4154,1.);
#4154 = DIRECTION('',(1.,0.));
#4155 = ( GEOMETRIC_REPRESENTATION_CONTEXT(2) 
PARAMETRIC_REPRESENTATION_CONTEXT() REPRESENTATION_CONTEXT('2D SPACE',''
  ) );
#4156 = PCURVE('',#2559,#4157);
#4157 = DEFINITIONAL_REPRESENTATION('',(#4158),#4162);
#4158 = LINE('',#4159,#4160);
#4159 = CARTESIAN_POINT('',(-1.469463130731,-2.022542485937));
#4160 = VECTOR('',#4161,1.);
#4161 = DIRECTION('',(0.974316328842,0.225183683584));
#4162 = ( GEOMETRIC_REPRESENTATION_CONTEXT(2) 
PARAMETRIC_REPRESENTATION_CONTEXT() REPRESENTATION_CONTEXT('2D SPACE',''
  ) );
#4163 = ADVANCED_FACE('',(#4164),#1806,.F.);
#4164 = FACE_BOUND('',#4165,.F.);
#4165 = EDGE_LOOP('',(#4166,#4167,#4168,#4191,#4212));
#4166 = ORIENTED_EDGE('',*,*,#4099,.T.);
#4167 = ORIENTED_EDGE('',*,*,#1790,.T.);
#4168 = ORIENTED_EDGE('',*,*,#4169,.F.);
#4169 = EDGE_CURVE('',#4170,#1791,#4172,.T.);
#4170 = VERTEX_POINT('',#4171);
#4171 = CARTESIAN_POINT('',(-5.480311381712,-2.334297838078,23.5));
#4172 = SURFACE_CURVE('',#4173,(#4177,#4184),.PCURVE_S1.);
#4173 = LINE('',#4174,#4175);
#4174 = CARTESIAN_POINT('',(-5.480311381712,-2.334297838078,23.5));
#4175 = VECTOR('',#4176,1.);
#4176 = DIRECTION('',(0.,0.,1.));
#4177 = PCURVE('',#1806,#4178);
#4178 = DEFINITIONAL_REPRESENTATION('',(#4179),#4183);
#4179 = LINE('',#4180,#4181);
#4180 = CARTESIAN_POINT('',(0.42040252799,0.));
#4181 = VECTOR('',#4182,1.);
#4182 = DIRECTION('',(0.,-1.));
#4183 = ( GEOMETRIC_REPRESENTATION_CONTEXT(2) 
PARAMETRIC_REPRESENTATION_CONTEXT() REPRESENTATION_CONTEXT('2D SPACE',''
  ) );
#4184 = PCURVE('',#1834,#4185);
#4185 = DEFINITIONAL_REPRESENTATION('',(#4186),#4190);
#4186 = LINE('',#4187,#4188);
#4187 = CARTESIAN_POINT('',(0.,0.));
#4188 = VECTOR('',#4189,1.);
#4189 = DIRECTION('',(0.,-1.));
#4190 = ( GEOMETRIC_REPRESENTATION_CONTEXT(2) 
PARAMETRIC_REPRESENTATION_CONTEXT() REPRESENTATION_CONTEXT('2D SPACE',''
  ) );
#4191 = ORIENTED_EDGE('',*,*,#4192,.F.);
#4192 = EDGE_CURVE('',#2572,#4170,#4193,.T.);
#4193 = SURFACE_CURVE('',#4194,(#4198,#4205),.PCURVE_S1.);
#4194 = LINE('',#4195,#4196);
#4195 = CARTESIAN_POINT('',(-5.619858083024,-1.937731319453,23.5));
#4196 = VECTOR('',#4197,1.);
#4197 = DIRECTION('',(0.331935923362,-0.94330193617,0.));
#4198 = PCURVE('',#1806,#4199);
#4199 = DEFINITIONAL_REPRESENTATION('',(#4200),#4204);
#4200 = LINE('',#4201,#4202);
#4201 = CARTESIAN_POINT('',(0.,0.));
#4202 = VECTOR('',#4203,1.);
#4203 = DIRECTION('',(1.,0.));
#4204 = ( GEOMETRIC_REPRESENTATION_CONTEXT(2) 
PARAMETRIC_REPRESENTATION_CONTEXT() REPRESENTATION_CONTEXT('2D SPACE',''
  ) );
#4205 = PCURVE('',#2617,#4206);
#4206 = DEFINITIONAL_REPRESENTATION('',(#4207),#4211);
#4207 = LINE('',#4208,#4209);
#4208 = CARTESIAN_POINT('',(-1.059858083024,-1.927874696096));
#4209 = VECTOR('',#4210,1.);
#4210 = DIRECTION('',(0.331935923362,-0.94330193617));
#4211 = ( GEOMETRIC_REPRESENTATION_CONTEXT(2) 
PARAMETRIC_REPRESENTATION_CONTEXT() REPRESENTATION_CONTEXT('2D SPACE',''
  ) );
#4212 = ORIENTED_EDGE('',*,*,#4213,.F.);
#4213 = EDGE_CURVE('',#4100,#2572,#4214,.T.);
#4214 = SURFACE_CURVE('',#4215,(#4219,#4226),.PCURVE_S1.);
#4215 = LINE('',#4216,#4217);
#4216 = CARTESIAN_POINT('',(-5.619858083024,-1.937731319453,23.5));
#4217 = VECTOR('',#4218,1.);
#4218 = DIRECTION('',(0.331935923362,-0.94330193617,0.));
#4219 = PCURVE('',#1806,#4220);
#4220 = DEFINITIONAL_REPRESENTATION('',(#4221),#4225);
#4221 = LINE('',#4222,#4223);
#4222 = CARTESIAN_POINT('',(0.,0.));
#4223 = VECTOR('',#4224,1.);
#4224 = DIRECTION('',(1.,0.));
#4225 = ( GEOMETRIC_REPRESENTATION_CONTEXT(2) 
PARAMETRIC_REPRESENTATION_CONTEXT() REPRESENTATION_CONTEXT('2D SPACE',''
  ) );
#4226 = PCURVE('',#2588,#4227);
#4227 = DEFINITIONAL_REPRESENTATION('',(#4228),#4232);
#4228 = LINE('',#4229,#4230);
#4229 = CARTESIAN_POINT('',(-1.059858083024,-1.937731319453));
#4230 = VECTOR('',#4231,1.);
#4231 = DIRECTION('',(0.331935923362,-0.94330193617));
#4232 = ( GEOMETRIC_REPRESENTATION_CONTEXT(2) 
PARAMETRIC_REPRESENTATION_CONTEXT() REPRESENTATION_CONTEXT('2D SPACE',''
  ) );
#4233 = ADVANCED_FACE('',(#4234),#1834,.F.);
#4234 = FACE_BOUND('',#4235,.F.);
#4235 = EDGE_LOOP('',(#4236,#4237,#4238,#4261,#4282));
#4236 = ORIENTED_EDGE('',*,*,#4169,.T.);
#4237 = ORIENTED_EDGE('',*,*,#1818,.T.);
#4238 = ORIENTED_EDGE('',*,*,#4239,.F.);
#4239 = EDGE_CURVE('',#4240,#1819,#4242,.T.);
#4240 = VERTEX_POINT('',#4241);
#4241 = CARTESIAN_POINT('',(-5.107117751763,-2.14073957784,23.5));
#4242 = SURFACE_CURVE('',#4243,(#4247,#4254),.PCURVE_S1.);
#4243 = LINE('',#4244,#4245);
#4244 = CARTESIAN_POINT('',(-5.107117751763,-2.14073957784,23.5));
#4245 = VECTOR('',#4246,1.);
#4246 = DIRECTION('',(0.,0.,1.));
#4247 = PCURVE('',#1834,#4248);
#4248 = DEFINITIONAL_REPRESENTATION('',(#4249),#4253);
#4249 = LINE('',#4250,#4251);
#4250 = CARTESIAN_POINT('',(0.42040252799,0.));
#4251 = VECTOR('',#4252,1.);
#4252 = DIRECTION('',(0.,-1.));
#4253 = ( GEOMETRIC_REPRESENTATION_CONTEXT(2) 
PARAMETRIC_REPRESENTATION_CONTEXT() REPRESENTATION_CONTEXT('2D SPACE',''
  ) );
#4254 = PCURVE('',#1862,#4255);
#4255 = DEFINITIONAL_REPRESENTATION('',(#4256),#4260);
#4256 = LINE('',#4257,#4258);
#4257 = CARTESIAN_POINT('',(0.,0.));
#4258 = VECTOR('',#4259,1.);
#4259 = DIRECTION('',(0.,-1.));
#4260 = ( GEOMETRIC_REPRESENTATION_CONTEXT(2) 
PARAMETRIC_REPRESENTATION_CONTEXT() REPRESENTATION_CONTEXT('2D SPACE',''
  ) );
#4261 = ORIENTED_EDGE('',*,*,#4262,.F.);
#4262 = EDGE_CURVE('',#2601,#4240,#4263,.T.);
#4263 = SURFACE_CURVE('',#4264,(#4268,#4275),.PCURVE_S1.);
#4264 = LINE('',#4265,#4266);
#4265 = CARTESIAN_POINT('',(-5.480311381712,-2.334297838078,23.5));
#4266 = VECTOR('',#4267,1.);
#4267 = DIRECTION('',(0.887705484867,0.460411741963,0.));
#4268 = PCURVE('',#1834,#4269);
#4269 = DEFINITIONAL_REPRESENTATION('',(#4270),#4274);
#4270 = LINE('',#4271,#4272);
#4271 = CARTESIAN_POINT('',(0.,0.));
#4272 = VECTOR('',#4273,1.);
#4273 = DIRECTION('',(1.,0.));
#4274 = ( GEOMETRIC_REPRESENTATION_CONTEXT(2) 
PARAMETRIC_REPRESENTATION_CONTEXT() REPRESENTATION_CONTEXT('2D SPACE',''
  ) );
#4275 = PCURVE('',#2646,#4276);
#4276 = DEFINITIONAL_REPRESENTATION('',(#4277),#4281);
#4277 = LINE('',#4278,#4279);
#4278 = CARTESIAN_POINT('',(-0.920311381712,-2.334297838078));
#4279 = VECTOR('',#4280,1.);
#4280 = DIRECTION('',(0.887705484867,0.460411741963));
#4281 = ( GEOMETRIC_REPRESENTATION_CONTEXT(2) 
PARAMETRIC_REPRESENTATION_CONTEXT() REPRESENTATION_CONTEXT('2D SPACE',''
  ) );
#4282 = ORIENTED_EDGE('',*,*,#4283,.F.);
#4283 = EDGE_CURVE('',#4170,#2601,#4284,.T.);
#4284 = SURFACE_CURVE('',#4285,(#4289,#4296),.PCURVE_S1.);
#4285 = LINE('',#4286,#4287);
#4286 = CARTESIAN_POINT('',(-5.480311381712,-2.334297838078,23.5));
#4287 = VECTOR('',#4288,1.);
#4288 = DIRECTION('',(0.887705484867,0.460411741963,0.));
#4289 = PCURVE('',#1834,#4290);
#4290 = DEFINITIONAL_REPRESENTATION('',(#4291),#4295);
#4291 = LINE('',#4292,#4293);
#4292 = CARTESIAN_POINT('',(0.,0.));
#4293 = VECTOR('',#4294,1.);
#4294 = DIRECTION('',(1.,0.));
#4295 = ( GEOMETRIC_REPRESENTATION_CONTEXT(2) 
PARAMETRIC_REPRESENTATION_CONTEXT() REPRESENTATION_CONTEXT('2D SPACE',''
  ) );
#4296 = PCURVE('',#2617,#4297);
#4297 = DEFINITIONAL_REPRESENTATION('',(#4298),#4302);
#4298 = LINE('',#4299,#4300);
#4299 = CARTESIAN_POINT('',(-0.920311381712,-2.324441214721));
#4300 = VECTOR('',#4301,1.);
#4301 = DIRECTION('',(0.887705484867,0.460411741963));
#4302 = ( GEOMETRIC_REPRESENTATION_CONTEXT(2) 
PARAMETRIC_REPRESENTATION_CONTEXT() REPRESENTATION_CONTEXT('2D SPACE',''
  ) );
#4303 = ADVANCED_FACE('',(#4304),#1862,.F.);
#4304 = FACE_BOUND('',#4305,.F.);
#4305 = EDGE_LOOP('',(#4306,#4307,#4308,#4331,#4352));
#4306 = ORIENTED_EDGE('',*,*,#4239,.T.);
#4307 = ORIENTED_EDGE('',*,*,#1846,.T.);
#4308 = ORIENTED_EDGE('',*,*,#4309,.F.);
#4309 = EDGE_CURVE('',#4310,#1847,#4312,.T.);
#4310 = VERTEX_POINT('',#4311);
#4311 = CARTESIAN_POINT('',(-4.873333083911,-2.490143376643,23.5));
#4312 = SURFACE_CURVE('',#4313,(#4317,#4324),.PCURVE_S1.);
#4313 = LINE('',#4314,#4315);
#4314 = CARTESIAN_POINT('',(-4.873333083911,-2.490143376643,23.5));
#4315 = VECTOR('',#4316,1.);
#4316 = DIRECTION('',(0.,0.,1.));
#4317 = PCURVE('',#1862,#4318);
#4318 = DEFINITIONAL_REPRESENTATION('',(#4319),#4323);
#4319 = LINE('',#4320,#4321);
#4320 = CARTESIAN_POINT('',(0.42040252799,0.));
#4321 = VECTOR('',#4322,1.);
#4322 = DIRECTION('',(0.,-1.));
#4323 = ( GEOMETRIC_REPRESENTATION_CONTEXT(2) 
PARAMETRIC_REPRESENTATION_CONTEXT() REPRESENTATION_CONTEXT('2D SPACE',''
  ) );
#4324 = PCURVE('',#1890,#4325);
#4325 = DEFINITIONAL_REPRESENTATION('',(#4326),#4330);
#4326 = LINE('',#4327,#4328);
#4327 = CARTESIAN_POINT('',(0.,0.));
#4328 = VECTOR('',#4329,1.);
#4329 = DIRECTION('',(0.,-1.));
#4330 = ( GEOMETRIC_REPRESENTATION_CONTEXT(2) 
PARAMETRIC_REPRESENTATION_CONTEXT() REPRESENTATION_CONTEXT('2D SPACE',''
  ) );
#4331 = ORIENTED_EDGE('',*,*,#4332,.F.);
#4332 = EDGE_CURVE('',#2630,#4310,#4333,.T.);
#4333 = SURFACE_CURVE('',#4334,(#4338,#4345),.PCURVE_S1.);
#4334 = LINE('',#4335,#4336);
#4335 = CARTESIAN_POINT('',(-5.107117751763,-2.14073957784,23.5));
#4336 = VECTOR('',#4337,1.);
#4337 = DIRECTION('',(0.55609719801,-0.831117263908,0.));
#4338 = PCURVE('',#1862,#4339);
#4339 = DEFINITIONAL_REPRESENTATION('',(#4340),#4344);
#4340 = LINE('',#4341,#4342);
#4341 = CARTESIAN_POINT('',(0.,0.));
#4342 = VECTOR('',#4343,1.);
#4343 = DIRECTION('',(1.,0.));
#4344 = ( GEOMETRIC_REPRESENTATION_CONTEXT(2) 
PARAMETRIC_REPRESENTATION_CONTEXT() REPRESENTATION_CONTEXT('2D SPACE',''
  ) );
#4345 = PCURVE('',#2675,#4346);
#4346 = DEFINITIONAL_REPRESENTATION('',(#4347),#4351);
#4347 = LINE('',#4348,#4349);
#4348 = CARTESIAN_POINT('',(-0.547117751763,-2.130882954483));
#4349 = VECTOR('',#4350,1.);
#4350 = DIRECTION('',(0.55609719801,-0.831117263908));
#4351 = ( GEOMETRIC_REPRESENTATION_CONTEXT(2) 
PARAMETRIC_REPRESENTATION_CONTEXT() REPRESENTATION_CONTEXT('2D SPACE',''
  ) );
#4352 = ORIENTED_EDGE('',*,*,#4353,.F.);
#4353 = EDGE_CURVE('',#4240,#2630,#4354,.T.);
#4354 = SURFACE_CURVE('',#4355,(#4359,#4366),.PCURVE_S1.);
#4355 = LINE('',#4356,#4357);
#4356 = CARTESIAN_POINT('',(-5.107117751763,-2.14073957784,23.5));
#4357 = VECTOR('',#4358,1.);
#4358 = DIRECTION('',(0.55609719801,-0.831117263908,0.));
#4359 = PCURVE('',#1862,#4360);
#4360 = DEFINITIONAL_REPRESENTATION('',(#4361),#4365);
#4361 = LINE('',#4362,#4363);
#4362 = CARTESIAN_POINT('',(0.,0.));
#4363 = VECTOR('',#4364,1.);
#4364 = DIRECTION('',(1.,0.));
#4365 = ( GEOMETRIC_REPRESENTATION_CONTEXT(2) 
PARAMETRIC_REPRESENTATION_CONTEXT() REPRESENTATION_CONTEXT('2D SPACE',''
  ) );
#4366 = PCURVE('',#2646,#4367);
#4367 = DEFINITIONAL_REPRESENTATION('',(#4368),#4372);
#4368 = LINE('',#4369,#4370);
#4369 = CARTESIAN_POINT('',(-0.547117751763,-2.14073957784));
#4370 = VECTOR('',#4371,1.);
#4371 = DIRECTION('',(0.55609719801,-0.831117263908));
#4372 = ( GEOMETRIC_REPRESENTATION_CONTEXT(2) 
PARAMETRIC_REPRESENTATION_CONTEXT() REPRESENTATION_CONTEXT('2D SPACE',''
  ) );
#4373 = ADVANCED_FACE('',(#4374),#1890,.F.);
#4374 = FACE_BOUND('',#4375,.F.);
#4375 = EDGE_LOOP('',(#4376,#4377,#4378,#4401,#4422));
#4376 = ORIENTED_EDGE('',*,*,#4309,.T.);
#4377 = ORIENTED_EDGE('',*,*,#1874,.T.);
#4378 = ORIENTED_EDGE('',*,*,#4379,.F.);
#4379 = EDGE_CURVE('',#4380,#1875,#4382,.T.);
#4380 = VERTEX_POINT('',#4381);
#4381 = CARTESIAN_POINT('',(-4.56,-2.209856623357,23.5));
#4382 = SURFACE_CURVE('',#4383,(#4387,#4394),.PCURVE_S1.);
#4383 = LINE('',#4384,#4385);
#4384 = CARTESIAN_POINT('',(-4.56,-2.209856623357,23.5));
#4385 = VECTOR('',#4386,1.);
#4386 = DIRECTION('',(0.,0.,1.));
#4387 = PCURVE('',#1890,#4388);
#4388 = DEFINITIONAL_REPRESENTATION('',(#4389),#4393);
#4389 = LINE('',#4390,#4391);
#4390 = CARTESIAN_POINT('',(0.42040252799,0.));
#4391 = VECTOR('',#4392,1.);
#4392 = DIRECTION('',(0.,-1.));
#4393 = ( GEOMETRIC_REPRESENTATION_CONTEXT(2) 
PARAMETRIC_REPRESENTATION_CONTEXT() REPRESENTATION_CONTEXT('2D SPACE',''
  ) );
#4394 = PCURVE('',#1918,#4395);
#4395 = DEFINITIONAL_REPRESENTATION('',(#4396),#4400);
#4396 = LINE('',#4397,#4398);
#4397 = CARTESIAN_POINT('',(0.,0.));
#4398 = VECTOR('',#4399,1.);
#4399 = DIRECTION('',(0.,-1.));
#4400 = ( GEOMETRIC_REPRESENTATION_CONTEXT(2) 
PARAMETRIC_REPRESENTATION_CONTEXT() REPRESENTATION_CONTEXT('2D SPACE',''
  ) );
#4401 = ORIENTED_EDGE('',*,*,#4402,.F.);
#4402 = EDGE_CURVE('',#2659,#4380,#4403,.T.);
#4403 = SURFACE_CURVE('',#4404,(#4408,#4415),.PCURVE_S1.);
#4404 = LINE('',#4405,#4406);
#4405 = CARTESIAN_POINT('',(-4.873333083911,-2.490143376643,23.5));
#4406 = VECTOR('',#4407,1.);
#4407 = DIRECTION('',(0.745316840526,0.666710437318,0.));
#4408 = PCURVE('',#1890,#4409);
#4409 = DEFINITIONAL_REPRESENTATION('',(#4410),#4414);
#4410 = LINE('',#4411,#4412);
#4411 = CARTESIAN_POINT('',(0.,0.));
#4412 = VECTOR('',#4413,1.);
#4413 = DIRECTION('',(1.,0.));
#4414 = ( GEOMETRIC_REPRESENTATION_CONTEXT(2) 
PARAMETRIC_REPRESENTATION_CONTEXT() REPRESENTATION_CONTEXT('2D SPACE',''
  ) );
#4415 = PCURVE('',#2704,#4416);
#4416 = DEFINITIONAL_REPRESENTATION('',(#4417),#4421);
#4417 = LINE('',#4418,#4419);
#4418 = CARTESIAN_POINT('',(-0.313333083911,-2.490143376643));
#4419 = VECTOR('',#4420,1.);
#4420 = DIRECTION('',(0.745316840526,0.666710437318));
#4421 = ( GEOMETRIC_REPRESENTATION_CONTEXT(2) 
PARAMETRIC_REPRESENTATION_CONTEXT() REPRESENTATION_CONTEXT('2D SPACE',''
  ) );
#4422 = ORIENTED_EDGE('',*,*,#4423,.F.);
#4423 = EDGE_CURVE('',#4310,#2659,#4424,.T.);
#4424 = SURFACE_CURVE('',#4425,(#4429,#4436),.PCURVE_S1.);
#4425 = LINE('',#4426,#4427);
#4426 = CARTESIAN_POINT('',(-4.873333083911,-2.490143376643,23.5));
#4427 = VECTOR('',#4428,1.);
#4428 = DIRECTION('',(0.745316840526,0.666710437318,0.));
#4429 = PCURVE('',#1890,#4430);
#4430 = DEFINITIONAL_REPRESENTATION('',(#4431),#4435);
#4431 = LINE('',#4432,#4433);
#4432 = CARTESIAN_POINT('',(0.,0.));
#4433 = VECTOR('',#4434,1.);
#4434 = DIRECTION('',(1.,0.));
#4435 = ( GEOMETRIC_REPRESENTATION_CONTEXT(2) 
PARAMETRIC_REPRESENTATION_CONTEXT() REPRESENTATION_CONTEXT('2D SPACE',''
  ) );
#4436 = PCURVE('',#2675,#4437);
#4437 = DEFINITIONAL_REPRESENTATION('',(#4438),#4442);
#4438 = LINE('',#4439,#4440);
#4439 = CARTESIAN_POINT('',(-0.313333083911,-2.480286753286));
#4440 = VECTOR('',#4441,1.);
#4441 = DIRECTION('',(0.745316840526,0.666710437318));
#4442 = ( GEOMETRIC_REPRESENTATION_CONTEXT(2) 
PARAMETRIC_REPRESENTATION_CONTEXT() REPRESENTATION_CONTEXT('2D SPACE',''
  ) );
#4443 = ADVANCED_FACE('',(#4444),#1918,.F.);
#4444 = FACE_BOUND('',#4445,.F.);
#4445 = EDGE_LOOP('',(#4446,#4447,#4448,#4471,#4492));
#4446 = ORIENTED_EDGE('',*,*,#4379,.T.);
#4447 = ORIENTED_EDGE('',*,*,#1902,.T.);
#4448 = ORIENTED_EDGE('',*,*,#4449,.F.);
#4449 = EDGE_CURVE('',#4450,#1903,#4452,.T.);
#4450 = VERTEX_POINT('',#4451);
#4451 = CARTESIAN_POINT('',(-4.246666916089,-2.490143376643,23.5));
#4452 = SURFACE_CURVE('',#4453,(#4457,#4464),.PCURVE_S1.);
#4453 = LINE('',#4454,#4455);
#4454 = CARTESIAN_POINT('',(-4.246666916089,-2.490143376643,23.5));
#4455 = VECTOR('',#4456,1.);
#4456 = DIRECTION('',(0.,0.,1.));
#4457 = PCURVE('',#1918,#4458);
#4458 = DEFINITIONAL_REPRESENTATION('',(#4459),#4463);
#4459 = LINE('',#4460,#4461);
#4460 = CARTESIAN_POINT('',(0.42040252799,0.));
#4461 = VECTOR('',#4462,1.);
#4462 = DIRECTION('',(0.,-1.));
#4463 = ( GEOMETRIC_REPRESENTATION_CONTEXT(2) 
PARAMETRIC_REPRESENTATION_CONTEXT() REPRESENTATION_CONTEXT('2D SPACE',''
  ) );
#4464 = PCURVE('',#1946,#4465);
#4465 = DEFINITIONAL_REPRESENTATION('',(#4466),#4470);
#4466 = LINE('',#4467,#4468);
#4467 = CARTESIAN_POINT('',(0.,0.));
#4468 = VECTOR('',#4469,1.);
#4469 = DIRECTION('',(0.,-1.));
#4470 = ( GEOMETRIC_REPRESENTATION_CONTEXT(2) 
PARAMETRIC_REPRESENTATION_CONTEXT() REPRESENTATION_CONTEXT('2D SPACE',''
  ) );
#4471 = ORIENTED_EDGE('',*,*,#4472,.F.);
#4472 = EDGE_CURVE('',#2688,#4450,#4473,.T.);
#4473 = SURFACE_CURVE('',#4474,(#4478,#4485),.PCURVE_S1.);
#4474 = LINE('',#4475,#4476);
#4475 = CARTESIAN_POINT('',(-4.56,-2.209856623357,23.5));
#4476 = VECTOR('',#4477,1.);
#4477 = DIRECTION('',(0.745316840526,-0.666710437318,0.));
#4478 = PCURVE('',#1918,#4479);
#4479 = DEFINITIONAL_REPRESENTATION('',(#4480),#4484);
#4480 = LINE('',#4481,#4482);
#4481 = CARTESIAN_POINT('',(0.,0.));
#4482 = VECTOR('',#4483,1.);
#4483 = DIRECTION('',(1.,0.));
#4484 = ( GEOMETRIC_REPRESENTATION_CONTEXT(2) 
PARAMETRIC_REPRESENTATION_CONTEXT() REPRESENTATION_CONTEXT('2D SPACE',''
  ) );
#4485 = PCURVE('',#2733,#4486);
#4486 = DEFINITIONAL_REPRESENTATION('',(#4487),#4491);
#4487 = LINE('',#4488,#4489);
#4488 = CARTESIAN_POINT('',(-6.893460166132E-16,-2.2));
#4489 = VECTOR('',#4490,1.);
#4490 = DIRECTION('',(0.745316840526,-0.666710437318));
#4491 = ( GEOMETRIC_REPRESENTATION_CONTEXT(2) 
PARAMETRIC_REPRESENTATION_CONTEXT() REPRESENTATION_CONTEXT('2D SPACE',''
  ) );
#4492 = ORIENTED_EDGE('',*,*,#4493,.F.);
#4493 = EDGE_CURVE('',#4380,#2688,#4494,.T.);
#4494 = SURFACE_CURVE('',#4495,(#4499,#4506),.PCURVE_S1.);
#4495 = LINE('',#4496,#4497);
#4496 = CARTESIAN_POINT('',(-4.56,-2.209856623357,23.5));
#4497 = VECTOR('',#4498,1.);
#4498 = DIRECTION('',(0.745316840526,-0.666710437318,0.));
#4499 = PCURVE('',#1918,#4500);
#4500 = DEFINITIONAL_REPRESENTATION('',(#4501),#4505);
#4501 = LINE('',#4502,#4503);
#4502 = CARTESIAN_POINT('',(0.,0.));
#4503 = VECTOR('',#4504,1.);
#4504 = DIRECTION('',(1.,0.));
#4505 = ( GEOMETRIC_REPRESENTATION_CONTEXT(2) 
PARAMETRIC_REPRESENTATION_CONTEXT() REPRESENTATION_CONTEXT('2D SPACE',''
  ) );
#4506 = PCURVE('',#2704,#4507);
#4507 = DEFINITIONAL_REPRESENTATION('',(#4508),#4512);
#4508 = LINE('',#4509,#4510);
#4509 = CARTESIAN_POINT('',(6.207889892354E-16,-2.209856623357));
#4510 = VECTOR('',#4511,1.);
#4511 = DIRECTION('',(0.745316840526,-0.666710437318));
#4512 = ( GEOMETRIC_REPRESENTATION_CONTEXT(2) 
PARAMETRIC_REPRESENTATION_CONTEXT() REPRESENTATION_CONTEXT('2D SPACE',''
  ) );
#4513 = ADVANCED_FACE('',(#4514),#1946,.F.);
#4514 = FACE_BOUND('',#4515,.F.);
#4515 = EDGE_LOOP('',(#4516,#4517,#4518,#4541,#4562));
#4516 = ORIENTED_EDGE('',*,*,#4449,.T.);
#4517 = ORIENTED_EDGE('',*,*,#1930,.T.);
#4518 = ORIENTED_EDGE('',*,*,#4519,.F.);
#4519 = EDGE_CURVE('',#4520,#1931,#4522,.T.);
#4520 = VERTEX_POINT('',#4521);
#4521 = CARTESIAN_POINT('',(-4.012882248237,-2.14073957784,23.5));
#4522 = SURFACE_CURVE('',#4523,(#4527,#4534),.PCURVE_S1.);
#4523 = LINE('',#4524,#4525);
#4524 = CARTESIAN_POINT('',(-4.012882248237,-2.14073957784,23.5));
#4525 = VECTOR('',#4526,1.);
#4526 = DIRECTION('',(0.,0.,1.));
#4527 = PCURVE('',#1946,#4528);
#4528 = DEFINITIONAL_REPRESENTATION('',(#4529),#4533);
#4529 = LINE('',#4530,#4531);
#4530 = CARTESIAN_POINT('',(0.42040252799,0.));
#4531 = VECTOR('',#4532,1.);
#4532 = DIRECTION('',(0.,-1.));
#4533 = ( GEOMETRIC_REPRESENTATION_CONTEXT(2) 
PARAMETRIC_REPRESENTATION_CONTEXT() REPRESENTATION_CONTEXT('2D SPACE',''
  ) );
#4534 = PCURVE('',#1974,#4535);
#4535 = DEFINITIONAL_REPRESENTATION('',(#4536),#4540);
#4536 = LINE('',#4537,#4538);
#4537 = CARTESIAN_POINT('',(0.,0.));
#4538 = VECTOR('',#4539,1.);
#4539 = DIRECTION('',(0.,-1.));
#4540 = ( GEOMETRIC_REPRESENTATION_CONTEXT(2) 
PARAMETRIC_REPRESENTATION_CONTEXT() REPRESENTATION_CONTEXT('2D SPACE',''
  ) );
#4541 = ORIENTED_EDGE('',*,*,#4542,.F.);
#4542 = EDGE_CURVE('',#2717,#4520,#4543,.T.);
#4543 = SURFACE_CURVE('',#4544,(#4548,#4555),.PCURVE_S1.);
#4544 = LINE('',#4545,#4546);
#4545 = CARTESIAN_POINT('',(-4.246666916089,-2.490143376643,23.5));
#4546 = VECTOR('',#4547,1.);
#4547 = DIRECTION('',(0.55609719801,0.831117263908,0.));
#4548 = PCURVE('',#1946,#4549);
#4549 = DEFINITIONAL_REPRESENTATION('',(#4550),#4554);
#4550 = LINE('',#4551,#4552);
#4551 = CARTESIAN_POINT('',(0.,0.));
#4552 = VECTOR('',#4553,1.);
#4553 = DIRECTION('',(1.,0.));
#4554 = ( GEOMETRIC_REPRESENTATION_CONTEXT(2) 
PARAMETRIC_REPRESENTATION_CONTEXT() REPRESENTATION_CONTEXT('2D SPACE',''
  ) );
#4555 = PCURVE('',#2762,#4556);
#4556 = DEFINITIONAL_REPRESENTATION('',(#4557),#4561);
#4557 = LINE('',#4558,#4559);
#4558 = CARTESIAN_POINT('',(0.313333083911,-2.490143376643));
#4559 = VECTOR('',#4560,1.);
#4560 = DIRECTION('',(0.55609719801,0.831117263908));
#4561 = ( GEOMETRIC_REPRESENTATION_CONTEXT(2) 
PARAMETRIC_REPRESENTATION_CONTEXT() REPRESENTATION_CONTEXT('2D SPACE',''
  ) );
#4562 = ORIENTED_EDGE('',*,*,#4563,.F.);
#4563 = EDGE_CURVE('',#4450,#2717,#4564,.T.);
#4564 = SURFACE_CURVE('',#4565,(#4569,#4576),.PCURVE_S1.);
#4565 = LINE('',#4566,#4567);
#4566 = CARTESIAN_POINT('',(-4.246666916089,-2.490143376643,23.5));
#4567 = VECTOR('',#4568,1.);
#4568 = DIRECTION('',(0.55609719801,0.831117263908,0.));
#4569 = PCURVE('',#1946,#4570);
#4570 = DEFINITIONAL_REPRESENTATION('',(#4571),#4575);
#4571 = LINE('',#4572,#4573);
#4572 = CARTESIAN_POINT('',(0.,0.));
#4573 = VECTOR('',#4574,1.);
#4574 = DIRECTION('',(1.,0.));
#4575 = ( GEOMETRIC_REPRESENTATION_CONTEXT(2) 
PARAMETRIC_REPRESENTATION_CONTEXT() REPRESENTATION_CONTEXT('2D SPACE',''
  ) );
#4576 = PCURVE('',#2733,#4577);
#4577 = DEFINITIONAL_REPRESENTATION('',(#4578),#4582);
#4578 = LINE('',#4579,#4580);
#4579 = CARTESIAN_POINT('',(0.313333083911,-2.480286753286));
#4580 = VECTOR('',#4581,1.);
#4581 = DIRECTION('',(0.55609719801,0.831117263908));
#4582 = ( GEOMETRIC_REPRESENTATION_CONTEXT(2) 
PARAMETRIC_REPRESENTATION_CONTEXT() REPRESENTATION_CONTEXT('2D SPACE',''
  ) );
#4583 = ADVANCED_FACE('',(#4584),#1974,.F.);
#4584 = FACE_BOUND('',#4585,.F.);
#4585 = EDGE_LOOP('',(#4586,#4587,#4588,#4611,#4632));
#4586 = ORIENTED_EDGE('',*,*,#4519,.T.);
#4587 = ORIENTED_EDGE('',*,*,#1958,.T.);
#4588 = ORIENTED_EDGE('',*,*,#4589,.F.);
#4589 = EDGE_CURVE('',#4590,#1959,#4592,.T.);
#4590 = VERTEX_POINT('',#4591);
#4591 = CARTESIAN_POINT('',(-3.639688618288,-2.334297838078,23.5));
#4592 = SURFACE_CURVE('',#4593,(#4597,#4604),.PCURVE_S1.);
#4593 = LINE('',#4594,#4595);
#4594 = CARTESIAN_POINT('',(-3.639688618288,-2.334297838078,23.5));
#4595 = VECTOR('',#4596,1.);
#4596 = DIRECTION('',(0.,0.,1.));
#4597 = PCURVE('',#1974,#4598);
#4598 = DEFINITIONAL_REPRESENTATION('',(#4599),#4603);
#4599 = LINE('',#4600,#4601);
#4600 = CARTESIAN_POINT('',(0.42040252799,0.));
#4601 = VECTOR('',#4602,1.);
#4602 = DIRECTION('',(0.,-1.));
#4603 = ( GEOMETRIC_REPRESENTATION_CONTEXT(2) 
PARAMETRIC_REPRESENTATION_CONTEXT() REPRESENTATION_CONTEXT('2D SPACE',''
  ) );
#4604 = PCURVE('',#2002,#4605);
#4605 = DEFINITIONAL_REPRESENTATION('',(#4606),#4610);
#4606 = LINE('',#4607,#4608);
#4607 = CARTESIAN_POINT('',(0.,0.));
#4608 = VECTOR('',#4609,1.);
#4609 = DIRECTION('',(0.,-1.));
#4610 = ( GEOMETRIC_REPRESENTATION_CONTEXT(2) 
PARAMETRIC_REPRESENTATION_CONTEXT() REPRESENTATION_CONTEXT('2D SPACE',''
  ) );
#4611 = ORIENTED_EDGE('',*,*,#4612,.F.);
#4612 = EDGE_CURVE('',#2746,#4590,#4613,.T.);
#4613 = SURFACE_CURVE('',#4614,(#4618,#4625),.PCURVE_S1.);
#4614 = LINE('',#4615,#4616);
#4615 = CARTESIAN_POINT('',(-4.012882248237,-2.14073957784,23.5));
#4616 = VECTOR('',#4617,1.);
#4617 = DIRECTION('',(0.887705484867,-0.460411741963,0.));
#4618 = PCURVE('',#1974,#4619);
#4619 = DEFINITIONAL_REPRESENTATION('',(#4620),#4624);
#4620 = LINE('',#4621,#4622);
#4621 = CARTESIAN_POINT('',(0.,0.));
#4622 = VECTOR('',#4623,1.);
#4623 = DIRECTION('',(1.,0.));
#4624 = ( GEOMETRIC_REPRESENTATION_CONTEXT(2) 
PARAMETRIC_REPRESENTATION_CONTEXT() REPRESENTATION_CONTEXT('2D SPACE',''
  ) );
#4625 = PCURVE('',#2791,#4626);
#4626 = DEFINITIONAL_REPRESENTATION('',(#4627),#4631);
#4627 = LINE('',#4628,#4629);
#4628 = CARTESIAN_POINT('',(0.547117751763,-2.130882954483));
#4629 = VECTOR('',#4630,1.);
#4630 = DIRECTION('',(0.887705484867,-0.460411741963));
#4631 = ( GEOMETRIC_REPRESENTATION_CONTEXT(2) 
PARAMETRIC_REPRESENTATION_CONTEXT() REPRESENTATION_CONTEXT('2D SPACE',''
  ) );
#4632 = ORIENTED_EDGE('',*,*,#4633,.F.);
#4633 = EDGE_CURVE('',#4520,#2746,#4634,.T.);
#4634 = SURFACE_CURVE('',#4635,(#4639,#4646),.PCURVE_S1.);
#4635 = LINE('',#4636,#4637);
#4636 = CARTESIAN_POINT('',(-4.012882248237,-2.14073957784,23.5));
#4637 = VECTOR('',#4638,1.);
#4638 = DIRECTION('',(0.887705484867,-0.460411741963,0.));
#4639 = PCURVE('',#1974,#4640);
#4640 = DEFINITIONAL_REPRESENTATION('',(#4641),#4645);
#4641 = LINE('',#4642,#4643);
#4642 = CARTESIAN_POINT('',(0.,0.));
#4643 = VECTOR('',#4644,1.);
#4644 = DIRECTION('',(1.,0.));
#4645 = ( GEOMETRIC_REPRESENTATION_CONTEXT(2) 
PARAMETRIC_REPRESENTATION_CONTEXT() REPRESENTATION_CONTEXT('2D SPACE',''
  ) );
#4646 = PCURVE('',#2762,#4647);
#4647 = DEFINITIONAL_REPRESENTATION('',(#4648),#4652);
#4648 = LINE('',#4649,#4650);
#4649 = CARTESIAN_POINT('',(0.547117751763,-2.14073957784));
#4650 = VECTOR('',#4651,1.);
#4651 = DIRECTION('',(0.887705484867,-0.460411741963));
#4652 = ( GEOMETRIC_REPRESENTATION_CONTEXT(2) 
PARAMETRIC_REPRESENTATION_CONTEXT() REPRESENTATION_CONTEXT('2D SPACE',''
  ) );
#4653 = ADVANCED_FACE('',(#4654),#2002,.F.);
#4654 = FACE_BOUND('',#4655,.F.);
#4655 = EDGE_LOOP('',(#4656,#4657,#4658,#4681,#4702));
#4656 = ORIENTED_EDGE('',*,*,#4589,.T.);
#4657 = ORIENTED_EDGE('',*,*,#1986,.T.);
#4658 = ORIENTED_EDGE('',*,*,#4659,.F.);
#4659 = EDGE_CURVE('',#4660,#1987,#4662,.T.);
#4660 = VERTEX_POINT('',#4661);
#4661 = CARTESIAN_POINT('',(-3.500141916976,-1.937731319453,23.5));
#4662 = SURFACE_CURVE('',#4663,(#4667,#4674),.PCURVE_S1.);
#4663 = LINE('',#4664,#4665);
#4664 = CARTESIAN_POINT('',(-3.500141916976,-1.937731319453,23.5));
#4665 = VECTOR('',#4666,1.);
#4666 = DIRECTION('',(0.,0.,1.));
#4667 = PCURVE('',#2002,#4668);
#4668 = DEFINITIONAL_REPRESENTATION('',(#4669),#4673);
#4669 = LINE('',#4670,#4671);
#4670 = CARTESIAN_POINT('',(0.42040252799,0.));
#4671 = VECTOR('',#4672,1.);
#4672 = DIRECTION('',(0.,-1.));
#4673 = ( GEOMETRIC_REPRESENTATION_CONTEXT(2) 
PARAMETRIC_REPRESENTATION_CONTEXT() REPRESENTATION_CONTEXT('2D SPACE',''
  ) );
#4674 = PCURVE('',#2030,#4675);
#4675 = DEFINITIONAL_REPRESENTATION('',(#4676),#4680);
#4676 = LINE('',#4677,#4678);
#4677 = CARTESIAN_POINT('',(0.,0.));
#4678 = VECTOR('',#4679,1.);
#4679 = DIRECTION('',(0.,-1.));
#4680 = ( GEOMETRIC_REPRESENTATION_CONTEXT(2) 
PARAMETRIC_REPRESENTATION_CONTEXT() REPRESENTATION_CONTEXT('2D SPACE',''
  ) );
#4681 = ORIENTED_EDGE('',*,*,#4682,.F.);
#4682 = EDGE_CURVE('',#2775,#4660,#4683,.T.);
#4683 = SURFACE_CURVE('',#4684,(#4688,#4695),.PCURVE_S1.);
#4684 = LINE('',#4685,#4686);
#4685 = CARTESIAN_POINT('',(-3.639688618288,-2.334297838078,23.5));
#4686 = VECTOR('',#4687,1.);
#4687 = DIRECTION('',(0.331935923362,0.94330193617,0.));
#4688 = PCURVE('',#2002,#4689);
#4689 = DEFINITIONAL_REPRESENTATION('',(#4690),#4694);
#4690 = LINE('',#4691,#4692);
#4691 = CARTESIAN_POINT('',(0.,0.));
#4692 = VECTOR('',#4693,1.);
#4693 = DIRECTION('',(1.,0.));
#4694 = ( GEOMETRIC_REPRESENTATION_CONTEXT(2) 
PARAMETRIC_REPRESENTATION_CONTEXT() REPRESENTATION_CONTEXT('2D SPACE',''
  ) );
#4695 = PCURVE('',#2820,#4696);
#4696 = DEFINITIONAL_REPRESENTATION('',(#4697),#4701);
#4697 = LINE('',#4698,#4699);
#4698 = CARTESIAN_POINT('',(0.920311381712,-2.334297838078));
#4699 = VECTOR('',#4700,1.);
#4700 = DIRECTION('',(0.331935923362,0.94330193617));
#4701 = ( GEOMETRIC_REPRESENTATION_CONTEXT(2) 
PARAMETRIC_REPRESENTATION_CONTEXT() REPRESENTATION_CONTEXT('2D SPACE',''
  ) );
#4702 = ORIENTED_EDGE('',*,*,#4703,.F.);
#4703 = EDGE_CURVE('',#4590,#2775,#4704,.T.);
#4704 = SURFACE_CURVE('',#4705,(#4709,#4716),.PCURVE_S1.);
#4705 = LINE('',#4706,#4707);
#4706 = CARTESIAN_POINT('',(-3.639688618288,-2.334297838078,23.5));
#4707 = VECTOR('',#4708,1.);
#4708 = DIRECTION('',(0.331935923362,0.94330193617,0.));
#4709 = PCURVE('',#2002,#4710);
#4710 = DEFINITIONAL_REPRESENTATION('',(#4711),#4715);
#4711 = LINE('',#4712,#4713);
#4712 = CARTESIAN_POINT('',(0.,0.));
#4713 = VECTOR('',#4714,1.);
#4714 = DIRECTION('',(1.,0.));
#4715 = ( GEOMETRIC_REPRESENTATION_CONTEXT(2) 
PARAMETRIC_REPRESENTATION_CONTEXT() REPRESENTATION_CONTEXT('2D SPACE',''
  ) );
#4716 = PCURVE('',#2791,#4717);
#4717 = DEFINITIONAL_REPRESENTATION('',(#4718),#4722);
#4718 = LINE('',#4719,#4720);
#4719 = CARTESIAN_POINT('',(0.920311381712,-2.324441214721));
#4720 = VECTOR('',#4721,1.);
#4721 = DIRECTION('',(0.331935923362,0.94330193617));
#4722 = ( GEOMETRIC_REPRESENTATION_CONTEXT(2) 
PARAMETRIC_REPRESENTATION_CONTEXT() REPRESENTATION_CONTEXT('2D SPACE',''
  ) );
#4723 = ADVANCED_FACE('',(#4724),#2030,.F.);
#4724 = FACE_BOUND('',#4725,.F.);
#4725 = EDGE_LOOP('',(#4726,#4727,#4728,#4751,#4772));
#4726 = ORIENTED_EDGE('',*,*,#4659,.T.);
#4727 = ORIENTED_EDGE('',*,*,#2014,.T.);
#4728 = ORIENTED_EDGE('',*,*,#4729,.F.);
#4729 = EDGE_CURVE('',#4730,#2015,#4732,.T.);
#4730 = VERTEX_POINT('',#4731);
#4731 = CARTESIAN_POINT('',(-3.090536869269,-2.032399109294,23.5));
#4732 = SURFACE_CURVE('',#4733,(#4737,#4744),.PCURVE_S1.);
#4733 = LINE('',#4734,#4735);
#4734 = CARTESIAN_POINT('',(-3.090536869269,-2.032399109294,23.5));
#4735 = VECTOR('',#4736,1.);
#4736 = DIRECTION('',(0.,0.,1.));
#4737 = PCURVE('',#2030,#4738);
#4738 = DEFINITIONAL_REPRESENTATION('',(#4739),#4743);
#4739 = LINE('',#4740,#4741);
#4740 = CARTESIAN_POINT('',(0.42040252799,0.));
#4741 = VECTOR('',#4742,1.);
#4742 = DIRECTION('',(0.,-1.));
#4743 = ( GEOMETRIC_REPRESENTATION_CONTEXT(2) 
PARAMETRIC_REPRESENTATION_CONTEXT() REPRESENTATION_CONTEXT('2D SPACE',''
  ) );
#4744 = PCURVE('',#2058,#4745);
#4745 = DEFINITIONAL_REPRESENTATION('',(#4746),#4750);
#4746 = LINE('',#4747,#4748);
#4747 = CARTESIAN_POINT('',(0.,0.));
#4748 = VECTOR('',#4749,1.);
#4749 = DIRECTION('',(0.,-1.));
#4750 = ( GEOMETRIC_REPRESENTATION_CONTEXT(2) 
PARAMETRIC_REPRESENTATION_CONTEXT() REPRESENTATION_CONTEXT('2D SPACE',''
  ) );
#4751 = ORIENTED_EDGE('',*,*,#4752,.F.);
#4752 = EDGE_CURVE('',#2804,#4730,#4753,.T.);
#4753 = SURFACE_CURVE('',#4754,(#4758,#4765),.PCURVE_S1.);
#4754 = LINE('',#4755,#4756);
#4755 = CARTESIAN_POINT('',(-3.500141916976,-1.937731319453,23.5));
#4756 = VECTOR('',#4757,1.);
#4757 = DIRECTION('',(0.974316328842,-0.225183683584,0.));
#4758 = PCURVE('',#2030,#4759);
#4759 = DEFINITIONAL_REPRESENTATION('',(#4760),#4764);
#4760 = LINE('',#4761,#4762);
#4761 = CARTESIAN_POINT('',(0.,0.));
#4762 = VECTOR('',#4763,1.);
#4763 = DIRECTION('',(1.,0.));
#4764 = ( GEOMETRIC_REPRESENTATION_CONTEXT(2) 
PARAMETRIC_REPRESENTATION_CONTEXT() REPRESENTATION_CONTEXT('2D SPACE',''
  ) );
#4765 = PCURVE('',#2849,#4766);
#4766 = DEFINITIONAL_REPRESENTATION('',(#4767),#4771);
#4767 = LINE('',#4768,#4769);
#4768 = CARTESIAN_POINT('',(1.059858083024,-1.927874696096));
#4769 = VECTOR('',#4770,1.);
#4770 = DIRECTION('',(0.974316328842,-0.225183683584));
#4771 = ( GEOMETRIC_REPRESENTATION_CONTEXT(2) 
PARAMETRIC_REPRESENTATION_CONTEXT() REPRESENTATION_CONTEXT('2D SPACE',''
  ) );
#4772 = ORIENTED_EDGE('',*,*,#4773,.F.);
#4773 = EDGE_CURVE('',#4660,#2804,#4774,.T.);
#4774 = SURFACE_CURVE('',#4775,(#4779,#4786),.PCURVE_S1.);
#4775 = LINE('',#4776,#4777);
#4776 = CARTESIAN_POINT('',(-3.500141916976,-1.937731319453,23.5));
#4777 = VECTOR('',#4778,1.);
#4778 = DIRECTION('',(0.974316328842,-0.225183683584,0.));
#4779 = PCURVE('',#2030,#4780);
#4780 = DEFINITIONAL_REPRESENTATION('',(#4781),#4785);
#4781 = LINE('',#4782,#4783);
#4782 = CARTESIAN_POINT('',(0.,0.));
#4783 = VECTOR('',#4784,1.);
#4784 = DIRECTION('',(1.,0.));
#4785 = ( GEOMETRIC_REPRESENTATION_CONTEXT(2) 
PARAMETRIC_REPRESENTATION_CONTEXT() REPRESENTATION_CONTEXT('2D SPACE',''
  ) );
#4786 = PCURVE('',#2820,#4787);
#4787 = DEFINITIONAL_REPRESENTATION('',(#4788),#4792);
#4788 = LINE('',#4789,#4790);
#4789 = CARTESIAN_POINT('',(1.059858083024,-1.937731319453));
#4790 = VECTOR('',#4791,1.);
#4791 = DIRECTION('',(0.974316328842,-0.225183683584));
#4792 = ( GEOMETRIC_REPRESENTATION_CONTEXT(2) 
PARAMETRIC_REPRESENTATION_CONTEXT() REPRESENTATION_CONTEXT('2D SPACE',''
  ) );
#4793 = ADVANCED_FACE('',(#4794),#2058,.F.);
#4794 = FACE_BOUND('',#4795,.F.);
#4795 = EDGE_LOOP('',(#4796,#4797,#4798,#4821,#4842));
#4796 = ORIENTED_EDGE('',*,*,#4729,.T.);
#4797 = ORIENTED_EDGE('',*,*,#2042,.T.);
#4798 = ORIENTED_EDGE('',*,*,#4799,.F.);
#4799 = EDGE_CURVE('',#4800,#2043,#4802,.T.);
#4800 = VERTEX_POINT('',#4801);
#4801 = CARTESIAN_POINT('',(-3.053996366957,-1.613587603684,23.5));
#4802 = SURFACE_CURVE('',#4803,(#4807,#4814),.PCURVE_S1.);
#4803 = LINE('',#4804,#4805);
#4804 = CARTESIAN_POINT('',(-3.053996366957,-1.613587603684,23.5));
#4805 = VECTOR('',#4806,1.);
#4806 = DIRECTION('',(0.,0.,1.));
#4807 = PCURVE('',#2058,#4808);
#4808 = DEFINITIONAL_REPRESENTATION('',(#4809),#4813);
#4809 = LINE('',#4810,#4811);
#4810 = CARTESIAN_POINT('',(0.42040252799,0.));
#4811 = VECTOR('',#4812,1.);
#4812 = DIRECTION('',(0.,-1.));
#4813 = ( GEOMETRIC_REPRESENTATION_CONTEXT(2) 
PARAMETRIC_REPRESENTATION_CONTEXT() REPRESENTATION_CONTEXT('2D SPACE',''
  ) );
#4814 = PCURVE('',#2086,#4815);
#4815 = DEFINITIONAL_REPRESENTATION('',(#4816),#4820);
#4816 = LINE('',#4817,#4818);
#4817 = CARTESIAN_POINT('',(0.,0.));
#4818 = VECTOR('',#4819,1.);
#4819 = DIRECTION('',(0.,-1.));
#4820 = ( GEOMETRIC_REPRESENTATION_CONTEXT(2) 
PARAMETRIC_REPRESENTATION_CONTEXT() REPRESENTATION_CONTEXT('2D SPACE',''
  ) );
#4821 = ORIENTED_EDGE('',*,*,#4822,.F.);
#4822 = EDGE_CURVE('',#2833,#4800,#4823,.T.);
#4823 = SURFACE_CURVE('',#4824,(#4828,#4835),.PCURVE_S1.);
#4824 = LINE('',#4825,#4826);
#4825 = CARTESIAN_POINT('',(-3.090536869269,-2.032399109294,23.5));
#4826 = VECTOR('',#4827,1.);
#4827 = DIRECTION('',(8.691789387328E-02,0.996215478561,0.));
#4828 = PCURVE('',#2058,#4829);
#4829 = DEFINITIONAL_REPRESENTATION('',(#4830),#4834);
#4830 = LINE('',#4831,#4832);
#4831 = CARTESIAN_POINT('',(0.,0.));
#4832 = VECTOR('',#4833,1.);
#4833 = DIRECTION('',(1.,0.));
#4834 = ( GEOMETRIC_REPRESENTATION_CONTEXT(2) 
PARAMETRIC_REPRESENTATION_CONTEXT() REPRESENTATION_CONTEXT('2D SPACE',''
  ) );
#4835 = PCURVE('',#2878,#4836);
#4836 = DEFINITIONAL_REPRESENTATION('',(#4837),#4841);
#4837 = LINE('',#4838,#4839);
#4838 = CARTESIAN_POINT('',(1.469463130731,-2.032399109294));
#4839 = VECTOR('',#4840,1.);
#4840 = DIRECTION('',(8.691789387328E-02,0.996215478561));
#4841 = ( GEOMETRIC_REPRESENTATION_CONTEXT(2) 
PARAMETRIC_REPRESENTATION_CONTEXT() REPRESENTATION_CONTEXT('2D SPACE',''
  ) );
#4842 = ORIENTED_EDGE('',*,*,#4843,.F.);
#4843 = EDGE_CURVE('',#4730,#2833,#4844,.T.);
#4844 = SURFACE_CURVE('',#4845,(#4849,#4856),.PCURVE_S1.);
#4845 = LINE('',#4846,#4847);
#4846 = CARTESIAN_POINT('',(-3.090536869269,-2.032399109294,23.5));
#4847 = VECTOR('',#4848,1.);
#4848 = DIRECTION('',(8.691789387328E-02,0.996215478561,0.));
#4849 = PCURVE('',#2058,#4850);
#4850 = DEFINITIONAL_REPRESENTATION('',(#4851),#4855);
#4851 = LINE('',#4852,#4853);
#4852 = CARTESIAN_POINT('',(0.,0.));
#4853 = VECTOR('',#4854,1.);
#4854 = DIRECTION('',(1.,0.));
#4855 = ( GEOMETRIC_REPRESENTATION_CONTEXT(2) 
PARAMETRIC_REPRESENTATION_CONTEXT() REPRESENTATION_CONTEXT('2D SPACE',''
  ) );
#4856 = PCURVE('',#2849,#4857);
#4857 = DEFINITIONAL_REPRESENTATION('',(#4858),#4862);
#4858 = LINE('',#4859,#4860);
#4859 = CARTESIAN_POINT('',(1.469463130731,-2.022542485937));
#4860 = VECTOR('',#4861,1.);
#4861 = DIRECTION('',(8.691789387328E-02,0.996215478561));
#4862 = ( GEOMETRIC_REPRESENTATION_CONTEXT(2) 
PARAMETRIC_REPRESENTATION_CONTEXT() REPRESENTATION_CONTEXT('2D SPACE',''
  ) );
#4863 = ADVANCED_FACE('',(#4864),#2086,.F.);
#4864 = FACE_BOUND('',#4865,.F.);
#4865 = EDGE_LOOP('',(#4866,#4867,#4868,#4891,#4912));
#4866 = ORIENTED_EDGE('',*,*,#4799,.T.);
#4867 = ORIENTED_EDGE('',*,*,#2070,.T.);
#4868 = ORIENTED_EDGE('',*,*,#4869,.F.);
#4869 = EDGE_CURVE('',#4870,#2071,#4872,.T.);
#4870 = VERTEX_POINT('',#4871);
#4871 = CARTESIAN_POINT('',(-2.633716893061,-1.603416597729,23.5));
#4872 = SURFACE_CURVE('',#4873,(#4877,#4884),.PCURVE_S1.);
#4873 = LINE('',#4874,#4875);
#4874 = CARTESIAN_POINT('',(-2.633716893061,-1.603416597729,23.5));
#4875 = VECTOR('',#4876,1.);
#4876 = DIRECTION('',(0.,0.,1.));
#4877 = PCURVE('',#2086,#4878);
#4878 = DEFINITIONAL_REPRESENTATION('',(#4879),#4883);
#4879 = LINE('',#4880,#4881);
#4880 = CARTESIAN_POINT('',(0.42040252799,0.));
#4881 = VECTOR('',#4882,1.);
#4882 = DIRECTION('',(0.,-1.));
#4883 = ( GEOMETRIC_REPRESENTATION_CONTEXT(2) 
PARAMETRIC_REPRESENTATION_CONTEXT() REPRESENTATION_CONTEXT('2D SPACE',''
  ) );
#4884 = PCURVE('',#2114,#4885);
#4885 = DEFINITIONAL_REPRESENTATION('',(#4886),#4890);
#4886 = LINE('',#4887,#4888);
#4887 = CARTESIAN_POINT('',(0.,0.));
#4888 = VECTOR('',#4889,1.);
#4889 = DIRECTION('',(0.,-1.));
#4890 = ( GEOMETRIC_REPRESENTATION_CONTEXT(2) 
PARAMETRIC_REPRESENTATION_CONTEXT() REPRESENTATION_CONTEXT('2D SPACE',''
  ) );
#4891 = ORIENTED_EDGE('',*,*,#4892,.F.);
#4892 = EDGE_CURVE('',#2862,#4870,#4893,.T.);
#4893 = SURFACE_CURVE('',#4894,(#4898,#4905),.PCURVE_S1.);
#4894 = LINE('',#4895,#4896);
#4895 = CARTESIAN_POINT('',(-3.053996366957,-1.613587603684,23.5));
#4896 = VECTOR('',#4897,1.);
#4897 = DIRECTION('',(0.999707294591,2.419349380224E-02,0.));
#4898 = PCURVE('',#2086,#4899);
#4899 = DEFINITIONAL_REPRESENTATION('',(#4900),#4904);
#4900 = LINE('',#4901,#4902);
#4901 = CARTESIAN_POINT('',(0.,0.));
#4902 = VECTOR('',#4903,1.);
#4903 = DIRECTION('',(1.,0.));
#4904 = ( GEOMETRIC_REPRESENTATION_CONTEXT(2) 
PARAMETRIC_REPRESENTATION_CONTEXT() REPRESENTATION_CONTEXT('2D SPACE',''
  ) );
#4905 = PCURVE('',#2907,#4906);
#4906 = DEFINITIONAL_REPRESENTATION('',(#4907),#4911);
#4907 = LINE('',#4908,#4909);
#4908 = CARTESIAN_POINT('',(1.506003633043,-1.603730980327));
#4909 = VECTOR('',#4910,1.);
#4910 = DIRECTION('',(0.999707294591,2.419349380224E-02));
#4911 = ( GEOMETRIC_REPRESENTATION_CONTEXT(2) 
PARAMETRIC_REPRESENTATION_CONTEXT() REPRESENTATION_CONTEXT('2D SPACE',''
  ) );
#4912 = ORIENTED_EDGE('',*,*,#4913,.F.);
#4913 = EDGE_CURVE('',#4800,#2862,#4914,.T.);
#4914 = SURFACE_CURVE('',#4915,(#4919,#4926),.PCURVE_S1.);
#4915 = LINE('',#4916,#4917);
#4916 = CARTESIAN_POINT('',(-3.053996366957,-1.613587603684,23.5));
#4917 = VECTOR('',#4918,1.);
#4918 = DIRECTION('',(0.999707294591,2.419349380224E-02,0.));
#4919 = PCURVE('',#2086,#4920);
#4920 = DEFINITIONAL_REPRESENTATION('',(#4921),#4925);
#4921 = LINE('',#4922,#4923);
#4922 = CARTESIAN_POINT('',(0.,0.));
#4923 = VECTOR('',#4924,1.);
#4924 = DIRECTION('',(1.,0.));
#4925 = ( GEOMETRIC_REPRESENTATION_CONTEXT(2) 
PARAMETRIC_REPRESENTATION_CONTEXT() REPRESENTATION_CONTEXT('2D SPACE',''
  ) );
#4926 = PCURVE('',#2878,#4927);
#4927 = DEFINITIONAL_REPRESENTATION('',(#4928),#4932);
#4928 = LINE('',#4929,#4930);
#4929 = CARTESIAN_POINT('',(1.506003633043,-1.613587603684));
#4930 = VECTOR('',#4931,1.);
#4931 = DIRECTION('',(0.999707294591,2.419349380224E-02));
#4932 = ( GEOMETRIC_REPRESENTATION_CONTEXT(2) 
PARAMETRIC_REPRESENTATION_CONTEXT() REPRESENTATION_CONTEXT('2D SPACE',''
  ) );
#4933 = ADVANCED_FACE('',(#4934),#2114,.F.);
#4934 = FACE_BOUND('',#4935,.F.);
#4935 = EDGE_LOOP('',(#4936,#4937,#4938,#4961,#4982));
#4936 = ORIENTED_EDGE('',*,*,#4869,.T.);
#4937 = ORIENTED_EDGE('',*,*,#2098,.T.);
#4938 = ORIENTED_EDGE('',*,*,#4939,.F.);
#4939 = EDGE_CURVE('',#4940,#2099,#4942,.T.);
#4940 = VERTEX_POINT('',#4941);
#4941 = CARTESIAN_POINT('',(-2.702478563896,-1.188675572311,23.5));
#4942 = SURFACE_CURVE('',#4943,(#4947,#4954),.PCURVE_S1.);
#4943 = LINE('',#4944,#4945);
#4944 = CARTESIAN_POINT('',(-2.702478563896,-1.188675572311,23.5));
#4945 = VECTOR('',#4946,1.);
#4946 = DIRECTION('',(0.,0.,1.));
#4947 = PCURVE('',#2114,#4948);
#4948 = DEFINITIONAL_REPRESENTATION('',(#4949),#4953);
#4949 = LINE('',#4950,#4951);
#4950 = CARTESIAN_POINT('',(0.42040252799,0.));
#4951 = VECTOR('',#4952,1.);
#4952 = DIRECTION('',(0.,-1.));
#4953 = ( GEOMETRIC_REPRESENTATION_CONTEXT(2) 
PARAMETRIC_REPRESENTATION_CONTEXT() REPRESENTATION_CONTEXT('2D SPACE',''
  ) );
#4954 = PCURVE('',#2142,#4955);
#4955 = DEFINITIONAL_REPRESENTATION('',(#4956),#4960);
#4956 = LINE('',#4957,#4958);
#4957 = CARTESIAN_POINT('',(0.,0.));
#4958 = VECTOR('',#4959,1.);
#4959 = DIRECTION('',(0.,-1.));
#4960 = ( GEOMETRIC_REPRESENTATION_CONTEXT(2) 
PARAMETRIC_REPRESENTATION_CONTEXT() REPRESENTATION_CONTEXT('2D SPACE',''
  ) );
#4961 = ORIENTED_EDGE('',*,*,#4962,.F.);
#4962 = EDGE_CURVE('',#2891,#4940,#4963,.T.);
#4963 = SURFACE_CURVE('',#4964,(#4968,#4975),.PCURVE_S1.);
#4964 = LINE('',#4965,#4966);
#4965 = CARTESIAN_POINT('',(-2.633716893061,-1.603416597729,23.5));
#4966 = VECTOR('',#4967,1.);
#4967 = DIRECTION('',(-0.163561506549,0.98653313861,0.));
#4968 = PCURVE('',#2114,#4969);
#4969 = DEFINITIONAL_REPRESENTATION('',(#4970),#4974);
#4970 = LINE('',#4971,#4972);
#4971 = CARTESIAN_POINT('',(0.,0.));
#4972 = VECTOR('',#4973,1.);
#4973 = DIRECTION('',(1.,0.));
#4974 = ( GEOMETRIC_REPRESENTATION_CONTEXT(2) 
PARAMETRIC_REPRESENTATION_CONTEXT() REPRESENTATION_CONTEXT('2D SPACE',''
  ) );
#4975 = PCURVE('',#2936,#4976);
#4976 = DEFINITIONAL_REPRESENTATION('',(#4977),#4981);
#4977 = LINE('',#4978,#4979);
#4978 = CARTESIAN_POINT('',(1.926283106939,-1.603416597729));
#4979 = VECTOR('',#4980,1.);
#4980 = DIRECTION('',(-0.163561506549,0.98653313861));
#4981 = ( GEOMETRIC_REPRESENTATION_CONTEXT(2) 
PARAMETRIC_REPRESENTATION_CONTEXT() REPRESENTATION_CONTEXT('2D SPACE',''
  ) );
#4982 = ORIENTED_EDGE('',*,*,#4983,.F.);
#4983 = EDGE_CURVE('',#4870,#2891,#4984,.T.);
#4984 = SURFACE_CURVE('',#4985,(#4989,#4996),.PCURVE_S1.);
#4985 = LINE('',#4986,#4987);
#4986 = CARTESIAN_POINT('',(-2.633716893061,-1.603416597729,23.5));
#4987 = VECTOR('',#4988,1.);
#4988 = DIRECTION('',(-0.163561506549,0.98653313861,0.));
#4989 = PCURVE('',#2114,#4990);
#4990 = DEFINITIONAL_REPRESENTATION('',(#4991),#4995);
#4991 = LINE('',#4992,#4993);
#4992 = CARTESIAN_POINT('',(0.,0.));
#4993 = VECTOR('',#4994,1.);
#4994 = DIRECTION('',(1.,0.));
#4995 = ( GEOMETRIC_REPRESENTATION_CONTEXT(2) 
PARAMETRIC_REPRESENTATION_CONTEXT() REPRESENTATION_CONTEXT('2D SPACE',''
  ) );
#4996 = PCURVE('',#2907,#4997);
#4997 = DEFINITIONAL_REPRESENTATION('',(#4998),#5002);
#4998 = LINE('',#4999,#5000);
#4999 = CARTESIAN_POINT('',(1.926283106939,-1.593559974372));
#5000 = VECTOR('',#5001,1.);
#5001 = DIRECTION('',(-0.163561506549,0.98653313861));
#5002 = ( GEOMETRIC_REPRESENTATION_CONTEXT(2) 
PARAMETRIC_REPRESENTATION_CONTEXT() REPRESENTATION_CONTEXT('2D SPACE',''
  ) );
#5003 = ADVANCED_FACE('',(#5004),#2142,.F.);
#5004 = FACE_BOUND('',#5005,.F.);
#5005 = EDGE_LOOP('',(#5006,#5007,#5008,#5031,#5052));
#5006 = ORIENTED_EDGE('',*,*,#4939,.T.);
#5007 = ORIENTED_EDGE('',*,*,#2126,.T.);
#5008 = ORIENTED_EDGE('',*,*,#5009,.F.);
#5009 = EDGE_CURVE('',#5010,#2127,#5012,.T.);
#5010 = VERTEX_POINT('',#5011);
#5011 = CARTESIAN_POINT('',(-2.297932368835,-1.07430485227,23.5));
#5012 = SURFACE_CURVE('',#5013,(#5017,#5024),.PCURVE_S1.);
#5013 = LINE('',#5014,#5015);
#5014 = CARTESIAN_POINT('',(-2.297932368835,-1.07430485227,23.5));
#5015 = VECTOR('',#5016,1.);
#5016 = DIRECTION('',(0.,0.,1.));
#5017 = PCURVE('',#2142,#5018);
#5018 = DEFINITIONAL_REPRESENTATION('',(#5019),#5023);
#5019 = LINE('',#5020,#5021);
#5020 = CARTESIAN_POINT('',(0.42040252799,0.));
#5021 = VECTOR('',#5022,1.);
#5022 = DIRECTION('',(0.,-1.));
#5023 = ( GEOMETRIC_REPRESENTATION_CONTEXT(2) 
PARAMETRIC_REPRESENTATION_CONTEXT() REPRESENTATION_CONTEXT('2D SPACE',''
  ) );
#5024 = PCURVE('',#2170,#5025);
#5025 = DEFINITIONAL_REPRESENTATION('',(#5026),#5030);
#5026 = LINE('',#5027,#5028);
#5027 = CARTESIAN_POINT('',(0.,0.));
#5028 = VECTOR('',#5029,1.);
#5029 = DIRECTION('',(0.,-1.));
#5030 = ( GEOMETRIC_REPRESENTATION_CONTEXT(2) 
PARAMETRIC_REPRESENTATION_CONTEXT() REPRESENTATION_CONTEXT('2D SPACE',''
  ) );
#5031 = ORIENTED_EDGE('',*,*,#5032,.F.);
#5032 = EDGE_CURVE('',#2920,#5010,#5033,.T.);
#5033 = SURFACE_CURVE('',#5034,(#5038,#5045),.PCURVE_S1.);
#5034 = LINE('',#5035,#5036);
#5035 = CARTESIAN_POINT('',(-2.702478563896,-1.188675572311,23.5));
#5036 = VECTOR('',#5037,1.);
#5037 = DIRECTION('',(0.962282974354,0.272050504995,0.));
#5038 = PCURVE('',#2142,#5039);
#5039 = DEFINITIONAL_REPRESENTATION('',(#5040),#5044);
#5040 = LINE('',#5041,#5042);
#5041 = CARTESIAN_POINT('',(0.,0.));
#5042 = VECTOR('',#5043,1.);
#5043 = DIRECTION('',(1.,0.));
#5044 = ( GEOMETRIC_REPRESENTATION_CONTEXT(2) 
PARAMETRIC_REPRESENTATION_CONTEXT() REPRESENTATION_CONTEXT('2D SPACE',''
  ) );
#5045 = PCURVE('',#2965,#5046);
#5046 = DEFINITIONAL_REPRESENTATION('',(#5047),#5051);
#5047 = LINE('',#5048,#5049);
#5048 = CARTESIAN_POINT('',(1.857521436104,-1.178818948954));
#5049 = VECTOR('',#5050,1.);
#5050 = DIRECTION('',(0.962282974354,0.272050504995));
#5051 = ( GEOMETRIC_REPRESENTATION_CONTEXT(2) 
PARAMETRIC_REPRESENTATION_CONTEXT() REPRESENTATION_CONTEXT('2D SPACE',''
  ) );
#5052 = ORIENTED_EDGE('',*,*,#5053,.F.);
#5053 = EDGE_CURVE('',#4940,#2920,#5054,.T.);
#5054 = SURFACE_CURVE('',#5055,(#5059,#5066),.PCURVE_S1.);
#5055 = LINE('',#5056,#5057);
#5056 = CARTESIAN_POINT('',(-2.702478563896,-1.188675572311,23.5));
#5057 = VECTOR('',#5058,1.);
#5058 = DIRECTION('',(0.962282974354,0.272050504995,0.));
#5059 = PCURVE('',#2142,#5060);
#5060 = DEFINITIONAL_REPRESENTATION('',(#5061),#5065);
#5061 = LINE('',#5062,#5063);
#5062 = CARTESIAN_POINT('',(0.,0.));
#5063 = VECTOR('',#5064,1.);
#5064 = DIRECTION('',(1.,0.));
#5065 = ( GEOMETRIC_REPRESENTATION_CONTEXT(2) 
PARAMETRIC_REPRESENTATION_CONTEXT() REPRESENTATION_CONTEXT('2D SPACE',''
  ) );
#5066 = PCURVE('',#2936,#5067);
#5067 = DEFINITIONAL_REPRESENTATION('',(#5068),#5072);
#5068 = LINE('',#5069,#5070);
#5069 = CARTESIAN_POINT('',(1.857521436104,-1.188675572311));
#5070 = VECTOR('',#5071,1.);
#5071 = DIRECTION('',(0.962282974354,0.272050504995));
#5072 = ( GEOMETRIC_REPRESENTATION_CONTEXT(2) 
PARAMETRIC_REPRESENTATION_CONTEXT() REPRESENTATION_CONTEXT('2D SPACE',''
  ) );
#5073 = ADVANCED_FACE('',(#5074),#2170,.F.);
#5074 = FACE_BOUND('',#5075,.F.);
#5075 = EDGE_LOOP('',(#5076,#5077,#5078,#5101,#5122));
#5076 = ORIENTED_EDGE('',*,*,#5009,.T.);
#5077 = ORIENTED_EDGE('',*,*,#2154,.T.);
#5078 = ORIENTED_EDGE('',*,*,#5079,.F.);
#5079 = EDGE_CURVE('',#5080,#2155,#5082,.T.);
#5080 = VERTEX_POINT('',#5081);
#5081 = CARTESIAN_POINT('',(-2.467675664151,-0.689694010982,23.5));
#5082 = SURFACE_CURVE('',#5083,(#5087,#5094),.PCURVE_S1.);
#5083 = LINE('',#5084,#5085);
#5084 = CARTESIAN_POINT('',(-2.467675664151,-0.689694010982,23.5));
#5085 = VECTOR('',#5086,1.);
#5086 = DIRECTION('',(0.,0.,1.));
#5087 = PCURVE('',#2170,#5088);
#5088 = DEFINITIONAL_REPRESENTATION('',(#5089),#5093);
#5089 = LINE('',#5090,#5091);
#5090 = CARTESIAN_POINT('',(0.42040252799,0.));
#5091 = VECTOR('',#5092,1.);
#5092 = DIRECTION('',(0.,-1.));
#5093 = ( GEOMETRIC_REPRESENTATION_CONTEXT(2) 
PARAMETRIC_REPRESENTATION_CONTEXT() REPRESENTATION_CONTEXT('2D SPACE',''
  ) );
#5094 = PCURVE('',#2198,#5095);
#5095 = DEFINITIONAL_REPRESENTATION('',(#5096),#5100);
#5096 = LINE('',#5097,#5098);
#5097 = CARTESIAN_POINT('',(0.,0.));
#5098 = VECTOR('',#5099,1.);
#5099 = DIRECTION('',(0.,-1.));
#5100 = ( GEOMETRIC_REPRESENTATION_CONTEXT(2) 
PARAMETRIC_REPRESENTATION_CONTEXT() REPRESENTATION_CONTEXT('2D SPACE',''
  ) );
#5101 = ORIENTED_EDGE('',*,*,#5102,.F.);
#5102 = EDGE_CURVE('',#2949,#5080,#5103,.T.);
#5103 = SURFACE_CURVE('',#5104,(#5108,#5115),.PCURVE_S1.);
#5104 = LINE('',#5105,#5106);
#5105 = CARTESIAN_POINT('',(-2.297932368835,-1.07430485227,23.5));
#5106 = VECTOR('',#5107,1.);
#5107 = DIRECTION('',(-0.403763735977,0.914863293345,0.));
#5108 = PCURVE('',#2170,#5109);
#5109 = DEFINITIONAL_REPRESENTATION('',(#5110),#5114);
#5110 = LINE('',#5111,#5112);
#5111 = CARTESIAN_POINT('',(0.,0.));
#5112 = VECTOR('',#5113,1.);
#5113 = DIRECTION('',(1.,0.));
#5114 = ( GEOMETRIC_REPRESENTATION_CONTEXT(2) 
PARAMETRIC_REPRESENTATION_CONTEXT() REPRESENTATION_CONTEXT('2D SPACE',''
  ) );
#5115 = PCURVE('',#2994,#5116);
#5116 = DEFINITIONAL_REPRESENTATION('',(#5117),#5121);
#5117 = LINE('',#5118,#5119);
#5118 = CARTESIAN_POINT('',(2.262067631165,-1.07430485227));
#5119 = VECTOR('',#5120,1.);
#5120 = DIRECTION('',(-0.403763735977,0.914863293345));
#5121 = ( GEOMETRIC_REPRESENTATION_CONTEXT(2) 
PARAMETRIC_REPRESENTATION_CONTEXT() REPRESENTATION_CONTEXT('2D SPACE',''
  ) );
#5122 = ORIENTED_EDGE('',*,*,#5123,.F.);
#5123 = EDGE_CURVE('',#5010,#2949,#5124,.T.);
#5124 = SURFACE_CURVE('',#5125,(#5129,#5136),.PCURVE_S1.);
#5125 = LINE('',#5126,#5127);
#5126 = CARTESIAN_POINT('',(-2.297932368835,-1.07430485227,23.5));
#5127 = VECTOR('',#5128,1.);
#5128 = DIRECTION('',(-0.403763735977,0.914863293345,0.));
#5129 = PCURVE('',#2170,#5130);
#5130 = DEFINITIONAL_REPRESENTATION('',(#5131),#5135);
#5131 = LINE('',#5132,#5133);
#5132 = CARTESIAN_POINT('',(0.,0.));
#5133 = VECTOR('',#5134,1.);
#5134 = DIRECTION('',(1.,0.));
#5135 = ( GEOMETRIC_REPRESENTATION_CONTEXT(2) 
PARAMETRIC_REPRESENTATION_CONTEXT() REPRESENTATION_CONTEXT('2D SPACE',''
  ) );
#5136 = PCURVE('',#2965,#5137);
#5137 = DEFINITIONAL_REPRESENTATION('',(#5138),#5142);
#5138 = LINE('',#5139,#5140);
#5139 = CARTESIAN_POINT('',(2.262067631165,-1.064448228913));
#5140 = VECTOR('',#5141,1.);
#5141 = DIRECTION('',(-0.403763735977,0.914863293345));
#5142 = ( GEOMETRIC_REPRESENTATION_CONTEXT(2) 
PARAMETRIC_REPRESENTATION_CONTEXT() REPRESENTATION_CONTEXT('2D SPACE',''
  ) );
#5143 = ADVANCED_FACE('',(#5144),#2198,.F.);
#5144 = FACE_BOUND('',#5145,.F.);
#5145 = EDGE_LOOP('',(#5146,#5147,#5148,#5149,#5170));
#5146 = ORIENTED_EDGE('',*,*,#5079,.T.);
#5147 = ORIENTED_EDGE('',*,*,#2182,.T.);
#5148 = ORIENTED_EDGE('',*,*,#2235,.F.);
#5149 = ORIENTED_EDGE('',*,*,#5150,.F.);
#5150 = EDGE_CURVE('',#2978,#2236,#5151,.T.);
#5151 = SURFACE_CURVE('',#5152,(#5156,#5163),.PCURVE_S1.);
#5152 = LINE('',#5153,#5154);
#5153 = CARTESIAN_POINT('',(-2.467675664151,-0.689694010982,23.5));
#5154 = VECTOR('',#5155,1.);
#5155 = DIRECTION('',(0.86439487581,0.502813582428,0.));
#5156 = PCURVE('',#2198,#5157);
#5157 = DEFINITIONAL_REPRESENTATION('',(#5158),#5162);
#5158 = LINE('',#5159,#5160);
#5159 = CARTESIAN_POINT('',(0.,0.));
#5160 = VECTOR('',#5161,1.);
#5161 = DIRECTION('',(1.,0.));
#5162 = ( GEOMETRIC_REPRESENTATION_CONTEXT(2) 
PARAMETRIC_REPRESENTATION_CONTEXT() REPRESENTATION_CONTEXT('2D SPACE',''
  ) );
#5163 = PCURVE('',#2275,#5164);
#5164 = DEFINITIONAL_REPRESENTATION('',(#5165),#5169);
#5165 = LINE('',#5166,#5167);
#5166 = CARTESIAN_POINT('',(2.092324335849,-0.679837387625));
#5167 = VECTOR('',#5168,1.);
#5168 = DIRECTION('',(0.86439487581,0.502813582428));
#5169 = ( GEOMETRIC_REPRESENTATION_CONTEXT(2) 
PARAMETRIC_REPRESENTATION_CONTEXT() REPRESENTATION_CONTEXT('2D SPACE',''
  ) );
#5170 = ORIENTED_EDGE('',*,*,#5171,.F.);
#5171 = EDGE_CURVE('',#5080,#2978,#5172,.T.);
#5172 = SURFACE_CURVE('',#5173,(#5177,#5184),.PCURVE_S1.);
#5173 = LINE('',#5174,#5175);
#5174 = CARTESIAN_POINT('',(-2.467675664151,-0.689694010982,23.5));
#5175 = VECTOR('',#5176,1.);
#5176 = DIRECTION('',(0.86439487581,0.502813582428,0.));
#5177 = PCURVE('',#2198,#5178);
#5178 = DEFINITIONAL_REPRESENTATION('',(#5179),#5183);
#5179 = LINE('',#5180,#5181);
#5180 = CARTESIAN_POINT('',(0.,0.));
#5181 = VECTOR('',#5182,1.);
#5182 = DIRECTION('',(1.,0.));
#5183 = ( GEOMETRIC_REPRESENTATION_CONTEXT(2) 
PARAMETRIC_REPRESENTATION_CONTEXT() REPRESENTATION_CONTEXT('2D SPACE',''
  ) );
#5184 = PCURVE('',#2994,#5185);
#5185 = DEFINITIONAL_REPRESENTATION('',(#5186),#5190);
#5186 = LINE('',#5187,#5188);
#5187 = CARTESIAN_POINT('',(2.092324335849,-0.689694010982));
#5188 = VECTOR('',#5189,1.);
#5189 = DIRECTION('',(0.86439487581,0.502813582428));
#5190 = ( GEOMETRIC_REPRESENTATION_CONTEXT(2) 
PARAMETRIC_REPRESENTATION_CONTEXT() REPRESENTATION_CONTEXT('2D SPACE',''
  ) );
#5191 = ADVANCED_FACE('',(#5192),#2275,.F.);
#5192 = FACE_BOUND('',#5193,.F.);
#5193 = EDGE_LOOP('',(#5194,#5195,#5196));
#5194 = ORIENTED_EDGE('',*,*,#2261,.T.);
#5195 = ORIENTED_EDGE('',*,*,#3006,.F.);
#5196 = ORIENTED_EDGE('',*,*,#5150,.T.);
#5197 = ADVANCED_FACE('',(#5198,#5312),#2334,.T.);
#5198 = FACE_BOUND('',#5199,.T.);
#5199 = EDGE_LOOP('',(#5200,#5230,#5258,#5286));
#5200 = ORIENTED_EDGE('',*,*,#5201,.F.);
#5201 = EDGE_CURVE('',#5202,#5204,#5206,.T.);
#5202 = VERTEX_POINT('',#5203);
#5203 = CARTESIAN_POINT('',(-11.4,-6.1,22.7));
#5204 = VERTEX_POINT('',#5205);
#5205 = CARTESIAN_POINT('',(-11.4,6.1,22.7));
#5206 = SURFACE_CURVE('',#5207,(#5211,#5218),.PCURVE_S1.);
#5207 = LINE('',#5208,#5209);
#5208 = CARTESIAN_POINT('',(-11.4,0.,22.7));
#5209 = VECTOR('',#5210,1.);
#5210 = DIRECTION('',(0.,1.,0.));
#5211 = PCURVE('',#2334,#5212);
#5212 = DEFINITIONAL_REPRESENTATION('',(#5213),#5217);
#5213 = LINE('',#5214,#5215);
#5214 = CARTESIAN_POINT('',(-11.4,0.));
#5215 = VECTOR('',#5216,1.);
#5216 = DIRECTION('',(0.,1.));
#5217 = ( GEOMETRIC_REPRESENTATION_CONTEXT(2) 
PARAMETRIC_REPRESENTATION_CONTEXT() REPRESENTATION_CONTEXT('2D SPACE',''
  ) );
#5218 = PCURVE('',#5219,#5224);
#5219 = PLANE('',#5220);
#5220 = AXIS2_PLACEMENT_3D('',#5221,#5222,#5223);
#5221 = CARTESIAN_POINT('',(-11.4,-6.1,0.));
#5222 = DIRECTION('',(-1.,0.,0.));
#5223 = DIRECTION('',(0.,1.,0.));
#5224 = DEFINITIONAL_REPRESENTATION('',(#5225),#5229);
#5225 = LINE('',#5226,#5227);
#5226 = CARTESIAN_POINT('',(6.1,-22.7));
#5227 = VECTOR('',#5228,1.);
#5228 = DIRECTION('',(1.,0.));
#5229 = ( GEOMETRIC_REPRESENTATION_CONTEXT(2) 
PARAMETRIC_REPRESENTATION_CONTEXT() REPRESENTATION_CONTEXT('2D SPACE',''
  ) );
#5230 = ORIENTED_EDGE('',*,*,#5231,.T.);
#5231 = EDGE_CURVE('',#5202,#5232,#5234,.T.);
#5232 = VERTEX_POINT('',#5233);
#5233 = CARTESIAN_POINT('',(11.4,-6.1,22.7));
#5234 = SURFACE_CURVE('',#5235,(#5239,#5246),.PCURVE_S1.);
#5235 = LINE('',#5236,#5237);
#5236 = CARTESIAN_POINT('',(0.,-6.1,22.7));
#5237 = VECTOR('',#5238,1.);
#5238 = DIRECTION('',(1.,0.,0.));
#5239 = PCURVE('',#2334,#5240);
#5240 = DEFINITIONAL_REPRESENTATION('',(#5241),#5245);
#5241 = LINE('',#5242,#5243);
#5242 = CARTESIAN_POINT('',(0.,-6.1));
#5243 = VECTOR('',#5244,1.);
#5244 = DIRECTION('',(1.,0.));
#5245 = ( GEOMETRIC_REPRESENTATION_CONTEXT(2) 
PARAMETRIC_REPRESENTATION_CONTEXT() REPRESENTATION_CONTEXT('2D SPACE',''
  ) );
#5246 = PCURVE('',#5247,#5252);
#5247 = PLANE('',#5248);
#5248 = AXIS2_PLACEMENT_3D('',#5249,#5250,#5251);
#5249 = CARTESIAN_POINT('',(-11.4,-6.1,0.));
#5250 = DIRECTION('',(0.,1.,0.));
#5251 = DIRECTION('',(1.,0.,0.));
#5252 = DEFINITIONAL_REPRESENTATION('',(#5253),#5257);
#5253 = LINE('',#5254,#5255);
#5254 = CARTESIAN_POINT('',(11.4,-22.7));
#5255 = VECTOR('',#5256,1.);
#5256 = DIRECTION('',(1.,0.));
#5257 = ( GEOMETRIC_REPRESENTATION_CONTEXT(2) 
PARAMETRIC_REPRESENTATION_CONTEXT() REPRESENTATION_CONTEXT('2D SPACE',''
  ) );
#5258 = ORIENTED_EDGE('',*,*,#5259,.T.);
#5259 = EDGE_CURVE('',#5232,#5260,#5262,.T.);
#5260 = VERTEX_POINT('',#5261);
#5261 = CARTESIAN_POINT('',(11.4,6.1,22.7));
#5262 = SURFACE_CURVE('',#5263,(#5267,#5274),.PCURVE_S1.);
#5263 = LINE('',#5264,#5265);
#5264 = CARTESIAN_POINT('',(11.4,0.,22.7));
#5265 = VECTOR('',#5266,1.);
#5266 = DIRECTION('',(0.,1.,0.));
#5267 = PCURVE('',#2334,#5268);
#5268 = DEFINITIONAL_REPRESENTATION('',(#5269),#5273);
#5269 = LINE('',#5270,#5271);
#5270 = CARTESIAN_POINT('',(11.4,0.));
#5271 = VECTOR('',#5272,1.);
#5272 = DIRECTION('',(0.,1.));
#5273 = ( GEOMETRIC_REPRESENTATION_CONTEXT(2) 
PARAMETRIC_REPRESENTATION_CONTEXT() REPRESENTATION_CONTEXT('2D SPACE',''
  ) );
#5274 = PCURVE('',#5275,#5280);
#5275 = PLANE('',#5276);
#5276 = AXIS2_PLACEMENT_3D('',#5277,#5278,#5279);
#5277 = CARTESIAN_POINT('',(11.4,-6.1,0.));
#5278 = DIRECTION('',(-1.,0.,0.));
#5279 = DIRECTION('',(0.,1.,0.));
#5280 = DEFINITIONAL_REPRESENTATION('',(#5281),#5285);
#5281 = LINE('',#5282,#5283);
#5282 = CARTESIAN_POINT('',(6.1,-22.7));
#5283 = VECTOR('',#5284,1.);
#5284 = DIRECTION('',(1.,0.));
#5285 = ( GEOMETRIC_REPRESENTATION_CONTEXT(2) 
PARAMETRIC_REPRESENTATION_CONTEXT() REPRESENTATION_CONTEXT('2D SPACE',''
  ) );
#5286 = ORIENTED_EDGE('',*,*,#5287,.F.);
#5287 = EDGE_CURVE('',#5204,#5260,#5288,.T.);
#5288 = SURFACE_CURVE('',#5289,(#5293,#5300),.PCURVE_S1.);
#5289 = LINE('',#5290,#5291);
#5290 = CARTESIAN_POINT('',(0.,6.1,22.7));
#5291 = VECTOR('',#5292,1.);
#5292 = DIRECTION('',(1.,0.,0.));
#5293 = PCURVE('',#2334,#5294);
#5294 = DEFINITIONAL_REPRESENTATION('',(#5295),#5299);
#5295 = LINE('',#5296,#5297);
#5296 = CARTESIAN_POINT('',(0.,6.1));
#5297 = VECTOR('',#5298,1.);
#5298 = DIRECTION('',(1.,0.));
#5299 = ( GEOMETRIC_REPRESENTATION_CONTEXT(2) 
PARAMETRIC_REPRESENTATION_CONTEXT() REPRESENTATION_CONTEXT('2D SPACE',''
  ) );
#5300 = PCURVE('',#5301,#5306);
#5301 = PLANE('',#5302);
#5302 = AXIS2_PLACEMENT_3D('',#5303,#5304,#5305);
#5303 = CARTESIAN_POINT('',(-11.4,6.1,0.));
#5304 = DIRECTION('',(0.,1.,0.));
#5305 = DIRECTION('',(1.,0.,0.));
#5306 = DEFINITIONAL_REPRESENTATION('',(#5307),#5311);
#5307 = LINE('',#5308,#5309);
#5308 = CARTESIAN_POINT('',(11.4,-22.7));
#5309 = VECTOR('',#5310,1.);
#5310 = DIRECTION('',(1.,0.));
#5311 = ( GEOMETRIC_REPRESENTATION_CONTEXT(2) 
PARAMETRIC_REPRESENTATION_CONTEXT() REPRESENTATION_CONTEXT('2D SPACE',''
  ) );
#5312 = FACE_BOUND('',#5313,.T.);
#5313 = EDGE_LOOP('',(#5314));
#5314 = ORIENTED_EDGE('',*,*,#2317,.F.);
#5315 = ADVANCED_FACE('',(#5316),#2994,.T.);
#5316 = FACE_BOUND('',#5317,.T.);
#5317 = EDGE_LOOP('',(#5318,#5319,#5320));
#5318 = ORIENTED_EDGE('',*,*,#2977,.T.);
#5319 = ORIENTED_EDGE('',*,*,#5171,.F.);
#5320 = ORIENTED_EDGE('',*,*,#5102,.F.);
#5321 = ADVANCED_FACE('',(#5322),#2965,.F.);
#5322 = FACE_BOUND('',#5323,.F.);
#5323 = EDGE_LOOP('',(#5324,#5325,#5326));
#5324 = ORIENTED_EDGE('',*,*,#5123,.T.);
#5325 = ORIENTED_EDGE('',*,*,#2948,.F.);
#5326 = ORIENTED_EDGE('',*,*,#5032,.T.);
#5327 = ADVANCED_FACE('',(#5328),#2936,.T.);
#5328 = FACE_BOUND('',#5329,.T.);
#5329 = EDGE_LOOP('',(#5330,#5331,#5332));
#5330 = ORIENTED_EDGE('',*,*,#2919,.T.);
#5331 = ORIENTED_EDGE('',*,*,#5053,.F.);
#5332 = ORIENTED_EDGE('',*,*,#4962,.F.);
#5333 = ADVANCED_FACE('',(#5334),#2907,.F.);
#5334 = FACE_BOUND('',#5335,.F.);
#5335 = EDGE_LOOP('',(#5336,#5337,#5338));
#5336 = ORIENTED_EDGE('',*,*,#4983,.T.);
#5337 = ORIENTED_EDGE('',*,*,#2890,.F.);
#5338 = ORIENTED_EDGE('',*,*,#4892,.T.);
#5339 = ADVANCED_FACE('',(#5340),#2878,.T.);
#5340 = FACE_BOUND('',#5341,.T.);
#5341 = EDGE_LOOP('',(#5342,#5343,#5344));
#5342 = ORIENTED_EDGE('',*,*,#2861,.T.);
#5343 = ORIENTED_EDGE('',*,*,#4913,.F.);
#5344 = ORIENTED_EDGE('',*,*,#4822,.F.);
#5345 = ADVANCED_FACE('',(#5346),#2849,.F.);
#5346 = FACE_BOUND('',#5347,.F.);
#5347 = EDGE_LOOP('',(#5348,#5349,#5350));
#5348 = ORIENTED_EDGE('',*,*,#4843,.T.);
#5349 = ORIENTED_EDGE('',*,*,#2832,.F.);
#5350 = ORIENTED_EDGE('',*,*,#4752,.T.);
#5351 = ADVANCED_FACE('',(#5352),#2820,.T.);
#5352 = FACE_BOUND('',#5353,.T.);
#5353 = EDGE_LOOP('',(#5354,#5355,#5356));
#5354 = ORIENTED_EDGE('',*,*,#2803,.T.);
#5355 = ORIENTED_EDGE('',*,*,#4773,.F.);
#5356 = ORIENTED_EDGE('',*,*,#4682,.F.);
#5357 = ADVANCED_FACE('',(#5358),#2791,.F.);
#5358 = FACE_BOUND('',#5359,.F.);
#5359 = EDGE_LOOP('',(#5360,#5361,#5362));
#5360 = ORIENTED_EDGE('',*,*,#4703,.T.);
#5361 = ORIENTED_EDGE('',*,*,#2774,.F.);
#5362 = ORIENTED_EDGE('',*,*,#4612,.T.);
#5363 = ADVANCED_FACE('',(#5364),#2762,.T.);
#5364 = FACE_BOUND('',#5365,.T.);
#5365 = EDGE_LOOP('',(#5366,#5367,#5368));
#5366 = ORIENTED_EDGE('',*,*,#2745,.T.);
#5367 = ORIENTED_EDGE('',*,*,#4633,.F.);
#5368 = ORIENTED_EDGE('',*,*,#4542,.F.);
#5369 = ADVANCED_FACE('',(#5370),#2733,.F.);
#5370 = FACE_BOUND('',#5371,.F.);
#5371 = EDGE_LOOP('',(#5372,#5373,#5374));
#5372 = ORIENTED_EDGE('',*,*,#4563,.T.);
#5373 = ORIENTED_EDGE('',*,*,#2716,.F.);
#5374 = ORIENTED_EDGE('',*,*,#4472,.T.);
#5375 = ADVANCED_FACE('',(#5376),#2704,.T.);
#5376 = FACE_BOUND('',#5377,.T.);
#5377 = EDGE_LOOP('',(#5378,#5379,#5380));
#5378 = ORIENTED_EDGE('',*,*,#4402,.F.);
#5379 = ORIENTED_EDGE('',*,*,#2687,.T.);
#5380 = ORIENTED_EDGE('',*,*,#4493,.F.);
#5381 = ADVANCED_FACE('',(#5382),#2675,.F.);
#5382 = FACE_BOUND('',#5383,.F.);
#5383 = EDGE_LOOP('',(#5384,#5385,#5386));
#5384 = ORIENTED_EDGE('',*,*,#4423,.T.);
#5385 = ORIENTED_EDGE('',*,*,#2658,.F.);
#5386 = ORIENTED_EDGE('',*,*,#4332,.T.);
#5387 = ADVANCED_FACE('',(#5388),#2646,.T.);
#5388 = FACE_BOUND('',#5389,.T.);
#5389 = EDGE_LOOP('',(#5390,#5391,#5392));
#5390 = ORIENTED_EDGE('',*,*,#4262,.F.);
#5391 = ORIENTED_EDGE('',*,*,#2629,.T.);
#5392 = ORIENTED_EDGE('',*,*,#4353,.F.);
#5393 = ADVANCED_FACE('',(#5394),#2617,.F.);
#5394 = FACE_BOUND('',#5395,.F.);
#5395 = EDGE_LOOP('',(#5396,#5397,#5398));
#5396 = ORIENTED_EDGE('',*,*,#4283,.T.);
#5397 = ORIENTED_EDGE('',*,*,#2600,.F.);
#5398 = ORIENTED_EDGE('',*,*,#4192,.T.);
#5399 = ADVANCED_FACE('',(#5400),#2588,.T.);
#5400 = FACE_BOUND('',#5401,.T.);
#5401 = EDGE_LOOP('',(#5402,#5403,#5404));
#5402 = ORIENTED_EDGE('',*,*,#4122,.F.);
#5403 = ORIENTED_EDGE('',*,*,#2571,.T.);
#5404 = ORIENTED_EDGE('',*,*,#4213,.F.);
#5405 = ADVANCED_FACE('',(#5406),#2559,.F.);
#5406 = FACE_BOUND('',#5407,.F.);
#5407 = EDGE_LOOP('',(#5408,#5409,#5410));
#5408 = ORIENTED_EDGE('',*,*,#4143,.T.);
#5409 = ORIENTED_EDGE('',*,*,#2542,.F.);
#5410 = ORIENTED_EDGE('',*,*,#4052,.T.);
#5411 = ADVANCED_FACE('',(#5412),#2530,.T.);
#5412 = FACE_BOUND('',#5413,.T.);
#5413 = EDGE_LOOP('',(#5414,#5415,#5416));
#5414 = ORIENTED_EDGE('',*,*,#3982,.F.);
#5415 = ORIENTED_EDGE('',*,*,#2513,.T.);
#5416 = ORIENTED_EDGE('',*,*,#4073,.F.);
#5417 = ADVANCED_FACE('',(#5418),#2501,.F.);
#5418 = FACE_BOUND('',#5419,.F.);
#5419 = EDGE_LOOP('',(#5420,#5421,#5422));
#5420 = ORIENTED_EDGE('',*,*,#4003,.T.);
#5421 = ORIENTED_EDGE('',*,*,#2484,.F.);
#5422 = ORIENTED_EDGE('',*,*,#3912,.T.);
#5423 = ADVANCED_FACE('',(#5424),#2472,.T.);
#5424 = FACE_BOUND('',#5425,.T.);
#5425 = EDGE_LOOP('',(#5426,#5427,#5428));
#5426 = ORIENTED_EDGE('',*,*,#3842,.F.);
#5427 = ORIENTED_EDGE('',*,*,#2455,.T.);
#5428 = ORIENTED_EDGE('',*,*,#3933,.F.);
#5429 = ADVANCED_FACE('',(#5430),#2443,.F.);
#5430 = FACE_BOUND('',#5431,.F.);
#5431 = EDGE_LOOP('',(#5432,#5433,#5434));
#5432 = ORIENTED_EDGE('',*,*,#2426,.F.);
#5433 = ORIENTED_EDGE('',*,*,#3772,.T.);
#5434 = ORIENTED_EDGE('',*,*,#3863,.T.);
#5435 = ADVANCED_FACE('',(#5436),#2414,.T.);
#5436 = FACE_BOUND('',#5437,.T.);
#5437 = EDGE_LOOP('',(#5438,#5439,#5440));
#5438 = ORIENTED_EDGE('',*,*,#3702,.F.);
#5439 = ORIENTED_EDGE('',*,*,#2397,.T.);
#5440 = ORIENTED_EDGE('',*,*,#3793,.F.);
#5441 = ADVANCED_FACE('',(#5442),#2385,.F.);
#5442 = FACE_BOUND('',#5443,.F.);
#5443 = EDGE_LOOP('',(#5444,#5445,#5446));
#5444 = ORIENTED_EDGE('',*,*,#2368,.F.);
#5445 = ORIENTED_EDGE('',*,*,#3652,.T.);
#5446 = ORIENTED_EDGE('',*,*,#3723,.T.);
#5447 = ADVANCED_FACE('',(#5448),#5219,.T.);
#5448 = FACE_BOUND('',#5449,.T.);
#5449 = EDGE_LOOP('',(#5450,#5480,#5501,#5502));
#5450 = ORIENTED_EDGE('',*,*,#5451,.F.);
#5451 = EDGE_CURVE('',#5452,#5454,#5456,.T.);
#5452 = VERTEX_POINT('',#5453);
#5453 = CARTESIAN_POINT('',(-11.4,-6.1,16.75));
#5454 = VERTEX_POINT('',#5455);
#5455 = CARTESIAN_POINT('',(-11.4,6.1,16.75));
#5456 = SURFACE_CURVE('',#5457,(#5461,#5468),.PCURVE_S1.);
#5457 = LINE('',#5458,#5459);
#5458 = CARTESIAN_POINT('',(-11.4,0.,16.75));
#5459 = VECTOR('',#5460,1.);
#5460 = DIRECTION('',(0.,1.,0.));
#5461 = PCURVE('',#5219,#5462);
#5462 = DEFINITIONAL_REPRESENTATION('',(#5463),#5467);
#5463 = LINE('',#5464,#5465);
#5464 = CARTESIAN_POINT('',(6.1,-16.75));
#5465 = VECTOR('',#5466,1.);
#5466 = DIRECTION('',(1.,0.));
#5467 = ( GEOMETRIC_REPRESENTATION_CONTEXT(2) 
PARAMETRIC_REPRESENTATION_CONTEXT() REPRESENTATION_CONTEXT('2D SPACE',''
  ) );
#5468 = PCURVE('',#5469,#5474);
#5469 = PLANE('',#5470);
#5470 = AXIS2_PLACEMENT_3D('',#5471,#5472,#5473);
#5471 = CARTESIAN_POINT('',(0.,0.,16.75));
#5472 = DIRECTION('',(0.,0.,1.));
#5473 = DIRECTION('',(1.,0.,0.));
#5474 = DEFINITIONAL_REPRESENTATION('',(#5475),#5479);
#5475 = LINE('',#5476,#5477);
#5476 = CARTESIAN_POINT('',(-11.4,0.));
#5477 = VECTOR('',#5478,1.);
#5478 = DIRECTION('',(0.,1.));
#5479 = ( GEOMETRIC_REPRESENTATION_CONTEXT(2) 
PARAMETRIC_REPRESENTATION_CONTEXT() REPRESENTATION_CONTEXT('2D SPACE',''
  ) );
#5480 = ORIENTED_EDGE('',*,*,#5481,.T.);
#5481 = EDGE_CURVE('',#5452,#5202,#5482,.T.);
#5482 = SURFACE_CURVE('',#5483,(#5487,#5494),.PCURVE_S1.);
#5483 = LINE('',#5484,#5485);
#5484 = CARTESIAN_POINT('',(-11.4,-6.1,0.));
#5485 = VECTOR('',#5486,1.);
#5486 = DIRECTION('',(0.,0.,1.));
#5487 = PCURVE('',#5219,#5488);
#5488 = DEFINITIONAL_REPRESENTATION('',(#5489),#5493);
#5489 = LINE('',#5490,#5491);
#5490 = CARTESIAN_POINT('',(0.,0.));
#5491 = VECTOR('',#5492,1.);
#5492 = DIRECTION('',(0.,-1.));
#5493 = ( GEOMETRIC_REPRESENTATION_CONTEXT(2) 
PARAMETRIC_REPRESENTATION_CONTEXT() REPRESENTATION_CONTEXT('2D SPACE',''
  ) );
#5494 = PCURVE('',#5247,#5495);
#5495 = DEFINITIONAL_REPRESENTATION('',(#5496),#5500);
#5496 = LINE('',#5497,#5498);
#5497 = CARTESIAN_POINT('',(0.,0.));
#5498 = VECTOR('',#5499,1.);
#5499 = DIRECTION('',(0.,-1.));
#5500 = ( GEOMETRIC_REPRESENTATION_CONTEXT(2) 
PARAMETRIC_REPRESENTATION_CONTEXT() REPRESENTATION_CONTEXT('2D SPACE',''
  ) );
#5501 = ORIENTED_EDGE('',*,*,#5201,.T.);
#5502 = ORIENTED_EDGE('',*,*,#5503,.F.);
#5503 = EDGE_CURVE('',#5454,#5204,#5504,.T.);
#5504 = SURFACE_CURVE('',#5505,(#5509,#5516),.PCURVE_S1.);
#5505 = LINE('',#5506,#5507);
#5506 = CARTESIAN_POINT('',(-11.4,6.1,0.));
#5507 = VECTOR('',#5508,1.);
#5508 = DIRECTION('',(0.,0.,1.));
#5509 = PCURVE('',#5219,#5510);
#5510 = DEFINITIONAL_REPRESENTATION('',(#5511),#5515);
#5511 = LINE('',#5512,#5513);
#5512 = CARTESIAN_POINT('',(12.2,0.));
#5513 = VECTOR('',#5514,1.);
#5514 = DIRECTION('',(0.,-1.));
#5515 = ( GEOMETRIC_REPRESENTATION_CONTEXT(2) 
PARAMETRIC_REPRESENTATION_CONTEXT() REPRESENTATION_CONTEXT('2D SPACE',''
  ) );
#5516 = PCURVE('',#5301,#5517);
#5517 = DEFINITIONAL_REPRESENTATION('',(#5518),#5522);
#5518 = LINE('',#5519,#5520);
#5519 = CARTESIAN_POINT('',(0.,0.));
#5520 = VECTOR('',#5521,1.);
#5521 = DIRECTION('',(0.,-1.));
#5522 = ( GEOMETRIC_REPRESENTATION_CONTEXT(2) 
PARAMETRIC_REPRESENTATION_CONTEXT() REPRESENTATION_CONTEXT('2D SPACE',''
  ) );
#5523 = ADVANCED_FACE('',(#5524),#5247,.F.);
#5524 = FACE_BOUND('',#5525,.F.);
#5525 = EDGE_LOOP('',(#5526,#5556,#5584,#5612,#5633,#5634,#5635,#5658,
    #5686,#5714,#5742,#5770));
#5526 = ORIENTED_EDGE('',*,*,#5527,.T.);
#5527 = EDGE_CURVE('',#5528,#5530,#5532,.T.);
#5528 = VERTEX_POINT('',#5529);
#5529 = CARTESIAN_POINT('',(-11.4,-6.1,0.));
#5530 = VERTEX_POINT('',#5531);
#5531 = CARTESIAN_POINT('',(-11.4,-6.1,14.25));
#5532 = SURFACE_CURVE('',#5533,(#5537,#5544),.PCURVE_S1.);
#5533 = LINE('',#5534,#5535);
#5534 = CARTESIAN_POINT('',(-11.4,-6.1,0.));
#5535 = VECTOR('',#5536,1.);
#5536 = DIRECTION('',(0.,0.,1.));
#5537 = PCURVE('',#5247,#5538);
#5538 = DEFINITIONAL_REPRESENTATION('',(#5539),#5543);
#5539 = LINE('',#5540,#5541);
#5540 = CARTESIAN_POINT('',(0.,0.));
#5541 = VECTOR('',#5542,1.);
#5542 = DIRECTION('',(0.,-1.));
#5543 = ( GEOMETRIC_REPRESENTATION_CONTEXT(2) 
PARAMETRIC_REPRESENTATION_CONTEXT() REPRESENTATION_CONTEXT('2D SPACE',''
  ) );
#5544 = PCURVE('',#5545,#5550);
#5545 = PLANE('',#5546);
#5546 = AXIS2_PLACEMENT_3D('',#5547,#5548,#5549);
#5547 = CARTESIAN_POINT('',(-11.4,-6.1,0.));
#5548 = DIRECTION('',(-1.,0.,0.));
#5549 = DIRECTION('',(0.,1.,0.));
#5550 = DEFINITIONAL_REPRESENTATION('',(#5551),#5555);
#5551 = LINE('',#5552,#5553);
#5552 = CARTESIAN_POINT('',(0.,0.));
#5553 = VECTOR('',#5554,1.);
#5554 = DIRECTION('',(0.,-1.));
#5555 = ( GEOMETRIC_REPRESENTATION_CONTEXT(2) 
PARAMETRIC_REPRESENTATION_CONTEXT() REPRESENTATION_CONTEXT('2D SPACE',''
  ) );
#5556 = ORIENTED_EDGE('',*,*,#5557,.F.);
#5557 = EDGE_CURVE('',#5558,#5530,#5560,.T.);
#5558 = VERTEX_POINT('',#5559);
#5559 = CARTESIAN_POINT('',(-16.1,-6.1,14.25));
#5560 = SURFACE_CURVE('',#5561,(#5565,#5572),.PCURVE_S1.);
#5561 = LINE('',#5562,#5563);
#5562 = CARTESIAN_POINT('',(0.,-6.1,14.25));
#5563 = VECTOR('',#5564,1.);
#5564 = DIRECTION('',(1.,0.,0.));
#5565 = PCURVE('',#5247,#5566);
#5566 = DEFINITIONAL_REPRESENTATION('',(#5567),#5571);
#5567 = LINE('',#5568,#5569);
#5568 = CARTESIAN_POINT('',(11.4,-14.25));
#5569 = VECTOR('',#5570,1.);
#5570 = DIRECTION('',(1.,0.));
#5571 = ( GEOMETRIC_REPRESENTATION_CONTEXT(2) 
PARAMETRIC_REPRESENTATION_CONTEXT() REPRESENTATION_CONTEXT('2D SPACE',''
  ) );
#5572 = PCURVE('',#5573,#5578);
#5573 = PLANE('',#5574);
#5574 = AXIS2_PLACEMENT_3D('',#5575,#5576,#5577);
#5575 = CARTESIAN_POINT('',(0.,0.,14.25));
#5576 = DIRECTION('',(0.,0.,1.));
#5577 = DIRECTION('',(1.,0.,0.));
#5578 = DEFINITIONAL_REPRESENTATION('',(#5579),#5583);
#5579 = LINE('',#5580,#5581);
#5580 = CARTESIAN_POINT('',(0.,-6.1));
#5581 = VECTOR('',#5582,1.);
#5582 = DIRECTION('',(1.,0.));
#5583 = ( GEOMETRIC_REPRESENTATION_CONTEXT(2) 
PARAMETRIC_REPRESENTATION_CONTEXT() REPRESENTATION_CONTEXT('2D SPACE',''
  ) );
#5584 = ORIENTED_EDGE('',*,*,#5585,.T.);
#5585 = EDGE_CURVE('',#5558,#5586,#5588,.T.);
#5586 = VERTEX_POINT('',#5587);
#5587 = CARTESIAN_POINT('',(-16.1,-6.1,16.75));
#5588 = SURFACE_CURVE('',#5589,(#5593,#5600),.PCURVE_S1.);
#5589 = LINE('',#5590,#5591);
#5590 = CARTESIAN_POINT('',(-16.1,-6.1,14.25));
#5591 = VECTOR('',#5592,1.);
#5592 = DIRECTION('',(0.,0.,1.));
#5593 = PCURVE('',#5247,#5594);
#5594 = DEFINITIONAL_REPRESENTATION('',(#5595),#5599);
#5595 = LINE('',#5596,#5597);
#5596 = CARTESIAN_POINT('',(-4.7,-14.25));
#5597 = VECTOR('',#5598,1.);
#5598 = DIRECTION('',(0.,-1.));
#5599 = ( GEOMETRIC_REPRESENTATION_CONTEXT(2) 
PARAMETRIC_REPRESENTATION_CONTEXT() REPRESENTATION_CONTEXT('2D SPACE',''
  ) );
#5600 = PCURVE('',#5601,#5606);
#5601 = PLANE('',#5602);
#5602 = AXIS2_PLACEMENT_3D('',#5603,#5604,#5605);
#5603 = CARTESIAN_POINT('',(-16.1,-6.1,14.25));
#5604 = DIRECTION('',(-1.,0.,0.));
#5605 = DIRECTION('',(0.,1.,0.));
#5606 = DEFINITIONAL_REPRESENTATION('',(#5607),#5611);
#5607 = LINE('',#5608,#5609);
#5608 = CARTESIAN_POINT('',(0.,0.));
#5609 = VECTOR('',#5610,1.);
#5610 = DIRECTION('',(0.,-1.));
#5611 = ( GEOMETRIC_REPRESENTATION_CONTEXT(2) 
PARAMETRIC_REPRESENTATION_CONTEXT() REPRESENTATION_CONTEXT('2D SPACE',''
  ) );
#5612 = ORIENTED_EDGE('',*,*,#5613,.T.);
#5613 = EDGE_CURVE('',#5586,#5452,#5614,.T.);
#5614 = SURFACE_CURVE('',#5615,(#5619,#5626),.PCURVE_S1.);
#5615 = LINE('',#5616,#5617);
#5616 = CARTESIAN_POINT('',(0.,-6.1,16.75));
#5617 = VECTOR('',#5618,1.);
#5618 = DIRECTION('',(1.,0.,0.));
#5619 = PCURVE('',#5247,#5620);
#5620 = DEFINITIONAL_REPRESENTATION('',(#5621),#5625);
#5621 = LINE('',#5622,#5623);
#5622 = CARTESIAN_POINT('',(11.4,-16.75));
#5623 = VECTOR('',#5624,1.);
#5624 = DIRECTION('',(1.,0.));
#5625 = ( GEOMETRIC_REPRESENTATION_CONTEXT(2) 
PARAMETRIC_REPRESENTATION_CONTEXT() REPRESENTATION_CONTEXT('2D SPACE',''
  ) );
#5626 = PCURVE('',#5469,#5627);
#5627 = DEFINITIONAL_REPRESENTATION('',(#5628),#5632);
#5628 = LINE('',#5629,#5630);
#5629 = CARTESIAN_POINT('',(0.,-6.1));
#5630 = VECTOR('',#5631,1.);
#5631 = DIRECTION('',(1.,0.));
#5632 = ( GEOMETRIC_REPRESENTATION_CONTEXT(2) 
PARAMETRIC_REPRESENTATION_CONTEXT() REPRESENTATION_CONTEXT('2D SPACE',''
  ) );
#5633 = ORIENTED_EDGE('',*,*,#5481,.T.);
#5634 = ORIENTED_EDGE('',*,*,#5231,.T.);
#5635 = ORIENTED_EDGE('',*,*,#5636,.F.);
#5636 = EDGE_CURVE('',#5637,#5232,#5639,.T.);
#5637 = VERTEX_POINT('',#5638);
#5638 = CARTESIAN_POINT('',(11.4,-6.1,16.75));
#5639 = SURFACE_CURVE('',#5640,(#5644,#5651),.PCURVE_S1.);
#5640 = LINE('',#5641,#5642);
#5641 = CARTESIAN_POINT('',(11.4,-6.1,0.));
#5642 = VECTOR('',#5643,1.);
#5643 = DIRECTION('',(0.,0.,1.));
#5644 = PCURVE('',#5247,#5645);
#5645 = DEFINITIONAL_REPRESENTATION('',(#5646),#5650);
#5646 = LINE('',#5647,#5648);
#5647 = CARTESIAN_POINT('',(22.8,0.));
#5648 = VECTOR('',#5649,1.);
#5649 = DIRECTION('',(0.,-1.));
#5650 = ( GEOMETRIC_REPRESENTATION_CONTEXT(2) 
PARAMETRIC_REPRESENTATION_CONTEXT() REPRESENTATION_CONTEXT('2D SPACE',''
  ) );
#5651 = PCURVE('',#5275,#5652);
#5652 = DEFINITIONAL_REPRESENTATION('',(#5653),#5657);
#5653 = LINE('',#5654,#5655);
#5654 = CARTESIAN_POINT('',(0.,0.));
#5655 = VECTOR('',#5656,1.);
#5656 = DIRECTION('',(0.,-1.));
#5657 = ( GEOMETRIC_REPRESENTATION_CONTEXT(2) 
PARAMETRIC_REPRESENTATION_CONTEXT() REPRESENTATION_CONTEXT('2D SPACE',''
  ) );
#5658 = ORIENTED_EDGE('',*,*,#5659,.T.);
#5659 = EDGE_CURVE('',#5637,#5660,#5662,.T.);
#5660 = VERTEX_POINT('',#5661);
#5661 = CARTESIAN_POINT('',(16.1,-6.1,16.75));
#5662 = SURFACE_CURVE('',#5663,(#5667,#5674),.PCURVE_S1.);
#5663 = LINE('',#5664,#5665);
#5664 = CARTESIAN_POINT('',(0.,-6.1,16.75));
#5665 = VECTOR('',#5666,1.);
#5666 = DIRECTION('',(1.,0.,0.));
#5667 = PCURVE('',#5247,#5668);
#5668 = DEFINITIONAL_REPRESENTATION('',(#5669),#5673);
#5669 = LINE('',#5670,#5671);
#5670 = CARTESIAN_POINT('',(11.4,-16.75));
#5671 = VECTOR('',#5672,1.);
#5672 = DIRECTION('',(1.,0.));
#5673 = ( GEOMETRIC_REPRESENTATION_CONTEXT(2) 
PARAMETRIC_REPRESENTATION_CONTEXT() REPRESENTATION_CONTEXT('2D SPACE',''
  ) );
#5674 = PCURVE('',#5675,#5680);
#5675 = PLANE('',#5676);
#5676 = AXIS2_PLACEMENT_3D('',#5677,#5678,#5679);
#5677 = CARTESIAN_POINT('',(0.,0.,16.75));
#5678 = DIRECTION('',(0.,0.,1.));
#5679 = DIRECTION('',(1.,0.,0.));
#5680 = DEFINITIONAL_REPRESENTATION('',(#5681),#5685);
#5681 = LINE('',#5682,#5683);
#5682 = CARTESIAN_POINT('',(0.,-6.1));
#5683 = VECTOR('',#5684,1.);
#5684 = DIRECTION('',(1.,0.));
#5685 = ( GEOMETRIC_REPRESENTATION_CONTEXT(2) 
PARAMETRIC_REPRESENTATION_CONTEXT() REPRESENTATION_CONTEXT('2D SPACE',''
  ) );
#5686 = ORIENTED_EDGE('',*,*,#5687,.F.);
#5687 = EDGE_CURVE('',#5688,#5660,#5690,.T.);
#5688 = VERTEX_POINT('',#5689);
#5689 = CARTESIAN_POINT('',(16.1,-6.1,14.25));
#5690 = SURFACE_CURVE('',#5691,(#5695,#5702),.PCURVE_S1.);
#5691 = LINE('',#5692,#5693);
#5692 = CARTESIAN_POINT('',(16.1,-6.1,14.25));
#5693 = VECTOR('',#5694,1.);
#5694 = DIRECTION('',(0.,0.,1.));
#5695 = PCURVE('',#5247,#5696);
#5696 = DEFINITIONAL_REPRESENTATION('',(#5697),#5701);
#5697 = LINE('',#5698,#5699);
#5698 = CARTESIAN_POINT('',(27.5,-14.25));
#5699 = VECTOR('',#5700,1.);
#5700 = DIRECTION('',(0.,-1.));
#5701 = ( GEOMETRIC_REPRESENTATION_CONTEXT(2) 
PARAMETRIC_REPRESENTATION_CONTEXT() REPRESENTATION_CONTEXT('2D SPACE',''
  ) );
#5702 = PCURVE('',#5703,#5708);
#5703 = PLANE('',#5704);
#5704 = AXIS2_PLACEMENT_3D('',#5705,#5706,#5707);
#5705 = CARTESIAN_POINT('',(16.1,-6.1,14.25));
#5706 = DIRECTION('',(-1.,0.,0.));
#5707 = DIRECTION('',(0.,1.,0.));
#5708 = DEFINITIONAL_REPRESENTATION('',(#5709),#5713);
#5709 = LINE('',#5710,#5711);
#5710 = CARTESIAN_POINT('',(0.,0.));
#5711 = VECTOR('',#5712,1.);
#5712 = DIRECTION('',(0.,-1.));
#5713 = ( GEOMETRIC_REPRESENTATION_CONTEXT(2) 
PARAMETRIC_REPRESENTATION_CONTEXT() REPRESENTATION_CONTEXT('2D SPACE',''
  ) );
#5714 = ORIENTED_EDGE('',*,*,#5715,.F.);
#5715 = EDGE_CURVE('',#5716,#5688,#5718,.T.);
#5716 = VERTEX_POINT('',#5717);
#5717 = CARTESIAN_POINT('',(11.4,-6.1,14.25));
#5718 = SURFACE_CURVE('',#5719,(#5723,#5730),.PCURVE_S1.);
#5719 = LINE('',#5720,#5721);
#5720 = CARTESIAN_POINT('',(0.,-6.1,14.25));
#5721 = VECTOR('',#5722,1.);
#5722 = DIRECTION('',(1.,0.,0.));
#5723 = PCURVE('',#5247,#5724);
#5724 = DEFINITIONAL_REPRESENTATION('',(#5725),#5729);
#5725 = LINE('',#5726,#5727);
#5726 = CARTESIAN_POINT('',(11.4,-14.25));
#5727 = VECTOR('',#5728,1.);
#5728 = DIRECTION('',(1.,0.));
#5729 = ( GEOMETRIC_REPRESENTATION_CONTEXT(2) 
PARAMETRIC_REPRESENTATION_CONTEXT() REPRESENTATION_CONTEXT('2D SPACE',''
  ) );
#5730 = PCURVE('',#5731,#5736);
#5731 = PLANE('',#5732);
#5732 = AXIS2_PLACEMENT_3D('',#5733,#5734,#5735);
#5733 = CARTESIAN_POINT('',(0.,0.,14.25));
#5734 = DIRECTION('',(0.,0.,1.));
#5735 = DIRECTION('',(1.,0.,0.));
#5736 = DEFINITIONAL_REPRESENTATION('',(#5737),#5741);
#5737 = LINE('',#5738,#5739);
#5738 = CARTESIAN_POINT('',(0.,-6.1));
#5739 = VECTOR('',#5740,1.);
#5740 = DIRECTION('',(1.,0.));
#5741 = ( GEOMETRIC_REPRESENTATION_CONTEXT(2) 
PARAMETRIC_REPRESENTATION_CONTEXT() REPRESENTATION_CONTEXT('2D SPACE',''
  ) );
#5742 = ORIENTED_EDGE('',*,*,#5743,.F.);
#5743 = EDGE_CURVE('',#5744,#5716,#5746,.T.);
#5744 = VERTEX_POINT('',#5745);
#5745 = CARTESIAN_POINT('',(11.4,-6.1,0.));
#5746 = SURFACE_CURVE('',#5747,(#5751,#5758),.PCURVE_S1.);
#5747 = LINE('',#5748,#5749);
#5748 = CARTESIAN_POINT('',(11.4,-6.1,0.));
#5749 = VECTOR('',#5750,1.);
#5750 = DIRECTION('',(0.,0.,1.));
#5751 = PCURVE('',#5247,#5752);
#5752 = DEFINITIONAL_REPRESENTATION('',(#5753),#5757);
#5753 = LINE('',#5754,#5755);
#5754 = CARTESIAN_POINT('',(22.8,0.));
#5755 = VECTOR('',#5756,1.);
#5756 = DIRECTION('',(0.,-1.));
#5757 = ( GEOMETRIC_REPRESENTATION_CONTEXT(2) 
PARAMETRIC_REPRESENTATION_CONTEXT() REPRESENTATION_CONTEXT('2D SPACE',''
  ) );
#5758 = PCURVE('',#5759,#5764);
#5759 = PLANE('',#5760);
#5760 = AXIS2_PLACEMENT_3D('',#5761,#5762,#5763);
#5761 = CARTESIAN_POINT('',(11.4,-6.1,0.));
#5762 = DIRECTION('',(-1.,0.,0.));
#5763 = DIRECTION('',(0.,1.,0.));
#5764 = DEFINITIONAL_REPRESENTATION('',(#5765),#5769);
#5765 = LINE('',#5766,#5767);
#5766 = CARTESIAN_POINT('',(0.,0.));
#5767 = VECTOR('',#5768,1.);
#5768 = DIRECTION('',(0.,-1.));
#5769 = ( GEOMETRIC_REPRESENTATION_CONTEXT(2) 
PARAMETRIC_REPRESENTATION_CONTEXT() REPRESENTATION_CONTEXT('2D SPACE',''
  ) );
#5770 = ORIENTED_EDGE('',*,*,#5771,.F.);
#5771 = EDGE_CURVE('',#5528,#5744,#5772,.T.);
#5772 = SURFACE_CURVE('',#5773,(#5777,#5784),.PCURVE_S1.);
#5773 = LINE('',#5774,#5775);
#5774 = CARTESIAN_POINT('',(0.,-6.1,0.));
#5775 = VECTOR('',#5776,1.);
#5776 = DIRECTION('',(1.,0.,0.));
#5777 = PCURVE('',#5247,#5778);
#5778 = DEFINITIONAL_REPRESENTATION('',(#5779),#5783);
#5779 = LINE('',#5780,#5781);
#5780 = CARTESIAN_POINT('',(11.4,0.));
#5781 = VECTOR('',#5782,1.);
#5782 = DIRECTION('',(1.,0.));
#5783 = ( GEOMETRIC_REPRESENTATION_CONTEXT(2) 
PARAMETRIC_REPRESENTATION_CONTEXT() REPRESENTATION_CONTEXT('2D SPACE',''
  ) );
#5784 = PCURVE('',#5785,#5790);
#5785 = PLANE('',#5786);
#5786 = AXIS2_PLACEMENT_3D('',#5787,#5788,#5789);
#5787 = CARTESIAN_POINT('',(0.,0.,0.));
#5788 = DIRECTION('',(0.,0.,1.));
#5789 = DIRECTION('',(1.,0.,0.));
#5790 = DEFINITIONAL_REPRESENTATION('',(#5791),#5795);
#5791 = LINE('',#5792,#5793);
#5792 = CARTESIAN_POINT('',(0.,-6.1));
#5793 = VECTOR('',#5794,1.);
#5794 = DIRECTION('',(1.,0.));
#5795 = ( GEOMETRIC_REPRESENTATION_CONTEXT(2) 
PARAMETRIC_REPRESENTATION_CONTEXT() REPRESENTATION_CONTEXT('2D SPACE',''
  ) );
#5796 = ADVANCED_FACE('',(#5797),#5301,.T.);
#5797 = FACE_BOUND('',#5798,.T.);
#5798 = EDGE_LOOP('',(#5799,#5824,#5847,#5870,#5891,#5892,#5893,#5916,
    #5939,#5962,#5985,#6008));
#5799 = ORIENTED_EDGE('',*,*,#5800,.T.);
#5800 = EDGE_CURVE('',#5801,#5803,#5805,.T.);
#5801 = VERTEX_POINT('',#5802);
#5802 = CARTESIAN_POINT('',(-11.4,6.1,0.));
#5803 = VERTEX_POINT('',#5804);
#5804 = CARTESIAN_POINT('',(-11.4,6.1,14.25));
#5805 = SURFACE_CURVE('',#5806,(#5810,#5817),.PCURVE_S1.);
#5806 = LINE('',#5807,#5808);
#5807 = CARTESIAN_POINT('',(-11.4,6.1,0.));
#5808 = VECTOR('',#5809,1.);
#5809 = DIRECTION('',(0.,0.,1.));
#5810 = PCURVE('',#5301,#5811);
#5811 = DEFINITIONAL_REPRESENTATION('',(#5812),#5816);
#5812 = LINE('',#5813,#5814);
#5813 = CARTESIAN_POINT('',(0.,0.));
#5814 = VECTOR('',#5815,1.);
#5815 = DIRECTION('',(0.,-1.));
#5816 = ( GEOMETRIC_REPRESENTATION_CONTEXT(2) 
PARAMETRIC_REPRESENTATION_CONTEXT() REPRESENTATION_CONTEXT('2D SPACE',''
  ) );
#5817 = PCURVE('',#5545,#5818);
#5818 = DEFINITIONAL_REPRESENTATION('',(#5819),#5823);
#5819 = LINE('',#5820,#5821);
#5820 = CARTESIAN_POINT('',(12.2,0.));
#5821 = VECTOR('',#5822,1.);
#5822 = DIRECTION('',(0.,-1.));
#5823 = ( GEOMETRIC_REPRESENTATION_CONTEXT(2) 
PARAMETRIC_REPRESENTATION_CONTEXT() REPRESENTATION_CONTEXT('2D SPACE',''
  ) );
#5824 = ORIENTED_EDGE('',*,*,#5825,.F.);
#5825 = EDGE_CURVE('',#5826,#5803,#5828,.T.);
#5826 = VERTEX_POINT('',#5827);
#5827 = CARTESIAN_POINT('',(-16.1,6.1,14.25));
#5828 = SURFACE_CURVE('',#5829,(#5833,#5840),.PCURVE_S1.);
#5829 = LINE('',#5830,#5831);
#5830 = CARTESIAN_POINT('',(0.,6.1,14.25));
#5831 = VECTOR('',#5832,1.);
#5832 = DIRECTION('',(1.,0.,0.));
#5833 = PCURVE('',#5301,#5834);
#5834 = DEFINITIONAL_REPRESENTATION('',(#5835),#5839);
#5835 = LINE('',#5836,#5837);
#5836 = CARTESIAN_POINT('',(11.4,-14.25));
#5837 = VECTOR('',#5838,1.);
#5838 = DIRECTION('',(1.,0.));
#5839 = ( GEOMETRIC_REPRESENTATION_CONTEXT(2) 
PARAMETRIC_REPRESENTATION_CONTEXT() REPRESENTATION_CONTEXT('2D SPACE',''
  ) );
#5840 = PCURVE('',#5573,#5841);
#5841 = DEFINITIONAL_REPRESENTATION('',(#5842),#5846);
#5842 = LINE('',#5843,#5844);
#5843 = CARTESIAN_POINT('',(0.,6.1));
#5844 = VECTOR('',#5845,1.);
#5845 = DIRECTION('',(1.,0.));
#5846 = ( GEOMETRIC_REPRESENTATION_CONTEXT(2) 
PARAMETRIC_REPRESENTATION_CONTEXT() REPRESENTATION_CONTEXT('2D SPACE',''
  ) );
#5847 = ORIENTED_EDGE('',*,*,#5848,.T.);
#5848 = EDGE_CURVE('',#5826,#5849,#5851,.T.);
#5849 = VERTEX_POINT('',#5850);
#5850 = CARTESIAN_POINT('',(-16.1,6.1,16.75));
#5851 = SURFACE_CURVE('',#5852,(#5856,#5863),.PCURVE_S1.);
#5852 = LINE('',#5853,#5854);
#5853 = CARTESIAN_POINT('',(-16.1,6.1,14.25));
#5854 = VECTOR('',#5855,1.);
#5855 = DIRECTION('',(0.,0.,1.));
#5856 = PCURVE('',#5301,#5857);
#5857 = DEFINITIONAL_REPRESENTATION('',(#5858),#5862);
#5858 = LINE('',#5859,#5860);
#5859 = CARTESIAN_POINT('',(-4.7,-14.25));
#5860 = VECTOR('',#5861,1.);
#5861 = DIRECTION('',(0.,-1.));
#5862 = ( GEOMETRIC_REPRESENTATION_CONTEXT(2) 
PARAMETRIC_REPRESENTATION_CONTEXT() REPRESENTATION_CONTEXT('2D SPACE',''
  ) );
#5863 = PCURVE('',#5601,#5864);
#5864 = DEFINITIONAL_REPRESENTATION('',(#5865),#5869);
#5865 = LINE('',#5866,#5867);
#5866 = CARTESIAN_POINT('',(12.2,0.));
#5867 = VECTOR('',#5868,1.);
#5868 = DIRECTION('',(0.,-1.));
#5869 = ( GEOMETRIC_REPRESENTATION_CONTEXT(2) 
PARAMETRIC_REPRESENTATION_CONTEXT() REPRESENTATION_CONTEXT('2D SPACE',''
  ) );
#5870 = ORIENTED_EDGE('',*,*,#5871,.T.);
#5871 = EDGE_CURVE('',#5849,#5454,#5872,.T.);
#5872 = SURFACE_CURVE('',#5873,(#5877,#5884),.PCURVE_S1.);
#5873 = LINE('',#5874,#5875);
#5874 = CARTESIAN_POINT('',(0.,6.1,16.75));
#5875 = VECTOR('',#5876,1.);
#5876 = DIRECTION('',(1.,0.,0.));
#5877 = PCURVE('',#5301,#5878);
#5878 = DEFINITIONAL_REPRESENTATION('',(#5879),#5883);
#5879 = LINE('',#5880,#5881);
#5880 = CARTESIAN_POINT('',(11.4,-16.75));
#5881 = VECTOR('',#5882,1.);
#5882 = DIRECTION('',(1.,0.));
#5883 = ( GEOMETRIC_REPRESENTATION_CONTEXT(2) 
PARAMETRIC_REPRESENTATION_CONTEXT() REPRESENTATION_CONTEXT('2D SPACE',''
  ) );
#5884 = PCURVE('',#5469,#5885);
#5885 = DEFINITIONAL_REPRESENTATION('',(#5886),#5890);
#5886 = LINE('',#5887,#5888);
#5887 = CARTESIAN_POINT('',(0.,6.1));
#5888 = VECTOR('',#5889,1.);
#5889 = DIRECTION('',(1.,0.));
#5890 = ( GEOMETRIC_REPRESENTATION_CONTEXT(2) 
PARAMETRIC_REPRESENTATION_CONTEXT() REPRESENTATION_CONTEXT('2D SPACE',''
  ) );
#5891 = ORIENTED_EDGE('',*,*,#5503,.T.);
#5892 = ORIENTED_EDGE('',*,*,#5287,.T.);
#5893 = ORIENTED_EDGE('',*,*,#5894,.F.);
#5894 = EDGE_CURVE('',#5895,#5260,#5897,.T.);
#5895 = VERTEX_POINT('',#5896);
#5896 = CARTESIAN_POINT('',(11.4,6.1,16.75));
#5897 = SURFACE_CURVE('',#5898,(#5902,#5909),.PCURVE_S1.);
#5898 = LINE('',#5899,#5900);
#5899 = CARTESIAN_POINT('',(11.4,6.1,0.));
#5900 = VECTOR('',#5901,1.);
#5901 = DIRECTION('',(0.,0.,1.));
#5902 = PCURVE('',#5301,#5903);
#5903 = DEFINITIONAL_REPRESENTATION('',(#5904),#5908);
#5904 = LINE('',#5905,#5906);
#5905 = CARTESIAN_POINT('',(22.8,0.));
#5906 = VECTOR('',#5907,1.);
#5907 = DIRECTION('',(0.,-1.));
#5908 = ( GEOMETRIC_REPRESENTATION_CONTEXT(2) 
PARAMETRIC_REPRESENTATION_CONTEXT() REPRESENTATION_CONTEXT('2D SPACE',''
  ) );
#5909 = PCURVE('',#5275,#5910);
#5910 = DEFINITIONAL_REPRESENTATION('',(#5911),#5915);
#5911 = LINE('',#5912,#5913);
#5912 = CARTESIAN_POINT('',(12.2,0.));
#5913 = VECTOR('',#5914,1.);
#5914 = DIRECTION('',(0.,-1.));
#5915 = ( GEOMETRIC_REPRESENTATION_CONTEXT(2) 
PARAMETRIC_REPRESENTATION_CONTEXT() REPRESENTATION_CONTEXT('2D SPACE',''
  ) );
#5916 = ORIENTED_EDGE('',*,*,#5917,.T.);
#5917 = EDGE_CURVE('',#5895,#5918,#5920,.T.);
#5918 = VERTEX_POINT('',#5919);
#5919 = CARTESIAN_POINT('',(16.1,6.1,16.75));
#5920 = SURFACE_CURVE('',#5921,(#5925,#5932),.PCURVE_S1.);
#5921 = LINE('',#5922,#5923);
#5922 = CARTESIAN_POINT('',(0.,6.1,16.75));
#5923 = VECTOR('',#5924,1.);
#5924 = DIRECTION('',(1.,0.,0.));
#5925 = PCURVE('',#5301,#5926);
#5926 = DEFINITIONAL_REPRESENTATION('',(#5927),#5931);
#5927 = LINE('',#5928,#5929);
#5928 = CARTESIAN_POINT('',(11.4,-16.75));
#5929 = VECTOR('',#5930,1.);
#5930 = DIRECTION('',(1.,0.));
#5931 = ( GEOMETRIC_REPRESENTATION_CONTEXT(2) 
PARAMETRIC_REPRESENTATION_CONTEXT() REPRESENTATION_CONTEXT('2D SPACE',''
  ) );
#5932 = PCURVE('',#5675,#5933);
#5933 = DEFINITIONAL_REPRESENTATION('',(#5934),#5938);
#5934 = LINE('',#5935,#5936);
#5935 = CARTESIAN_POINT('',(0.,6.1));
#5936 = VECTOR('',#5937,1.);
#5937 = DIRECTION('',(1.,0.));
#5938 = ( GEOMETRIC_REPRESENTATION_CONTEXT(2) 
PARAMETRIC_REPRESENTATION_CONTEXT() REPRESENTATION_CONTEXT('2D SPACE',''
  ) );
#5939 = ORIENTED_EDGE('',*,*,#5940,.F.);
#5940 = EDGE_CURVE('',#5941,#5918,#5943,.T.);
#5941 = VERTEX_POINT('',#5942);
#5942 = CARTESIAN_POINT('',(16.1,6.1,14.25));
#5943 = SURFACE_CURVE('',#5944,(#5948,#5955),.PCURVE_S1.);
#5944 = LINE('',#5945,#5946);
#5945 = CARTESIAN_POINT('',(16.1,6.1,14.25));
#5946 = VECTOR('',#5947,1.);
#5947 = DIRECTION('',(0.,0.,1.));
#5948 = PCURVE('',#5301,#5949);
#5949 = DEFINITIONAL_REPRESENTATION('',(#5950),#5954);
#5950 = LINE('',#5951,#5952);
#5951 = CARTESIAN_POINT('',(27.5,-14.25));
#5952 = VECTOR('',#5953,1.);
#5953 = DIRECTION('',(0.,-1.));
#5954 = ( GEOMETRIC_REPRESENTATION_CONTEXT(2) 
PARAMETRIC_REPRESENTATION_CONTEXT() REPRESENTATION_CONTEXT('2D SPACE',''
  ) );
#5955 = PCURVE('',#5703,#5956);
#5956 = DEFINITIONAL_REPRESENTATION('',(#5957),#5961);
#5957 = LINE('',#5958,#5959);
#5958 = CARTESIAN_POINT('',(12.2,0.));
#5959 = VECTOR('',#5960,1.);
#5960 = DIRECTION('',(0.,-1.));
#5961 = ( GEOMETRIC_REPRESENTATION_CONTEXT(2) 
PARAMETRIC_REPRESENTATION_CONTEXT() REPRESENTATION_CONTEXT('2D SPACE',''
  ) );
#5962 = ORIENTED_EDGE('',*,*,#5963,.F.);
#5963 = EDGE_CURVE('',#5964,#5941,#5966,.T.);
#5964 = VERTEX_POINT('',#5965);
#5965 = CARTESIAN_POINT('',(11.4,6.1,14.25));
#5966 = SURFACE_CURVE('',#5967,(#5971,#5978),.PCURVE_S1.);
#5967 = LINE('',#5968,#5969);
#5968 = CARTESIAN_POINT('',(0.,6.1,14.25));
#5969 = VECTOR('',#5970,1.);
#5970 = DIRECTION('',(1.,0.,0.));
#5971 = PCURVE('',#5301,#5972);
#5972 = DEFINITIONAL_REPRESENTATION('',(#5973),#5977);
#5973 = LINE('',#5974,#5975);
#5974 = CARTESIAN_POINT('',(11.4,-14.25));
#5975 = VECTOR('',#5976,1.);
#5976 = DIRECTION('',(1.,0.));
#5977 = ( GEOMETRIC_REPRESENTATION_CONTEXT(2) 
PARAMETRIC_REPRESENTATION_CONTEXT() REPRESENTATION_CONTEXT('2D SPACE',''
  ) );
#5978 = PCURVE('',#5731,#5979);
#5979 = DEFINITIONAL_REPRESENTATION('',(#5980),#5984);
#5980 = LINE('',#5981,#5982);
#5981 = CARTESIAN_POINT('',(0.,6.1));
#5982 = VECTOR('',#5983,1.);
#5983 = DIRECTION('',(1.,0.));
#5984 = ( GEOMETRIC_REPRESENTATION_CONTEXT(2) 
PARAMETRIC_REPRESENTATION_CONTEXT() REPRESENTATION_CONTEXT('2D SPACE',''
  ) );
#5985 = ORIENTED_EDGE('',*,*,#5986,.F.);
#5986 = EDGE_CURVE('',#5987,#5964,#5989,.T.);
#5987 = VERTEX_POINT('',#5988);
#5988 = CARTESIAN_POINT('',(11.4,6.1,0.));
#5989 = SURFACE_CURVE('',#5990,(#5994,#6001),.PCURVE_S1.);
#5990 = LINE('',#5991,#5992);
#5991 = CARTESIAN_POINT('',(11.4,6.1,0.));
#5992 = VECTOR('',#5993,1.);
#5993 = DIRECTION('',(0.,0.,1.));
#5994 = PCURVE('',#5301,#5995);
#5995 = DEFINITIONAL_REPRESENTATION('',(#5996),#6000);
#5996 = LINE('',#5997,#5998);
#5997 = CARTESIAN_POINT('',(22.8,0.));
#5998 = VECTOR('',#5999,1.);
#5999 = DIRECTION('',(0.,-1.));
#6000 = ( GEOMETRIC_REPRESENTATION_CONTEXT(2) 
PARAMETRIC_REPRESENTATION_CONTEXT() REPRESENTATION_CONTEXT('2D SPACE',''
  ) );
#6001 = PCURVE('',#5759,#6002);
#6002 = DEFINITIONAL_REPRESENTATION('',(#6003),#6007);
#6003 = LINE('',#6004,#6005);
#6004 = CARTESIAN_POINT('',(12.2,0.));
#6005 = VECTOR('',#6006,1.);
#6006 = DIRECTION('',(0.,-1.));
#6007 = ( GEOMETRIC_REPRESENTATION_CONTEXT(2) 
PARAMETRIC_REPRESENTATION_CONTEXT() REPRESENTATION_CONTEXT('2D SPACE',''
  ) );
#6008 = ORIENTED_EDGE('',*,*,#6009,.F.);
#6009 = EDGE_CURVE('',#5801,#5987,#6010,.T.);
#6010 = SURFACE_CURVE('',#6011,(#6015,#6022),.PCURVE_S1.);
#6011 = LINE('',#6012,#6013);
#6012 = CARTESIAN_POINT('',(0.,6.1,0.));
#6013 = VECTOR('',#6014,1.);
#6014 = DIRECTION('',(1.,0.,0.));
#6015 = PCURVE('',#5301,#6016);
#6016 = DEFINITIONAL_REPRESENTATION('',(#6017),#6021);
#6017 = LINE('',#6018,#6019);
#6018 = CARTESIAN_POINT('',(11.4,0.));
#6019 = VECTOR('',#6020,1.);
#6020 = DIRECTION('',(1.,0.));
#6021 = ( GEOMETRIC_REPRESENTATION_CONTEXT(2) 
PARAMETRIC_REPRESENTATION_CONTEXT() REPRESENTATION_CONTEXT('2D SPACE',''
  ) );
#6022 = PCURVE('',#5785,#6023);
#6023 = DEFINITIONAL_REPRESENTATION('',(#6024),#6028);
#6024 = LINE('',#6025,#6026);
#6025 = CARTESIAN_POINT('',(0.,6.1));
#6026 = VECTOR('',#6027,1.);
#6027 = DIRECTION('',(1.,0.));
#6028 = ( GEOMETRIC_REPRESENTATION_CONTEXT(2) 
PARAMETRIC_REPRESENTATION_CONTEXT() REPRESENTATION_CONTEXT('2D SPACE',''
  ) );
#6029 = ADVANCED_FACE('',(#6030),#5275,.F.);
#6030 = FACE_BOUND('',#6031,.F.);
#6031 = EDGE_LOOP('',(#6032,#6053,#6054,#6055));
#6032 = ORIENTED_EDGE('',*,*,#6033,.F.);
#6033 = EDGE_CURVE('',#5637,#5895,#6034,.T.);
#6034 = SURFACE_CURVE('',#6035,(#6039,#6046),.PCURVE_S1.);
#6035 = LINE('',#6036,#6037);
#6036 = CARTESIAN_POINT('',(11.4,0.,16.75));
#6037 = VECTOR('',#6038,1.);
#6038 = DIRECTION('',(0.,1.,0.));
#6039 = PCURVE('',#5275,#6040);
#6040 = DEFINITIONAL_REPRESENTATION('',(#6041),#6045);
#6041 = LINE('',#6042,#6043);
#6042 = CARTESIAN_POINT('',(6.1,-16.75));
#6043 = VECTOR('',#6044,1.);
#6044 = DIRECTION('',(1.,0.));
#6045 = ( GEOMETRIC_REPRESENTATION_CONTEXT(2) 
PARAMETRIC_REPRESENTATION_CONTEXT() REPRESENTATION_CONTEXT('2D SPACE',''
  ) );
#6046 = PCURVE('',#5675,#6047);
#6047 = DEFINITIONAL_REPRESENTATION('',(#6048),#6052);
#6048 = LINE('',#6049,#6050);
#6049 = CARTESIAN_POINT('',(11.4,0.));
#6050 = VECTOR('',#6051,1.);
#6051 = DIRECTION('',(0.,1.));
#6052 = ( GEOMETRIC_REPRESENTATION_CONTEXT(2) 
PARAMETRIC_REPRESENTATION_CONTEXT() REPRESENTATION_CONTEXT('2D SPACE',''
  ) );
#6053 = ORIENTED_EDGE('',*,*,#5636,.T.);
#6054 = ORIENTED_EDGE('',*,*,#5259,.T.);
#6055 = ORIENTED_EDGE('',*,*,#5894,.F.);
#6056 = ADVANCED_FACE('',(#6057,#6083),#5469,.T.);
#6057 = FACE_BOUND('',#6058,.T.);
#6058 = EDGE_LOOP('',(#6059,#6080,#6081,#6082));
#6059 = ORIENTED_EDGE('',*,*,#6060,.F.);
#6060 = EDGE_CURVE('',#5586,#5849,#6061,.T.);
#6061 = SURFACE_CURVE('',#6062,(#6066,#6073),.PCURVE_S1.);
#6062 = LINE('',#6063,#6064);
#6063 = CARTESIAN_POINT('',(-16.1,0.,16.75));
#6064 = VECTOR('',#6065,1.);
#6065 = DIRECTION('',(0.,1.,0.));
#6066 = PCURVE('',#5469,#6067);
#6067 = DEFINITIONAL_REPRESENTATION('',(#6068),#6072);
#6068 = LINE('',#6069,#6070);
#6069 = CARTESIAN_POINT('',(-16.1,0.));
#6070 = VECTOR('',#6071,1.);
#6071 = DIRECTION('',(0.,1.));
#6072 = ( GEOMETRIC_REPRESENTATION_CONTEXT(2) 
PARAMETRIC_REPRESENTATION_CONTEXT() REPRESENTATION_CONTEXT('2D SPACE',''
  ) );
#6073 = PCURVE('',#5601,#6074);
#6074 = DEFINITIONAL_REPRESENTATION('',(#6075),#6079);
#6075 = LINE('',#6076,#6077);
#6076 = CARTESIAN_POINT('',(6.1,-2.5));
#6077 = VECTOR('',#6078,1.);
#6078 = DIRECTION('',(1.,0.));
#6079 = ( GEOMETRIC_REPRESENTATION_CONTEXT(2) 
PARAMETRIC_REPRESENTATION_CONTEXT() REPRESENTATION_CONTEXT('2D SPACE',''
  ) );
#6080 = ORIENTED_EDGE('',*,*,#5613,.T.);
#6081 = ORIENTED_EDGE('',*,*,#5451,.T.);
#6082 = ORIENTED_EDGE('',*,*,#5871,.F.);
#6083 = FACE_BOUND('',#6084,.T.);
#6084 = EDGE_LOOP('',(#6085));
#6085 = ORIENTED_EDGE('',*,*,#6086,.F.);
#6086 = EDGE_CURVE('',#6087,#6087,#6089,.T.);
#6087 = VERTEX_POINT('',#6088);
#6088 = CARTESIAN_POINT('',(-13.,0.,16.75));
#6089 = SURFACE_CURVE('',#6090,(#6095,#6102),.PCURVE_S1.);
#6090 = CIRCLE('',#6091,1.);
#6091 = AXIS2_PLACEMENT_3D('',#6092,#6093,#6094);
#6092 = CARTESIAN_POINT('',(-14.,0.,16.75));
#6093 = DIRECTION('',(0.,0.,1.));
#6094 = DIRECTION('',(1.,0.,0.));
#6095 = PCURVE('',#5469,#6096);
#6096 = DEFINITIONAL_REPRESENTATION('',(#6097),#6101);
#6097 = CIRCLE('',#6098,1.);
#6098 = AXIS2_PLACEMENT_2D('',#6099,#6100);
#6099 = CARTESIAN_POINT('',(-14.,0.));
#6100 = DIRECTION('',(1.,0.));
#6101 = ( GEOMETRIC_REPRESENTATION_CONTEXT(2) 
PARAMETRIC_REPRESENTATION_CONTEXT() REPRESENTATION_CONTEXT('2D SPACE',''
  ) );
#6102 = PCURVE('',#6103,#6108);
#6103 = CYLINDRICAL_SURFACE('',#6104,1.);
#6104 = AXIS2_PLACEMENT_3D('',#6105,#6106,#6107);
#6105 = CARTESIAN_POINT('',(-14.,0.,16.75));
#6106 = DIRECTION('',(0.,0.,1.));
#6107 = DIRECTION('',(1.,0.,0.));
#6108 = DEFINITIONAL_REPRESENTATION('',(#6109),#6113);
#6109 = LINE('',#6110,#6111);
#6110 = CARTESIAN_POINT('',(0.,0.));
#6111 = VECTOR('',#6112,1.);
#6112 = DIRECTION('',(1.,0.));
#6113 = ( GEOMETRIC_REPRESENTATION_CONTEXT(2) 
PARAMETRIC_REPRESENTATION_CONTEXT() REPRESENTATION_CONTEXT('2D SPACE',''
  ) );
#6114 = ADVANCED_FACE('',(#6115),#5545,.T.);
#6115 = FACE_BOUND('',#6116,.T.);
#6116 = EDGE_LOOP('',(#6117,#6138,#6139,#6160));
#6117 = ORIENTED_EDGE('',*,*,#6118,.F.);
#6118 = EDGE_CURVE('',#5528,#5801,#6119,.T.);
#6119 = SURFACE_CURVE('',#6120,(#6124,#6131),.PCURVE_S1.);
#6120 = LINE('',#6121,#6122);
#6121 = CARTESIAN_POINT('',(-11.4,0.,0.));
#6122 = VECTOR('',#6123,1.);
#6123 = DIRECTION('',(0.,1.,0.));
#6124 = PCURVE('',#5545,#6125);
#6125 = DEFINITIONAL_REPRESENTATION('',(#6126),#6130);
#6126 = LINE('',#6127,#6128);
#6127 = CARTESIAN_POINT('',(6.1,0.));
#6128 = VECTOR('',#6129,1.);
#6129 = DIRECTION('',(1.,0.));
#6130 = ( GEOMETRIC_REPRESENTATION_CONTEXT(2) 
PARAMETRIC_REPRESENTATION_CONTEXT() REPRESENTATION_CONTEXT('2D SPACE',''
  ) );
#6131 = PCURVE('',#5785,#6132);
#6132 = DEFINITIONAL_REPRESENTATION('',(#6133),#6137);
#6133 = LINE('',#6134,#6135);
#6134 = CARTESIAN_POINT('',(-11.4,0.));
#6135 = VECTOR('',#6136,1.);
#6136 = DIRECTION('',(0.,1.));
#6137 = ( GEOMETRIC_REPRESENTATION_CONTEXT(2) 
PARAMETRIC_REPRESENTATION_CONTEXT() REPRESENTATION_CONTEXT('2D SPACE',''
  ) );
#6138 = ORIENTED_EDGE('',*,*,#5527,.T.);
#6139 = ORIENTED_EDGE('',*,*,#6140,.T.);
#6140 = EDGE_CURVE('',#5530,#5803,#6141,.T.);
#6141 = SURFACE_CURVE('',#6142,(#6146,#6153),.PCURVE_S1.);
#6142 = LINE('',#6143,#6144);
#6143 = CARTESIAN_POINT('',(-11.4,0.,14.25));
#6144 = VECTOR('',#6145,1.);
#6145 = DIRECTION('',(0.,1.,0.));
#6146 = PCURVE('',#5545,#6147);
#6147 = DEFINITIONAL_REPRESENTATION('',(#6148),#6152);
#6148 = LINE('',#6149,#6150);
#6149 = CARTESIAN_POINT('',(6.1,-14.25));
#6150 = VECTOR('',#6151,1.);
#6151 = DIRECTION('',(1.,0.));
#6152 = ( GEOMETRIC_REPRESENTATION_CONTEXT(2) 
PARAMETRIC_REPRESENTATION_CONTEXT() REPRESENTATION_CONTEXT('2D SPACE',''
  ) );
#6153 = PCURVE('',#5573,#6154);
#6154 = DEFINITIONAL_REPRESENTATION('',(#6155),#6159);
#6155 = LINE('',#6156,#6157);
#6156 = CARTESIAN_POINT('',(-11.4,0.));
#6157 = VECTOR('',#6158,1.);
#6158 = DIRECTION('',(0.,1.));
#6159 = ( GEOMETRIC_REPRESENTATION_CONTEXT(2) 
PARAMETRIC_REPRESENTATION_CONTEXT() REPRESENTATION_CONTEXT('2D SPACE',''
  ) );
#6160 = ORIENTED_EDGE('',*,*,#5800,.F.);
#6161 = ADVANCED_FACE('',(#6162,#6188),#5573,.F.);
#6162 = FACE_BOUND('',#6163,.F.);
#6163 = EDGE_LOOP('',(#6164,#6185,#6186,#6187));
#6164 = ORIENTED_EDGE('',*,*,#6165,.F.);
#6165 = EDGE_CURVE('',#5558,#5826,#6166,.T.);
#6166 = SURFACE_CURVE('',#6167,(#6171,#6178),.PCURVE_S1.);
#6167 = LINE('',#6168,#6169);
#6168 = CARTESIAN_POINT('',(-16.1,0.,14.25));
#6169 = VECTOR('',#6170,1.);
#6170 = DIRECTION('',(0.,1.,0.));
#6171 = PCURVE('',#5573,#6172);
#6172 = DEFINITIONAL_REPRESENTATION('',(#6173),#6177);
#6173 = LINE('',#6174,#6175);
#6174 = CARTESIAN_POINT('',(-16.1,0.));
#6175 = VECTOR('',#6176,1.);
#6176 = DIRECTION('',(0.,1.));
#6177 = ( GEOMETRIC_REPRESENTATION_CONTEXT(2) 
PARAMETRIC_REPRESENTATION_CONTEXT() REPRESENTATION_CONTEXT('2D SPACE',''
  ) );
#6178 = PCURVE('',#5601,#6179);
#6179 = DEFINITIONAL_REPRESENTATION('',(#6180),#6184);
#6180 = LINE('',#6181,#6182);
#6181 = CARTESIAN_POINT('',(6.1,0.));
#6182 = VECTOR('',#6183,1.);
#6183 = DIRECTION('',(1.,0.));
#6184 = ( GEOMETRIC_REPRESENTATION_CONTEXT(2) 
PARAMETRIC_REPRESENTATION_CONTEXT() REPRESENTATION_CONTEXT('2D SPACE',''
  ) );
#6185 = ORIENTED_EDGE('',*,*,#5557,.T.);
#6186 = ORIENTED_EDGE('',*,*,#6140,.T.);
#6187 = ORIENTED_EDGE('',*,*,#5825,.F.);
#6188 = FACE_BOUND('',#6189,.F.);
#6189 = EDGE_LOOP('',(#6190));
#6190 = ORIENTED_EDGE('',*,*,#6191,.F.);
#6191 = EDGE_CURVE('',#6192,#6192,#6194,.T.);
#6192 = VERTEX_POINT('',#6193);
#6193 = CARTESIAN_POINT('',(-13.,0.,14.25));
#6194 = SURFACE_CURVE('',#6195,(#6200,#6207),.PCURVE_S1.);
#6195 = CIRCLE('',#6196,1.);
#6196 = AXIS2_PLACEMENT_3D('',#6197,#6198,#6199);
#6197 = CARTESIAN_POINT('',(-14.,0.,14.25));
#6198 = DIRECTION('',(0.,0.,1.));
#6199 = DIRECTION('',(1.,0.,0.));
#6200 = PCURVE('',#5573,#6201);
#6201 = DEFINITIONAL_REPRESENTATION('',(#6202),#6206);
#6202 = CIRCLE('',#6203,1.);
#6203 = AXIS2_PLACEMENT_2D('',#6204,#6205);
#6204 = CARTESIAN_POINT('',(-14.,0.));
#6205 = DIRECTION('',(1.,0.));
#6206 = ( GEOMETRIC_REPRESENTATION_CONTEXT(2) 
PARAMETRIC_REPRESENTATION_CONTEXT() REPRESENTATION_CONTEXT('2D SPACE',''
  ) );
#6207 = PCURVE('',#6103,#6208);
#6208 = DEFINITIONAL_REPRESENTATION('',(#6209),#6213);
#6209 = LINE('',#6210,#6211);
#6210 = CARTESIAN_POINT('',(0.,-2.5));
#6211 = VECTOR('',#6212,1.);
#6212 = DIRECTION('',(1.,0.));
#6213 = ( GEOMETRIC_REPRESENTATION_CONTEXT(2) 
PARAMETRIC_REPRESENTATION_CONTEXT() REPRESENTATION_CONTEXT('2D SPACE',''
  ) );
#6214 = ADVANCED_FACE('',(#6215),#5601,.T.);
#6215 = FACE_BOUND('',#6216,.T.);
#6216 = EDGE_LOOP('',(#6217,#6218,#6219,#6220));
#6217 = ORIENTED_EDGE('',*,*,#5585,.T.);
#6218 = ORIENTED_EDGE('',*,*,#6060,.T.);
#6219 = ORIENTED_EDGE('',*,*,#5848,.F.);
#6220 = ORIENTED_EDGE('',*,*,#6165,.F.);
#6221 = ADVANCED_FACE('',(#6222,#6248),#5675,.T.);
#6222 = FACE_BOUND('',#6223,.T.);
#6223 = EDGE_LOOP('',(#6224,#6225,#6226,#6247));
#6224 = ORIENTED_EDGE('',*,*,#6033,.F.);
#6225 = ORIENTED_EDGE('',*,*,#5659,.T.);
#6226 = ORIENTED_EDGE('',*,*,#6227,.T.);
#6227 = EDGE_CURVE('',#5660,#5918,#6228,.T.);
#6228 = SURFACE_CURVE('',#6229,(#6233,#6240),.PCURVE_S1.);
#6229 = LINE('',#6230,#6231);
#6230 = CARTESIAN_POINT('',(16.1,0.,16.75));
#6231 = VECTOR('',#6232,1.);
#6232 = DIRECTION('',(0.,1.,0.));
#6233 = PCURVE('',#5675,#6234);
#6234 = DEFINITIONAL_REPRESENTATION('',(#6235),#6239);
#6235 = LINE('',#6236,#6237);
#6236 = CARTESIAN_POINT('',(16.1,0.));
#6237 = VECTOR('',#6238,1.);
#6238 = DIRECTION('',(0.,1.));
#6239 = ( GEOMETRIC_REPRESENTATION_CONTEXT(2) 
PARAMETRIC_REPRESENTATION_CONTEXT() REPRESENTATION_CONTEXT('2D SPACE',''
  ) );
#6240 = PCURVE('',#5703,#6241);
#6241 = DEFINITIONAL_REPRESENTATION('',(#6242),#6246);
#6242 = LINE('',#6243,#6244);
#6243 = CARTESIAN_POINT('',(6.1,-2.5));
#6244 = VECTOR('',#6245,1.);
#6245 = DIRECTION('',(1.,0.));
#6246 = ( GEOMETRIC_REPRESENTATION_CONTEXT(2) 
PARAMETRIC_REPRESENTATION_CONTEXT() REPRESENTATION_CONTEXT('2D SPACE',''
  ) );
#6247 = ORIENTED_EDGE('',*,*,#5917,.F.);
#6248 = FACE_BOUND('',#6249,.T.);
#6249 = EDGE_LOOP('',(#6250));
#6250 = ORIENTED_EDGE('',*,*,#6251,.F.);
#6251 = EDGE_CURVE('',#6252,#6252,#6254,.T.);
#6252 = VERTEX_POINT('',#6253);
#6253 = CARTESIAN_POINT('',(15.,0.,16.75));
#6254 = SURFACE_CURVE('',#6255,(#6260,#6267),.PCURVE_S1.);
#6255 = CIRCLE('',#6256,1.);
#6256 = AXIS2_PLACEMENT_3D('',#6257,#6258,#6259);
#6257 = CARTESIAN_POINT('',(14.,0.,16.75));
#6258 = DIRECTION('',(0.,0.,1.));
#6259 = DIRECTION('',(1.,0.,0.));
#6260 = PCURVE('',#5675,#6261);
#6261 = DEFINITIONAL_REPRESENTATION('',(#6262),#6266);
#6262 = CIRCLE('',#6263,1.);
#6263 = AXIS2_PLACEMENT_2D('',#6264,#6265);
#6264 = CARTESIAN_POINT('',(14.,0.));
#6265 = DIRECTION('',(1.,0.));
#6266 = ( GEOMETRIC_REPRESENTATION_CONTEXT(2) 
PARAMETRIC_REPRESENTATION_CONTEXT() REPRESENTATION_CONTEXT('2D SPACE',''
  ) );
#6267 = PCURVE('',#6268,#6273);
#6268 = CYLINDRICAL_SURFACE('',#6269,1.);
#6269 = AXIS2_PLACEMENT_3D('',#6270,#6271,#6272);
#6270 = CARTESIAN_POINT('',(14.,0.,16.75));
#6271 = DIRECTION('',(0.,0.,1.));
#6272 = DIRECTION('',(1.,0.,0.));
#6273 = DEFINITIONAL_REPRESENTATION('',(#6274),#6278);
#6274 = LINE('',#6275,#6276);
#6275 = CARTESIAN_POINT('',(0.,0.));
#6276 = VECTOR('',#6277,1.);
#6277 = DIRECTION('',(1.,0.));
#6278 = ( GEOMETRIC_REPRESENTATION_CONTEXT(2) 
PARAMETRIC_REPRESENTATION_CONTEXT() REPRESENTATION_CONTEXT('2D SPACE',''
  ) );
#6279 = ADVANCED_FACE('',(#6280),#5703,.F.);
#6280 = FACE_BOUND('',#6281,.F.);
#6281 = EDGE_LOOP('',(#6282,#6283,#6284,#6285));
#6282 = ORIENTED_EDGE('',*,*,#5687,.T.);
#6283 = ORIENTED_EDGE('',*,*,#6227,.T.);
#6284 = ORIENTED_EDGE('',*,*,#5940,.F.);
#6285 = ORIENTED_EDGE('',*,*,#6286,.F.);
#6286 = EDGE_CURVE('',#5688,#5941,#6287,.T.);
#6287 = SURFACE_CURVE('',#6288,(#6292,#6299),.PCURVE_S1.);
#6288 = LINE('',#6289,#6290);
#6289 = CARTESIAN_POINT('',(16.1,0.,14.25));
#6290 = VECTOR('',#6291,1.);
#6291 = DIRECTION('',(0.,1.,0.));
#6292 = PCURVE('',#5703,#6293);
#6293 = DEFINITIONAL_REPRESENTATION('',(#6294),#6298);
#6294 = LINE('',#6295,#6296);
#6295 = CARTESIAN_POINT('',(6.1,0.));
#6296 = VECTOR('',#6297,1.);
#6297 = DIRECTION('',(1.,0.));
#6298 = ( GEOMETRIC_REPRESENTATION_CONTEXT(2) 
PARAMETRIC_REPRESENTATION_CONTEXT() REPRESENTATION_CONTEXT('2D SPACE',''
  ) );
#6299 = PCURVE('',#5731,#6300);
#6300 = DEFINITIONAL_REPRESENTATION('',(#6301),#6305);
#6301 = LINE('',#6302,#6303);
#6302 = CARTESIAN_POINT('',(16.1,0.));
#6303 = VECTOR('',#6304,1.);
#6304 = DIRECTION('',(0.,1.));
#6305 = ( GEOMETRIC_REPRESENTATION_CONTEXT(2) 
PARAMETRIC_REPRESENTATION_CONTEXT() REPRESENTATION_CONTEXT('2D SPACE',''
  ) );
#6306 = ADVANCED_FACE('',(#6307,#6333),#5731,.F.);
#6307 = FACE_BOUND('',#6308,.F.);
#6308 = EDGE_LOOP('',(#6309,#6330,#6331,#6332));
#6309 = ORIENTED_EDGE('',*,*,#6310,.F.);
#6310 = EDGE_CURVE('',#5716,#5964,#6311,.T.);
#6311 = SURFACE_CURVE('',#6312,(#6316,#6323),.PCURVE_S1.);
#6312 = LINE('',#6313,#6314);
#6313 = CARTESIAN_POINT('',(11.4,0.,14.25));
#6314 = VECTOR('',#6315,1.);
#6315 = DIRECTION('',(0.,1.,0.));
#6316 = PCURVE('',#5731,#6317);
#6317 = DEFINITIONAL_REPRESENTATION('',(#6318),#6322);
#6318 = LINE('',#6319,#6320);
#6319 = CARTESIAN_POINT('',(11.4,0.));
#6320 = VECTOR('',#6321,1.);
#6321 = DIRECTION('',(0.,1.));
#6322 = ( GEOMETRIC_REPRESENTATION_CONTEXT(2) 
PARAMETRIC_REPRESENTATION_CONTEXT() REPRESENTATION_CONTEXT('2D SPACE',''
  ) );
#6323 = PCURVE('',#5759,#6324);
#6324 = DEFINITIONAL_REPRESENTATION('',(#6325),#6329);
#6325 = LINE('',#6326,#6327);
#6326 = CARTESIAN_POINT('',(6.1,-14.25));
#6327 = VECTOR('',#6328,1.);
#6328 = DIRECTION('',(1.,0.));
#6329 = ( GEOMETRIC_REPRESENTATION_CONTEXT(2) 
PARAMETRIC_REPRESENTATION_CONTEXT() REPRESENTATION_CONTEXT('2D SPACE',''
  ) );
#6330 = ORIENTED_EDGE('',*,*,#5715,.T.);
#6331 = ORIENTED_EDGE('',*,*,#6286,.T.);
#6332 = ORIENTED_EDGE('',*,*,#5963,.F.);
#6333 = FACE_BOUND('',#6334,.F.);
#6334 = EDGE_LOOP('',(#6335));
#6335 = ORIENTED_EDGE('',*,*,#6336,.F.);
#6336 = EDGE_CURVE('',#6337,#6337,#6339,.T.);
#6337 = VERTEX_POINT('',#6338);
#6338 = CARTESIAN_POINT('',(15.,0.,14.25));
#6339 = SURFACE_CURVE('',#6340,(#6345,#6352),.PCURVE_S1.);
#6340 = CIRCLE('',#6341,1.);
#6341 = AXIS2_PLACEMENT_3D('',#6342,#6343,#6344);
#6342 = CARTESIAN_POINT('',(14.,0.,14.25));
#6343 = DIRECTION('',(0.,0.,1.));
#6344 = DIRECTION('',(1.,0.,0.));
#6345 = PCURVE('',#5731,#6346);
#6346 = DEFINITIONAL_REPRESENTATION('',(#6347),#6351);
#6347 = CIRCLE('',#6348,1.);
#6348 = AXIS2_PLACEMENT_2D('',#6349,#6350);
#6349 = CARTESIAN_POINT('',(14.,0.));
#6350 = DIRECTION('',(1.,0.));
#6351 = ( GEOMETRIC_REPRESENTATION_CONTEXT(2) 
PARAMETRIC_REPRESENTATION_CONTEXT() REPRESENTATION_CONTEXT('2D SPACE',''
  ) );
#6352 = PCURVE('',#6268,#6353);
#6353 = DEFINITIONAL_REPRESENTATION('',(#6354),#6358);
#6354 = LINE('',#6355,#6356);
#6355 = CARTESIAN_POINT('',(0.,-2.5));
#6356 = VECTOR('',#6357,1.);
#6357 = DIRECTION('',(1.,0.));
#6358 = ( GEOMETRIC_REPRESENTATION_CONTEXT(2) 
PARAMETRIC_REPRESENTATION_CONTEXT() REPRESENTATION_CONTEXT('2D SPACE',''
  ) );
#6359 = ADVANCED_FACE('',(#6360),#5759,.F.);
#6360 = FACE_BOUND('',#6361,.F.);
#6361 = EDGE_LOOP('',(#6362,#6383,#6384,#6385));
#6362 = ORIENTED_EDGE('',*,*,#6363,.F.);
#6363 = EDGE_CURVE('',#5744,#5987,#6364,.T.);
#6364 = SURFACE_CURVE('',#6365,(#6369,#6376),.PCURVE_S1.);
#6365 = LINE('',#6366,#6367);
#6366 = CARTESIAN_POINT('',(11.4,0.,0.));
#6367 = VECTOR('',#6368,1.);
#6368 = DIRECTION('',(0.,1.,0.));
#6369 = PCURVE('',#5759,#6370);
#6370 = DEFINITIONAL_REPRESENTATION('',(#6371),#6375);
#6371 = LINE('',#6372,#6373);
#6372 = CARTESIAN_POINT('',(6.1,0.));
#6373 = VECTOR('',#6374,1.);
#6374 = DIRECTION('',(1.,0.));
#6375 = ( GEOMETRIC_REPRESENTATION_CONTEXT(2) 
PARAMETRIC_REPRESENTATION_CONTEXT() REPRESENTATION_CONTEXT('2D SPACE',''
  ) );
#6376 = PCURVE('',#5785,#6377);
#6377 = DEFINITIONAL_REPRESENTATION('',(#6378),#6382);
#6378 = LINE('',#6379,#6380);
#6379 = CARTESIAN_POINT('',(11.4,0.));
#6380 = VECTOR('',#6381,1.);
#6381 = DIRECTION('',(0.,1.));
#6382 = ( GEOMETRIC_REPRESENTATION_CONTEXT(2) 
PARAMETRIC_REPRESENTATION_CONTEXT() REPRESENTATION_CONTEXT('2D SPACE',''
  ) );
#6383 = ORIENTED_EDGE('',*,*,#5743,.T.);
#6384 = ORIENTED_EDGE('',*,*,#6310,.T.);
#6385 = ORIENTED_EDGE('',*,*,#5986,.F.);
#6386 = ADVANCED_FACE('',(#6387),#5785,.F.);
#6387 = FACE_BOUND('',#6388,.F.);
#6388 = EDGE_LOOP('',(#6389,#6390,#6391,#6392));
#6389 = ORIENTED_EDGE('',*,*,#6118,.F.);
#6390 = ORIENTED_EDGE('',*,*,#5771,.T.);
#6391 = ORIENTED_EDGE('',*,*,#6363,.T.);
#6392 = ORIENTED_EDGE('',*,*,#6009,.F.);
#6393 = ADVANCED_FACE('',(#6394),#6103,.F.);
#6394 = FACE_BOUND('',#6395,.F.);
#6395 = EDGE_LOOP('',(#6396,#6417,#6418,#6419));
#6396 = ORIENTED_EDGE('',*,*,#6397,.T.);
#6397 = EDGE_CURVE('',#6087,#6192,#6398,.T.);
#6398 = SEAM_CURVE('',#6399,(#6403,#6410),.PCURVE_S1.);
#6399 = LINE('',#6400,#6401);
#6400 = CARTESIAN_POINT('',(-13.,0.,16.75));
#6401 = VECTOR('',#6402,1.);
#6402 = DIRECTION('',(-0.,-0.,-1.));
#6403 = PCURVE('',#6103,#6404);
#6404 = DEFINITIONAL_REPRESENTATION('',(#6405),#6409);
#6405 = LINE('',#6406,#6407);
#6406 = CARTESIAN_POINT('',(0.,0.));
#6407 = VECTOR('',#6408,1.);
#6408 = DIRECTION('',(0.,-1.));
#6409 = ( GEOMETRIC_REPRESENTATION_CONTEXT(2) 
PARAMETRIC_REPRESENTATION_CONTEXT() REPRESENTATION_CONTEXT('2D SPACE',''
  ) );
#6410 = PCURVE('',#6103,#6411);
#6411 = DEFINITIONAL_REPRESENTATION('',(#6412),#6416);
#6412 = LINE('',#6413,#6414);
#6413 = CARTESIAN_POINT('',(6.28318530718,0.));
#6414 = VECTOR('',#6415,1.);
#6415 = DIRECTION('',(0.,-1.));
#6416 = ( GEOMETRIC_REPRESENTATION_CONTEXT(2) 
PARAMETRIC_REPRESENTATION_CONTEXT() REPRESENTATION_CONTEXT('2D SPACE',''
  ) );
#6417 = ORIENTED_EDGE('',*,*,#6191,.T.);
#6418 = ORIENTED_EDGE('',*,*,#6397,.F.);
#6419 = ORIENTED_EDGE('',*,*,#6086,.F.);
#6420 = ADVANCED_FACE('',(#6421),#6268,.F.);
#6421 = FACE_BOUND('',#6422,.F.);
#6422 = EDGE_LOOP('',(#6423,#6444,#6445,#6446));
#6423 = ORIENTED_EDGE('',*,*,#6424,.T.);
#6424 = EDGE_CURVE('',#6252,#6337,#6425,.T.);
#6425 = SEAM_CURVE('',#6426,(#6430,#6437),.PCURVE_S1.);
#6426 = LINE('',#6427,#6428);
#6427 = CARTESIAN_POINT('',(15.,0.,16.75));
#6428 = VECTOR('',#6429,1.);
#6429 = DIRECTION('',(-0.,-0.,-1.));
#6430 = PCURVE('',#6268,#6431);
#6431 = DEFINITIONAL_REPRESENTATION('',(#6432),#6436);
#6432 = LINE('',#6433,#6434);
#6433 = CARTESIAN_POINT('',(0.,0.));
#6434 = VECTOR('',#6435,1.);
#6435 = DIRECTION('',(0.,-1.));
#6436 = ( GEOMETRIC_REPRESENTATION_CONTEXT(2) 
PARAMETRIC_REPRESENTATION_CONTEXT() REPRESENTATION_CONTEXT('2D SPACE',''
  ) );
#6437 = PCURVE('',#6268,#6438);
#6438 = DEFINITIONAL_REPRESENTATION('',(#6439),#6443);
#6439 = LINE('',#6440,#6441);
#6440 = CARTESIAN_POINT('',(6.28318530718,0.));
#6441 = VECTOR('',#6442,1.);
#6442 = DIRECTION('',(0.,-1.));
#6443 = ( GEOMETRIC_REPRESENTATION_CONTEXT(2) 
PARAMETRIC_REPRESENTATION_CONTEXT() REPRESENTATION_CONTEXT('2D SPACE',''
  ) );
#6444 = ORIENTED_EDGE('',*,*,#6336,.T.);
#6445 = ORIENTED_EDGE('',*,*,#6424,.F.);
#6446 = ORIENTED_EDGE('',*,*,#6251,.F.);
#6447 = ( GEOMETRIC_REPRESENTATION_CONTEXT(3) 
GLOBAL_UNCERTAINTY_ASSIGNED_CONTEXT((#6451)) 
GLOBAL_UNIT_ASSIGNED_CONTEXT((#6448,#6449,#6450)) REPRESENTATION_CONTEXT
('Context #1','3D Context with UNIT and UNCERTAINTY') );
#6448 = ( LENGTH_UNIT() NAMED_UNIT(*) SI_UNIT(.MILLI.,.METRE.) );
#6449 = ( NAMED_UNIT(*) PLANE_ANGLE_UNIT() SI_UNIT($,.RADIAN.) );
#6450 = ( NAMED_UNIT(*) SI_UNIT($,.STERADIAN.) SOLID_ANGLE_UNIT() );
#6451 = UNCERTAINTY_MEASURE_WITH_UNIT(LENGTH_MEASURE(1.E-07),#6448,
  'distance_accuracy_value','confusion accuracy');
#6452 = PRODUCT_RELATED_PRODUCT_CATEGORY('part',$,(#7));
ENDSEC;
END-ISO-10303-21;
