ISO-10303-21;
HEADER;
FILE_DESCRIPTION(('Open CASCADE Model'),'2;1');
FILE_NAME('608ZZ/bearing','2026-04-29T17:12:30',('Author'),(
    'Open CASCADE'),'Open CASCADE STEP processor 7.8','build123d',
  'Unknown');
FILE_SCHEMA(('AUTOMOTIVE_DESIGN { 1 0 10303 214 1 1 1 1 }'));
ENDSEC;
DATA;
#1 = APPLICATION_PROTOCOL_DEFINITION('international standard',
  'automotive_design',2000,#2);
#2 = APPLICATION_CONTEXT(
  'core data for automotive mechanical design processes');
#3 = SHAPE_DEFINITION_REPRESENTATION(#4,#10);
#4 = PRODUCT_DEFINITION_SHAPE('','',#5);
#5 = PRODUCT_DEFINITION('design','',#6,#9);
#6 = PRODUCT_DEFINITION_FORMATION('','',#7);
#7 = PRODUCT('608ZZ/bearing','608ZZ/bearing','',(#8));
#8 = PRODUCT_CONTEXT('',#2,'mechanical');
#9 = PRODUCT_DEFINITION_CONTEXT('part definition',#2,'design');
#10 = SHAPE_REPRESENTATION('',(#11,#15,#19,#23,#27,#31,#35,#39,#43,#47,
    #51),#55);
#11 = AXIS2_PLACEMENT_3D('',#12,#13,#14);
#12 = CARTESIAN_POINT('',(0.,0.,0.));
#13 = DIRECTION('',(0.,0.,1.));
#14 = DIRECTION('',(1.,0.,-0.));
#15 = AXIS2_PLACEMENT_3D('',#16,#17,#18);
#16 = CARTESIAN_POINT('',(0.,0.,0.));
#17 = DIRECTION('',(0.,0.,1.));
#18 = DIRECTION('',(1.,0.,-0.));
#19 = AXIS2_PLACEMENT_3D('',#20,#21,#22);
#20 = CARTESIAN_POINT('',(0.,0.,0.));
#21 = DIRECTION('',(0.,0.,1.));
#22 = DIRECTION('',(1.,0.,-0.));
#23 = AXIS2_PLACEMENT_3D('',#24,#25,#26);
#24 = CARTESIAN_POINT('',(0.,0.,0.));
#25 = DIRECTION('',(0.,0.,1.));
#26 = DIRECTION('',(1.,0.,-0.));
#27 = AXIS2_PLACEMENT_3D('',#28,#29,#30);
#28 = CARTESIAN_POINT('',(7.5,0.,0.));
#29 = DIRECTION('',(0.,0.,1.));
#30 = DIRECTION('',(1.,0.,0.));
#31 = AXIS2_PLACEMENT_3D('',#32,#33,#34);
#32 = CARTESIAN_POINT('',(4.676173513941,5.86373611851,0.));
#33 = DIRECTION('',(0.,-0.,1.));
#34 = DIRECTION('',(0.623489801859,0.781831482468,0.));
#35 = AXIS2_PLACEMENT_3D('',#36,#37,#38);
#36 = CARTESIAN_POINT('',(-1.668907004672,7.311959341364,0.));
#37 = DIRECTION('',(0.,0.,1.));
#38 = DIRECTION('',(-0.222520933956,0.974927912182,0.));
#39 = AXIS2_PLACEMENT_3D('',#40,#41,#42);
#40 = CARTESIAN_POINT('',(-6.757266509268,3.254128043382,0.));
#41 = DIRECTION('',(0.,0.,1.));
#42 = DIRECTION('',(-0.900968867902,0.433883739118,0.));
#43 = AXIS2_PLACEMENT_3D('',#44,#45,#46);
#44 = CARTESIAN_POINT('',(-6.757266509268,-3.254128043382,0.));
#45 = DIRECTION('',(0.,0.,1.));
#46 = DIRECTION('',(-0.900968867902,-0.433883739118,0.));
#47 = AXIS2_PLACEMENT_3D('',#48,#49,#50);
#48 = CARTESIAN_POINT('',(-1.668907004672,-7.311959341364,0.));
#49 = DIRECTION('',(0.,0.,1.));
#50 = DIRECTION('',(-0.222520933956,-0.974927912182,0.));
#51 = AXIS2_PLACEMENT_3D('',#52,#53,#54);
#52 = CARTESIAN_POINT('',(4.676173513941,-5.86373611851,0.));
#53 = DIRECTION('',(-0.,0.,1.));
#54 = DIRECTION('',(0.623489801859,-0.781831482468,0.));
#55 = ( GEOMETRIC_REPRESENTATION_CONTEXT(3) 
GLOBAL_UNCERTAINTY_ASSIGNED_CONTEXT((#59)) GLOBAL_UNIT_ASSIGNED_CONTEXT(
(#56,#57,#58)) REPRESENTATION_CONTEXT('Context #1',
  '3D Context with UNIT and UNCERTAINTY') );
#56 = ( LENGTH_UNIT() NAMED_UNIT(*) SI_UNIT(.MILLI.,.METRE.) );
#57 = ( NAMED_UNIT(*) PLANE_ANGLE_UNIT() SI_UNIT($,.RADIAN.) );
#58 = ( NAMED_UNIT(*) SI_UNIT($,.STERADIAN.) SOLID_ANGLE_UNIT() );
#59 = UNCERTAINTY_MEASURE_WITH_UNIT(LENGTH_MEASURE(2.E-07),#56,
  'distance_accuracy_value','confusion accuracy');
#60 = PRODUCT_RELATED_PRODUCT_CATEGORY('part',$,(#7));
#61 = SHAPE_DEFINITION_REPRESENTATION(#62,#68);
#62 = PRODUCT_DEFINITION_SHAPE('','',#63);
#63 = PRODUCT_DEFINITION('design','',#64,#67);
#64 = PRODUCT_DEFINITION_FORMATION('','',#65);
#65 = PRODUCT('608ZZ/outer_ring','608ZZ/outer_ring','',(#66));
#66 = PRODUCT_CONTEXT('',#2,'mechanical');
#67 = PRODUCT_DEFINITION_CONTEXT('part definition',#2,'design');
#68 = SHAPE_REPRESENTATION('',(#11,#69),#73);
#69 = AXIS2_PLACEMENT_3D('',#70,#71,#72);
#70 = CARTESIAN_POINT('',(0.,0.,0.));
#71 = DIRECTION('',(0.,0.,1.));
#72 = DIRECTION('',(1.,0.,-0.));
#73 = ( GEOMETRIC_REPRESENTATION_CONTEXT(3) 
GLOBAL_UNCERTAINTY_ASSIGNED_CONTEXT((#77)) GLOBAL_UNIT_ASSIGNED_CONTEXT(
(#74,#75,#76)) REPRESENTATION_CONTEXT('Context #1',
  '3D Context with UNIT and UNCERTAINTY') );
#74 = ( LENGTH_UNIT() NAMED_UNIT(*) SI_UNIT(.MILLI.,.METRE.) );
#75 = ( NAMED_UNIT(*) PLANE_ANGLE_UNIT() SI_UNIT($,.RADIAN.) );
#76 = ( NAMED_UNIT(*) SI_UNIT($,.STERADIAN.) SOLID_ANGLE_UNIT() );
#77 = UNCERTAINTY_MEASURE_WITH_UNIT(LENGTH_MEASURE(1.E-07),#74,
  'distance_accuracy_value','confusion accuracy');
#78 = CONTEXT_DEPENDENT_SHAPE_REPRESENTATION(#79,#81);
#79 = ( REPRESENTATION_RELATIONSHIP('','',#68,#10) 
REPRESENTATION_RELATIONSHIP_WITH_TRANSFORMATION(#80) 
SHAPE_REPRESENTATION_RELATIONSHIP() );
#80 = ITEM_DEFINED_TRANSFORMATION('','',#11,#15);
#81 = PRODUCT_DEFINITION_SHAPE('Placement','Placement of an item',#82);
#82 = NEXT_ASSEMBLY_USAGE_OCCURRENCE('2','=>[0:1:1:2]','',#5,#63,$);
#83 = PRODUCT_RELATED_PRODUCT_CATEGORY('part',$,(#65));
#84 = SHAPE_DEFINITION_REPRESENTATION(#85,#91);
#85 = PRODUCT_DEFINITION_SHAPE('','',#86);
#86 = PRODUCT_DEFINITION('design','',#87,#90);
#87 = PRODUCT_DEFINITION_FORMATION('','',#88);
#88 = PRODUCT('SOLID','SOLID','',(#89));
#89 = PRODUCT_CONTEXT('',#2,'mechanical');
#90 = PRODUCT_DEFINITION_CONTEXT('part definition',#2,'design');
#91 = ADVANCED_BREP_SHAPE_REPRESENTATION('',(#11,#92),#274);
#92 = MANIFOLD_SOLID_BREP('',#93);
#93 = CLOSED_SHELL('',(#94,#182,#217,#247));
#94 = ADVANCED_FACE('',(#95),#108,.T.);
#95 = FACE_BOUND('',#96,.T.);
#96 = EDGE_LOOP('',(#97,#131,#154,#181));
#97 = ORIENTED_EDGE('',*,*,#98,.F.);
#98 = EDGE_CURVE('',#99,#99,#101,.T.);
#99 = VERTEX_POINT('',#100);
#100 = CARTESIAN_POINT('',(11.,-2.694222958124E-15,3.5));
#101 = SURFACE_CURVE('',#102,(#107,#119),.PCURVE_S1.);
#102 = CIRCLE('',#103,11.);
#103 = AXIS2_PLACEMENT_3D('',#104,#105,#106);
#104 = CARTESIAN_POINT('',(0.,0.,3.5));
#105 = DIRECTION('',(0.,0.,1.));
#106 = DIRECTION('',(1.,0.,0.));
#107 = PCURVE('',#108,#113);
#108 = CYLINDRICAL_SURFACE('',#109,11.);
#109 = AXIS2_PLACEMENT_3D('',#110,#111,#112);
#110 = CARTESIAN_POINT('',(0.,0.,-3.5));
#111 = DIRECTION('',(0.,0.,1.));
#112 = DIRECTION('',(1.,0.,0.));
#113 = DEFINITIONAL_REPRESENTATION('',(#114),#118);
#114 = LINE('',#115,#116);
#115 = CARTESIAN_POINT('',(0.,7.));
#116 = VECTOR('',#117,1.);
#117 = DIRECTION('',(1.,0.));
#118 = ( GEOMETRIC_REPRESENTATION_CONTEXT(2) 
PARAMETRIC_REPRESENTATION_CONTEXT() REPRESENTATION_CONTEXT('2D SPACE',''
  ) );
#119 = PCURVE('',#120,#125);
#120 = PLANE('',#121);
#121 = AXIS2_PLACEMENT_3D('',#122,#123,#124);
#122 = CARTESIAN_POINT('',(0.,0.,3.5));
#123 = DIRECTION('',(0.,0.,1.));
#124 = DIRECTION('',(1.,0.,0.));
#125 = DEFINITIONAL_REPRESENTATION('',(#126),#130);
#126 = CIRCLE('',#127,11.);
#127 = AXIS2_PLACEMENT_2D('',#128,#129);
#128 = CARTESIAN_POINT('',(0.,0.));
#129 = DIRECTION('',(1.,0.));
#130 = ( GEOMETRIC_REPRESENTATION_CONTEXT(2) 
PARAMETRIC_REPRESENTATION_CONTEXT() REPRESENTATION_CONTEXT('2D SPACE',''
  ) );
#131 = ORIENTED_EDGE('',*,*,#132,.F.);
#132 = EDGE_CURVE('',#133,#99,#135,.T.);
#133 = VERTEX_POINT('',#134);
#134 = CARTESIAN_POINT('',(11.,-2.694222958124E-15,-3.5));
#135 = SEAM_CURVE('',#136,(#140,#147),.PCURVE_S1.);
#136 = LINE('',#137,#138);
#137 = CARTESIAN_POINT('',(11.,-2.694222958124E-15,-3.5));
#138 = VECTOR('',#139,1.);
#139 = DIRECTION('',(0.,0.,1.));
#140 = PCURVE('',#108,#141);
#141 = DEFINITIONAL_REPRESENTATION('',(#142),#146);
#142 = LINE('',#143,#144);
#143 = CARTESIAN_POINT('',(6.28318530718,-0.));
#144 = VECTOR('',#145,1.);
#145 = DIRECTION('',(0.,1.));
#146 = ( GEOMETRIC_REPRESENTATION_CONTEXT(2) 
PARAMETRIC_REPRESENTATION_CONTEXT() REPRESENTATION_CONTEXT('2D SPACE',''
  ) );
#147 = PCURVE('',#108,#148);
#148 = DEFINITIONAL_REPRESENTATION('',(#149),#153);
#149 = LINE('',#150,#151);
#150 = CARTESIAN_POINT('',(0.,-0.));
#151 = VECTOR('',#152,1.);
#152 = DIRECTION('',(0.,1.));
#153 = ( GEOMETRIC_REPRESENTATION_CONTEXT(2) 
PARAMETRIC_REPRESENTATION_CONTEXT() REPRESENTATION_CONTEXT('2D SPACE',''
  ) );
#154 = ORIENTED_EDGE('',*,*,#155,.T.);
#155 = EDGE_CURVE('',#133,#133,#156,.T.);
#156 = SURFACE_CURVE('',#157,(#162,#169),.PCURVE_S1.);
#157 = CIRCLE('',#158,11.);
#158 = AXIS2_PLACEMENT_3D('',#159,#160,#161);
#159 = CARTESIAN_POINT('',(0.,0.,-3.5));
#160 = DIRECTION('',(0.,0.,1.));
#161 = DIRECTION('',(1.,0.,0.));
#162 = PCURVE('',#108,#163);
#163 = DEFINITIONAL_REPRESENTATION('',(#164),#168);
#164 = LINE('',#165,#166);
#165 = CARTESIAN_POINT('',(0.,0.));
#166 = VECTOR('',#167,1.);
#167 = DIRECTION('',(1.,0.));
#168 = ( GEOMETRIC_REPRESENTATION_CONTEXT(2) 
PARAMETRIC_REPRESENTATION_CONTEXT() REPRESENTATION_CONTEXT('2D SPACE',''
  ) );
#169 = PCURVE('',#170,#175);
#170 = PLANE('',#171);
#171 = AXIS2_PLACEMENT_3D('',#172,#173,#174);
#172 = CARTESIAN_POINT('',(0.,0.,-3.5));
#173 = DIRECTION('',(0.,0.,1.));
#174 = DIRECTION('',(1.,0.,0.));
#175 = DEFINITIONAL_REPRESENTATION('',(#176),#180);
#176 = CIRCLE('',#177,11.);
#177 = AXIS2_PLACEMENT_2D('',#178,#179);
#178 = CARTESIAN_POINT('',(0.,0.));
#179 = DIRECTION('',(1.,0.));
#180 = ( GEOMETRIC_REPRESENTATION_CONTEXT(2) 
PARAMETRIC_REPRESENTATION_CONTEXT() REPRESENTATION_CONTEXT('2D SPACE',''
  ) );
#181 = ORIENTED_EDGE('',*,*,#132,.T.);
#182 = ADVANCED_FACE('',(#183,#186),#120,.T.);
#183 = FACE_BOUND('',#184,.T.);
#184 = EDGE_LOOP('',(#185));
#185 = ORIENTED_EDGE('',*,*,#98,.T.);
#186 = FACE_BOUND('',#187,.T.);
#187 = EDGE_LOOP('',(#188));
#188 = ORIENTED_EDGE('',*,*,#189,.F.);
#189 = EDGE_CURVE('',#190,#190,#192,.T.);
#190 = VERTEX_POINT('',#191);
#191 = CARTESIAN_POINT('',(10.37,-2.539917461432E-15,3.5));
#192 = SURFACE_CURVE('',#193,(#198,#205),.PCURVE_S1.);
#193 = CIRCLE('',#194,10.37);
#194 = AXIS2_PLACEMENT_3D('',#195,#196,#197);
#195 = CARTESIAN_POINT('',(0.,0.,3.5));
#196 = DIRECTION('',(0.,0.,1.));
#197 = DIRECTION('',(1.,0.,0.));
#198 = PCURVE('',#120,#199);
#199 = DEFINITIONAL_REPRESENTATION('',(#200),#204);
#200 = CIRCLE('',#201,10.37);
#201 = AXIS2_PLACEMENT_2D('',#202,#203);
#202 = CARTESIAN_POINT('',(0.,0.));
#203 = DIRECTION('',(1.,0.));
#204 = ( GEOMETRIC_REPRESENTATION_CONTEXT(2) 
PARAMETRIC_REPRESENTATION_CONTEXT() REPRESENTATION_CONTEXT('2D SPACE',''
  ) );
#205 = PCURVE('',#206,#211);
#206 = CYLINDRICAL_SURFACE('',#207,10.37);
#207 = AXIS2_PLACEMENT_3D('',#208,#209,#210);
#208 = CARTESIAN_POINT('',(0.,0.,-3.5));
#209 = DIRECTION('',(0.,0.,1.));
#210 = DIRECTION('',(1.,0.,0.));
#211 = DEFINITIONAL_REPRESENTATION('',(#212),#216);
#212 = LINE('',#213,#214);
#213 = CARTESIAN_POINT('',(0.,7.));
#214 = VECTOR('',#215,1.);
#215 = DIRECTION('',(1.,0.));
#216 = ( GEOMETRIC_REPRESENTATION_CONTEXT(2) 
PARAMETRIC_REPRESENTATION_CONTEXT() REPRESENTATION_CONTEXT('2D SPACE',''
  ) );
#217 = ADVANCED_FACE('',(#218,#221),#170,.F.);
#218 = FACE_BOUND('',#219,.F.);
#219 = EDGE_LOOP('',(#220));
#220 = ORIENTED_EDGE('',*,*,#155,.T.);
#221 = FACE_BOUND('',#222,.F.);
#222 = EDGE_LOOP('',(#223));
#223 = ORIENTED_EDGE('',*,*,#224,.F.);
#224 = EDGE_CURVE('',#225,#225,#227,.T.);
#225 = VERTEX_POINT('',#226);
#226 = CARTESIAN_POINT('',(10.37,-2.539917461432E-15,-3.5));
#227 = SURFACE_CURVE('',#228,(#233,#240),.PCURVE_S1.);
#228 = CIRCLE('',#229,10.37);
#229 = AXIS2_PLACEMENT_3D('',#230,#231,#232);
#230 = CARTESIAN_POINT('',(0.,0.,-3.5));
#231 = DIRECTION('',(0.,0.,1.));
#232 = DIRECTION('',(1.,0.,0.));
#233 = PCURVE('',#170,#234);
#234 = DEFINITIONAL_REPRESENTATION('',(#235),#239);
#235 = CIRCLE('',#236,10.37);
#236 = AXIS2_PLACEMENT_2D('',#237,#238);
#237 = CARTESIAN_POINT('',(0.,0.));
#238 = DIRECTION('',(1.,0.));
#239 = ( GEOMETRIC_REPRESENTATION_CONTEXT(2) 
PARAMETRIC_REPRESENTATION_CONTEXT() REPRESENTATION_CONTEXT('2D SPACE',''
  ) );
#240 = PCURVE('',#206,#241);
#241 = DEFINITIONAL_REPRESENTATION('',(#242),#246);
#242 = LINE('',#243,#244);
#243 = CARTESIAN_POINT('',(0.,0.));
#244 = VECTOR('',#245,1.);
#245 = DIRECTION('',(1.,0.));
#246 = ( GEOMETRIC_REPRESENTATION_CONTEXT(2) 
PARAMETRIC_REPRESENTATION_CONTEXT() REPRESENTATION_CONTEXT('2D SPACE',''
  ) );
#247 = ADVANCED_FACE('',(#248),#206,.F.);
#248 = FACE_BOUND('',#249,.F.);
#249 = EDGE_LOOP('',(#250,#251,#272,#273));
#250 = ORIENTED_EDGE('',*,*,#189,.F.);
#251 = ORIENTED_EDGE('',*,*,#252,.F.);
#252 = EDGE_CURVE('',#225,#190,#253,.T.);
#253 = SEAM_CURVE('',#254,(#258,#265),.PCURVE_S1.);
#254 = LINE('',#255,#256);
#255 = CARTESIAN_POINT('',(10.37,-2.539917461432E-15,-3.5));
#256 = VECTOR('',#257,1.);
#257 = DIRECTION('',(0.,0.,1.));
#258 = PCURVE('',#206,#259);
#259 = DEFINITIONAL_REPRESENTATION('',(#260),#264);
#260 = LINE('',#261,#262);
#261 = CARTESIAN_POINT('',(6.28318530718,-0.));
#262 = VECTOR('',#263,1.);
#263 = DIRECTION('',(0.,1.));
#264 = ( GEOMETRIC_REPRESENTATION_CONTEXT(2) 
PARAMETRIC_REPRESENTATION_CONTEXT() REPRESENTATION_CONTEXT('2D SPACE',''
  ) );
#265 = PCURVE('',#206,#266);
#266 = DEFINITIONAL_REPRESENTATION('',(#267),#271);
#267 = LINE('',#268,#269);
#268 = CARTESIAN_POINT('',(0.,-0.));
#269 = VECTOR('',#270,1.);
#270 = DIRECTION('',(0.,1.));
#271 = ( GEOMETRIC_REPRESENTATION_CONTEXT(2) 
PARAMETRIC_REPRESENTATION_CONTEXT() REPRESENTATION_CONTEXT('2D SPACE',''
  ) );
#272 = ORIENTED_EDGE('',*,*,#224,.T.);
#273 = ORIENTED_EDGE('',*,*,#252,.T.);
#274 = ( GEOMETRIC_REPRESENTATION_CONTEXT(3) 
GLOBAL_UNCERTAINTY_ASSIGNED_CONTEXT((#278)) GLOBAL_UNIT_ASSIGNED_CONTEXT
((#275,#276,#277)) REPRESENTATION_CONTEXT('Context #1',
  '3D Context with UNIT and UNCERTAINTY') );
#275 = ( LENGTH_UNIT() NAMED_UNIT(*) SI_UNIT(.MILLI.,.METRE.) );
#276 = ( NAMED_UNIT(*) PLANE_ANGLE_UNIT() SI_UNIT($,.RADIAN.) );
#277 = ( NAMED_UNIT(*) SI_UNIT($,.STERADIAN.) SOLID_ANGLE_UNIT() );
#278 = UNCERTAINTY_MEASURE_WITH_UNIT(LENGTH_MEASURE(1.E-07),#275,
  'distance_accuracy_value','confusion accuracy');
#279 = CONTEXT_DEPENDENT_SHAPE_REPRESENTATION(#280,#282);
#280 = ( REPRESENTATION_RELATIONSHIP('','',#91,#68) 
REPRESENTATION_RELATIONSHIP_WITH_TRANSFORMATION(#281) 
SHAPE_REPRESENTATION_RELATIONSHIP() );
#281 = ITEM_DEFINED_TRANSFORMATION('','',#11,#69);
#282 = PRODUCT_DEFINITION_SHAPE('Placement','Placement of an item',#283
  );
#283 = NEXT_ASSEMBLY_USAGE_OCCURRENCE('1','=>[0:1:1:3]','',#63,#86,$);
#284 = PRODUCT_RELATED_PRODUCT_CATEGORY('part',$,(#88));
#285 = SHAPE_DEFINITION_REPRESENTATION(#286,#292);
#286 = PRODUCT_DEFINITION_SHAPE('','',#287);
#287 = PRODUCT_DEFINITION('design','',#288,#291);
#288 = PRODUCT_DEFINITION_FORMATION('','',#289);
#289 = PRODUCT('608ZZ/inner_ring','608ZZ/inner_ring','',(#290));
#290 = PRODUCT_CONTEXT('',#2,'mechanical');
#291 = PRODUCT_DEFINITION_CONTEXT('part definition',#2,'design');
#292 = SHAPE_REPRESENTATION('',(#11,#293),#297);
#293 = AXIS2_PLACEMENT_3D('',#294,#295,#296);
#294 = CARTESIAN_POINT('',(0.,0.,0.));
#295 = DIRECTION('',(0.,0.,1.));
#296 = DIRECTION('',(1.,0.,-0.));
#297 = ( GEOMETRIC_REPRESENTATION_CONTEXT(3) 
GLOBAL_UNCERTAINTY_ASSIGNED_CONTEXT((#301)) GLOBAL_UNIT_ASSIGNED_CONTEXT
((#298,#299,#300)) REPRESENTATION_CONTEXT('Context #1',
  '3D Context with UNIT and UNCERTAINTY') );
#298 = ( LENGTH_UNIT() NAMED_UNIT(*) SI_UNIT(.MILLI.,.METRE.) );
#299 = ( NAMED_UNIT(*) PLANE_ANGLE_UNIT() SI_UNIT($,.RADIAN.) );
#300 = ( NAMED_UNIT(*) SI_UNIT($,.STERADIAN.) SOLID_ANGLE_UNIT() );
#301 = UNCERTAINTY_MEASURE_WITH_UNIT(LENGTH_MEASURE(1.E-07),#298,
  'distance_accuracy_value','confusion accuracy');
#302 = CONTEXT_DEPENDENT_SHAPE_REPRESENTATION(#303,#305);
#303 = ( REPRESENTATION_RELATIONSHIP('','',#292,#10) 
REPRESENTATION_RELATIONSHIP_WITH_TRANSFORMATION(#304) 
SHAPE_REPRESENTATION_RELATIONSHIP() );
#304 = ITEM_DEFINED_TRANSFORMATION('','',#11,#19);
#305 = PRODUCT_DEFINITION_SHAPE('Placement','Placement of an item',#306
  );
#306 = NEXT_ASSEMBLY_USAGE_OCCURRENCE('4','=>[0:1:1:4]','',#5,#287,$);
#307 = PRODUCT_RELATED_PRODUCT_CATEGORY('part',$,(#289));
#308 = SHAPE_DEFINITION_REPRESENTATION(#309,#315);
#309 = PRODUCT_DEFINITION_SHAPE('','',#310);
#310 = PRODUCT_DEFINITION('design','',#311,#314);
#311 = PRODUCT_DEFINITION_FORMATION('','',#312);
#312 = PRODUCT('SOLID','SOLID','',(#313));
#313 = PRODUCT_CONTEXT('',#2,'mechanical');
#314 = PRODUCT_DEFINITION_CONTEXT('part definition',#2,'design');
#315 = ADVANCED_BREP_SHAPE_REPRESENTATION('',(#11,#316),#498);
#316 = MANIFOLD_SOLID_BREP('',#317);
#317 = CLOSED_SHELL('',(#318,#406,#441,#471));
#318 = ADVANCED_FACE('',(#319),#332,.T.);
#319 = FACE_BOUND('',#320,.T.);
#320 = EDGE_LOOP('',(#321,#355,#378,#405));
#321 = ORIENTED_EDGE('',*,*,#322,.F.);
#322 = EDGE_CURVE('',#323,#323,#325,.T.);
#323 = VERTEX_POINT('',#324);
#324 = CARTESIAN_POINT('',(4.63,-1.13402293601E-15,3.5));
#325 = SURFACE_CURVE('',#326,(#331,#343),.PCURVE_S1.);
#326 = CIRCLE('',#327,4.63);
#327 = AXIS2_PLACEMENT_3D('',#328,#329,#330);
#328 = CARTESIAN_POINT('',(0.,0.,3.5));
#329 = DIRECTION('',(0.,0.,1.));
#330 = DIRECTION('',(1.,0.,0.));
#331 = PCURVE('',#332,#337);
#332 = CYLINDRICAL_SURFACE('',#333,4.63);
#333 = AXIS2_PLACEMENT_3D('',#334,#335,#336);
#334 = CARTESIAN_POINT('',(0.,0.,-3.5));
#335 = DIRECTION('',(0.,0.,1.));
#336 = DIRECTION('',(1.,0.,0.));
#337 = DEFINITIONAL_REPRESENTATION('',(#338),#342);
#338 = LINE('',#339,#340);
#339 = CARTESIAN_POINT('',(0.,7.));
#340 = VECTOR('',#341,1.);
#341 = DIRECTION('',(1.,0.));
#342 = ( GEOMETRIC_REPRESENTATION_CONTEXT(2) 
PARAMETRIC_REPRESENTATION_CONTEXT() REPRESENTATION_CONTEXT('2D SPACE',''
  ) );
#343 = PCURVE('',#344,#349);
#344 = PLANE('',#345);
#345 = AXIS2_PLACEMENT_3D('',#346,#347,#348);
#346 = CARTESIAN_POINT('',(0.,0.,3.5));
#347 = DIRECTION('',(0.,0.,1.));
#348 = DIRECTION('',(1.,0.,0.));
#349 = DEFINITIONAL_REPRESENTATION('',(#350),#354);
#350 = CIRCLE('',#351,4.63);
#351 = AXIS2_PLACEMENT_2D('',#352,#353);
#352 = CARTESIAN_POINT('',(0.,0.));
#353 = DIRECTION('',(1.,0.));
#354 = ( GEOMETRIC_REPRESENTATION_CONTEXT(2) 
PARAMETRIC_REPRESENTATION_CONTEXT() REPRESENTATION_CONTEXT('2D SPACE',''
  ) );
#355 = ORIENTED_EDGE('',*,*,#356,.F.);
#356 = EDGE_CURVE('',#357,#323,#359,.T.);
#357 = VERTEX_POINT('',#358);
#358 = CARTESIAN_POINT('',(4.63,-1.13402293601E-15,-3.5));
#359 = SEAM_CURVE('',#360,(#364,#371),.PCURVE_S1.);
#360 = LINE('',#361,#362);
#361 = CARTESIAN_POINT('',(4.63,-1.13402293601E-15,-3.5));
#362 = VECTOR('',#363,1.);
#363 = DIRECTION('',(0.,0.,1.));
#364 = PCURVE('',#332,#365);
#365 = DEFINITIONAL_REPRESENTATION('',(#366),#370);
#366 = LINE('',#367,#368);
#367 = CARTESIAN_POINT('',(6.28318530718,-0.));
#368 = VECTOR('',#369,1.);
#369 = DIRECTION('',(0.,1.));
#370 = ( GEOMETRIC_REPRESENTATION_CONTEXT(2) 
PARAMETRIC_REPRESENTATION_CONTEXT() REPRESENTATION_CONTEXT('2D SPACE',''
  ) );
#371 = PCURVE('',#332,#372);
#372 = DEFINITIONAL_REPRESENTATION('',(#373),#377);
#373 = LINE('',#374,#375);
#374 = CARTESIAN_POINT('',(0.,-0.));
#375 = VECTOR('',#376,1.);
#376 = DIRECTION('',(0.,1.));
#377 = ( GEOMETRIC_REPRESENTATION_CONTEXT(2) 
PARAMETRIC_REPRESENTATION_CONTEXT() REPRESENTATION_CONTEXT('2D SPACE',''
  ) );
#378 = ORIENTED_EDGE('',*,*,#379,.T.);
#379 = EDGE_CURVE('',#357,#357,#380,.T.);
#380 = SURFACE_CURVE('',#381,(#386,#393),.PCURVE_S1.);
#381 = CIRCLE('',#382,4.63);
#382 = AXIS2_PLACEMENT_3D('',#383,#384,#385);
#383 = CARTESIAN_POINT('',(0.,0.,-3.5));
#384 = DIRECTION('',(0.,0.,1.));
#385 = DIRECTION('',(1.,0.,0.));
#386 = PCURVE('',#332,#387);
#387 = DEFINITIONAL_REPRESENTATION('',(#388),#392);
#388 = LINE('',#389,#390);
#389 = CARTESIAN_POINT('',(0.,0.));
#390 = VECTOR('',#391,1.);
#391 = DIRECTION('',(1.,0.));
#392 = ( GEOMETRIC_REPRESENTATION_CONTEXT(2) 
PARAMETRIC_REPRESENTATION_CONTEXT() REPRESENTATION_CONTEXT('2D SPACE',''
  ) );
#393 = PCURVE('',#394,#399);
#394 = PLANE('',#395);
#395 = AXIS2_PLACEMENT_3D('',#396,#397,#398);
#396 = CARTESIAN_POINT('',(0.,0.,-3.5));
#397 = DIRECTION('',(0.,0.,1.));
#398 = DIRECTION('',(1.,0.,0.));
#399 = DEFINITIONAL_REPRESENTATION('',(#400),#404);
#400 = CIRCLE('',#401,4.63);
#401 = AXIS2_PLACEMENT_2D('',#402,#403);
#402 = CARTESIAN_POINT('',(0.,0.));
#403 = DIRECTION('',(1.,0.));
#404 = ( GEOMETRIC_REPRESENTATION_CONTEXT(2) 
PARAMETRIC_REPRESENTATION_CONTEXT() REPRESENTATION_CONTEXT('2D SPACE',''
  ) );
#405 = ORIENTED_EDGE('',*,*,#356,.T.);
#406 = ADVANCED_FACE('',(#407,#410),#344,.T.);
#407 = FACE_BOUND('',#408,.T.);
#408 = EDGE_LOOP('',(#409));
#409 = ORIENTED_EDGE('',*,*,#322,.T.);
#410 = FACE_BOUND('',#411,.T.);
#411 = EDGE_LOOP('',(#412));
#412 = ORIENTED_EDGE('',*,*,#413,.F.);
#413 = EDGE_CURVE('',#414,#414,#416,.T.);
#414 = VERTEX_POINT('',#415);
#415 = CARTESIAN_POINT('',(4.,-9.797174393179E-16,3.5));
#416 = SURFACE_CURVE('',#417,(#422,#429),.PCURVE_S1.);
#417 = CIRCLE('',#418,4.);
#418 = AXIS2_PLACEMENT_3D('',#419,#420,#421);
#419 = CARTESIAN_POINT('',(0.,0.,3.5));
#420 = DIRECTION('',(0.,0.,1.));
#421 = DIRECTION('',(1.,0.,0.));
#422 = PCURVE('',#344,#423);
#423 = DEFINITIONAL_REPRESENTATION('',(#424),#428);
#424 = CIRCLE('',#425,4.);
#425 = AXIS2_PLACEMENT_2D('',#426,#427);
#426 = CARTESIAN_POINT('',(0.,0.));
#427 = DIRECTION('',(1.,0.));
#428 = ( GEOMETRIC_REPRESENTATION_CONTEXT(2) 
PARAMETRIC_REPRESENTATION_CONTEXT() REPRESENTATION_CONTEXT('2D SPACE',''
  ) );
#429 = PCURVE('',#430,#435);
#430 = CYLINDRICAL_SURFACE('',#431,4.);
#431 = AXIS2_PLACEMENT_3D('',#432,#433,#434);
#432 = CARTESIAN_POINT('',(0.,0.,-3.5));
#433 = DIRECTION('',(0.,0.,1.));
#434 = DIRECTION('',(1.,0.,0.));
#435 = DEFINITIONAL_REPRESENTATION('',(#436),#440);
#436 = LINE('',#437,#438);
#437 = CARTESIAN_POINT('',(0.,7.));
#438 = VECTOR('',#439,1.);
#439 = DIRECTION('',(1.,0.));
#440 = ( GEOMETRIC_REPRESENTATION_CONTEXT(2) 
PARAMETRIC_REPRESENTATION_CONTEXT() REPRESENTATION_CONTEXT('2D SPACE',''
  ) );
#441 = ADVANCED_FACE('',(#442,#445),#394,.F.);
#442 = FACE_BOUND('',#443,.F.);
#443 = EDGE_LOOP('',(#444));
#444 = ORIENTED_EDGE('',*,*,#379,.T.);
#445 = FACE_BOUND('',#446,.F.);
#446 = EDGE_LOOP('',(#447));
#447 = ORIENTED_EDGE('',*,*,#448,.F.);
#448 = EDGE_CURVE('',#449,#449,#451,.T.);
#449 = VERTEX_POINT('',#450);
#450 = CARTESIAN_POINT('',(4.,-9.797174393179E-16,-3.5));
#451 = SURFACE_CURVE('',#452,(#457,#464),.PCURVE_S1.);
#452 = CIRCLE('',#453,4.);
#453 = AXIS2_PLACEMENT_3D('',#454,#455,#456);
#454 = CARTESIAN_POINT('',(0.,0.,-3.5));
#455 = DIRECTION('',(0.,0.,1.));
#456 = DIRECTION('',(1.,0.,0.));
#457 = PCURVE('',#394,#458);
#458 = DEFINITIONAL_REPRESENTATION('',(#459),#463);
#459 = CIRCLE('',#460,4.);
#460 = AXIS2_PLACEMENT_2D('',#461,#462);
#461 = CARTESIAN_POINT('',(0.,0.));
#462 = DIRECTION('',(1.,0.));
#463 = ( GEOMETRIC_REPRESENTATION_CONTEXT(2) 
PARAMETRIC_REPRESENTATION_CONTEXT() REPRESENTATION_CONTEXT('2D SPACE',''
  ) );
#464 = PCURVE('',#430,#465);
#465 = DEFINITIONAL_REPRESENTATION('',(#466),#470);
#466 = LINE('',#467,#468);
#467 = CARTESIAN_POINT('',(0.,0.));
#468 = VECTOR('',#469,1.);
#469 = DIRECTION('',(1.,0.));
#470 = ( GEOMETRIC_REPRESENTATION_CONTEXT(2) 
PARAMETRIC_REPRESENTATION_CONTEXT() REPRESENTATION_CONTEXT('2D SPACE',''
  ) );
#471 = ADVANCED_FACE('',(#472),#430,.F.);
#472 = FACE_BOUND('',#473,.F.);
#473 = EDGE_LOOP('',(#474,#475,#496,#497));
#474 = ORIENTED_EDGE('',*,*,#413,.F.);
#475 = ORIENTED_EDGE('',*,*,#476,.F.);
#476 = EDGE_CURVE('',#449,#414,#477,.T.);
#477 = SEAM_CURVE('',#478,(#482,#489),.PCURVE_S1.);
#478 = LINE('',#479,#480);
#479 = CARTESIAN_POINT('',(4.,-9.797174393179E-16,-3.5));
#480 = VECTOR('',#481,1.);
#481 = DIRECTION('',(0.,0.,1.));
#482 = PCURVE('',#430,#483);
#483 = DEFINITIONAL_REPRESENTATION('',(#484),#488);
#484 = LINE('',#485,#486);
#485 = CARTESIAN_POINT('',(6.28318530718,-0.));
#486 = VECTOR('',#487,1.);
#487 = DIRECTION('',(0.,1.));
#488 = ( GEOMETRIC_REPRESENTATION_CONTEXT(2) 
PARAMETRIC_REPRESENTATION_CONTEXT() REPRESENTATION_CONTEXT('2D SPACE',''
  ) );
#489 = PCURVE('',#430,#490);
#490 = DEFINITIONAL_REPRESENTATION('',(#491),#495);
#491 = LINE('',#492,#493);
#492 = CARTESIAN_POINT('',(0.,-0.));
#493 = VECTOR('',#494,1.);
#494 = DIRECTION('',(0.,1.));
#495 = ( GEOMETRIC_REPRESENTATION_CONTEXT(2) 
PARAMETRIC_REPRESENTATION_CONTEXT() REPRESENTATION_CONTEXT('2D SPACE',''
  ) );
#496 = ORIENTED_EDGE('',*,*,#448,.T.);
#497 = ORIENTED_EDGE('',*,*,#476,.T.);
#498 = ( GEOMETRIC_REPRESENTATION_CONTEXT(3) 
GLOBAL_UNCERTAINTY_ASSIGNED_CONTEXT((#502)) GLOBAL_UNIT_ASSIGNED_CONTEXT
((#499,#500,#501)) REPRESENTATION_CONTEXT('Context #1',
  '3D Context with UNIT and UNCERTAINTY') );
#499 = ( LENGTH_UNIT() NAMED_UNIT(*) SI_UNIT(.MILLI.,.METRE.) );
#500 = ( NAMED_UNIT(*) PLANE_ANGLE_UNIT() SI_UNIT($,.RADIAN.) );
#501 = ( NAMED_UNIT(*) SI_UNIT($,.STERADIAN.) SOLID_ANGLE_UNIT() );
#502 = UNCERTAINTY_MEASURE_WITH_UNIT(LENGTH_MEASURE(1.E-07),#499,
  'distance_accuracy_value','confusion accuracy');
#503 = CONTEXT_DEPENDENT_SHAPE_REPRESENTATION(#504,#506);
#504 = ( REPRESENTATION_RELATIONSHIP('','',#315,#292) 
REPRESENTATION_RELATIONSHIP_WITH_TRANSFORMATION(#505) 
SHAPE_REPRESENTATION_RELATIONSHIP() );
#505 = ITEM_DEFINED_TRANSFORMATION('','',#11,#293);
#506 = PRODUCT_DEFINITION_SHAPE('Placement','Placement of an item',#507
  );
#507 = NEXT_ASSEMBLY_USAGE_OCCURRENCE('3','=>[0:1:1:5]','',#287,#310,$);
#508 = PRODUCT_RELATED_PRODUCT_CATEGORY('part',$,(#312));
#509 = SHAPE_DEFINITION_REPRESENTATION(#510,#516);
#510 = PRODUCT_DEFINITION_SHAPE('','',#511);
#511 = PRODUCT_DEFINITION('design','',#512,#515);
#512 = PRODUCT_DEFINITION_FORMATION('','',#513);
#513 = PRODUCT('608ZZ/cage','608ZZ/cage','',(#514));
#514 = PRODUCT_CONTEXT('',#2,'mechanical');
#515 = PRODUCT_DEFINITION_CONTEXT('part definition',#2,'design');
#516 = SHAPE_REPRESENTATION('',(#11,#517,#521,#525,#529,#533,#537,#541),
  #545);
#517 = AXIS2_PLACEMENT_3D('',#518,#519,#520);
#518 = CARTESIAN_POINT('',(0.,0.,0.));
#519 = DIRECTION('',(0.,0.,1.));
#520 = DIRECTION('',(1.,0.,-0.));
#521 = AXIS2_PLACEMENT_3D('',#522,#523,#524);
#522 = CARTESIAN_POINT('',(0.,0.,0.));
#523 = DIRECTION('',(0.,0.,1.));
#524 = DIRECTION('',(1.,0.,-0.));
#525 = AXIS2_PLACEMENT_3D('',#526,#527,#528);
#526 = CARTESIAN_POINT('',(0.,0.,0.));
#527 = DIRECTION('',(0.,0.,1.));
#528 = DIRECTION('',(1.,0.,-0.));
#529 = AXIS2_PLACEMENT_3D('',#530,#531,#532);
#530 = CARTESIAN_POINT('',(0.,0.,0.));
#531 = DIRECTION('',(0.,0.,1.));
#532 = DIRECTION('',(1.,0.,-0.));
#533 = AXIS2_PLACEMENT_3D('',#534,#535,#536);
#534 = CARTESIAN_POINT('',(0.,0.,0.));
#535 = DIRECTION('',(0.,0.,1.));
#536 = DIRECTION('',(1.,0.,-0.));
#537 = AXIS2_PLACEMENT_3D('',#538,#539,#540);
#538 = CARTESIAN_POINT('',(0.,0.,0.));
#539 = DIRECTION('',(0.,0.,1.));
#540 = DIRECTION('',(1.,0.,-0.));
#541 = AXIS2_PLACEMENT_3D('',#542,#543,#544);
#542 = CARTESIAN_POINT('',(0.,0.,0.));
#543 = DIRECTION('',(0.,0.,1.));
#544 = DIRECTION('',(1.,0.,-0.));
#545 = ( GEOMETRIC_REPRESENTATION_CONTEXT(3) 
GLOBAL_UNCERTAINTY_ASSIGNED_CONTEXT((#549)) GLOBAL_UNIT_ASSIGNED_CONTEXT
((#546,#547,#548)) REPRESENTATION_CONTEXT('Context #1',
  '3D Context with UNIT and UNCERTAINTY') );
#546 = ( LENGTH_UNIT() NAMED_UNIT(*) SI_UNIT(.MILLI.,.METRE.) );
#547 = ( NAMED_UNIT(*) PLANE_ANGLE_UNIT() SI_UNIT($,.RADIAN.) );
#548 = ( NAMED_UNIT(*) SI_UNIT($,.STERADIAN.) SOLID_ANGLE_UNIT() );
#549 = UNCERTAINTY_MEASURE_WITH_UNIT(LENGTH_MEASURE(2.E-07),#546,
  'distance_accuracy_value','confusion accuracy');
#550 = CONTEXT_DEPENDENT_SHAPE_REPRESENTATION(#551,#553);
#551 = ( REPRESENTATION_RELATIONSHIP('','',#516,#10) 
REPRESENTATION_RELATIONSHIP_WITH_TRANSFORMATION(#552) 
SHAPE_REPRESENTATION_RELATIONSHIP() );
#552 = ITEM_DEFINED_TRANSFORMATION('','',#11,#23);
#553 = PRODUCT_DEFINITION_SHAPE('Placement','Placement of an item',#554
  );
#554 = NEXT_ASSEMBLY_USAGE_OCCURRENCE('12','=>[0:1:1:6]','',#5,#511,$);
#555 = PRODUCT_RELATED_PRODUCT_CATEGORY('part',$,(#513));
#556 = SHAPE_DEFINITION_REPRESENTATION(#557,#563);
#557 = PRODUCT_DEFINITION_SHAPE('','',#558);
#558 = PRODUCT_DEFINITION('design','',#559,#562);
#559 = PRODUCT_DEFINITION_FORMATION('','',#560);
#560 = PRODUCT('SOLID','SOLID','',(#561));
#561 = PRODUCT_CONTEXT('',#2,'mechanical');
#562 = PRODUCT_DEFINITION_CONTEXT('part definition',#2,'design');
#563 = ADVANCED_BREP_SHAPE_REPRESENTATION('',(#11,#564),#1610);
#564 = MANIFOLD_SOLID_BREP('',#565);
#565 = CLOSED_SHELL('',(#566,#1042,#1297,#1348,#1575,#1603));
#566 = ADVANCED_FACE('',(#567),#640,.T.);
#567 = FACE_BOUND('',#568,.T.);
#568 = EDGE_LOOP('',(#569,#781,#810,#1015));
#569 = ORIENTED_EDGE('',*,*,#570,.T.);
#570 = EDGE_CURVE('',#571,#573,#575,.T.);
#571 = VERTEX_POINT('',#572);
#572 = CARTESIAN_POINT('',(8.170754499333,-0.806896004219,-1.925));
#573 = VERTEX_POINT('',#574);
#574 = CARTESIAN_POINT('',(8.170754499333,-0.806896004219,1.925));
#575 = SURFACE_CURVE('',#576,(#639,#710),.PCURVE_S1.);
#576 = B_SPLINE_CURVE_WITH_KNOTS('',7,(#577,#578,#579,#580,#581,#582,
    #583,#584,#585,#586,#587,#588,#589,#590,#591,#592,#593,#594,#595,
    #596,#597,#598,#599,#600,#601,#602,#603,#604,#605,#606,#607,#608,
    #609,#610,#611,#612,#613,#614,#615,#616,#617,#618,#619,#620,#621,
    #622,#623,#624,#625,#626,#627,#628,#629,#630,#631,#632,#633,#634,
    #635,#636,#637,#638),.UNSPECIFIED.,.F.,.F.,(8,6,6,6,6,6,6,6,6,6,8),(
    0.,0.104596048092,0.189438499142,0.264934065095,0.3258210769,
    0.500000000004,0.674178923106,0.73506593491,0.810561500861,
    0.89540395191,1.),.UNSPECIFIED.);
#577 = CARTESIAN_POINT('',(8.170754653333,-0.806894444789,-1.9250006));
#578 = CARTESIAN_POINT('',(8.163430571154,-0.881059385368,
    -1.896465223778));
#579 = CARTESIAN_POINT('',(8.155310559203,-0.955253768502,
    -1.864335303228));
#580 = CARTESIAN_POINT('',(8.146472527572,-1.028645388445,
    -1.828690773681));
#581 = CARTESIAN_POINT('',(8.137037420616,-1.100508958647,
    -1.789744411339));
#582 = CARTESIAN_POINT('',(8.127146313537,-1.170324313332,-1.74778385976
    ));
#583 = CARTESIAN_POINT('',(8.116934004997,-1.23773994272,-1.703097603656
    ));
#584 = CARTESIAN_POINT('',(8.098076240151,-1.355103551538,
    -1.617687952816));
#585 = CARTESIAN_POINT('',(8.089498357174,-1.405949849286,
    -1.577806827082));
#586 = CARTESIAN_POINT('',(8.080852107975,-1.454972389619,-1.5364263382)
  );
#587 = CARTESIAN_POINT('',(8.07219753788,-1.502100330094,-1.493672542676
    ));
#588 = CARTESIAN_POINT('',(8.063590046164,-1.547291977957,
    -1.449663588164));
#589 = CARTESIAN_POINT('',(8.055079520609,-1.590527518106,
    -1.404505707845));
#590 = CARTESIAN_POINT('',(8.039261531286,-1.668528883908,
    -1.317164279646));
#591 = CARTESIAN_POINT('',(8.03192541179,-1.703700497531,-1.275204171652
    ));
#592 = CARTESIAN_POINT('',(8.024732358353,-1.737311955576,-1.2324750062)
  );
#593 = CARTESIAN_POINT('',(8.017710833572,-1.769364094929,
    -1.189038773571));
#594 = CARTESIAN_POINT('',(8.010886591482,-1.799862005823,
    -1.144952981016));
#595 = CARTESIAN_POINT('',(8.004282751178,-1.828813821972,-1.10027029482
    ));
#596 = CARTESIAN_POINT('',(7.992788220749,-1.878340204775,
    -1.018558580822));
#597 = CARTESIAN_POINT('',(7.987813397189,-1.899451359359,
    -0.981722261006));
#598 = CARTESIAN_POINT('',(7.983006253771,-1.919568047177,
    -0.944554549884));
#599 = CARTESIAN_POINT('',(7.978376706211,-1.938695667406,
    -0.907079538728));
#600 = CARTESIAN_POINT('',(7.973933771413,-1.956839811376,
    -0.869320062084));
#601 = CARTESIAN_POINT('',(7.969685606959,-1.974006128273,-0.83129767675
    ));
#602 = CARTESIAN_POINT('',(7.9540650339,-2.036526398915,-0.68356819889)
  );
#603 = CARTESIAN_POINT('',(7.94414474172,-2.074895057072,-0.572120430157
    ));
#604 = CARTESIAN_POINT('',(7.93605054023,-2.105436833481,-0.459164802472
    ));
#605 = CARTESIAN_POINT('',(7.929903516501,-2.128261612058,
    -0.345125231723));
#606 = CARTESIAN_POINT('',(7.925778812139,-2.143455962307,
    -0.230376654747));
#607 = CARTESIAN_POINT('',(7.923712832667,-2.151066060221,
    -0.115244349159));
#608 = CARTESIAN_POINT('',(7.923712832667,-2.151066060221,0.115244349157
    ));
#609 = CARTESIAN_POINT('',(7.925778812139,-2.143455962307,0.230376654748
    ));
#610 = CARTESIAN_POINT('',(7.929903516501,-2.128261612058,0.345125231723
    ));
#611 = CARTESIAN_POINT('',(7.93605054023,-2.105436833481,0.459164802472)
  );
#612 = CARTESIAN_POINT('',(7.94414474172,-2.074895057072,0.572120430157)
  );
#613 = CARTESIAN_POINT('',(7.9540650339,-2.036526398915,0.68356819889));
#614 = CARTESIAN_POINT('',(7.969685606959,-1.974006128273,0.83129767675)
  );
#615 = CARTESIAN_POINT('',(7.973933771413,-1.956839811376,0.869320062084
    ));
#616 = CARTESIAN_POINT('',(7.978376706211,-1.938695667406,0.907079538728
    ));
#617 = CARTESIAN_POINT('',(7.983006253771,-1.919568047177,0.944554549884
    ));
#618 = CARTESIAN_POINT('',(7.987813397189,-1.899451359359,0.981722261006
    ));
#619 = CARTESIAN_POINT('',(7.992788220749,-1.878340204775,1.018558580822
    ));
#620 = CARTESIAN_POINT('',(8.004282751178,-1.828813821972,1.10027029482)
  );
#621 = CARTESIAN_POINT('',(8.010886591482,-1.799862005823,1.144952981016
    ));
#622 = CARTESIAN_POINT('',(8.017710833572,-1.769364094929,1.189038773571
    ));
#623 = CARTESIAN_POINT('',(8.024732358353,-1.737311955576,1.2324750062)
  );
#624 = CARTESIAN_POINT('',(8.03192541179,-1.703700497531,1.275204171652)
  );
#625 = CARTESIAN_POINT('',(8.039261531286,-1.668528883908,1.317164279646
    ));
#626 = CARTESIAN_POINT('',(8.055079520609,-1.590527518106,1.404505707845
    ));
#627 = CARTESIAN_POINT('',(8.063590046164,-1.547291977957,1.449663588164
    ));
#628 = CARTESIAN_POINT('',(8.07219753788,-1.502100330094,1.493672542676)
  );
#629 = CARTESIAN_POINT('',(8.080852107975,-1.454972389619,1.5364263382)
  );
#630 = CARTESIAN_POINT('',(8.089498357174,-1.405949849286,1.577806827082
    ));
#631 = CARTESIAN_POINT('',(8.098076240151,-1.355103551538,1.617687952816
    ));
#632 = CARTESIAN_POINT('',(8.116934004997,-1.23773994272,1.703097603656)
  );
#633 = CARTESIAN_POINT('',(8.127146313538,-1.170324313331,1.74778385976)
  );
#634 = CARTESIAN_POINT('',(8.137037420616,-1.100508958649,1.789744411339
    ));
#635 = CARTESIAN_POINT('',(8.146472527573,-1.028645388444,1.828690773681
    ));
#636 = CARTESIAN_POINT('',(8.155310559203,-0.955253768503,1.864335303228
    ));
#637 = CARTESIAN_POINT('',(8.163430571154,-0.881059385368,1.896465223778
    ));
#638 = CARTESIAN_POINT('',(8.170754653333,-0.806894444789,1.9250006));
#639 = PCURVE('',#640,#645);
#640 = CYLINDRICAL_SURFACE('',#641,8.2105);
#641 = AXIS2_PLACEMENT_3D('',#642,#643,#644);
#642 = CARTESIAN_POINT('',(0.,0.,-1.925));
#643 = DIRECTION('',(0.,0.,1.));
#644 = DIRECTION('',(1.,0.,0.));
#645 = DEFINITIONAL_REPRESENTATION('',(#646),#709);
#646 = B_SPLINE_CURVE_WITH_KNOTS('',7,(#647,#648,#649,#650,#651,#652,
    #653,#654,#655,#656,#657,#658,#659,#660,#661,#662,#663,#664,#665,
    #666,#667,#668,#669,#670,#671,#672,#673,#674,#675,#676,#677,#678,
    #679,#680,#681,#682,#683,#684,#685,#686,#687,#688,#689,#690,#691,
    #692,#693,#694,#695,#696,#697,#698,#699,#700,#701,#702,#703,#704,
    #705,#706,#707,#708),.UNSPECIFIED.,.F.,.F.,(8,6,6,6,6,6,6,6,6,6,8),(
    0.,0.104596048092,0.189438499142,0.264934065095,0.3258210769,
    0.500000000004,0.674178923106,0.73506593491,0.810561500861,
    0.89540395191,1.),.UNSPECIFIED.);
#647 = CARTESIAN_POINT('',(6.184750501183,-6.E-07));
#648 = CARTESIAN_POINT('',(6.175673623499,2.853477622182E-02));
#649 = CARTESIAN_POINT('',(6.166583649966,6.066469677156E-02));
#650 = CARTESIAN_POINT('',(6.157581162263,9.630922631882E-02));
#651 = CARTESIAN_POINT('',(6.148754269552,0.135255588661));
#652 = CARTESIAN_POINT('',(6.140166822283,0.17721614024));
#653 = CARTESIAN_POINT('',(6.131862579389,0.221902396344));
#654 = CARTESIAN_POINT('',(6.117384902055,0.307312047184));
#655 = CARTESIAN_POINT('',(6.111104749483,0.347193172918));
#656 = CARTESIAN_POINT('',(6.105042139158,0.3885736618));
#657 = CARTESIAN_POINT('',(6.099206437913,0.431327457324));
#658 = CARTESIAN_POINT('',(6.093603537056,0.475336411836));
#659 = CARTESIAN_POINT('',(6.088236692157,0.520494292155));
#660 = CARTESIAN_POINT('',(6.078543119141,0.607835720354));
#661 = CARTESIAN_POINT('',(6.074167258838,0.649795828348));
#662 = CARTESIAN_POINT('',(6.069980935322,0.6925249938));
#663 = CARTESIAN_POINT('',(6.065984639946,0.735961226429));
#664 = CARTESIAN_POINT('',(6.062178337409,0.780047018984));
#665 = CARTESIAN_POINT('',(6.058561601152,0.82472970518));
#666 = CARTESIAN_POINT('',(6.052369193175,0.906441419178));
#667 = CARTESIAN_POINT('',(6.049727543026,0.943277738994));
#668 = CARTESIAN_POINT('',(6.047208460976,0.980445450116));
#669 = CARTESIAN_POINT('',(6.044811558622,1.017920461272));
#670 = CARTESIAN_POINT('',(6.042536410812,1.055679937916));
#671 = CARTESIAN_POINT('',(6.040382569954,1.09370232325));
#672 = CARTESIAN_POINT('',(6.032533825325,1.24143180111));
#673 = CARTESIAN_POINT('',(6.027707195267,1.352879569843));
#674 = CARTESIAN_POINT('',(6.023859004138,1.465835197528));
#675 = CARTESIAN_POINT('',(6.020980008754,1.579874768277));
#676 = CARTESIAN_POINT('',(6.019062435124,1.694623345253));
#677 = CARTESIAN_POINT('',(6.018102012059,1.809755650841));
#678 = CARTESIAN_POINT('',(6.018102012059,2.040244349157));
#679 = CARTESIAN_POINT('',(6.019062435124,2.155376654748));
#680 = CARTESIAN_POINT('',(6.020980008754,2.270125231723));
#681 = CARTESIAN_POINT('',(6.023859004138,2.384164802472));
#682 = CARTESIAN_POINT('',(6.027707195267,2.497120430157));
#683 = CARTESIAN_POINT('',(6.032533825325,2.60856819889));
#684 = CARTESIAN_POINT('',(6.040382569954,2.75629767675));
#685 = CARTESIAN_POINT('',(6.042536410812,2.794320062084));
#686 = CARTESIAN_POINT('',(6.044811558622,2.832079538728));
#687 = CARTESIAN_POINT('',(6.047208460976,2.869554549884));
#688 = CARTESIAN_POINT('',(6.049727543026,2.906722261006));
#689 = CARTESIAN_POINT('',(6.052369193175,2.943558580822));
#690 = CARTESIAN_POINT('',(6.058561601152,3.02527029482));
#691 = CARTESIAN_POINT('',(6.062178337409,3.069952981016));
#692 = CARTESIAN_POINT('',(6.065984639946,3.114038773571));
#693 = CARTESIAN_POINT('',(6.069980935322,3.1574750062));
#694 = CARTESIAN_POINT('',(6.074167258838,3.200204171652));
#695 = CARTESIAN_POINT('',(6.078543119141,3.242164279646));
#696 = CARTESIAN_POINT('',(6.088236692157,3.329505707845));
#697 = CARTESIAN_POINT('',(6.093603537056,3.374663588164));
#698 = CARTESIAN_POINT('',(6.099206437913,3.418672542676));
#699 = CARTESIAN_POINT('',(6.105042139158,3.4614263382));
#700 = CARTESIAN_POINT('',(6.111104749483,3.502806827082));
#701 = CARTESIAN_POINT('',(6.117384902055,3.542687952816));
#702 = CARTESIAN_POINT('',(6.131862579389,3.628097603656));
#703 = CARTESIAN_POINT('',(6.140166822283,3.67278385976));
#704 = CARTESIAN_POINT('',(6.148754269552,3.714744411339));
#705 = CARTESIAN_POINT('',(6.157581162263,3.753690773681));
#706 = CARTESIAN_POINT('',(6.166583649966,3.789335303228));
#707 = CARTESIAN_POINT('',(6.175673623499,3.821465223778));
#708 = CARTESIAN_POINT('',(6.184750501183,3.8500006));
#709 = ( GEOMETRIC_REPRESENTATION_CONTEXT(2) 
PARAMETRIC_REPRESENTATION_CONTEXT() REPRESENTATION_CONTEXT('2D SPACE',''
  ) );
#710 = PCURVE('',#711,#716);
#711 = SPHERICAL_SURFACE('',#712,2.1924);
#712 = AXIS2_PLACEMENT_3D('',#713,#714,#715);
#713 = CARTESIAN_POINT('',(7.5,0.,0.));
#714 = DIRECTION('',(0.,0.,1.));
#715 = DIRECTION('',(1.,0.,0.));
#716 = DEFINITIONAL_REPRESENTATION('',(#717),#780);
#717 = B_SPLINE_CURVE_WITH_KNOTS('',7,(#718,#719,#720,#721,#722,#723,
    #724,#725,#726,#727,#728,#729,#730,#731,#732,#733,#734,#735,#736,
    #737,#738,#739,#740,#741,#742,#743,#744,#745,#746,#747,#748,#749,
    #750,#751,#752,#753,#754,#755,#756,#757,#758,#759,#760,#761,#762,
    #763,#764,#765,#766,#767,#768,#769,#770,#771,#772,#773,#774,#775,
    #776,#777,#778,#779),.UNSPECIFIED.,.F.,.F.,(8,6,6,6,6,6,6,6,6,6,8),(
    0.,0.104596048092,0.189438499142,0.264934065095,0.3258210769,
    0.500000000004,0.674178923106,0.73506593491,0.810561500861,
    0.89540395191,1.),.UNSPECIFIED.);
#718 = CARTESIAN_POINT('',(5.405913817989,-1.071737674848));
#719 = CARTESIAN_POINT('',(5.355362752599,-1.044542501786));
#720 = CARTESIAN_POINT('',(5.310095129293,-1.015504498104));
#721 = CARTESIAN_POINT('',(5.269893058856,-0.985053632428));
#722 = CARTESIAN_POINT('',(5.234155291015,-0.953610574488));
#723 = CARTESIAN_POINT('',(5.202293339348,-0.921495339791));
#724 = CARTESIAN_POINT('',(5.173784111887,-0.888946443482));
#725 = CARTESIAN_POINT('',(5.127406064928,-0.829503340588));
#726 = CARTESIAN_POINT('',(5.108543035644,-0.802700218056));
#727 = CARTESIAN_POINT('',(5.091344987997,-0.775798360532));
#728 = CARTESIAN_POINT('',(5.075611005069,-0.748858118561));
#729 = CARTESIAN_POINT('',(5.061175300362,-0.721921819103));
#730 = CARTESIAN_POINT('',(5.047900275448,-0.695017426192));
#731 = CARTESIAN_POINT('',(5.024786305843,-0.644265551347));
#732 = CARTESIAN_POINT('',(5.014730655322,-0.620409467374));
#733 = CARTESIAN_POINT('',(5.005421464446,-0.596606730699));
#734 = CARTESIAN_POINT('',(4.996791601814,-0.572865955458));
#735 = CARTESIAN_POINT('',(4.988785347132,-0.54919220063));
#736 = CARTESIAN_POINT('',(4.981355772106,-0.525587581766));
#737 = CARTESIAN_POINT('',(4.968902406776,-0.483070391964));
#738 = CARTESIAN_POINT('',(4.963691420692,-0.464134049514));
#739 = CARTESIAN_POINT('',(4.958808046781,-0.445242877418));
#740 = CARTESIAN_POINT('',(4.954234075336,-0.426396318497));
#741 = CARTESIAN_POINT('',(4.949953771316,-0.407593283049));
#742 = CARTESIAN_POINT('',(4.945953442422,-0.38883219557));
#743 = CARTESIAN_POINT('',(4.931543663506,-0.316555605533));
#744 = CARTESIAN_POINT('',(4.923058864412,-0.263328129057));
#745 = CARTESIAN_POINT('',(4.916485632329,-0.210381715025));
#746 = CARTESIAN_POINT('',(4.911657526616,-0.157656094227));
#747 = CARTESIAN_POINT('',(4.908472892115,-0.105079689384));
#748 = CARTESIAN_POINT('',(4.906877153178,-5.256538458247E-02));
#749 = CARTESIAN_POINT('',(4.906877153178,5.256538458165E-02));
#750 = CARTESIAN_POINT('',(4.908472892115,0.105079689384));
#751 = CARTESIAN_POINT('',(4.911657526616,0.157656094227));
#752 = CARTESIAN_POINT('',(4.916485632329,0.210381715025));
#753 = CARTESIAN_POINT('',(4.923058864412,0.263328129057));
#754 = CARTESIAN_POINT('',(4.931543663506,0.316555605533));
#755 = CARTESIAN_POINT('',(4.945953442422,0.38883219557));
#756 = CARTESIAN_POINT('',(4.949953771316,0.407593283049));
#757 = CARTESIAN_POINT('',(4.954234075336,0.426396318497));
#758 = CARTESIAN_POINT('',(4.958808046781,0.445242877418));
#759 = CARTESIAN_POINT('',(4.963691420692,0.464134049514));
#760 = CARTESIAN_POINT('',(4.968902406776,0.483070391964));
#761 = CARTESIAN_POINT('',(4.981355772106,0.525587581766));
#762 = CARTESIAN_POINT('',(4.988785347132,0.54919220063));
#763 = CARTESIAN_POINT('',(4.996791601814,0.572865955458));
#764 = CARTESIAN_POINT('',(5.005421464446,0.596606730699));
#765 = CARTESIAN_POINT('',(5.014730655322,0.620409467374));
#766 = CARTESIAN_POINT('',(5.024786305843,0.644265551347));
#767 = CARTESIAN_POINT('',(5.047900275448,0.695017426192));
#768 = CARTESIAN_POINT('',(5.061175300362,0.721921819103));
#769 = CARTESIAN_POINT('',(5.075611005069,0.748858118561));
#770 = CARTESIAN_POINT('',(5.091344987997,0.775798360532));
#771 = CARTESIAN_POINT('',(5.108543035644,0.802700218056));
#772 = CARTESIAN_POINT('',(5.127406064928,0.829503340588));
#773 = CARTESIAN_POINT('',(5.173784111887,0.888946443482));
#774 = CARTESIAN_POINT('',(5.202293339349,0.921495339791));
#775 = CARTESIAN_POINT('',(5.234155291015,0.953610574487));
#776 = CARTESIAN_POINT('',(5.269893058857,0.985053632428));
#777 = CARTESIAN_POINT('',(5.310095129293,1.015504498104));
#778 = CARTESIAN_POINT('',(5.355362752599,1.044542501786));
#779 = CARTESIAN_POINT('',(5.405913817989,1.071737674848));
#780 = ( GEOMETRIC_REPRESENTATION_CONTEXT(2) 
PARAMETRIC_REPRESENTATION_CONTEXT() REPRESENTATION_CONTEXT('2D SPACE',''
  ) );
#781 = ORIENTED_EDGE('',*,*,#782,.F.);
#782 = EDGE_CURVE('',#783,#573,#785,.T.);
#783 = VERTEX_POINT('',#784);
#784 = CARTESIAN_POINT('',(5.725238803002,-5.885061673305,1.925));
#785 = SURFACE_CURVE('',#786,(#791,#798),.PCURVE_S1.);
#786 = CIRCLE('',#787,8.2105);
#787 = AXIS2_PLACEMENT_3D('',#788,#789,#790);
#788 = CARTESIAN_POINT('',(0.,0.,1.925));
#789 = DIRECTION('',(0.,0.,1.));
#790 = DIRECTION('',(1.,0.,0.));
#791 = PCURVE('',#640,#792);
#792 = DEFINITIONAL_REPRESENTATION('',(#793),#797);
#793 = LINE('',#794,#795);
#794 = CARTESIAN_POINT('',(0.,3.85));
#795 = VECTOR('',#796,1.);
#796 = DIRECTION('',(1.,0.));
#797 = ( GEOMETRIC_REPRESENTATION_CONTEXT(2) 
PARAMETRIC_REPRESENTATION_CONTEXT() REPRESENTATION_CONTEXT('2D SPACE',''
  ) );
#798 = PCURVE('',#799,#804);
#799 = PLANE('',#800);
#800 = AXIS2_PLACEMENT_3D('',#801,#802,#803);
#801 = CARTESIAN_POINT('',(0.,0.,1.925));
#802 = DIRECTION('',(0.,0.,1.));
#803 = DIRECTION('',(1.,0.,0.));
#804 = DEFINITIONAL_REPRESENTATION('',(#805),#809);
#805 = CIRCLE('',#806,8.2105);
#806 = AXIS2_PLACEMENT_2D('',#807,#808);
#807 = CARTESIAN_POINT('',(0.,0.));
#808 = DIRECTION('',(1.,0.));
#809 = ( GEOMETRIC_REPRESENTATION_CONTEXT(2) 
PARAMETRIC_REPRESENTATION_CONTEXT() REPRESENTATION_CONTEXT('2D SPACE',''
  ) );
#810 = ORIENTED_EDGE('',*,*,#811,.F.);
#811 = EDGE_CURVE('',#812,#783,#814,.T.);
#812 = VERTEX_POINT('',#813);
#813 = CARTESIAN_POINT('',(5.725238803002,-5.885061673305,-1.925));
#814 = SURFACE_CURVE('',#815,(#878,#944),.PCURVE_S1.);
#815 = B_SPLINE_CURVE_WITH_KNOTS('',7,(#816,#817,#818,#819,#820,#821,
    #822,#823,#824,#825,#826,#827,#828,#829,#830,#831,#832,#833,#834,
    #835,#836,#837,#838,#839,#840,#841,#842,#843,#844,#845,#846,#847,
    #848,#849,#850,#851,#852,#853,#854,#855,#856,#857,#858,#859,#860,
    #861,#862,#863,#864,#865,#866,#867,#868,#869,#870,#871,#872,#873,
    #874,#875,#876,#877),.UNSPECIFIED.,.F.,.F.,(8,6,6,6,6,6,6,6,6,6,8),(
    0.,0.105335769223,0.190864882339,0.266960782181,0.32868967722,
    0.506390218626,0.671578382394,0.733237648814,0.809282602626,
    0.89477581715,1.),.UNSPECIFIED.);
#816 = CARTESIAN_POINT('',(5.725237679808,-5.885062765996,-1.9250006));
#817 = CARTESIAN_POINT('',(5.779034468085,-5.832726977654,
    -1.896262876016));
#818 = CARTESIAN_POINT('',(5.832350712236,-5.779741990756,
    -1.863879757609));
#819 = CARTESIAN_POINT('',(5.884571864252,-5.726699638527,
    -1.827932801126));
#820 = CARTESIAN_POINT('',(5.935196944259,-5.674157789446,-1.78864013631
    ));
#821 = CARTESIAN_POINT('',(5.983902989144,-5.622558572901,
    -1.746296343683));
#822 = CARTESIAN_POINT('',(6.030497811683,-5.57223122301,-1.701196141731
    ));
#823 = CARTESIAN_POINT('',(6.110934141272,-5.48376376111,-1.614950519515
    ));
#824 = CARTESIAN_POINT('',(6.145528890259,-5.445108368223,
    -1.574652881221));
#825 = CARTESIAN_POINT('',(6.178629924379,-5.407559450964,
    -1.532838243966));
#826 = CARTESIAN_POINT('',(6.210219922815,-5.371209212563,
    -1.489635302137));
#827 = CARTESIAN_POINT('',(6.240301730161,-5.336127621012,
    -1.445164551032));
#828 = CARTESIAN_POINT('',(6.268891976677,-5.302366383163,
    -1.399534212907));
#829 = CARTESIAN_POINT('',(6.320145989634,-5.241133311146,
    -1.311288554324));
#830 = CARTESIAN_POINT('',(6.343113956877,-5.21338058991,-1.268898893968
    ));
#831 = CARTESIAN_POINT('',(6.364935142845,-5.186732189092,
    -1.225734448059));
#832 = CARTESIAN_POINT('',(6.385628579559,-5.161209898313,
    -1.181858254563));
#833 = CARTESIAN_POINT('',(6.405214880867,-5.136830688901,-1.13732876565
    ));
#834 = CARTESIAN_POINT('',(6.423715334835,-5.113607539956,
    -1.092199490037));
#835 = CARTESIAN_POINT('',(6.455294781918,-5.073657431153,
    -1.009462385348));
#836 = CARTESIAN_POINT('',(6.46873764222,-5.056532116713,-0.97204384855)
  );
#837 = CARTESIAN_POINT('',(6.481490736504,-5.040179714484,-0.93428919986
    ));
#838 = CARTESIAN_POINT('',(6.493564852949,-5.024604655659,
    -0.896223329806));
#839 = CARTESIAN_POINT('',(6.504970326667,-5.009810528332,
    -0.857869823628));
#840 = CARTESIAN_POINT('',(6.515716957926,-4.99580019662,-0.819250940413
    ));
#841 = CARTESIAN_POINT('',(6.55488034193,-4.94450685739,-0.668510682544)
  );
#842 = CARTESIAN_POINT('',(6.578559794344,-4.912956082232,
    -0.554620229743));
#843 = CARTESIAN_POINT('',(6.597077785491,-4.887969363988,-0.43919886915
    ));
#844 = CARTESIAN_POINT('',(6.610598162173,-4.86957628091,-0.322690144685
    ));
#845 = CARTESIAN_POINT('',(6.619232143087,-4.857786615898,
    -0.205502466411));
#846 = CARTESIAN_POINT('',(6.623035636656,-4.852598510575,
    -8.80102832172E-02));
#847 = CARTESIAN_POINT('',(6.621027355074,-4.855338267467,0.138634818515
    ));
#848 = CARTESIAN_POINT('',(6.615874158505,-4.862367768439,0.247745652869
    ));
#849 = CARTESIAN_POINT('',(6.606530589785,-4.875103210581,0.356499611749
    ));
#850 = CARTESIAN_POINT('',(6.592942079124,-4.893544065116,0.464589801725
    ));
#851 = CARTESIAN_POINT('',(6.575013052876,-4.917680171192,0.571683698667
    ));
#852 = CARTESIAN_POINT('',(6.552608196907,-4.947486677122,0.677422313198
    ));
#853 = CARTESIAN_POINT('',(6.515444704657,-4.996155280214,0.820235702967
    ));
#854 = CARTESIAN_POINT('',(6.504694815562,-5.010168266861,0.858809361309
    ));
#855 = CARTESIAN_POINT('',(6.49328725867,-5.024963395665,0.897117790818)
  );
#856 = CARTESIAN_POINT('',(6.481212255297,-5.040537802332,0.935138784114
    ));
#857 = CARTESIAN_POINT('',(6.46845949543,-5.056887899612,0.972848811138)
  );
#858 = CARTESIAN_POINT('',(6.455018219437,-5.074009258503,1.010223040044
    ));
#859 = CARTESIAN_POINT('',(6.423437170422,-5.113956979775,1.092882998436
    ));
#860 = CARTESIAN_POINT('',(6.404933219741,-5.137181910125,1.137979127892
    ));
#861 = CARTESIAN_POINT('',(6.385344424076,-5.161561460882,1.18247558729)
  );
#862 = CARTESIAN_POINT('',(6.364649532233,-5.187082646664,1.226318922638
    ));
#863 = CARTESIAN_POINT('',(6.342827972978,-5.213728490999,1.269450743035
    ));
#864 = CARTESIAN_POINT('',(6.319860762548,-5.241477201006,1.311808078573
    ));
#865 = CARTESIAN_POINT('',(6.268604093003,-5.302706759543,1.399997541305
    ));
#866 = CARTESIAN_POINT('',(6.240010010856,-5.336468791434,1.445603578469
    ));
#867 = CARTESIAN_POINT('',(6.209925187159,-5.371549988974,1.490050009046
    ));
#868 = CARTESIAN_POINT('',(6.17833306455,-5.407898609371,1.533228652767)
  );
#869 = CARTESIAN_POINT('',(6.145230887156,-5.445444643634,1.575019067533
    ));
#870 = CARTESIAN_POINT('',(6.110636080914,-5.4840958444,1.615292627163)
  );
#871 = CARTESIAN_POINT('',(6.030230724204,-5.57251969127,1.701454592815)
  );
#872 = CARTESIAN_POINT('',(5.983670380977,-5.622804987316,1.746498518472
    ));
#873 = CARTESIAN_POINT('',(5.935003554213,-5.674358493845,1.788790207264
    ));
#874 = CARTESIAN_POINT('',(5.8844222415,-5.726851613254,1.828035791811)
  );
#875 = CARTESIAN_POINT('',(5.832248830812,-5.779843239629,1.863941639906
    ));
#876 = CARTESIAN_POINT('',(5.778983028907,-5.832777019859,1.896290354327
    ));
#877 = CARTESIAN_POINT('',(5.725237679808,-5.885062765996,1.9250006));
#878 = PCURVE('',#640,#879);
#879 = DEFINITIONAL_REPRESENTATION('',(#880),#943);
#880 = B_SPLINE_CURVE_WITH_KNOTS('',7,(#881,#882,#883,#884,#885,#886,
    #887,#888,#889,#890,#891,#892,#893,#894,#895,#896,#897,#898,#899,
    #900,#901,#902,#903,#904,#905,#906,#907,#908,#909,#910,#911,#912,
    #913,#914,#915,#916,#917,#918,#919,#920,#921,#922,#923,#924,#925,
    #926,#927,#928,#929,#930,#931,#932,#933,#934,#935,#936,#937,#938,
    #939,#940,#941,#942),.UNSPECIFIED.,.F.,.F.,(8,6,6,6,6,6,6,6,6,6,8),(
    0.,0.105335769223,0.190864882339,0.266960782181,0.32868967722,
    0.506390218626,0.671578382394,0.733237648814,0.809282602626,
    0.89477581715,1.),.UNSPECIFIED.);
#881 = CARTESIAN_POINT('',(5.48402221215,-6.000000019046E-07));
#882 = CARTESIAN_POINT('',(5.493163455059,2.873712398375E-02));
#883 = CARTESIAN_POINT('',(5.502317882605,6.112024239052E-02));
#884 = CARTESIAN_POINT('',(5.511382826415,9.706719887368E-02));
#885 = CARTESIAN_POINT('',(5.520268446461,0.13635986369));
#886 = CARTESIAN_POINT('',(5.528909897425,0.178703656317));
#887 = CARTESIAN_POINT('',(5.537262900598,0.223803858269));
#888 = CARTESIAN_POINT('',(5.551825710549,0.310049480485));
#889 = CARTESIAN_POINT('',(5.558143667149,0.350347118779));
#890 = CARTESIAN_POINT('',(5.564239983671,0.392161756034));
#891 = CARTESIAN_POINT('',(5.570105248759,0.435364697863));
#892 = CARTESIAN_POINT('',(5.57573358403,0.479835448968));
#893 = CARTESIAN_POINT('',(5.58112178215,0.525465787093));
#894 = CARTESIAN_POINT('',(5.590847469739,0.613711445676));
#895 = CARTESIAN_POINT('',(5.595234975215,0.656101106032));
#896 = CARTESIAN_POINT('',(5.599429848955,0.699265551941));
#897 = CARTESIAN_POINT('',(5.603431641665,0.743141745437));
#898 = CARTESIAN_POINT('',(5.607240430204,0.78767123435));
#899 = CARTESIAN_POINT('',(5.610856680657,0.832800509963));
#900 = CARTESIAN_POINT('',(5.617059005183,0.915537614652));
#901 = CARTESIAN_POINT('',(5.619710623812,0.95295615145));
#902 = CARTESIAN_POINT('',(5.622236329686,0.99071080014));
#903 = CARTESIAN_POINT('',(5.624636535094,1.028776670194));
#904 = CARTESIAN_POINT('',(5.62691168753,1.067130176372));
#905 = CARTESIAN_POINT('',(5.629062254998,1.105749059587));
#906 = CARTESIAN_POINT('',(5.636922322689,1.256489317456));
#907 = CARTESIAN_POINT('',(5.641726774298,1.370379770257));
#908 = CARTESIAN_POINT('',(5.645514624409,1.48580113085));
#909 = CARTESIAN_POINT('',(5.648294935583,1.602309855315));
#910 = CARTESIAN_POINT('',(5.650074736637,1.719497533589));
#911 = CARTESIAN_POINT('',(5.650858241457,1.836989716783));
#912 = CARTESIAN_POINT('',(5.650444505573,2.063634818515));
#913 = CARTESIAN_POINT('',(5.649382933117,2.172745652869));
#914 = CARTESIAN_POINT('',(5.64745913281,2.281499611749));
#915 = CARTESIAN_POINT('',(5.644669223544,2.389589801725));
#916 = CARTESIAN_POINT('',(5.64100731273,2.496683698667));
#917 = CARTESIAN_POINT('',(5.636465924094,2.602422313198));
#918 = CARTESIAN_POINT('',(5.629007758538,2.745235702967));
#919 = CARTESIAN_POINT('',(5.626856693007,2.783809361309));
#920 = CARTESIAN_POINT('',(5.624581289061,2.822117790818));
#921 = CARTESIAN_POINT('',(5.622181080243,2.860138784114));
#922 = CARTESIAN_POINT('',(5.619655620775,2.897848811138));
#923 = CARTESIAN_POINT('',(5.617004500234,2.935223040044));
#924 = CARTESIAN_POINT('',(5.610802282832,3.017882998436));
#925 = CARTESIAN_POINT('',(5.607185597325,3.062979127892));
#926 = CARTESIAN_POINT('',(5.603376586115,3.10747558729));
#927 = CARTESIAN_POINT('',(5.599374786324,3.151318922638));
#928 = CARTESIAN_POINT('',(5.595180124659,3.194450743035));
#929 = CARTESIAN_POINT('',(5.590793054287,3.236808078573));
#930 = CARTESIAN_POINT('',(5.581067487148,3.324997541305));
#931 = CARTESIAN_POINT('',(5.575678913347,3.370603578469));
#932 = CARTESIAN_POINT('',(5.570050375393,3.415050009046));
#933 = CARTESIAN_POINT('',(5.564185089345,3.458228652767));
#934 = CARTESIAN_POINT('',(5.558088944097,3.500019067533));
#935 = CARTESIAN_POINT('',(5.551771363244,3.540292627163));
#936 = CARTESIAN_POINT('',(5.537215021412,3.626454592815));
#937 = CARTESIAN_POINT('',(5.528868628932,3.671498518472));
#938 = CARTESIAN_POINT('',(5.520234503669,3.713790207264));
#939 = CARTESIAN_POINT('',(5.511356853843,3.753035791811));
#940 = CARTESIAN_POINT('',(5.502300389471,3.788941639906));
#941 = CARTESIAN_POINT('',(5.493154714425,3.821290354327));
#942 = CARTESIAN_POINT('',(5.48402221215,3.8500006));
#943 = ( GEOMETRIC_REPRESENTATION_CONTEXT(2) 
PARAMETRIC_REPRESENTATION_CONTEXT() REPRESENTATION_CONTEXT('2D SPACE',''
  ) );
#944 = PCURVE('',#945,#950);
#945 = SPHERICAL_SURFACE('',#946,2.1924);
#946 = AXIS2_PLACEMENT_3D('',#947,#948,#949);
#947 = CARTESIAN_POINT('',(4.676173513941,-5.86373611851,0.));
#948 = DIRECTION('',(0.,0.,1.));
#949 = DIRECTION('',(0.623489801859,-0.781831482468,0.));
#950 = DEFINITIONAL_REPRESENTATION('',(#951),#1014);
#951 = B_SPLINE_CURVE_WITH_KNOTS('',7,(#952,#953,#954,#955,#956,#957,
    #958,#959,#960,#961,#962,#963,#964,#965,#966,#967,#968,#969,#970,
    #971,#972,#973,#974,#975,#976,#977,#978,#979,#980,#981,#982,#983,
    #984,#985,#986,#987,#988,#989,#990,#991,#992,#993,#994,#995,#996,
    #997,#998,#999,#1000,#1001,#1002,#1003,#1004,#1005,#1006,#1007,#1008
    ,#1009,#1010,#1011,#1012,#1013),.UNSPECIFIED.,.F.,.F.,(8,6,6,6,6,6,6
    ,6,6,6,8),(0.,0.105335769223,0.190864882339,0.266960782181,
    0.32868967722,0.506390218626,0.671578382394,0.733237648814,
    0.809282602626,0.89477581715,1.),.UNSPECIFIED.);
#952 = CARTESIAN_POINT('',(0.87727148919,-1.071737674848));
#953 = CARTESIAN_POINT('',(0.928181018224,-1.044349657565));
#954 = CARTESIAN_POINT('',(0.973731366378,-1.015092872947));
#955 = CARTESIAN_POINT('',(1.014145672339,-0.984406373868));
#956 = CARTESIAN_POINT('',(1.05004111318,-0.952719531908));
#957 = CARTESIAN_POINT('',(1.082018443055,-0.920357654543));
#958 = CARTESIAN_POINT('',(1.110610498933,-0.887562601126));
#959 = CARTESIAN_POINT('',(1.157114041382,-0.827650017149));
#960 = CARTESIAN_POINT('',(1.176024471698,-0.800622523418));
#961 = CARTESIAN_POINT('',(1.193254095681,-0.773498198387));
#962 = CARTESIAN_POINT('',(1.209007144241,-0.746337935562));
#963 = CARTESIAN_POINT('',(1.223451727022,-0.71918425912));
#964 = CARTESIAN_POINT('',(1.236727104526,-0.692065091239));
#965 = CARTESIAN_POINT('',(1.259826617263,-0.640915295771));
#966 = CARTESIAN_POINT('',(1.269869169175,-0.616875590593));
#967 = CARTESIAN_POINT('',(1.279160626964,-0.592891071907));
#968 = CARTESIAN_POINT('',(1.287768722488,-0.568970210003));
#969 = CARTESIAN_POINT('',(1.295749588369,-0.545117894467));
#970 = CARTESIAN_POINT('',(1.303150437883,-0.521336051183));
#971 = CARTESIAN_POINT('',(1.315578533747,-0.478389284618));
#972 = CARTESIAN_POINT('',(1.320789962299,-0.45920073925));
#973 = CARTESIAN_POINT('',(1.325668126947,-0.440058538112));
#974 = CARTESIAN_POINT('',(1.330231613209,-0.420962006635));
#975 = CARTESIAN_POINT('',(1.334496445934,-0.401909927544));
#976 = CARTESIAN_POINT('',(1.338476539554,-0.382900587589));
#977 = CARTESIAN_POINT('',(1.352857336115,-0.309325962538));
#978 = CARTESIAN_POINT('',(1.361271345545,-0.25506236063));
#979 = CARTESIAN_POINT('',(1.367718517708,-0.201080791788));
#980 = CARTESIAN_POINT('',(1.372367359842,-0.14731617844));
#981 = CARTESIAN_POINT('',(1.375317386058,-9.369831914901E-02));
#982 = CARTESIAN_POINT('',(1.376619726568,-4.01477806823E-02));
#983 = CARTESIAN_POINT('',(1.375932366746,6.323916919203E-02));
#984 = CARTESIAN_POINT('',(1.374168204382,0.113050307778));
#985 = CARTESIAN_POINT('',(1.370966201537,0.162939299148));
#986 = CARTESIAN_POINT('',(1.366276241501,0.212968401349));
#987 = CARTESIAN_POINT('',(1.360010013507,0.263193327969));
#988 = CARTESIAN_POINT('',(1.352025063198,0.313665947585));
#989 = CARTESIAN_POINT('',(1.338375785581,0.383384919123));
#990 = CARTESIAN_POINT('',(1.334393625639,0.402375723985));
#991 = CARTESIAN_POINT('',(1.330127064225,0.421409211962));
#992 = CARTESIAN_POINT('',(1.325562201011,0.440487085331));
#993 = CARTESIAN_POINT('',(1.320683030029,0.459610551027));
#994 = CARTESIAN_POINT('',(1.31547099071,0.478780273882));
#995 = CARTESIAN_POINT('',(1.30303933687,0.521695672622));
#996 = CARTESIAN_POINT('',(1.29563526771,0.545464986075));
#997 = CARTESIAN_POINT('',(1.287651343441,0.569304673921));
#998 = CARTESIAN_POINT('',(1.279040359871,0.59321279346));
#999 = CARTESIAN_POINT('',(1.269746200428,0.617184438662));
#1000 = CARTESIAN_POINT('',(1.259701159956,0.641211123252));
#1001 = CARTESIAN_POINT('',(1.23659384553,0.692339679802));
#1002 = CARTESIAN_POINT('',(1.223312695074,0.71945061423));
#1003 = CARTESIAN_POINT('',(1.208862109418,0.746595844898));
#1004 = CARTESIAN_POINT('',(1.193102798212,0.773747408599));
#1005 = CARTESIAN_POINT('',(1.175866632516,0.800862735087));
#1006 = CARTESIAN_POINT('',(1.156949388837,0.827880881087));
#1007 = CARTESIAN_POINT('',(1.110446575799,0.887750559228));
#1008 = CARTESIAN_POINT('',(1.081865700677,0.920512186086));
#1009 = CARTESIAN_POINT('',(1.049903968958,0.952840565588));
#1010 = CARTESIAN_POINT('',(1.014029871625,0.984494292917));
#1011 = CARTESIAN_POINT('',(0.973644327291,1.015148780672));
#1012 = CARTESIAN_POINT('',(0.928132339774,1.044375845319));
#1013 = CARTESIAN_POINT('',(0.87727148919,1.071737674848));
#1014 = ( GEOMETRIC_REPRESENTATION_CONTEXT(2) 
PARAMETRIC_REPRESENTATION_CONTEXT() REPRESENTATION_CONTEXT('2D SPACE',''
  ) );
#1015 = ORIENTED_EDGE('',*,*,#1016,.T.);
#1016 = EDGE_CURVE('',#812,#571,#1017,.T.);
#1017 = SURFACE_CURVE('',#1018,(#1023,#1030),.PCURVE_S1.);
#1018 = CIRCLE('',#1019,8.2105);
#1019 = AXIS2_PLACEMENT_3D('',#1020,#1021,#1022);
#1020 = CARTESIAN_POINT('',(0.,0.,-1.925));
#1021 = DIRECTION('',(0.,0.,1.));
#1022 = DIRECTION('',(1.,0.,0.));
#1023 = PCURVE('',#640,#1024);
#1024 = DEFINITIONAL_REPRESENTATION('',(#1025),#1029);
#1025 = LINE('',#1026,#1027);
#1026 = CARTESIAN_POINT('',(0.,0.));
#1027 = VECTOR('',#1028,1.);
#1028 = DIRECTION('',(1.,0.));
#1029 = ( GEOMETRIC_REPRESENTATION_CONTEXT(2) 
PARAMETRIC_REPRESENTATION_CONTEXT() REPRESENTATION_CONTEXT('2D SPACE',''
  ) );
#1030 = PCURVE('',#1031,#1036);
#1031 = PLANE('',#1032);
#1032 = AXIS2_PLACEMENT_3D('',#1033,#1034,#1035);
#1033 = CARTESIAN_POINT('',(0.,0.,-1.925));
#1034 = DIRECTION('',(0.,0.,1.));
#1035 = DIRECTION('',(1.,0.,0.));
#1036 = DEFINITIONAL_REPRESENTATION('',(#1037),#1041);
#1037 = CIRCLE('',#1038,8.2105);
#1038 = AXIS2_PLACEMENT_2D('',#1039,#1040);
#1039 = CARTESIAN_POINT('',(0.,0.));
#1040 = DIRECTION('',(1.,0.));
#1041 = ( GEOMETRIC_REPRESENTATION_CONTEXT(2) 
PARAMETRIC_REPRESENTATION_CONTEXT() REPRESENTATION_CONTEXT('2D SPACE',''
  ) );
#1042 = ADVANCED_FACE('',(#1043),#711,.F.);
#1043 = FACE_BOUND('',#1044,.F.);
#1044 = EDGE_LOOP('',(#1045,#1069,#1070,#1094));
#1045 = ORIENTED_EDGE('',*,*,#1046,.T.);
#1046 = EDGE_CURVE('',#1047,#571,#1049,.T.);
#1047 = VERTEX_POINT('',#1048);
#1048 = CARTESIAN_POINT('',(6.749754499333,-0.733569661811,-1.925));
#1049 = SURFACE_CURVE('',#1050,(#1055,#1062),.PCURVE_S1.);
#1050 = CIRCLE('',#1051,1.049282021194);
#1051 = AXIS2_PLACEMENT_3D('',#1052,#1053,#1054);
#1052 = CARTESIAN_POINT('',(7.5,0.,-1.925));
#1053 = DIRECTION('',(0.,0.,1.));
#1054 = DIRECTION('',(1.,0.,-0.));
#1055 = PCURVE('',#711,#1056);
#1056 = DEFINITIONAL_REPRESENTATION('',(#1057),#1061);
#1057 = LINE('',#1058,#1059);
#1058 = CARTESIAN_POINT('',(0.,-1.071737103028));
#1059 = VECTOR('',#1060,1.);
#1060 = DIRECTION('',(1.,0.));
#1061 = ( GEOMETRIC_REPRESENTATION_CONTEXT(2) 
PARAMETRIC_REPRESENTATION_CONTEXT() REPRESENTATION_CONTEXT('2D SPACE',''
  ) );
#1062 = PCURVE('',#1031,#1063);
#1063 = DEFINITIONAL_REPRESENTATION('',(#1064),#1068);
#1064 = CIRCLE('',#1065,1.049282021194);
#1065 = AXIS2_PLACEMENT_2D('',#1066,#1067);
#1066 = CARTESIAN_POINT('',(7.5,0.));
#1067 = DIRECTION('',(1.,0.));
#1068 = ( GEOMETRIC_REPRESENTATION_CONTEXT(2) 
PARAMETRIC_REPRESENTATION_CONTEXT() REPRESENTATION_CONTEXT('2D SPACE',''
  ) );
#1069 = ORIENTED_EDGE('',*,*,#570,.T.);
#1070 = ORIENTED_EDGE('',*,*,#1071,.F.);
#1071 = EDGE_CURVE('',#1072,#573,#1074,.T.);
#1072 = VERTEX_POINT('',#1073);
#1073 = CARTESIAN_POINT('',(6.749754499333,-0.733569661811,1.925));
#1074 = SURFACE_CURVE('',#1075,(#1080,#1087),.PCURVE_S1.);
#1075 = CIRCLE('',#1076,1.049282021194);
#1076 = AXIS2_PLACEMENT_3D('',#1077,#1078,#1079);
#1077 = CARTESIAN_POINT('',(7.5,0.,1.925));
#1078 = DIRECTION('',(0.,0.,1.));
#1079 = DIRECTION('',(1.,0.,-0.));
#1080 = PCURVE('',#711,#1081);
#1081 = DEFINITIONAL_REPRESENTATION('',(#1082),#1086);
#1082 = LINE('',#1083,#1084);
#1083 = CARTESIAN_POINT('',(0.,1.071737103028));
#1084 = VECTOR('',#1085,1.);
#1085 = DIRECTION('',(1.,0.));
#1086 = ( GEOMETRIC_REPRESENTATION_CONTEXT(2) 
PARAMETRIC_REPRESENTATION_CONTEXT() REPRESENTATION_CONTEXT('2D SPACE',''
  ) );
#1087 = PCURVE('',#799,#1088);
#1088 = DEFINITIONAL_REPRESENTATION('',(#1089),#1093);
#1089 = CIRCLE('',#1090,1.049282021194);
#1090 = AXIS2_PLACEMENT_2D('',#1091,#1092);
#1091 = CARTESIAN_POINT('',(7.5,0.));
#1092 = DIRECTION('',(1.,0.));
#1093 = ( GEOMETRIC_REPRESENTATION_CONTEXT(2) 
PARAMETRIC_REPRESENTATION_CONTEXT() REPRESENTATION_CONTEXT('2D SPACE',''
  ) );
#1094 = ORIENTED_EDGE('',*,*,#1095,.F.);
#1095 = EDGE_CURVE('',#1047,#1072,#1096,.T.);
#1096 = SURFACE_CURVE('',#1097,(#1160,#1226),.PCURVE_S1.);
#1097 = B_SPLINE_CURVE_WITH_KNOTS('',7,(#1098,#1099,#1100,#1101,#1102,
    #1103,#1104,#1105,#1106,#1107,#1108,#1109,#1110,#1111,#1112,#1113,
    #1114,#1115,#1116,#1117,#1118,#1119,#1120,#1121,#1122,#1123,#1124,
    #1125,#1126,#1127,#1128,#1129,#1130,#1131,#1132,#1133,#1134,#1135,
    #1136,#1137,#1138,#1139,#1140,#1141,#1142,#1143,#1144,#1145,#1146,
    #1147,#1148,#1149,#1150,#1151,#1152,#1153,#1154,#1155,#1156,#1157,
    #1158,#1159),.UNSPECIFIED.,.F.,.F.,(8,6,6,6,6,6,6,6,6,6,8),(0.,
    8.661468717325E-02,0.162499919891,0.237011062555,0.302747375674,
    0.500000000003,0.697252624329,0.762988937447,0.83750008011,
    0.913385312827,1.),.UNSPECIFIED.);
#1098 = CARTESIAN_POINT('',(6.749754653333,-0.733568244818,-1.9250006));
#1099 = CARTESIAN_POINT('',(6.74327407544,-0.793197749092,
    -1.899751603092));
#1100 = CARTESIAN_POINT('',(6.736202511911,-0.852543436651,
    -1.871813681009));
#1101 = CARTESIAN_POINT('',(6.72861047344,-0.911030662307,
    -1.841313523657));
#1102 = CARTESIAN_POINT('',(6.720592312455,-0.968196926116,
    -1.808458202712));
#1103 = CARTESIAN_POINT('',(6.712248510753,-1.023730284518,
    -1.77348646713));
#1104 = CARTESIAN_POINT('',(6.703670051744,-1.077439953965,
    -1.736619441174));
#1105 = CARTESIAN_POINT('',(6.687280591731,-1.174608934898,
    -1.664229304376));
#1106 = CARTESIAN_POINT('',(6.679506598655,-1.218510643069,
    -1.629107606186));
#1107 = CARTESIAN_POINT('',(6.671664132244,-1.260877523891,
    -1.592787623761));
#1108 = CARTESIAN_POINT('',(6.663800753506,-1.301677586916,
    -1.555380369068));
#1109 = CARTESIAN_POINT('',(6.655959252411,-1.340901055643,
    -1.516986391795));
#1110 = CARTESIAN_POINT('',(6.648177182656,-1.378554617102,
    -1.477692518531));
#1111 = CARTESIAN_POINT('',(6.632934870945,-1.450103026801,
    -1.398171208404));
#1112 = CARTESIAN_POINT('',(6.625472287719,-1.484049553909,
    -1.357978241933));
#1113 = CARTESIAN_POINT('',(6.618129670044,-1.516509767492,
    -1.317059769555));
#1114 = CARTESIAN_POINT('',(6.610934752282,-1.547501713445,
    -1.275479836826));
#1115 = CARTESIAN_POINT('',(6.603912174961,-1.577046030396,
    -1.233296167596));
#1116 = CARTESIAN_POINT('',(6.597083679879,-1.605165011279,
    -1.190559873765));
#1117 = CARTESIAN_POINT('',(6.584631992315,-1.655452022895,
    -1.109163183844));
#1118 = CARTESIAN_POINT('',(6.578961755065,-1.677930139864,
    -1.070616723569));
#1119 = CARTESIAN_POINT('',(6.573470802977,-1.699331414437,
    -1.031707005543));
#1120 = CARTESIAN_POINT('',(6.568171018643,-1.719670682564,
    -0.99246306979));
#1121 = CARTESIAN_POINT('',(6.563073050342,-1.738962170549,
    -0.952911779578));
#1122 = CARTESIAN_POINT('',(6.55818640466,-1.757219448093,
    -0.913077825956));
#1123 = CARTESIAN_POINT('',(6.539515841156,-1.826174635144,
    -0.752674806859));
#1124 = CARTESIAN_POINT('',(6.527492225802,-1.868693421039,
    -0.630033617475));
#1125 = CARTESIAN_POINT('',(6.517675666316,-1.90236468875,
    -0.505660451254));
#1126 = CARTESIAN_POINT('',(6.510220192584,-1.927439921832,
    -0.380067855156));
#1127 = CARTESIAN_POINT('',(6.505218133728,-1.94409950567,
    -0.253694371709));
#1128 = CARTESIAN_POINT('',(6.502712832667,-1.952443614006,
    -0.126908088296));
#1129 = CARTESIAN_POINT('',(6.502712832667,-1.952443614006,
    0.126908088295));
#1130 = CARTESIAN_POINT('',(6.505218133728,-1.94409950567,0.253694371711
    ));
#1131 = CARTESIAN_POINT('',(6.510220192584,-1.927439921832,
    0.380067855156));
#1132 = CARTESIAN_POINT('',(6.517675666316,-1.90236468875,0.505660451253
    ));
#1133 = CARTESIAN_POINT('',(6.527492225802,-1.868693421039,
    0.630033617475));
#1134 = CARTESIAN_POINT('',(6.539515841156,-1.826174635144,
    0.752674806859));
#1135 = CARTESIAN_POINT('',(6.55818640466,-1.757219448093,0.913077825956
    ));
#1136 = CARTESIAN_POINT('',(6.563073050342,-1.738962170549,
    0.952911779578));
#1137 = CARTESIAN_POINT('',(6.568171018643,-1.719670682564,0.99246306979
    ));
#1138 = CARTESIAN_POINT('',(6.573470802977,-1.699331414437,
    1.031707005543));
#1139 = CARTESIAN_POINT('',(6.578961755065,-1.677930139864,
    1.070616723569));
#1140 = CARTESIAN_POINT('',(6.584631992315,-1.655452022895,
    1.109163183844));
#1141 = CARTESIAN_POINT('',(6.597083679879,-1.605165011279,
    1.190559873765));
#1142 = CARTESIAN_POINT('',(6.603912174961,-1.577046030396,
    1.233296167596));
#1143 = CARTESIAN_POINT('',(6.610934752282,-1.547501713445,
    1.275479836826));
#1144 = CARTESIAN_POINT('',(6.618129670044,-1.516509767492,
    1.317059769555));
#1145 = CARTESIAN_POINT('',(6.625472287719,-1.484049553909,
    1.357978241933));
#1146 = CARTESIAN_POINT('',(6.632934870945,-1.450103026801,
    1.398171208404));
#1147 = CARTESIAN_POINT('',(6.648177182656,-1.378554617102,
    1.477692518531));
#1148 = CARTESIAN_POINT('',(6.655959252411,-1.340901055643,
    1.516986391795));
#1149 = CARTESIAN_POINT('',(6.663800753506,-1.301677586916,
    1.555380369068));
#1150 = CARTESIAN_POINT('',(6.671664132244,-1.260877523891,
    1.592787623761));
#1151 = CARTESIAN_POINT('',(6.679506598655,-1.218510643069,
    1.629107606186));
#1152 = CARTESIAN_POINT('',(6.687280591731,-1.174608934898,
    1.664229304376));
#1153 = CARTESIAN_POINT('',(6.703670051744,-1.077439953964,
    1.736619441174));
#1154 = CARTESIAN_POINT('',(6.712248510753,-1.023730284521,
    1.773486467128));
#1155 = CARTESIAN_POINT('',(6.720592312456,-0.968196926112,
    1.808458202715));
#1156 = CARTESIAN_POINT('',(6.72861047344,-0.911030662311,1.841313523655
    ));
#1157 = CARTESIAN_POINT('',(6.736202511911,-0.852543436649,1.87181368101
    ));
#1158 = CARTESIAN_POINT('',(6.74327407544,-0.793197749093,1.899751603091
    ));
#1159 = CARTESIAN_POINT('',(6.749754653333,-0.733568244818,1.9250006));
#1160 = PCURVE('',#711,#1161);
#1161 = DEFINITIONAL_REPRESENTATION('',(#1162),#1225);
#1162 = B_SPLINE_CURVE_WITH_KNOTS('',7,(#1163,#1164,#1165,#1166,#1167,
    #1168,#1169,#1170,#1171,#1172,#1173,#1174,#1175,#1176,#1177,#1178,
    #1179,#1180,#1181,#1182,#1183,#1184,#1185,#1186,#1187,#1188,#1189,
    #1190,#1191,#1192,#1193,#1194,#1195,#1196,#1197,#1198,#1199,#1200,
    #1201,#1202,#1203,#1204,#1205,#1206,#1207,#1208,#1209,#1210,#1211,
    #1212,#1213,#1214,#1215,#1216,#1217,#1218,#1219,#1220,#1221,#1222,
    #1223,#1224),.UNSPECIFIED.,.F.,.F.,(8,6,6,6,6,6,6,6,6,6,8),(0.,
    8.661468717325E-02,0.162499919891,0.237011062555,0.302747375674,
    0.500000000003,0.697252624329,0.762988937447,0.83750008011,
    0.913385312827,1.),.UNSPECIFIED.);
#1163 = CARTESIAN_POINT('',(3.915751939163,-1.071737674848));
#1164 = CARTESIAN_POINT('',(3.952067251395,-1.047674531778));
#1165 = CARTESIAN_POINT('',(3.984054715809,-1.022288049454));
#1166 = CARTESIAN_POINT('',(4.011982627177,-0.995921889201));
#1167 = CARTESIAN_POINT('',(4.036372258982,-0.968895931397));
#1168 = CARTESIAN_POINT('',(4.057725038876,-0.941451012448));
#1169 = CARTESIAN_POINT('',(4.076486014343,-0.913761624455));
#1170 = CARTESIAN_POINT('',(4.107536821136,-0.861563335445));
#1171 = CARTESIAN_POINT('',(4.120339418829,-0.837087156052));
#1172 = CARTESIAN_POINT('',(4.131701805209,-0.812583992666));
#1173 = CARTESIAN_POINT('',(4.141834145928,-0.788106474479));
#1174 = CARTESIAN_POINT('',(4.150907538507,-0.763690011523));
#1175 = CARTESIAN_POINT('',(4.159062270221,-0.739356257026));
#1176 = CARTESIAN_POINT('',(4.173636722877,-0.691315802079));
#1177 = CARTESIAN_POINT('',(4.180084428692,-0.667608411478));
#1178 = CARTESIAN_POINT('',(4.185869254654,-0.644006424553));
#1179 = CARTESIAN_POINT('',(4.191079685293,-0.620516921681));
#1180 = CARTESIAN_POINT('',(4.195787073639,-0.597142811435));
#1181 = CARTESIAN_POINT('',(4.200050086419,-0.573883604974));
#1182 = CARTESIAN_POINT('',(4.207332570622,-0.530314738911));
#1183 = CARTESIAN_POINT('',(4.210439161957,-0.509980934357));
#1184 = CARTESIAN_POINT('',(4.213272951604,-0.489732946386));
#1185 = CARTESIAN_POINT('',(4.215862381188,-0.469568234008));
#1186 = CARTESIAN_POINT('',(4.218231295473,-0.449483600495));
#1187 = CARTESIAN_POINT('',(4.220399932214,-0.429475248222));
#1188 = CARTESIAN_POINT('',(4.228345171173,-0.349716340656));
#1189 = CARTESIAN_POINT('',(4.232659466854,-0.290546501111));
#1190 = CARTESIAN_POINT('',(4.235799320941,-0.231907109257));
#1191 = CARTESIAN_POINT('',(4.238010267247,-0.173673569738));
#1192 = CARTESIAN_POINT('',(4.239432637203,-0.11571549179));
#1193 = CARTESIAN_POINT('',(4.240147290467,-5.788546264201E-02));
#1194 = CARTESIAN_POINT('',(4.240147290467,5.788546264118E-02));
#1195 = CARTESIAN_POINT('',(4.239432637203,0.11571549179));
#1196 = CARTESIAN_POINT('',(4.238010267247,0.173673569738));
#1197 = CARTESIAN_POINT('',(4.235799320941,0.231907109257));
#1198 = CARTESIAN_POINT('',(4.232659466854,0.290546501112));
#1199 = CARTESIAN_POINT('',(4.228345171173,0.349716340656));
#1200 = CARTESIAN_POINT('',(4.220399932214,0.429475248222));
#1201 = CARTESIAN_POINT('',(4.218231295473,0.449483600495));
#1202 = CARTESIAN_POINT('',(4.215862381188,0.469568234008));
#1203 = CARTESIAN_POINT('',(4.213272951604,0.489732946386));
#1204 = CARTESIAN_POINT('',(4.210439161957,0.509980934357));
#1205 = CARTESIAN_POINT('',(4.207332570622,0.530314738911));
#1206 = CARTESIAN_POINT('',(4.200050086419,0.573883604974));
#1207 = CARTESIAN_POINT('',(4.195787073639,0.597142811435));
#1208 = CARTESIAN_POINT('',(4.191079685293,0.620516921681));
#1209 = CARTESIAN_POINT('',(4.185869254654,0.644006424553));
#1210 = CARTESIAN_POINT('',(4.180084428692,0.667608411478));
#1211 = CARTESIAN_POINT('',(4.173636722877,0.691315802079));
#1212 = CARTESIAN_POINT('',(4.159062270221,0.739356257026));
#1213 = CARTESIAN_POINT('',(4.150907538507,0.763690011523));
#1214 = CARTESIAN_POINT('',(4.141834145928,0.788106474479));
#1215 = CARTESIAN_POINT('',(4.131701805209,0.812583992666));
#1216 = CARTESIAN_POINT('',(4.120339418829,0.837087156052));
#1217 = CARTESIAN_POINT('',(4.107536821136,0.861563335445));
#1218 = CARTESIAN_POINT('',(4.076486014342,0.913761624455));
#1219 = CARTESIAN_POINT('',(4.057725038877,0.941451012447));
#1220 = CARTESIAN_POINT('',(4.03637225898,0.968895931399));
#1221 = CARTESIAN_POINT('',(4.011982627179,0.995921889199));
#1222 = CARTESIAN_POINT('',(3.984054715808,1.022288049455));
#1223 = CARTESIAN_POINT('',(3.952067251395,1.047674531778));
#1224 = CARTESIAN_POINT('',(3.915751939163,1.071737674848));
#1225 = ( GEOMETRIC_REPRESENTATION_CONTEXT(2) 
PARAMETRIC_REPRESENTATION_CONTEXT() REPRESENTATION_CONTEXT('2D SPACE',''
  ) );
#1226 = PCURVE('',#1227,#1232);
#1227 = CYLINDRICAL_SURFACE('',#1228,6.7895);
#1228 = AXIS2_PLACEMENT_3D('',#1229,#1230,#1231);
#1229 = CARTESIAN_POINT('',(0.,0.,-1.925));
#1230 = DIRECTION('',(0.,0.,1.));
#1231 = DIRECTION('',(1.,0.,0.));
#1232 = DEFINITIONAL_REPRESENTATION('',(#1233),#1296);
#1233 = B_SPLINE_CURVE_WITH_KNOTS('',7,(#1234,#1235,#1236,#1237,#1238,
    #1239,#1240,#1241,#1242,#1243,#1244,#1245,#1246,#1247,#1248,#1249,
    #1250,#1251,#1252,#1253,#1254,#1255,#1256,#1257,#1258,#1259,#1260,
    #1261,#1262,#1263,#1264,#1265,#1266,#1267,#1268,#1269,#1270,#1271,
    #1272,#1273,#1274,#1275,#1276,#1277,#1278,#1279,#1280,#1281,#1282,
    #1283,#1284,#1285,#1286,#1287,#1288,#1289,#1290,#1291,#1292,#1293,
    #1294,#1295),.UNSPECIFIED.,.F.,.F.,(8,6,6,6,6,6,6,6,6,6,8),(0.,
    8.661468717325E-02,0.162499919891,0.237011062555,0.302747375674,
    0.500000000003,0.697252624329,0.762988937447,0.83750008011,
    0.913385312827,1.),.UNSPECIFIED.);
#1234 = CARTESIAN_POINT('',(6.174929466943,-6.E-07));
#1235 = CARTESIAN_POINT('',(6.166095145202,2.52483969085E-02));
#1236 = CARTESIAN_POINT('',(6.15729297624,5.318631899095E-02));
#1237 = CARTESIAN_POINT('',(6.148607099264,8.368647634293E-02));
#1238 = CARTESIAN_POINT('',(6.140105641954,0.116541797288));
#1239 = CARTESIAN_POINT('',(6.131835111956,0.15151353287));
#1240 = CARTESIAN_POINT('',(6.123824454371,0.188380558826));
#1241 = CARTESIAN_POINT('',(6.109310647755,0.260770695624));
#1242 = CARTESIAN_POINT('',(6.102744155015,0.295892393814));
#1243 = CARTESIAN_POINT('',(6.096398383893,0.332212376239));
#1244 = CARTESIAN_POINT('',(6.090278785415,0.369619630932));
#1245 = CARTESIAN_POINT('',(6.084387596795,0.408013608205));
#1246 = CARTESIAN_POINT('',(6.078724642431,0.447307481469));
#1247 = CARTESIAN_POINT('',(6.067950068789,0.526828791596));
#1248 = CARTESIAN_POINT('',(6.062830931765,0.567021758067));
#1249 = CARTESIAN_POINT('',(6.057929337396,0.607940230445));
#1250 = CARTESIAN_POINT('',(6.053243379512,0.649520163174));
#1251 = CARTESIAN_POINT('',(6.048770755568,0.691703832404));
#1252 = CARTESIAN_POINT('',(6.044508890015,0.734440126235));
#1253 = CARTESIAN_POINT('',(6.036878626233,0.815836816156));
#1254 = CARTESIAN_POINT('',(6.033464230076,0.854383276431));
#1255 = CARTESIAN_POINT('',(6.030210061034,0.893292994457));
#1256 = CARTESIAN_POINT('',(6.027114373863,0.93253693021));
#1257 = CARTESIAN_POINT('',(6.024175490024,0.972088220422));
#1258 = CARTESIAN_POINT('',(6.021391801481,1.011922174044));
#1259 = CARTESIAN_POINT('',(6.010869945761,1.172325193141));
#1260 = CARTESIAN_POINT('',(6.004362339634,1.294966382525));
#1261 = CARTESIAN_POINT('',(5.99919672341,1.419339548746));
#1262 = CARTESIAN_POINT('',(5.995343704722,1.544932144844));
#1263 = CARTESIAN_POINT('',(5.992781771342,1.671305628291));
#1264 = CARTESIAN_POINT('',(5.991498594297,1.798091911704));
#1265 = CARTESIAN_POINT('',(5.991498594297,2.051908088295));
#1266 = CARTESIAN_POINT('',(5.992781771342,2.178694371711));
#1267 = CARTESIAN_POINT('',(5.995343704722,2.305067855156));
#1268 = CARTESIAN_POINT('',(5.99919672341,2.430660451253));
#1269 = CARTESIAN_POINT('',(6.004362339634,2.555033617475));
#1270 = CARTESIAN_POINT('',(6.010869945761,2.677674806859));
#1271 = CARTESIAN_POINT('',(6.021391801481,2.838077825956));
#1272 = CARTESIAN_POINT('',(6.024175490024,2.877911779578));
#1273 = CARTESIAN_POINT('',(6.027114373863,2.91746306979));
#1274 = CARTESIAN_POINT('',(6.030210061034,2.956707005543));
#1275 = CARTESIAN_POINT('',(6.033464230076,2.995616723569));
#1276 = CARTESIAN_POINT('',(6.036878626233,3.034163183844));
#1277 = CARTESIAN_POINT('',(6.044508890015,3.115559873765));
#1278 = CARTESIAN_POINT('',(6.048770755568,3.158296167596));
#1279 = CARTESIAN_POINT('',(6.053243379512,3.200479836826));
#1280 = CARTESIAN_POINT('',(6.057929337396,3.242059769555));
#1281 = CARTESIAN_POINT('',(6.062830931765,3.282978241933));
#1282 = CARTESIAN_POINT('',(6.067950068789,3.323171208404));
#1283 = CARTESIAN_POINT('',(6.078724642431,3.402692518531));
#1284 = CARTESIAN_POINT('',(6.084387596795,3.441986391795));
#1285 = CARTESIAN_POINT('',(6.090278785415,3.480380369068));
#1286 = CARTESIAN_POINT('',(6.096398383893,3.517787623761));
#1287 = CARTESIAN_POINT('',(6.102744155015,3.554107606186));
#1288 = CARTESIAN_POINT('',(6.109310647755,3.589229304376));
#1289 = CARTESIAN_POINT('',(6.123824454371,3.661619441174));
#1290 = CARTESIAN_POINT('',(6.131835111955,3.698486467128));
#1291 = CARTESIAN_POINT('',(6.140105641954,3.733458202715));
#1292 = CARTESIAN_POINT('',(6.148607099264,3.766313523655));
#1293 = CARTESIAN_POINT('',(6.157292976241,3.79681368101));
#1294 = CARTESIAN_POINT('',(6.166095145202,3.824751603091));
#1295 = CARTESIAN_POINT('',(6.174929466943,3.8500006));
#1296 = ( GEOMETRIC_REPRESENTATION_CONTEXT(2) 
PARAMETRIC_REPRESENTATION_CONTEXT() REPRESENTATION_CONTEXT('2D SPACE',''
  ) );
#1297 = ADVANCED_FACE('',(#1298),#1031,.F.);
#1298 = FACE_BOUND('',#1299,.F.);
#1299 = EDGE_LOOP('',(#1300,#1301,#1302,#1326));
#1300 = ORIENTED_EDGE('',*,*,#1016,.T.);
#1301 = ORIENTED_EDGE('',*,*,#1046,.F.);
#1302 = ORIENTED_EDGE('',*,*,#1303,.F.);
#1303 = EDGE_CURVE('',#1304,#1047,#1306,.T.);
#1304 = VERTEX_POINT('',#1305);
#1305 = CARTESIAN_POINT('',(4.781930951572,-4.819797363417,-1.925));
#1306 = SURFACE_CURVE('',#1307,(#1312,#1319),.PCURVE_S1.);
#1307 = CIRCLE('',#1308,6.7895);
#1308 = AXIS2_PLACEMENT_3D('',#1309,#1310,#1311);
#1309 = CARTESIAN_POINT('',(0.,0.,-1.925));
#1310 = DIRECTION('',(0.,0.,1.));
#1311 = DIRECTION('',(1.,0.,0.));
#1312 = PCURVE('',#1031,#1313);
#1313 = DEFINITIONAL_REPRESENTATION('',(#1314),#1318);
#1314 = CIRCLE('',#1315,6.7895);
#1315 = AXIS2_PLACEMENT_2D('',#1316,#1317);
#1316 = CARTESIAN_POINT('',(0.,0.));
#1317 = DIRECTION('',(1.,0.));
#1318 = ( GEOMETRIC_REPRESENTATION_CONTEXT(2) 
PARAMETRIC_REPRESENTATION_CONTEXT() REPRESENTATION_CONTEXT('2D SPACE',''
  ) );
#1319 = PCURVE('',#1227,#1320);
#1320 = DEFINITIONAL_REPRESENTATION('',(#1321),#1325);
#1321 = LINE('',#1322,#1323);
#1322 = CARTESIAN_POINT('',(0.,0.));
#1323 = VECTOR('',#1324,1.);
#1324 = DIRECTION('',(1.,0.));
#1325 = ( GEOMETRIC_REPRESENTATION_CONTEXT(2) 
PARAMETRIC_REPRESENTATION_CONTEXT() REPRESENTATION_CONTEXT('2D SPACE',''
  ) );
#1326 = ORIENTED_EDGE('',*,*,#1327,.F.);
#1327 = EDGE_CURVE('',#812,#1304,#1328,.T.);
#1328 = SURFACE_CURVE('',#1329,(#1334,#1341),.PCURVE_S1.);
#1329 = CIRCLE('',#1330,1.049282021194);
#1330 = AXIS2_PLACEMENT_3D('',#1331,#1332,#1333);
#1331 = CARTESIAN_POINT('',(4.676173513941,-5.86373611851,-1.925));
#1332 = DIRECTION('',(0.,0.,1.));
#1333 = DIRECTION('',(0.623489801859,-0.781831482468,0.));
#1334 = PCURVE('',#1031,#1335);
#1335 = DEFINITIONAL_REPRESENTATION('',(#1336),#1340);
#1336 = CIRCLE('',#1337,1.049282021194);
#1337 = AXIS2_PLACEMENT_2D('',#1338,#1339);
#1338 = CARTESIAN_POINT('',(4.676173513941,-5.86373611851));
#1339 = DIRECTION('',(0.623489801859,-0.781831482468));
#1340 = ( GEOMETRIC_REPRESENTATION_CONTEXT(2) 
PARAMETRIC_REPRESENTATION_CONTEXT() REPRESENTATION_CONTEXT('2D SPACE',''
  ) );
#1341 = PCURVE('',#945,#1342);
#1342 = DEFINITIONAL_REPRESENTATION('',(#1343),#1347);
#1343 = LINE('',#1344,#1345);
#1344 = CARTESIAN_POINT('',(8.265966471956E-18,-1.071737103028));
#1345 = VECTOR('',#1346,1.);
#1346 = DIRECTION('',(1.,0.));
#1347 = ( GEOMETRIC_REPRESENTATION_CONTEXT(2) 
PARAMETRIC_REPRESENTATION_CONTEXT() REPRESENTATION_CONTEXT('2D SPACE',''
  ) );
#1348 = ADVANCED_FACE('',(#1349),#945,.F.);
#1349 = FACE_BOUND('',#1350,.F.);
#1350 = EDGE_LOOP('',(#1351,#1352,#1353,#1553));
#1351 = ORIENTED_EDGE('',*,*,#811,.F.);
#1352 = ORIENTED_EDGE('',*,*,#1327,.T.);
#1353 = ORIENTED_EDGE('',*,*,#1354,.T.);
#1354 = EDGE_CURVE('',#1304,#1355,#1357,.T.);
#1355 = VERTEX_POINT('',#1356);
#1356 = CARTESIAN_POINT('',(4.781930951572,-4.819797363417,1.925));
#1357 = SURFACE_CURVE('',#1358,(#1421,#1487),.PCURVE_S1.);
#1358 = B_SPLINE_CURVE_WITH_KNOTS('',7,(#1359,#1360,#1361,#1362,#1363,
    #1364,#1365,#1366,#1367,#1368,#1369,#1370,#1371,#1372,#1373,#1374,
    #1375,#1376,#1377,#1378,#1379,#1380,#1381,#1382,#1383,#1384,#1385,
    #1386,#1387,#1388,#1389,#1390,#1391,#1392,#1393,#1394,#1395,#1396,
    #1397,#1398,#1399,#1400,#1401,#1402,#1403,#1404,#1405,#1406,#1407,
    #1408,#1409,#1410,#1411,#1412,#1413,#1414,#1415,#1416,#1417,#1418,
    #1419,#1420),.UNSPECIFIED.,.F.,.F.,(8,6,6,6,6,6,6,6,6,6,8),(0.,
    8.678941126025E-02,0.162655381964,0.238017140478,0.30370679178,
    0.495424502334,0.696169191205,0.761890690989,0.837276015121,
    0.913774777212,1.),.UNSPECIFIED.);
#1359 = CARTESIAN_POINT('',(4.781929939739,-4.8197983673,-1.9250006));
#1360 = CARTESIAN_POINT('',(4.824599513513,-4.777464041921,
    -1.89969827955));
#1361 = CARTESIAN_POINT('',(4.866676076761,-4.734843559712,
    -1.871695750193));
#1362 = CARTESIAN_POINT('',(4.907751865421,-4.692352846484,
    -1.841120468049));
#1363 = CARTESIAN_POINT('',(4.947522495025,-4.650356134837,
    -1.808180935571));
#1364 = CARTESIAN_POINT('',(4.985806098961,-4.609127810062,
    -1.77311749322));
#1365 = CARTESIAN_POINT('',(5.022510182082,-4.568858681581,
    -1.736152585095));
#1366 = CARTESIAN_POINT('',(5.0882923092,-4.495409508923,-1.663645661016
    ));
#1367 = CARTESIAN_POINT('',(5.117746527464,-4.461977459821,
    -1.628512283421));
#1368 = CARTESIAN_POINT('',(5.145958494941,-4.42944926014,
    -1.592182359223));
#1369 = CARTESIAN_POINT('',(5.172933022041,-4.397881810159,
    -1.554766717463));
#1370 = CARTESIAN_POINT('',(5.198689234921,-4.367314497028,
    -1.516365733559));
#1371 = CARTESIAN_POINT('',(5.223255811584,-4.337772405049,
    -1.47706608779));
#1372 = CARTESIAN_POINT('',(5.269921036651,-4.28095607958,
    -1.397075657876));
#1373 = CARTESIAN_POINT('',(5.292032357178,-4.253671415619,
    -1.356400670241));
#1374 = CARTESIAN_POINT('',(5.313031994335,-4.227431174386,
    -1.314984966455));
#1375 = CARTESIAN_POINT('',(5.332952467963,-4.202246039419,
    -1.272894666198));
#1376 = CARTESIAN_POINT('',(5.351826366184,-4.178122510332,
    -1.230189302106));
#1377 = CARTESIAN_POINT('',(5.369685708618,-4.155063675681,
    -1.18692151863));
#1378 = CARTESIAN_POINT('',(5.401271055862,-4.113899018417,
    -1.104971461751));
#1379 = CARTESIAN_POINT('',(5.415232893608,-4.095537966768,
    -1.066414630306));
#1380 = CARTESIAN_POINT('',(5.428466995084,-4.077987495673,
    -1.027497269254));
#1381 = CARTESIAN_POINT('',(5.440992261152,-4.061247600313,
    -0.988248212762));
#1382 = CARTESIAN_POINT('',(5.452826343894,-4.045317705746,
    -0.948694141628));
#1383 = CARTESIAN_POINT('',(5.463985669206,-4.030196766382,
    -0.908859588437));
#1384 = CARTESIAN_POINT('',(5.50512949077,-3.974109168113,
    -0.751755052803));
#1385 = CARTESIAN_POINT('',(5.530150080232,-3.939221200065,
    -0.632566609577));
#1386 = CARTESIAN_POINT('',(5.54993559551,-3.911170582511,
    -0.511730939548));
#1387 = CARTESIAN_POINT('',(5.564753721095,-3.889926742743,
    -0.389715846898));
#1388 = CARTESIAN_POINT('',(5.574785738311,-3.875458935715,
    -0.266937306106));
#1389 = CARTESIAN_POINT('',(5.580133838166,-3.867740680597,
    -0.143763369784));
#1390 = CARTESIAN_POINT('',(5.581500530911,-3.865768174644,
    0.108542031138));
#1391 = CARTESIAN_POINT('',(5.577067726078,-3.872165502027,
    0.237596860032));
#1392 = CARTESIAN_POINT('',(5.567519188407,-3.88595748955,0.366294376863
    ));
#1393 = CARTESIAN_POINT('',(5.552753138853,-3.907171792792,
    0.494220318262));
#1394 = CARTESIAN_POINT('',(5.532568522628,-3.935845403174,
    0.620901486926));
#1395 = CARTESIAN_POINT('',(5.506666578169,-3.972011159377,
    0.745805723222));
#1396 = CARTESIAN_POINT('',(5.464102900193,-4.030037813642,0.90843797693
    ));
#1397 = CARTESIAN_POINT('',(5.452944983533,-4.045157770514,
    0.948291638159));
#1398 = CARTESIAN_POINT('',(5.441111867375,-4.06108734922,0.987864763853
    ));
#1399 = CARTESIAN_POINT('',(5.428587112984,-4.077827598591,
    1.027132801663));
#1400 = CARTESIAN_POINT('',(5.415353053053,-4.095379097042,
    1.066069049076));
#1401 = CARTESIAN_POINT('',(5.401390768926,-4.113741853051,
    1.104644648199));
#1402 = CARTESIAN_POINT('',(5.369806274992,-4.154907847381,
    1.186627156708));
#1403 = CARTESIAN_POINT('',(5.35194841048,-4.177966162771,1.22990875498)
  );
#1404 = CARTESIAN_POINT('',(5.33307564465,-4.202089707638,1.272627905637
    ));
#1405 = CARTESIAN_POINT('',(5.31315593939,-4.227275400569,1.314731947226
    ));
#1406 = CARTESIAN_POINT('',(5.29215668432,-4.253516750072,1.356161327364
    ));
#1407 = CARTESIAN_POINT('',(5.270045333007,-4.280803081746,
    1.396849903549));
#1408 = CARTESIAN_POINT('',(5.223191265682,-4.337852670564,
    1.477189541442));
#1409 = CARTESIAN_POINT('',(5.198417284964,-4.367643052299,
    1.516811339374));
#1410 = CARTESIAN_POINT('',(5.172433740421,-4.398475665215,1.55551931469
    ));
#1411 = CARTESIAN_POINT('',(5.145211215131,-4.430324778618,
    1.593224543229));
#1412 = CARTESIAN_POINT('',(5.116730224807,-4.463149818285,
    1.629823905889));
#1413 = CARTESIAN_POINT('',(5.08698621075,-4.496892008183,1.665203494765
    ));
#1414 = CARTESIAN_POINT('',(5.021062407573,-4.570446575242,
    1.737608383413));
#1415 = CARTESIAN_POINT('',(4.984548142947,-4.610482161328,
    1.774268104304));
#1416 = CARTESIAN_POINT('',(4.946477383249,-4.651459507805,1.80904562081
    ));
#1417 = CARTESIAN_POINT('',(4.906942421058,-4.693190065618,
    1.841722592691));
#1418 = CARTESIAN_POINT('',(4.866123156558,-4.735403597653,
    1.872063622849));
#1419 = CARTESIAN_POINT('',(4.824318947493,-4.777742403576,
    1.899864650355));
#1420 = CARTESIAN_POINT('',(4.781929939739,-4.8197983673,1.9250006));
#1421 = PCURVE('',#945,#1422);
#1422 = DEFINITIONAL_REPRESENTATION('',(#1423),#1486);
#1423 = B_SPLINE_CURVE_WITH_KNOTS('',7,(#1424,#1425,#1426,#1427,#1428,
    #1429,#1430,#1431,#1432,#1433,#1434,#1435,#1436,#1437,#1438,#1439,
    #1440,#1441,#1442,#1443,#1444,#1445,#1446,#1447,#1448,#1449,#1450,
    #1451,#1452,#1453,#1454,#1455,#1456,#1457,#1458,#1459,#1460,#1461,
    #1462,#1463,#1464,#1465,#1466,#1467,#1468,#1469,#1470,#1471,#1472,
    #1473,#1474,#1475,#1476,#1477,#1478,#1479,#1480,#1481,#1482,#1483,
    #1484,#1485),.UNSPECIFIED.,.F.,.F.,(8,6,6,6,6,6,6,6,6,6,8),(0.,
    8.678941126025E-02,0.162655381964,0.238017140478,0.30370679178,
    0.495424502334,0.696169191205,0.761890690989,0.837276015121,
    0.913774777212,1.),.UNSPECIFIED.);
#1424 = CARTESIAN_POINT('',(2.367433368016,-1.071737674848));
#1425 = CARTESIAN_POINT('',(2.331041361211,-1.04762371265));
#1426 = CARTESIAN_POINT('',(2.298995624367,-1.022180896932));
#1427 = CARTESIAN_POINT('',(2.271026007555,-0.99575502307));
#1428 = CARTESIAN_POINT('',(2.246607352447,-0.96866788801));
#1429 = CARTESIAN_POINT('',(2.225235164783,-0.941161503909));
#1430 = CARTESIAN_POINT('',(2.20646195492,-0.913411065167));
#1431 = CARTESIAN_POINT('',(2.175431074343,-0.86115485334));
#1432 = CARTESIAN_POINT('',(2.162651692311,-0.836682106952));
#1433 = CARTESIAN_POINT('',(2.151309455712,-0.812183056258));
#1434 = CARTESIAN_POINT('',(2.141194678293,-0.787710112915));
#1435 = CARTESIAN_POINT('',(2.13213667256,-0.763298531266));
#1436 = CARTESIAN_POINT('',(2.123995491731,-0.738969859635));
#1437 = CARTESIAN_POINT('',(2.109360646046,-0.690661988116));
#1438 = CARTESIAN_POINT('',(2.102857164082,-0.66668430402));
#1439 = CARTESIAN_POINT('',(2.097029546292,-0.642814690083));
#1440 = CARTESIAN_POINT('',(2.091786630909,-0.619060360261));
#1441 = CARTESIAN_POINT('',(2.087055098931,-0.595424201612));
#1442 = CARTESIAN_POINT('',(2.082774799157,-0.571905584177));
#1443 = CARTESIAN_POINT('',(2.075511408884,-0.528100535602));
#1444 = CARTESIAN_POINT('',(2.072432545742,-0.507787315312));
#1445 = CARTESIAN_POINT('',(2.069623879204,-0.487559617415));
#1446 = CARTESIAN_POINT('',(2.067057313879,-0.467414855862));
#1447 = CARTESIAN_POINT('',(2.064709289296,-0.447349803478));
#1448 = CARTESIAN_POINT('',(2.062559805629,-0.427360644309));
#1449 = CARTESIAN_POINT('',(2.054846728008,-0.349312709929));
#1450 = CARTESIAN_POINT('',(2.050645606603,-0.29180253928));
#1451 = CARTESIAN_POINT('',(2.047559249991,-0.234789585884));
#1452 = CARTESIAN_POINT('',(2.045358798045,-0.178158706312));
#1453 = CARTESIAN_POINT('',(2.043912121534,-0.12179538766));
#1454 = CARTESIAN_POINT('',(2.043142040776,-6.557611014904E-02));
#1455 = CARTESIAN_POINT('',(2.042945451797,4.951075566109E-02));
#1456 = CARTESIAN_POINT('',(2.043583123425,0.108340145843));
#1457 = CARTESIAN_POINT('',(2.044952133405,0.167301973022));
#1458 = CARTESIAN_POINT('',(2.0471204941,0.226538416271));
#1459 = CARTESIAN_POINT('',(2.050242060553,0.286181596272));
#1460 = CARTESIAN_POINT('',(2.05456023349,0.346362903724));
#1461 = CARTESIAN_POINT('',(2.062537290087,0.427149319916));
#1462 = CARTESIAN_POINT('',(2.064685902492,0.447146134184));
#1463 = CARTESIAN_POINT('',(2.067033075012,0.467218876247));
#1464 = CARTESIAN_POINT('',(2.069598812819,0.487371369334));
#1465 = CARTESIAN_POINT('',(2.072406684167,0.507606847845));
#1466 = CARTESIAN_POINT('',(2.075484795602,0.5279279051));
#1467 = CARTESIAN_POINT('',(2.082746030812,0.571745890152));
#1468 = CARTESIAN_POINT('',(2.087024808204,0.595269587285));
#1469 = CARTESIAN_POINT('',(2.091754755468,0.618910879324));
#1470 = CARTESIAN_POINT('',(2.096996021901,0.642670406497));
#1471 = CARTESIAN_POINT('',(2.102821927028,0.666545292741));
#1472 = CARTESIAN_POINT('',(2.109323637655,0.690528336014));
#1473 = CARTESIAN_POINT('',(2.124013742989,0.739041704947));
#1474 = CARTESIAN_POINT('',(2.132224817608,0.76357198014));
#1475 = CARTESIAN_POINT('',(2.141368411433,0.78818652788));
#1476 = CARTESIAN_POINT('',(2.151588089236,0.812863241862));
#1477 = CARTESIAN_POINT('',(2.163059226871,0.837565797112));
#1478 = CARTESIAN_POINT('',(2.175997600254,0.862240041314));
#1479 = CARTESIAN_POINT('',(2.207203618023,0.914504735692));
#1480 = CARTESIAN_POINT('',(2.225938403875,0.942064675164));
#1481 = CARTESIAN_POINT('',(2.247249768283,0.969379289252));
#1482 = CARTESIAN_POINT('',(2.271577601107,0.996275574389));
#1483 = CARTESIAN_POINT('',(2.29941685949,1.022515181062));
#1484 = CARTESIAN_POINT('',(2.331280650231,1.047782269622));
#1485 = CARTESIAN_POINT('',(2.367433368016,1.071737674848));
#1486 = ( GEOMETRIC_REPRESENTATION_CONTEXT(2) 
PARAMETRIC_REPRESENTATION_CONTEXT() REPRESENTATION_CONTEXT('2D SPACE',''
  ) );
#1487 = PCURVE('',#1227,#1488);
#1488 = DEFINITIONAL_REPRESENTATION('',(#1489),#1552);
#1489 = B_SPLINE_CURVE_WITH_KNOTS('',7,(#1490,#1491,#1492,#1493,#1494,
    #1495,#1496,#1497,#1498,#1499,#1500,#1501,#1502,#1503,#1504,#1505,
    #1506,#1507,#1508,#1509,#1510,#1511,#1512,#1513,#1514,#1515,#1516,
    #1517,#1518,#1519,#1520,#1521,#1522,#1523,#1524,#1525,#1526,#1527,
    #1528,#1529,#1530,#1531,#1532,#1533,#1534,#1535,#1536,#1537,#1538,
    #1539,#1540,#1541,#1542,#1543,#1544,#1545,#1546,#1547,#1548,#1549,
    #1550,#1551),.UNSPECIFIED.,.F.,.F.,(8,6,6,6,6,6,6,6,6,6,8),(0.,
    8.678941126025E-02,0.162655381964,0.238017140478,0.30370679178,
    0.495424502334,0.696169191205,0.761890690989,0.837276015121,
    0.913774777212,1.),.UNSPECIFIED.);
#1490 = CARTESIAN_POINT('',(5.493843246391,-5.999999994621E-07));
#1491 = CARTESIAN_POINT('',(5.5026962254,2.530172045018E-02));
#1492 = CARTESIAN_POINT('',(5.511516885802,5.330424980682E-02));
#1493 = CARTESIAN_POINT('',(5.520220578568,8.387953195088E-02));
#1494 = CARTESIAN_POINT('',(5.528738796072,0.116819064429));
#1495 = CARTESIAN_POINT('',(5.537024830237,0.15188250678));
#1496 = CARTESIAN_POINT('',(5.545049655141,0.188847414905));
#1497 = CARTESIAN_POINT('',(5.559572161041,0.261354338984));
#1498 = CARTESIAN_POINT('',(5.566134453959,0.296487716579));
#1499 = CARTESIAN_POINT('',(5.572476023102,0.332817640777));
#1500 = CARTESIAN_POINT('',(5.578591457722,0.370233282537));
#1501 = CARTESIAN_POINT('',(5.584478546153,0.408634266441));
#1502 = CARTESIAN_POINT('',(5.590137478243,0.44793391221));
#1503 = CARTESIAN_POINT('',(5.600966511978,0.527924342124));
#1504 = CARTESIAN_POINT('',(5.606138986779,0.568599329759));
#1505 = CARTESIAN_POINT('',(5.611088921924,0.610015033545));
#1506 = CARTESIAN_POINT('',(5.615818303319,0.652105333802));
#1507 = CARTESIAN_POINT('',(5.620329524347,0.694810697894));
#1508 = CARTESIAN_POINT('',(5.624625257164,0.73807848137));
#1509 = CARTESIAN_POINT('',(5.632267360335,0.820028538249));
#1510 = CARTESIAN_POINT('',(5.635664699299,0.858585369694));
#1511 = CARTESIAN_POINT('',(5.638902145031,0.897502730746));
#1512 = CARTESIAN_POINT('',(5.641981436834,0.936751787238));
#1513 = CARTESIAN_POINT('',(5.644904245708,0.976305858372));
#1514 = CARTESIAN_POINT('',(5.647672170897,1.016140411563));
#1515 = CARTESIAN_POINT('',(5.657917443934,1.173244947197));
#1516 = CARTESIAN_POINT('',(5.664240449092,1.292433390423));
#1517 = CARTESIAN_POINT('',(5.669296104419,1.413269060452));
#1518 = CARTESIAN_POINT('',(5.673110999557,1.535284153102));
#1519 = CARTESIAN_POINT('',(5.675704061784,1.658062693894));
#1520 = CARTESIAN_POINT('',(5.677087094249,1.781236630216));
#1521 = CARTESIAN_POINT('',(5.677440539174,2.033542031138));
#1522 = CARTESIAN_POINT('',(5.676294206396,2.162596860032));
#1523 = CARTESIAN_POINT('',(5.673823508597,2.291294376863));
#1524 = CARTESIAN_POINT('',(5.670016570768,2.419220318262));
#1525 = CARTESIAN_POINT('',(5.664852045671,2.545901486926));
#1526 = CARTESIAN_POINT('',(5.658300509282,2.670805723222));
#1527 = CARTESIAN_POINT('',(5.647701260889,2.83343797693));
#1528 = CARTESIAN_POINT('',(5.644933575327,2.873291638159));
#1529 = CARTESIAN_POINT('',(5.642010888687,2.912864763853));
#1530 = CARTESIAN_POINT('',(5.638931600283,2.952132801663));
#1531 = CARTESIAN_POINT('',(5.635694037424,2.991069049076));
#1532 = CARTESIAN_POINT('',(5.632296458853,3.029644648199));
#1533 = CARTESIAN_POINT('',(5.624654275948,3.111627156708));
#1534 = CARTESIAN_POINT('',(5.620358736875,3.15490875498));
#1535 = CARTESIAN_POINT('',(5.615847616775,3.197627905637));
#1536 = CARTESIAN_POINT('',(5.611118241127,3.239731947226));
#1537 = CARTESIAN_POINT('',(5.60616821371,3.281161327364));
#1538 = CARTESIAN_POINT('',(5.600995545237,3.321849903549));
#1539 = CARTESIAN_POINT('',(5.590122308765,3.402189541442));
#1540 = CARTESIAN_POINT('',(5.584415729416,3.441811339374));
#1541 = CARTESIAN_POINT('',(5.578477189757,3.48051931469));
#1542 = CARTESIAN_POINT('',(5.572306494715,3.518224543229));
#1543 = CARTESIAN_POINT('',(5.565905943748,3.554823905889));
#1544 = CARTESIAN_POINT('',(5.559281166284,3.590203494765));
#1545 = CARTESIAN_POINT('',(5.544733174473,3.662608383413));
#1546 = CARTESIAN_POINT('',(5.536752599823,3.699268104304));
#1547 = CARTESIAN_POINT('',(5.528514975409,3.73404562081));
#1548 = CARTESIAN_POINT('',(5.520049073897,3.766722592691));
#1549 = CARTESIAN_POINT('',(5.51140097825,3.797063622849));
#1550 = CARTESIAN_POINT('',(5.502638014247,3.824864650355));
#1551 = CARTESIAN_POINT('',(5.493843246391,3.8500006));
#1552 = ( GEOMETRIC_REPRESENTATION_CONTEXT(2) 
PARAMETRIC_REPRESENTATION_CONTEXT() REPRESENTATION_CONTEXT('2D SPACE',''
  ) );
#1553 = ORIENTED_EDGE('',*,*,#1554,.F.);
#1554 = EDGE_CURVE('',#783,#1355,#1555,.T.);
#1555 = SURFACE_CURVE('',#1556,(#1561,#1568),.PCURVE_S1.);
#1556 = CIRCLE('',#1557,1.049282021194);
#1557 = AXIS2_PLACEMENT_3D('',#1558,#1559,#1560);
#1558 = CARTESIAN_POINT('',(4.676173513941,-5.86373611851,1.925));
#1559 = DIRECTION('',(0.,0.,1.));
#1560 = DIRECTION('',(0.623489801859,-0.781831482468,0.));
#1561 = PCURVE('',#945,#1562);
#1562 = DEFINITIONAL_REPRESENTATION('',(#1563),#1567);
#1563 = LINE('',#1564,#1565);
#1564 = CARTESIAN_POINT('',(8.265966471956E-18,1.071737103028));
#1565 = VECTOR('',#1566,1.);
#1566 = DIRECTION('',(1.,0.));
#1567 = ( GEOMETRIC_REPRESENTATION_CONTEXT(2) 
PARAMETRIC_REPRESENTATION_CONTEXT() REPRESENTATION_CONTEXT('2D SPACE',''
  ) );
#1568 = PCURVE('',#799,#1569);
#1569 = DEFINITIONAL_REPRESENTATION('',(#1570),#1574);
#1570 = CIRCLE('',#1571,1.049282021194);
#1571 = AXIS2_PLACEMENT_2D('',#1572,#1573);
#1572 = CARTESIAN_POINT('',(4.676173513941,-5.86373611851));
#1573 = DIRECTION('',(0.623489801859,-0.781831482468));
#1574 = ( GEOMETRIC_REPRESENTATION_CONTEXT(2) 
PARAMETRIC_REPRESENTATION_CONTEXT() REPRESENTATION_CONTEXT('2D SPACE',''
  ) );
#1575 = ADVANCED_FACE('',(#1576),#799,.T.);
#1576 = FACE_BOUND('',#1577,.T.);
#1577 = EDGE_LOOP('',(#1578,#1579,#1580,#1602));
#1578 = ORIENTED_EDGE('',*,*,#782,.T.);
#1579 = ORIENTED_EDGE('',*,*,#1071,.F.);
#1580 = ORIENTED_EDGE('',*,*,#1581,.F.);
#1581 = EDGE_CURVE('',#1355,#1072,#1582,.T.);
#1582 = SURFACE_CURVE('',#1583,(#1588,#1595),.PCURVE_S1.);
#1583 = CIRCLE('',#1584,6.7895);
#1584 = AXIS2_PLACEMENT_3D('',#1585,#1586,#1587);
#1585 = CARTESIAN_POINT('',(0.,0.,1.925));
#1586 = DIRECTION('',(0.,0.,1.));
#1587 = DIRECTION('',(1.,0.,0.));
#1588 = PCURVE('',#799,#1589);
#1589 = DEFINITIONAL_REPRESENTATION('',(#1590),#1594);
#1590 = CIRCLE('',#1591,6.7895);
#1591 = AXIS2_PLACEMENT_2D('',#1592,#1593);
#1592 = CARTESIAN_POINT('',(0.,0.));
#1593 = DIRECTION('',(1.,0.));
#1594 = ( GEOMETRIC_REPRESENTATION_CONTEXT(2) 
PARAMETRIC_REPRESENTATION_CONTEXT() REPRESENTATION_CONTEXT('2D SPACE',''
  ) );
#1595 = PCURVE('',#1227,#1596);
#1596 = DEFINITIONAL_REPRESENTATION('',(#1597),#1601);
#1597 = LINE('',#1598,#1599);
#1598 = CARTESIAN_POINT('',(0.,3.85));
#1599 = VECTOR('',#1600,1.);
#1600 = DIRECTION('',(1.,0.));
#1601 = ( GEOMETRIC_REPRESENTATION_CONTEXT(2) 
PARAMETRIC_REPRESENTATION_CONTEXT() REPRESENTATION_CONTEXT('2D SPACE',''
  ) );
#1602 = ORIENTED_EDGE('',*,*,#1554,.F.);
#1603 = ADVANCED_FACE('',(#1604),#1227,.F.);
#1604 = FACE_BOUND('',#1605,.F.);
#1605 = EDGE_LOOP('',(#1606,#1607,#1608,#1609));
#1606 = ORIENTED_EDGE('',*,*,#1095,.T.);
#1607 = ORIENTED_EDGE('',*,*,#1581,.F.);
#1608 = ORIENTED_EDGE('',*,*,#1354,.F.);
#1609 = ORIENTED_EDGE('',*,*,#1303,.T.);
#1610 = ( GEOMETRIC_REPRESENTATION_CONTEXT(3) 
GLOBAL_UNCERTAINTY_ASSIGNED_CONTEXT((#1614)) 
GLOBAL_UNIT_ASSIGNED_CONTEXT((#1611,#1612,#1613)) REPRESENTATION_CONTEXT
('Context #1','3D Context with UNIT and UNCERTAINTY') );
#1611 = ( LENGTH_UNIT() NAMED_UNIT(*) SI_UNIT(.MILLI.,.METRE.) );
#1612 = ( NAMED_UNIT(*) PLANE_ANGLE_UNIT() SI_UNIT($,.RADIAN.) );
#1613 = ( NAMED_UNIT(*) SI_UNIT($,.STERADIAN.) SOLID_ANGLE_UNIT() );
#1614 = UNCERTAINTY_MEASURE_WITH_UNIT(LENGTH_MEASURE(2.E-07),#1611,
  'distance_accuracy_value','confusion accuracy');
#1615 = CONTEXT_DEPENDENT_SHAPE_REPRESENTATION(#1616,#1618);
#1616 = ( REPRESENTATION_RELATIONSHIP('','',#563,#516) 
REPRESENTATION_RELATIONSHIP_WITH_TRANSFORMATION(#1617) 
SHAPE_REPRESENTATION_RELATIONSHIP() );
#1617 = ITEM_DEFINED_TRANSFORMATION('','',#11,#517);
#1618 = PRODUCT_DEFINITION_SHAPE('Placement','Placement of an item',
  #1619);
#1619 = NEXT_ASSEMBLY_USAGE_OCCURRENCE('5','=>[0:1:1:7]','',#511,#558,$
  );
#1620 = PRODUCT_RELATED_PRODUCT_CATEGORY('part',$,(#560));
#1621 = SHAPE_DEFINITION_REPRESENTATION(#1622,#1628);
#1622 = PRODUCT_DEFINITION_SHAPE('','',#1623);
#1623 = PRODUCT_DEFINITION('design','',#1624,#1627);
#1624 = PRODUCT_DEFINITION_FORMATION('','',#1625);
#1625 = PRODUCT('SOLID','SOLID','',(#1626));
#1626 = PRODUCT_CONTEXT('',#2,'mechanical');
#1627 = PRODUCT_DEFINITION_CONTEXT('part definition',#2,'design');
#1628 = ADVANCED_BREP_SHAPE_REPRESENTATION('',(#11,#1629),#2693);
#1629 = MANIFOLD_SOLID_BREP('',#1630);
#1630 = CLOSED_SHELL('',(#1631,#2125,#2204,#2431,#2482,#2686));
#1631 = ADVANCED_FACE('',(#1632),#1647,.T.);
#1632 = FACE_BOUND('',#1633,.T.);
#1633 = EDGE_LOOP('',(#1634,#1670,#1875,#1904));
#1634 = ORIENTED_EDGE('',*,*,#1635,.F.);
#1635 = EDGE_CURVE('',#1636,#1638,#1640,.T.);
#1636 = VERTEX_POINT('',#1637);
#1637 = CARTESIAN_POINT('',(8.170754499333,0.806896004219,1.925));
#1638 = VERTEX_POINT('',#1639);
#1639 = CARTESIAN_POINT('',(5.725238803002,5.885061673305,1.925));
#1640 = SURFACE_CURVE('',#1641,(#1646,#1658),.PCURVE_S1.);
#1641 = CIRCLE('',#1642,8.2105);
#1642 = AXIS2_PLACEMENT_3D('',#1643,#1644,#1645);
#1643 = CARTESIAN_POINT('',(0.,0.,1.925));
#1644 = DIRECTION('',(0.,0.,1.));
#1645 = DIRECTION('',(1.,0.,0.));
#1646 = PCURVE('',#1647,#1652);
#1647 = CYLINDRICAL_SURFACE('',#1648,8.2105);
#1648 = AXIS2_PLACEMENT_3D('',#1649,#1650,#1651);
#1649 = CARTESIAN_POINT('',(0.,0.,-1.925));
#1650 = DIRECTION('',(0.,0.,1.));
#1651 = DIRECTION('',(1.,0.,0.));
#1652 = DEFINITIONAL_REPRESENTATION('',(#1653),#1657);
#1653 = LINE('',#1654,#1655);
#1654 = CARTESIAN_POINT('',(0.,3.85));
#1655 = VECTOR('',#1656,1.);
#1656 = DIRECTION('',(1.,0.));
#1657 = ( GEOMETRIC_REPRESENTATION_CONTEXT(2) 
PARAMETRIC_REPRESENTATION_CONTEXT() REPRESENTATION_CONTEXT('2D SPACE',''
  ) );
#1658 = PCURVE('',#1659,#1664);
#1659 = PLANE('',#1660);
#1660 = AXIS2_PLACEMENT_3D('',#1661,#1662,#1663);
#1661 = CARTESIAN_POINT('',(0.,0.,1.925));
#1662 = DIRECTION('',(0.,0.,1.));
#1663 = DIRECTION('',(1.,0.,0.));
#1664 = DEFINITIONAL_REPRESENTATION('',(#1665),#1669);
#1665 = CIRCLE('',#1666,8.2105);
#1666 = AXIS2_PLACEMENT_2D('',#1667,#1668);
#1667 = CARTESIAN_POINT('',(0.,0.));
#1668 = DIRECTION('',(1.,0.));
#1669 = ( GEOMETRIC_REPRESENTATION_CONTEXT(2) 
PARAMETRIC_REPRESENTATION_CONTEXT() REPRESENTATION_CONTEXT('2D SPACE',''
  ) );
#1670 = ORIENTED_EDGE('',*,*,#1671,.T.);
#1671 = EDGE_CURVE('',#1636,#1672,#1674,.T.);
#1672 = VERTEX_POINT('',#1673);
#1673 = CARTESIAN_POINT('',(8.170754499333,0.806896004219,-1.925));
#1674 = SURFACE_CURVE('',#1675,(#1738,#1804),.PCURVE_S1.);
#1675 = B_SPLINE_CURVE_WITH_KNOTS('',6,(#1676,#1677,#1678,#1679,#1680,
    #1681,#1682,#1683,#1684,#1685,#1686,#1687,#1688,#1689,#1690,#1691,
    #1692,#1693,#1694,#1695,#1696,#1697,#1698,#1699,#1700,#1701,#1702,
    #1703,#1704,#1705,#1706,#1707,#1708,#1709,#1710,#1711,#1712,#1713,
    #1714,#1715,#1716,#1717,#1718,#1719,#1720,#1721,#1722,#1723,#1724,
    #1725,#1726,#1727,#1728,#1729,#1730,#1731,#1732,#1733,#1734,#1735,
    #1736,#1737),.UNSPECIFIED.,.F.,.F.,(7,5,5,5,5,5,5,5,5,5,5,5,7),(0.,
    5.251072410682E-02,0.104919763888,0.19031404082,0.267145921818,
    0.329414673967,0.500000000001,0.670585326034,0.732854078183,
    0.80968595918,0.895080236113,0.947489275893,1.),.UNSPECIFIED.);
#1676 = CARTESIAN_POINT('',(8.170754653333,0.806894444789,1.9250006));
#1677 = CARTESIAN_POINT('',(8.166465959293,0.850322512753,1.908291407648
    ));
#1678 = CARTESIAN_POINT('',(8.161895623485,0.893770618217,1.890310881439
    ));
#1679 = CARTESIAN_POINT('',(8.157061048931,0.937049681897,1.871077096892
    ));
#1680 = CARTESIAN_POINT('',(8.151986311788,0.979988286558,1.850629253263
    ));
#1681 = CARTESIAN_POINT('',(8.146699326454,1.022438884675,1.829019766319
    ));
#1682 = CARTESIAN_POINT('',(8.135769287898,1.10604809657,1.783636939277)
  );
#1683 = CARTESIAN_POINT('',(8.130126856468,1.14720944325,1.759867525853)
  );
#1684 = CARTESIAN_POINT('',(8.124329987276,1.187654481415,1.735053182026
    ));
#1685 = CARTESIAN_POINT('',(8.118407834861,1.22729552355,1.709253718253)
  );
#1686 = CARTESIAN_POINT('',(8.112388911521,1.266067375288,1.682528675093
    ));
#1687 = CARTESIAN_POINT('',(8.096377691932,1.365606725108,1.609967310119
    ));
#1688 = CARTESIAN_POINT('',(8.086270070709,1.424851164449,1.562694854422
    ));
#1689 = CARTESIAN_POINT('',(8.07609046309,1.481467560568,1.513346469641)
  );
#1690 = CARTESIAN_POINT('',(8.065943542009,1.535352563604,1.46214427722)
  );
#1691 = CARTESIAN_POINT('',(8.055921843492,1.586463199013,1.409286806056
    ));
#1692 = CARTESIAN_POINT('',(8.037268154011,1.67827280181,1.306032634749)
  );
#1693 = CARTESIAN_POINT('',(8.028598416057,1.719498237863,1.255924959248
    ));
#1694 = CARTESIAN_POINT('',(8.020150889824,1.758459349262,1.204733231162
    ));
#1695 = CARTESIAN_POINT('',(8.011976011847,1.795161647917,1.152568647201
    ));
#1696 = CARTESIAN_POINT('',(8.00411756599,1.829619486159,1.09953083432)
  );
#1697 = CARTESIAN_POINT('',(7.990530845996,1.887974161021,1.002084373905
    ));
#1698 = CARTESIAN_POINT('',(7.984681287899,1.912634227685,0.957946612923
    ));
#1699 = CARTESIAN_POINT('',(7.979084355513,1.935841394075,0.913340233599
    ));
#1700 = CARTESIAN_POINT('',(7.97375772772,1.957606047772,0.868309128568)
  );
#1701 = CARTESIAN_POINT('',(7.968716862202,1.977938810574,0.822894021078
    ));
#1702 = CARTESIAN_POINT('',(7.950985221196,2.04865736516,0.651768342511)
  );
#1703 = CARTESIAN_POINT('',(7.940242253799,2.08978889728,0.523821529502)
  );
#1704 = CARTESIAN_POINT('',(7.932017424687,2.120475017827,0.394034000354
    ));
#1705 = CARTESIAN_POINT('',(7.926481686254,2.140866656174,0.263074609544
    ));
#1706 = CARTESIAN_POINT('',(7.923712832667,2.151066060221,0.131549689788
    ));
#1707 = CARTESIAN_POINT('',(7.923712832667,2.151066060221,
    -0.131549689787));
#1708 = CARTESIAN_POINT('',(7.926481686254,2.140866656173,
    -0.263074609545));
#1709 = CARTESIAN_POINT('',(7.932017424687,2.120475017828,
    -0.394034000353));
#1710 = CARTESIAN_POINT('',(7.940242253799,2.08978889728,-0.523821529503
    ));
#1711 = CARTESIAN_POINT('',(7.950985221196,2.04865736516,-0.651768342511
    ));
#1712 = CARTESIAN_POINT('',(7.968716862202,1.977938810574,
    -0.822894021078));
#1713 = CARTESIAN_POINT('',(7.97375772772,1.957606047772,-0.868309128568
    ));
#1714 = CARTESIAN_POINT('',(7.979084355513,1.935841394075,
    -0.913340233599));
#1715 = CARTESIAN_POINT('',(7.984681287899,1.912634227685,
    -0.957946612923));
#1716 = CARTESIAN_POINT('',(7.990530845997,1.887974161021,
    -1.002084373905));
#1717 = CARTESIAN_POINT('',(8.00411756599,1.829619486159,-1.099530834319
    ));
#1718 = CARTESIAN_POINT('',(8.011976011847,1.795161647917,
    -1.152568647201));
#1719 = CARTESIAN_POINT('',(8.020150889824,1.758459349262,
    -1.204733231162));
#1720 = CARTESIAN_POINT('',(8.028598416057,1.719498237863,
    -1.255924959248));
#1721 = CARTESIAN_POINT('',(8.037268154011,1.67827280181,-1.306032634749
    ));
#1722 = CARTESIAN_POINT('',(8.055921843492,1.586463199013,
    -1.409286806056));
#1723 = CARTESIAN_POINT('',(8.065943542009,1.535352563604,-1.46214427722
    ));
#1724 = CARTESIAN_POINT('',(8.07609046309,1.481467560568,-1.513346469641
    ));
#1725 = CARTESIAN_POINT('',(8.086270070709,1.424851164448,
    -1.562694854422));
#1726 = CARTESIAN_POINT('',(8.096377691932,1.365606725108,
    -1.609967310119));
#1727 = CARTESIAN_POINT('',(8.112388911521,1.266067375288,
    -1.682528675093));
#1728 = CARTESIAN_POINT('',(8.118407834861,1.22729552355,-1.709253718253
    ));
#1729 = CARTESIAN_POINT('',(8.124329987276,1.187654481415,
    -1.735053182026));
#1730 = CARTESIAN_POINT('',(8.130126856468,1.14720944325,-1.759867525853
    ));
#1731 = CARTESIAN_POINT('',(8.135769287898,1.10604809657,-1.783636939277
    ));
#1732 = CARTESIAN_POINT('',(8.146699326454,1.022438884675,
    -1.829019766319));
#1733 = CARTESIAN_POINT('',(8.151986311788,0.979988286558,
    -1.850629253263));
#1734 = CARTESIAN_POINT('',(8.157061048931,0.937049681897,
    -1.871077096892));
#1735 = CARTESIAN_POINT('',(8.161895623485,0.893770618217,
    -1.890310881439));
#1736 = CARTESIAN_POINT('',(8.166465959293,0.850322512753,
    -1.908291407648));
#1737 = CARTESIAN_POINT('',(8.170754653333,0.806894444789,-1.9250006));
#1738 = PCURVE('',#1647,#1739);
#1739 = DEFINITIONAL_REPRESENTATION('',(#1740),#1803);
#1740 = B_SPLINE_CURVE_WITH_KNOTS('',6,(#1741,#1742,#1743,#1744,#1745,
    #1746,#1747,#1748,#1749,#1750,#1751,#1752,#1753,#1754,#1755,#1756,
    #1757,#1758,#1759,#1760,#1761,#1762,#1763,#1764,#1765,#1766,#1767,
    #1768,#1769,#1770,#1771,#1772,#1773,#1774,#1775,#1776,#1777,#1778,
    #1779,#1780,#1781,#1782,#1783,#1784,#1785,#1786,#1787,#1788,#1789,
    #1790,#1791,#1792,#1793,#1794,#1795,#1796,#1797,#1798,#1799,#1800,
    #1801,#1802),.UNSPECIFIED.,.F.,.F.,(7,5,5,5,5,5,5,5,5,5,5,5,7),(0.,
    5.251072410682E-02,0.104919763888,0.19031404082,0.267145921818,
    0.329414673967,0.500000000001,0.670585326034,0.732854078183,
    0.80968595918,0.895080236113,0.947489275893,1.),.UNSPECIFIED.);
#1741 = CARTESIAN_POINT('',(9.843480599627E-02,3.8500006));
#1742 = CARTESIAN_POINT('',(0.103749868045,3.833291407648));
#1743 = CARTESIAN_POINT('',(0.109070729423,3.815310881439));
#1744 = CARTESIAN_POINT('',(0.114374536699,3.796077096892));
#1745 = CARTESIAN_POINT('',(0.119640494419,3.775629253263));
#1746 = CARTESIAN_POINT('',(0.124850624728,3.754019766319));
#1747 = CARTESIAN_POINT('',(0.135120476096,3.708636939277));
#1748 = CARTESIAN_POINT('',(0.140180517404,3.684867525853));
#1749 = CARTESIAN_POINT('',(0.145156734433,3.660053182026));
#1750 = CARTESIAN_POINT('',(0.150038283292,3.634253718253));
#1751 = CARTESIAN_POINT('',(0.154817002315,3.607528675093));
#1752 = CARTESIAN_POINT('',(0.167096261065,3.534967310119));
#1753 = CARTESIAN_POINT('',(0.17441588307,3.487694854422));
#1754 = CARTESIAN_POINT('',(0.181421676366,3.438346469641));
#1755 = CARTESIAN_POINT('',(0.188099660366,3.38714427722));
#1756 = CARTESIAN_POINT('',(0.194443085304,3.334286806056));
#1757 = CARTESIAN_POINT('',(0.205853529089,3.231032634749));
#1758 = CARTESIAN_POINT('',(0.210984302773,3.180924959248));
#1759 = CARTESIAN_POINT('',(0.215839709446,3.129733231162));
#1760 = CARTESIAN_POINT('',(0.220419324738,3.077568647201));
#1761 = CARTESIAN_POINT('',(0.224723839015,3.02453083432));
#1762 = CARTESIAN_POINT('',(0.232021262941,2.927084373905));
#1763 = CARTESIAN_POINT('',(0.235108058526,2.882946612923));
#1764 = CARTESIAN_POINT('',(0.238015592827,2.838340233599));
#1765 = CARTESIAN_POINT('',(0.240744638499,2.793309128568));
#1766 = CARTESIAN_POINT('',(0.243296034018,2.747894021078));
#1767 = CARTESIAN_POINT('',(0.252175840052,2.576768342511));
#1768 = CARTESIAN_POINT('',(0.257353271607,2.448821529502));
#1769 = CARTESIAN_POINT('',(0.261222601994,2.319034000354));
#1770 = CARTESIAN_POINT('',(0.263796094414,2.188074609544));
#1771 = CARTESIAN_POINT('',(0.265083295121,2.056549689788));
#1772 = CARTESIAN_POINT('',(0.265083295121,1.793450310213));
#1773 = CARTESIAN_POINT('',(0.263796094414,1.661925390455));
#1774 = CARTESIAN_POINT('',(0.261222601994,1.530965999647));
#1775 = CARTESIAN_POINT('',(0.257353271607,1.401178470497));
#1776 = CARTESIAN_POINT('',(0.252175840052,1.273231657489));
#1777 = CARTESIAN_POINT('',(0.243296034018,1.102105978922));
#1778 = CARTESIAN_POINT('',(0.240744638499,1.056690871432));
#1779 = CARTESIAN_POINT('',(0.238015592827,1.011659766401));
#1780 = CARTESIAN_POINT('',(0.235108058526,0.967053387077));
#1781 = CARTESIAN_POINT('',(0.232021262941,0.922915626095));
#1782 = CARTESIAN_POINT('',(0.224723839015,0.825469165681));
#1783 = CARTESIAN_POINT('',(0.220419324738,0.772431352799));
#1784 = CARTESIAN_POINT('',(0.215839709446,0.720266768838));
#1785 = CARTESIAN_POINT('',(0.210984302773,0.669075040752));
#1786 = CARTESIAN_POINT('',(0.205853529089,0.618967365251));
#1787 = CARTESIAN_POINT('',(0.194443085304,0.515713193944));
#1788 = CARTESIAN_POINT('',(0.188099660366,0.46285572278));
#1789 = CARTESIAN_POINT('',(0.181421676366,0.411653530359));
#1790 = CARTESIAN_POINT('',(0.17441588307,0.362305145578));
#1791 = CARTESIAN_POINT('',(0.167096261065,0.315032689881));
#1792 = CARTESIAN_POINT('',(0.154817002315,0.242471324907));
#1793 = CARTESIAN_POINT('',(0.150038283292,0.215746281747));
#1794 = CARTESIAN_POINT('',(0.145156734433,0.189946817974));
#1795 = CARTESIAN_POINT('',(0.140180517404,0.165132474147));
#1796 = CARTESIAN_POINT('',(0.135120476096,0.141363060723));
#1797 = CARTESIAN_POINT('',(0.124850624728,9.59802336811E-02));
#1798 = CARTESIAN_POINT('',(0.119640494419,7.437074673703E-02));
#1799 = CARTESIAN_POINT('',(0.114374536699,5.392290310765E-02));
#1800 = CARTESIAN_POINT('',(0.109070729423,3.46891185615E-02));
#1801 = CARTESIAN_POINT('',(0.103749868045,1.670859235215E-02));
#1802 = CARTESIAN_POINT('',(9.843480599627E-02,-6.E-07));
#1803 = ( GEOMETRIC_REPRESENTATION_CONTEXT(2) 
PARAMETRIC_REPRESENTATION_CONTEXT() REPRESENTATION_CONTEXT('2D SPACE',''
  ) );
#1804 = PCURVE('',#1805,#1810);
#1805 = SPHERICAL_SURFACE('',#1806,2.1924);
#1806 = AXIS2_PLACEMENT_3D('',#1807,#1808,#1809);
#1807 = CARTESIAN_POINT('',(7.5,0.,0.));
#1808 = DIRECTION('',(0.,0.,1.));
#1809 = DIRECTION('',(1.,0.,0.));
#1810 = DEFINITIONAL_REPRESENTATION('',(#1811),#1874);
#1811 = B_SPLINE_CURVE_WITH_KNOTS('',6,(#1812,#1813,#1814,#1815,#1816,
    #1817,#1818,#1819,#1820,#1821,#1822,#1823,#1824,#1825,#1826,#1827,
    #1828,#1829,#1830,#1831,#1832,#1833,#1834,#1835,#1836,#1837,#1838,
    #1839,#1840,#1841,#1842,#1843,#1844,#1845,#1846,#1847,#1848,#1849,
    #1850,#1851,#1852,#1853,#1854,#1855,#1856,#1857,#1858,#1859,#1860,
    #1861,#1862,#1863,#1864,#1865,#1866,#1867,#1868,#1869,#1870,#1871,
    #1872,#1873),.UNSPECIFIED.,.F.,.F.,(7,5,5,5,5,5,5,5,5,5,5,5,7),(0.,
    5.251072410682E-02,0.104919763888,0.19031404082,0.267145921818,
    0.329414673967,0.500000000001,0.670585326034,0.732854078183,
    0.80968595918,0.895080236113,0.947489275893,1.),.UNSPECIFIED.);
#1812 = CARTESIAN_POINT('',(0.87727148919,1.071737674848));
#1813 = CARTESIAN_POINT('',(0.906872201956,1.055813252677));
#1814 = CARTESIAN_POINT('',(0.934615542106,1.039235296974));
#1815 = CARTESIAN_POINT('',(0.960547686002,1.022100561825));
#1816 = CARTESIAN_POINT('',(0.984765835531,1.004503192481));
#1817 = CARTESIAN_POINT('',(1.007391215032,0.986528853018));
#1818 = CARTESIAN_POINT('',(1.049651963898,0.950004253224));
#1819 = CARTESIAN_POINT('',(1.069293480195,0.931455040283));
#1820 = CARTESIAN_POINT('',(1.087589220604,0.912670983131));
#1821 = CARTESIAN_POINT('',(1.104659087414,0.893709356789));
#1822 = CARTESIAN_POINT('',(1.12061480886,0.874615740311));
#1823 = CARTESIAN_POINT('',(1.159896855367,0.824155488783));
#1824 = CARTESIAN_POINT('',(1.181538957811,0.792632205348));
#1825 = CARTESIAN_POINT('',(1.200913656869,0.761000419566));
#1826 = CARTESIAN_POINT('',(1.218352952406,0.72935406507));
#1827 = CARTESIAN_POINT('',(1.234113217621,0.697748680842));
#1828 = CARTESIAN_POINT('',(1.261255127408,0.637842293077));
#1829 = CARTESIAN_POINT('',(1.27291633746,0.609530057006));
#1830 = CARTESIAN_POINT('',(1.283532604568,0.581300903097));
#1831 = CARTESIAN_POINT('',(1.29321764904,0.553167667184));
#1832 = CARTESIAN_POINT('',(1.302060257676,0.525135224219));
#1833 = CARTESIAN_POINT('',(1.31667767064,0.474564772525));
#1834 = CARTESIAN_POINT('',(1.322716054431,0.451992940423));
#1835 = CARTESIAN_POINT('',(1.328288034057,0.429487092314));
#1836 = CARTESIAN_POINT('',(1.333425083023,0.407045637254));
#1837 = CARTESIAN_POINT('',(1.338153052602,0.384665737322));
#1838 = CARTESIAN_POINT('',(1.354385321318,0.301191614086));
#1839 = CARTESIAN_POINT('',(1.363369258545,0.240480992342));
#1840 = CARTESIAN_POINT('',(1.369895812465,0.180115998299));
#1841 = CARTESIAN_POINT('',(1.374169664549,0.119993916871));
#1842 = CARTESIAN_POINT('',(1.376308154001,6.000259523241E-02));
#1843 = CARTESIAN_POINT('',(1.376308154001,-6.000259523222E-02));
#1844 = CARTESIAN_POINT('',(1.374169664549,-0.119993916871));
#1845 = CARTESIAN_POINT('',(1.369895812465,-0.180115998299));
#1846 = CARTESIAN_POINT('',(1.363369258545,-0.240480992343));
#1847 = CARTESIAN_POINT('',(1.354385321318,-0.301191614086));
#1848 = CARTESIAN_POINT('',(1.338153052602,-0.384665737322));
#1849 = CARTESIAN_POINT('',(1.333425083023,-0.407045637254));
#1850 = CARTESIAN_POINT('',(1.328288034057,-0.429487092314));
#1851 = CARTESIAN_POINT('',(1.322716054431,-0.451992940423));
#1852 = CARTESIAN_POINT('',(1.31667767064,-0.474564772526));
#1853 = CARTESIAN_POINT('',(1.302060257676,-0.525135224219));
#1854 = CARTESIAN_POINT('',(1.29321764904,-0.553167667184));
#1855 = CARTESIAN_POINT('',(1.283532604569,-0.581300903097));
#1856 = CARTESIAN_POINT('',(1.27291633746,-0.609530057006));
#1857 = CARTESIAN_POINT('',(1.261255127408,-0.637842293077));
#1858 = CARTESIAN_POINT('',(1.234113217621,-0.697748680842));
#1859 = CARTESIAN_POINT('',(1.218352952406,-0.72935406507));
#1860 = CARTESIAN_POINT('',(1.200913656869,-0.761000419566));
#1861 = CARTESIAN_POINT('',(1.181538957811,-0.792632205348));
#1862 = CARTESIAN_POINT('',(1.159896855367,-0.824155488783));
#1863 = CARTESIAN_POINT('',(1.12061480886,-0.874615740311));
#1864 = CARTESIAN_POINT('',(1.104659087413,-0.893709356789));
#1865 = CARTESIAN_POINT('',(1.087589220604,-0.912670983131));
#1866 = CARTESIAN_POINT('',(1.069293480195,-0.931455040283));
#1867 = CARTESIAN_POINT('',(1.049651963897,-0.950004253224));
#1868 = CARTESIAN_POINT('',(1.007391215032,-0.986528853018));
#1869 = CARTESIAN_POINT('',(0.984765835531,-1.004503192481));
#1870 = CARTESIAN_POINT('',(0.960547686002,-1.022100561825));
#1871 = CARTESIAN_POINT('',(0.934615542106,-1.039235296974));
#1872 = CARTESIAN_POINT('',(0.906872201956,-1.055813252677));
#1873 = CARTESIAN_POINT('',(0.87727148919,-1.071737674848));
#1874 = ( GEOMETRIC_REPRESENTATION_CONTEXT(2) 
PARAMETRIC_REPRESENTATION_CONTEXT() REPRESENTATION_CONTEXT('2D SPACE',''
  ) );
#1875 = ORIENTED_EDGE('',*,*,#1876,.T.);
#1876 = EDGE_CURVE('',#1672,#1877,#1879,.T.);
#1877 = VERTEX_POINT('',#1878);
#1878 = CARTESIAN_POINT('',(5.725238803002,5.885061673305,-1.925));
#1879 = SURFACE_CURVE('',#1880,(#1885,#1892),.PCURVE_S1.);
#1880 = CIRCLE('',#1881,8.2105);
#1881 = AXIS2_PLACEMENT_3D('',#1882,#1883,#1884);
#1882 = CARTESIAN_POINT('',(0.,0.,-1.925));
#1883 = DIRECTION('',(0.,0.,1.));
#1884 = DIRECTION('',(1.,0.,0.));
#1885 = PCURVE('',#1647,#1886);
#1886 = DEFINITIONAL_REPRESENTATION('',(#1887),#1891);
#1887 = LINE('',#1888,#1889);
#1888 = CARTESIAN_POINT('',(0.,0.));
#1889 = VECTOR('',#1890,1.);
#1890 = DIRECTION('',(1.,0.));
#1891 = ( GEOMETRIC_REPRESENTATION_CONTEXT(2) 
PARAMETRIC_REPRESENTATION_CONTEXT() REPRESENTATION_CONTEXT('2D SPACE',''
  ) );
#1892 = PCURVE('',#1893,#1898);
#1893 = PLANE('',#1894);
#1894 = AXIS2_PLACEMENT_3D('',#1895,#1896,#1897);
#1895 = CARTESIAN_POINT('',(0.,0.,-1.925));
#1896 = DIRECTION('',(0.,0.,1.));
#1897 = DIRECTION('',(1.,0.,0.));
#1898 = DEFINITIONAL_REPRESENTATION('',(#1899),#1903);
#1899 = CIRCLE('',#1900,8.2105);
#1900 = AXIS2_PLACEMENT_2D('',#1901,#1902);
#1901 = CARTESIAN_POINT('',(0.,0.));
#1902 = DIRECTION('',(1.,0.));
#1903 = ( GEOMETRIC_REPRESENTATION_CONTEXT(2) 
PARAMETRIC_REPRESENTATION_CONTEXT() REPRESENTATION_CONTEXT('2D SPACE',''
  ) );
#1904 = ORIENTED_EDGE('',*,*,#1905,.F.);
#1905 = EDGE_CURVE('',#1638,#1877,#1906,.T.);
#1906 = SURFACE_CURVE('',#1907,(#1976,#2048),.PCURVE_S1.);
#1907 = B_SPLINE_CURVE_WITH_KNOTS('',7,(#1908,#1909,#1910,#1911,#1912,
    #1913,#1914,#1915,#1916,#1917,#1918,#1919,#1920,#1921,#1922,#1923,
    #1924,#1925,#1926,#1927,#1928,#1929,#1930,#1931,#1932,#1933,#1934,
    #1935,#1936,#1937,#1938,#1939,#1940,#1941,#1942,#1943,#1944,#1945,
    #1946,#1947,#1948,#1949,#1950,#1951,#1952,#1953,#1954,#1955,#1956,
    #1957,#1958,#1959,#1960,#1961,#1962,#1963,#1964,#1965,#1966,#1967,
    #1968,#1969,#1970,#1971,#1972,#1973,#1974,#1975),.UNSPECIFIED.,.F.,
  .F.,(8,6,6,6,6,6,6,6,6,6,6,8),(0.,5.251724227044E-02,0.104932787593,
    0.190337664529,0.266913152072,0.329455557707,0.48993310878,
    0.669595470423,0.732568486672,0.809322198724,0.894918167313,1.),
  .UNSPECIFIED.);
#1908 = CARTESIAN_POINT('',(5.725237679808,5.885062765996,1.9250006));
#1909 = CARTESIAN_POINT('',(5.752048657316,5.858979914416,1.910678435127
    ));
#1910 = CARTESIAN_POINT('',(5.778745395666,5.832730855995,1.895448174641
    ));
#1911 = CARTESIAN_POINT('',(5.805249621983,5.806390730868,1.879320147412
    ));
#1912 = CARTESIAN_POINT('',(5.831490764555,5.780032195667,1.862313735337
    ));
#1913 = CARTESIAN_POINT('',(5.857406834492,5.753723684426,1.844455114136
    ));
#1914 = CARTESIAN_POINT('',(5.882945307393,5.727527669498,1.825774994149
    ));
#1915 = CARTESIAN_POINT('',(5.933134061545,5.67552057875,1.786875428113)
  );
#1916 = CARTESIAN_POINT('',(5.957786145903,5.649708633074,1.766658786832
    ));
#1917 = CARTESIAN_POINT('',(5.981979594156,5.624116176574,1.745687900809
    ));
#1918 = CARTESIAN_POINT('',(6.005682649196,5.598789681843,1.723996268981
    ));
#1919 = CARTESIAN_POINT('',(6.028871432969,5.573769264891,1.701617991637
    ));
#1920 = CARTESIAN_POINT('',(6.051528918728,5.549088947128,1.678586336369
    ));
#1921 = CARTESIAN_POINT('',(6.109677631846,5.485163365662,1.616390880676
    ));
#1922 = CARTESIAN_POINT('',(6.144266945478,5.4465319926,1.576201270336)
  );
#1923 = CARTESIAN_POINT('',(6.177367622001,5.409001213497,1.534495777405
    ));
#1924 = CARTESIAN_POINT('',(6.208961946014,5.372663321126,1.49140267289)
  );
#1925 = CARTESIAN_POINT('',(6.239052362303,5.337588434331,1.447042142603
    ));
#1926 = CARTESIAN_POINT('',(6.267655129259,5.303828446669,1.401522235365
    ));
#1927 = CARTESIAN_POINT('',(6.31912712763,5.242363876371,1.31316372219)
  );
#1928 = CARTESIAN_POINT('',(6.342281759971,5.214396166066,1.270537504232
    ));
#1929 = CARTESIAN_POINT('',(6.364274627397,5.187545987104,1.227124845688
    ));
#1930 = CARTESIAN_POINT('',(6.385125076364,5.161835662995,1.182990098666
    ));
#1931 = CARTESIAN_POINT('',(6.404854099678,5.137282553717,1.138192907247
    ));
#1932 = CARTESIAN_POINT('',(6.423483394454,5.113899911634,1.0927878357)
  );
#1933 = CARTESIAN_POINT('',(6.455369077304,5.073564292488,1.009283405623
    ));
#1934 = CARTESIAN_POINT('',(6.468984197842,5.056218639624,0.971370790682
    ));
#1935 = CARTESIAN_POINT('',(6.481891391106,5.039666389482,0.933113373114
    ));
#1936 = CARTESIAN_POINT('',(6.494101873762,5.023912140562,0.894537024189
    ));
#1937 = CARTESIAN_POINT('',(6.505626383017,5.008959605867,0.855666243178
    ));
#1938 = CARTESIAN_POINT('',(6.516475089882,4.99481173956,0.816524135325)
  );
#1939 = CARTESIAN_POINT('',(6.552784589285,4.947239511691,0.676057114755
    ));
#1940 = CARTESIAN_POINT('',(6.574522345477,4.918324691,0.573348408575));
#1941 = CARTESIAN_POINT('',(6.592036321211,4.894759602431,0.469360523418
    ));
#1942 = CARTESIAN_POINT('',(6.605450809654,4.876567075976,0.364422433777
    ));
#1943 = CARTESIAN_POINT('',(6.614854506041,4.863757083176,0.258839944436
    ));
#1944 = CARTESIAN_POINT('',(6.620299703347,4.856330763514,0.152896446673
    ));
#1945 = CARTESIAN_POINT('',(6.623469129963,4.852007311629,
    -7.186919076573E-02));
#1946 = CARTESIAN_POINT('',(6.620193724117,4.856472976246,
    -0.190840263809));
#1947 = CARTESIAN_POINT('',(6.611962341226,4.867719089772,
    -0.309536967675));
#1948 = CARTESIAN_POINT('',(6.598734175568,4.885728022349,
    -0.427480660385));
#1949 = CARTESIAN_POINT('',(6.580424674556,4.910454467707,
    -0.544240492283));
#1950 = CARTESIAN_POINT('',(6.55687592647,4.941860507119,-0.659426104639
    ));
#1951 = CARTESIAN_POINT('',(6.517617922733,4.993320443825,-0.8123635456)
  );
#1952 = CARTESIAN_POINT('',(6.506754080013,5.007494808944,
    -0.851805203794));
#1953 = CARTESIAN_POINT('',(6.495205651381,5.022485412646,
    -0.890973420761));
#1954 = CARTESIAN_POINT('',(6.482962287199,5.038289277385,
    -0.929844673585));
#1955 = CARTESIAN_POINT('',(6.470013049851,5.054902653525,
    -0.968394013787));
#1956 = CARTESIAN_POINT('',(6.456346502113,5.072320889408,
    -1.006595089578));
#1957 = CARTESIAN_POINT('',(6.424404805417,5.11274231957,-1.090522695154
    ));
#1958 = CARTESIAN_POINT('',(6.405775997911,5.136133045906,
    -1.136065577643));
#1959 = CARTESIAN_POINT('',(6.386042769912,5.16070048612,-1.180999454286
    ));
#1960 = CARTESIAN_POINT('',(6.365183259712,5.186431385142,
    -1.225269476478));
#1961 = CARTESIAN_POINT('',(6.343176292536,5.213308365894,
    -1.268815680526));
#1962 = CARTESIAN_POINT('',(6.320002326101,5.241309068044,
    -1.311573359879));
#1963 = CARTESIAN_POINT('',(6.268480360097,5.302853476663,
    -1.400200528749));
#1964 = CARTESIAN_POINT('',(6.23984598136,5.336661449187,-1.44585704367)
  );
#1965 = CARTESIAN_POINT('',(6.209717200525,5.37179160956,-1.490350811473
    ));
#1966 = CARTESIAN_POINT('',(6.178077421918,5.408191987962,
    -1.533573223874));
#1967 = CARTESIAN_POINT('',(6.144923940927,5.445792240185,
    -1.575403345999));
#1968 = CARTESIAN_POINT('',(6.110274371282,5.484499648283,
    -1.615712027436));
#1969 = CARTESIAN_POINT('',(6.029853337211,5.572927241603,
    -1.701819552734));
#1970 = CARTESIAN_POINT('',(5.983341740502,5.623153099957,
    -1.746784014079));
#1971 = CARTESIAN_POINT('',(5.934730344997,5.674642014692,
    -1.789002132216));
#1972 = CARTESIAN_POINT('',(5.884210878657,5.72706628759,-1.828181239806
    ));
#1973 = CARTESIAN_POINT('',(5.832104916251,5.77998625712,-1.86402904053)
  );
#1974 = CARTESIAN_POINT('',(5.778910369244,5.83284770625,-1.896329168417
    ));
#1975 = CARTESIAN_POINT('',(5.725237679808,5.885062765996,-1.9250006));
#1976 = PCURVE('',#1647,#1977);
#1977 = DEFINITIONAL_REPRESENTATION('',(#1978),#2047);
#1978 = B_SPLINE_CURVE_WITH_KNOTS('',7,(#1979,#1980,#1981,#1982,#1983,
    #1984,#1985,#1986,#1987,#1988,#1989,#1990,#1991,#1992,#1993,#1994,
    #1995,#1996,#1997,#1998,#1999,#2000,#2001,#2002,#2003,#2004,#2005,
    #2006,#2007,#2008,#2009,#2010,#2011,#2012,#2013,#2014,#2015,#2016,
    #2017,#2018,#2019,#2020,#2021,#2022,#2023,#2024,#2025,#2026,#2027,
    #2028,#2029,#2030,#2031,#2032,#2033,#2034,#2035,#2036,#2037,#2038,
    #2039,#2040,#2041,#2042,#2043,#2044,#2045,#2046),.UNSPECIFIED.,.F.,
  .F.,(8,6,6,6,6,6,6,6,6,6,6,8),(0.,5.251724227044E-02,0.104932787593,
    0.190337664529,0.266913152072,0.329455557707,0.48993310878,
    0.669595470423,0.732568486672,0.809322198724,0.894918167313,1.),
  .UNSPECIFIED.);
#1979 = CARTESIAN_POINT('',(0.799163095029,3.8500006));
#1980 = CARTESIAN_POINT('',(0.794607327559,3.835678435127));
#1981 = CARTESIAN_POINT('',(0.790047417711,3.820448174641));
#1982 = CARTESIAN_POINT('',(0.785496424588,3.804320147412));
#1983 = CARTESIAN_POINT('',(0.780966525304,3.787313735337));
#1984 = CARTESIAN_POINT('',(0.776468797947,3.769455114136));
#1985 = CARTESIAN_POINT('',(0.772013004546,3.750774994149));
#1986 = CARTESIAN_POINT('',(0.763210274802,3.711875428113));
#1987 = CARTESIAN_POINT('',(0.75886310971,3.691658786832));
#1988 = CARTESIAN_POINT('',(0.754573831034,3.670687900809));
#1989 = CARTESIAN_POINT('',(0.750349074225,3.648996268981));
#1990 = CARTESIAN_POINT('',(0.746194269441,3.626617991637));
#1991 = CARTESIAN_POINT('',(0.742113753085,3.603586336369));
#1992 = CARTESIAN_POINT('',(0.731588674156,3.541390880676));
#1993 = CARTESIAN_POINT('',(0.725273338528,3.501201270336));
#1994 = CARTESIAN_POINT('',(0.719178707501,3.459495777405));
#1995 = CARTESIAN_POINT('',(0.713314231517,3.41640267289));
#1996 = CARTESIAN_POINT('',(0.707685833535,3.372042142603));
#1997 = CARTESIAN_POINT('',(0.702296766151,3.326522235365));
#1998 = CARTESIAN_POINT('',(0.692532416346,3.23816372219));
#1999 = CARTESIAN_POINT('',(0.688110244911,3.195537504232));
#2000 = CARTESIAN_POINT('',(0.68388311146,3.152124845688));
#2001 = CARTESIAN_POINT('',(0.67985148761,3.107990098666));
#2002 = CARTESIAN_POINT('',(0.676015301599,3.063192907247));
#2003 = CARTESIAN_POINT('',(0.672374080332,3.0177878357));
#2004 = CARTESIAN_POINT('',(0.666111791309,2.934283405623));
#2005 = CARTESIAN_POINT('',(0.663426109307,2.896370790682));
#2006 = CARTESIAN_POINT('',(0.660869668344,2.858113373114));
#2007 = CARTESIAN_POINT('',(0.65844203905,2.819537024189));
#2008 = CARTESIAN_POINT('',(0.65614275536,2.780666243178));
#2009 = CARTESIAN_POINT('',(0.653971330116,2.741524135325));
#2010 = CARTESIAN_POINT('',(0.646682418789,2.601057114755));
#2011 = CARTESIAN_POINT('',(0.642276648635,2.498348408575));
#2012 = CARTESIAN_POINT('',(0.6387007075,2.394360523418));
#2013 = CARTESIAN_POINT('',(0.635947721371,2.289422433777));
#2014 = CARTESIAN_POINT('',(0.634012268121,2.183839944436));
#2015 = CARTESIAN_POINT('',(0.632890690233,2.077896446673));
#2016 = CARTESIAN_POINT('',(0.632237777863,1.853130809234));
#2017 = CARTESIAN_POINT('',(0.632912292647,1.734159736191));
#2018 = CARTESIAN_POINT('',(0.634609709207,1.615463032325));
#2019 = CARTESIAN_POINT('',(0.637331245081,1.497519339615));
#2020 = CARTESIAN_POINT('',(0.641078511697,1.380759507717));
#2021 = CARTESIAN_POINT('',(0.645859307877,1.265573895361));
#2022 = CARTESIAN_POINT('',(0.653742497111,1.1126364544));
#2023 = CARTESIAN_POINT('',(0.655917605292,1.073194796206));
#2024 = CARTESIAN_POINT('',(0.658222339839,1.034026579239));
#2025 = CARTESIAN_POINT('',(0.660657198718,0.995155326415));
#2026 = CARTESIAN_POINT('',(0.663222659305,0.956605986213));
#2027 = CARTESIAN_POINT('',(0.665919162443,0.918404910422));
#2028 = CARTESIAN_POINT('',(0.672193881305,0.834477304846));
#2029 = CARTESIAN_POINT('',(0.675835835754,0.788934422357));
#2030 = CARTESIAN_POINT('',(0.67967370318,0.744000545714));
#2031 = CARTESIAN_POINT('',(0.683707968433,0.699730523522));
#2032 = CARTESIAN_POINT('',(0.687938715188,0.656184319474));
#2033 = CARTESIAN_POINT('',(0.692365483263,0.613426640121));
#2034 = CARTESIAN_POINT('',(0.702141195604,0.524799471251));
#2035 = CARTESIAN_POINT('',(0.707537210784,0.47914295633));
#2036 = CARTESIAN_POINT('',(0.71317376,0.434649188527));
#2037 = CARTESIAN_POINT('',(0.719047610498,0.391426776126));
#2038 = CARTESIAN_POINT('',(0.725152840159,0.349596654001));
#2039 = CARTESIAN_POINT('',(0.731479969421,0.309287972564));
#2040 = CARTESIAN_POINT('',(0.746037933488,0.223180447266));
#2041 = CARTESIAN_POINT('',(0.75437498144,0.178215985921));
#2042 = CARTESIAN_POINT('',(0.762998753854,0.135997867784));
#2043 = CARTESIAN_POINT('',(0.771865142243,9.681876019434E-02));
#2044 = CARTESIAN_POINT('',(0.780909627669,6.097095947006E-02));
#2045 = CARTESIAN_POINT('',(0.790042939209,2.86708315831E-02));
#2046 = CARTESIAN_POINT('',(0.799163095029,-6.E-07));
#2047 = ( GEOMETRIC_REPRESENTATION_CONTEXT(2) 
PARAMETRIC_REPRESENTATION_CONTEXT() REPRESENTATION_CONTEXT('2D SPACE',''
  ) );
#2048 = PCURVE('',#2049,#2054);
#2049 = SPHERICAL_SURFACE('',#2050,2.1924);
#2050 = AXIS2_PLACEMENT_3D('',#2051,#2052,#2053);
#2051 = CARTESIAN_POINT('',(4.676173513941,5.86373611851,0.));
#2052 = DIRECTION('',(0.,0.,1.));
#2053 = DIRECTION('',(0.623489801859,0.781831482468,0.));
#2054 = DEFINITIONAL_REPRESENTATION('',(#2055),#2124);
#2055 = B_SPLINE_CURVE_WITH_KNOTS('',7,(#2056,#2057,#2058,#2059,#2060,
    #2061,#2062,#2063,#2064,#2065,#2066,#2067,#2068,#2069,#2070,#2071,
    #2072,#2073,#2074,#2075,#2076,#2077,#2078,#2079,#2080,#2081,#2082,
    #2083,#2084,#2085,#2086,#2087,#2088,#2089,#2090,#2091,#2092,#2093,
    #2094,#2095,#2096,#2097,#2098,#2099,#2100,#2101,#2102,#2103,#2104,
    #2105,#2106,#2107,#2108,#2109,#2110,#2111,#2112,#2113,#2114,#2115,
    #2116,#2117,#2118,#2119,#2120,#2121,#2122,#2123),.UNSPECIFIED.,.F.,
  .F.,(8,6,6,6,6,6,6,6,6,6,6,8),(0.,5.251724227044E-02,0.104932787593,
    0.190337664529,0.266913152072,0.329455557707,0.48993310878,
    0.669595470423,0.732568486672,0.809322198724,0.894918167313,1.),
  .UNSPECIFIED.);
#2056 = CARTESIAN_POINT('',(5.405913817989,1.071737674848));
#2057 = CARTESIAN_POINT('',(5.380541778476,1.05808817013));
#2058 = CARTESIAN_POINT('',(5.356496433688,1.043971855747));
#2059 = CARTESIAN_POINT('',(5.333751397133,1.029444019746));
#2060 = CARTESIAN_POINT('',(5.312258414237,1.014558832106));
#2061 = CARTESIAN_POINT('',(5.291955077506,0.999367666921));
#2062 = CARTESIAN_POINT('',(5.27277254169,0.983917424584));
#2063 = CARTESIAN_POINT('',(5.236549042662,0.952610624761));
#2064 = CARTESIAN_POINT('',(5.219503688784,0.936754815409));
#2065 = CARTESIAN_POINT('',(5.20343711818,0.920721293339));
#2066 = CARTESIAN_POINT('',(5.188280429372,0.904544571842));
#2067 = CARTESIAN_POINT('',(5.17396744221,0.888254037796));
#2068 = CARTESIAN_POINT('',(5.160436261551,0.871874179376));
#2069 = CARTESIAN_POINT('',(5.126765935973,0.828622535209));
#2070 = CARTESIAN_POINT('',(5.10782980721,0.801638857759));
#2071 = CARTESIAN_POINT('',(5.090575092764,0.774556899188));
#2072 = CARTESIAN_POINT('',(5.074797666509,0.747437696211));
#2073 = CARTESIAN_POINT('',(5.060329421856,0.720323955291));
#2074 = CARTESIAN_POINT('',(5.04703105553,0.693243803444));
#2075 = CARTESIAN_POINT('',(5.023804693213,0.641979633816));
#2076 = CARTESIAN_POINT('',(5.013671116628,0.617787291654));
#2077 = CARTESIAN_POINT('',(5.004300131001,0.593650566781));
#2078 = CARTESIAN_POINT('',(4.995622457194,0.56957818194));
#2079 = CARTESIAN_POINT('',(4.987580754006,0.545575168815));
#2080 = CARTESIAN_POINT('',(4.980126844634,0.521643508445));
#2081 = CARTESIAN_POINT('',(4.967576970881,0.478294709224));
#2082 = CARTESIAN_POINT('',(4.962299377122,0.458854307488));
#2083 = CARTESIAN_POINT('',(4.9573636886,0.439461477591));
#2084 = CARTESIAN_POINT('',(4.952750604421,0.420115511781));
#2085 = CARTESIAN_POINT('',(4.948443517125,0.400815132858));
#2086 = CARTESIAN_POINT('',(4.944428033761,0.381558543634));
#2087 = CARTESIAN_POINT('',(4.931103917575,0.313039537697));
#2088 = CARTESIAN_POINT('',(4.923353812726,0.26401389846));
#2089 = CARTESIAN_POINT('',(4.917227155874,0.215221780572));
#2090 = CARTESIAN_POINT('',(4.912592395478,0.166615589533));
#2091 = CARTESIAN_POINT('',(4.909366751105,0.118144465611));
#2092 = CARTESIAN_POINT('',(4.90750206329,6.975197800947E-02));
#2093 = CARTESIAN_POINT('',(4.906417138189,-3.279180016613E-02));
#2094 = CARTESIAN_POINT('',(4.907539832579,-8.699635037582E-02));
#2095 = CARTESIAN_POINT('',(4.910349407443,-0.141261625578));
#2096 = CARTESIAN_POINT('',(4.914892460994,-0.195631287934));
#2097 = CARTESIAN_POINT('',(4.921258546183,-0.250171059914));
#2098 = CARTESIAN_POINT('',(4.929612257884,-0.304973311291));
#2099 = CARTESIAN_POINT('',(4.944005515992,-0.379514017932));
#2100 = CARTESIAN_POINT('',(4.948022963947,-0.398902066986));
#2101 = CARTESIAN_POINT('',(4.95233507134,-0.41833438459));
#2102 = CARTESIAN_POINT('',(4.956956410948,-0.437812831395));
#2103 = CARTESIAN_POINT('',(4.96190381611,-0.457338739136));
#2104 = CARTESIAN_POINT('',(4.967196872418,-0.47691286054));
#2105 = CARTESIAN_POINT('',(4.979758888468,-0.520451857349));
#2106 = CARTESIAN_POINT('',(4.987206533912,-0.544439673199));
#2107 = CARTESIAN_POINT('',(4.995243224668,-0.568499256276));
#2108 = CARTESIAN_POINT('',(5.00391725547,-0.59262867907));
#2109 = CARTESIAN_POINT('',(5.013286131905,-0.616822954228));
#2110 = CARTESIAN_POINT('',(5.023419365456,-0.641073391724));
#2111 = CARTESIAN_POINT('',(5.046648319628,-0.692459211385));
#2112 = CARTESIAN_POINT('',(5.059949897971,-0.719602958119));
#2113 = CARTESIAN_POINT('',(5.07442418095,-0.746781002941));
#2114 = CARTESIAN_POINT('',(5.0902110439,-0.773965250753));
#2115 = CARTESIAN_POINT('',(5.107479355233,-0.801112912358));
#2116 = CARTESIAN_POINT('',(5.126434271553,-0.828162712175));
#2117 = CARTESIAN_POINT('',(5.172970447769,-0.888016049043));
#2118 = CARTESIAN_POINT('',(5.201535491463,-0.920730455244));
#2119 = CARTESIAN_POINT('',(5.233475150308,-0.953011516868));
#2120 = CARTESIAN_POINT('',(5.269319060341,-0.98461847127));
#2121 = CARTESIAN_POINT('',(5.309663944223,-1.015227747481));
#2122 = CARTESIAN_POINT('',(5.355121727445,-1.044412836452));
#2123 = CARTESIAN_POINT('',(5.405913817989,-1.071737674848));
#2124 = ( GEOMETRIC_REPRESENTATION_CONTEXT(2) 
PARAMETRIC_REPRESENTATION_CONTEXT() REPRESENTATION_CONTEXT('2D SPACE',''
  ) );
#2125 = ADVANCED_FACE('',(#2126),#1659,.T.);
#2126 = FACE_BOUND('',#2127,.T.);
#2127 = EDGE_LOOP('',(#2128,#2152,#2153,#2177));
#2128 = ORIENTED_EDGE('',*,*,#2129,.F.);
#2129 = EDGE_CURVE('',#1636,#2130,#2132,.T.);
#2130 = VERTEX_POINT('',#2131);
#2131 = CARTESIAN_POINT('',(6.749754499333,0.733569661811,1.925));
#2132 = SURFACE_CURVE('',#2133,(#2138,#2145),.PCURVE_S1.);
#2133 = CIRCLE('',#2134,1.049282021194);
#2134 = AXIS2_PLACEMENT_3D('',#2135,#2136,#2137);
#2135 = CARTESIAN_POINT('',(7.5,0.,1.925));
#2136 = DIRECTION('',(0.,0.,1.));
#2137 = DIRECTION('',(1.,0.,-0.));
#2138 = PCURVE('',#1659,#2139);
#2139 = DEFINITIONAL_REPRESENTATION('',(#2140),#2144);
#2140 = CIRCLE('',#2141,1.049282021194);
#2141 = AXIS2_PLACEMENT_2D('',#2142,#2143);
#2142 = CARTESIAN_POINT('',(7.5,0.));
#2143 = DIRECTION('',(1.,0.));
#2144 = ( GEOMETRIC_REPRESENTATION_CONTEXT(2) 
PARAMETRIC_REPRESENTATION_CONTEXT() REPRESENTATION_CONTEXT('2D SPACE',''
  ) );
#2145 = PCURVE('',#1805,#2146);
#2146 = DEFINITIONAL_REPRESENTATION('',(#2147),#2151);
#2147 = LINE('',#2148,#2149);
#2148 = CARTESIAN_POINT('',(0.,1.071737103028));
#2149 = VECTOR('',#2150,1.);
#2150 = DIRECTION('',(1.,0.));
#2151 = ( GEOMETRIC_REPRESENTATION_CONTEXT(2) 
PARAMETRIC_REPRESENTATION_CONTEXT() REPRESENTATION_CONTEXT('2D SPACE',''
  ) );
#2152 = ORIENTED_EDGE('',*,*,#1635,.T.);
#2153 = ORIENTED_EDGE('',*,*,#2154,.F.);
#2154 = EDGE_CURVE('',#2155,#1638,#2157,.T.);
#2155 = VERTEX_POINT('',#2156);
#2156 = CARTESIAN_POINT('',(4.781930951572,4.819797363417,1.925));
#2157 = SURFACE_CURVE('',#2158,(#2163,#2170),.PCURVE_S1.);
#2158 = CIRCLE('',#2159,1.049282021194);
#2159 = AXIS2_PLACEMENT_3D('',#2160,#2161,#2162);
#2160 = CARTESIAN_POINT('',(4.676173513941,5.86373611851,1.925));
#2161 = DIRECTION('',(0.,0.,1.));
#2162 = DIRECTION('',(0.623489801859,0.781831482468,-0.));
#2163 = PCURVE('',#1659,#2164);
#2164 = DEFINITIONAL_REPRESENTATION('',(#2165),#2169);
#2165 = CIRCLE('',#2166,1.049282021194);
#2166 = AXIS2_PLACEMENT_2D('',#2167,#2168);
#2167 = CARTESIAN_POINT('',(4.676173513941,5.86373611851));
#2168 = DIRECTION('',(0.623489801859,0.781831482468));
#2169 = ( GEOMETRIC_REPRESENTATION_CONTEXT(2) 
PARAMETRIC_REPRESENTATION_CONTEXT() REPRESENTATION_CONTEXT('2D SPACE',''
  ) );
#2170 = PCURVE('',#2049,#2171);
#2171 = DEFINITIONAL_REPRESENTATION('',(#2172),#2176);
#2172 = LINE('',#2173,#2174);
#2173 = CARTESIAN_POINT('',(0.,1.071737103028));
#2174 = VECTOR('',#2175,1.);
#2175 = DIRECTION('',(1.,0.));
#2176 = ( GEOMETRIC_REPRESENTATION_CONTEXT(2) 
PARAMETRIC_REPRESENTATION_CONTEXT() REPRESENTATION_CONTEXT('2D SPACE',''
  ) );
#2177 = ORIENTED_EDGE('',*,*,#2178,.F.);
#2178 = EDGE_CURVE('',#2130,#2155,#2179,.T.);
#2179 = SURFACE_CURVE('',#2180,(#2185,#2192),.PCURVE_S1.);
#2180 = CIRCLE('',#2181,6.7895);
#2181 = AXIS2_PLACEMENT_3D('',#2182,#2183,#2184);
#2182 = CARTESIAN_POINT('',(0.,0.,1.925));
#2183 = DIRECTION('',(0.,0.,1.));
#2184 = DIRECTION('',(1.,0.,0.));
#2185 = PCURVE('',#1659,#2186);
#2186 = DEFINITIONAL_REPRESENTATION('',(#2187),#2191);
#2187 = CIRCLE('',#2188,6.7895);
#2188 = AXIS2_PLACEMENT_2D('',#2189,#2190);
#2189 = CARTESIAN_POINT('',(0.,0.));
#2190 = DIRECTION('',(1.,0.));
#2191 = ( GEOMETRIC_REPRESENTATION_CONTEXT(2) 
PARAMETRIC_REPRESENTATION_CONTEXT() REPRESENTATION_CONTEXT('2D SPACE',''
  ) );
#2192 = PCURVE('',#2193,#2198);
#2193 = CYLINDRICAL_SURFACE('',#2194,6.7895);
#2194 = AXIS2_PLACEMENT_3D('',#2195,#2196,#2197);
#2195 = CARTESIAN_POINT('',(0.,0.,-1.925));
#2196 = DIRECTION('',(0.,0.,1.));
#2197 = DIRECTION('',(1.,0.,0.));
#2198 = DEFINITIONAL_REPRESENTATION('',(#2199),#2203);
#2199 = LINE('',#2200,#2201);
#2200 = CARTESIAN_POINT('',(0.,3.85));
#2201 = VECTOR('',#2202,1.);
#2202 = DIRECTION('',(1.,0.));
#2203 = ( GEOMETRIC_REPRESENTATION_CONTEXT(2) 
PARAMETRIC_REPRESENTATION_CONTEXT() REPRESENTATION_CONTEXT('2D SPACE',''
  ) );
#2204 = ADVANCED_FACE('',(#2205),#2049,.F.);
#2205 = FACE_BOUND('',#2206,.F.);
#2206 = EDGE_LOOP('',(#2207,#2208,#2209,#2409));
#2207 = ORIENTED_EDGE('',*,*,#1905,.F.);
#2208 = ORIENTED_EDGE('',*,*,#2154,.F.);
#2209 = ORIENTED_EDGE('',*,*,#2210,.T.);
#2210 = EDGE_CURVE('',#2155,#2211,#2213,.T.);
#2211 = VERTEX_POINT('',#2212);
#2212 = CARTESIAN_POINT('',(4.781930951572,4.819797363417,-1.925));
#2213 = SURFACE_CURVE('',#2214,(#2277,#2343),.PCURVE_S1.);
#2214 = B_SPLINE_CURVE_WITH_KNOTS('',7,(#2215,#2216,#2217,#2218,#2219,
    #2220,#2221,#2222,#2223,#2224,#2225,#2226,#2227,#2228,#2229,#2230,
    #2231,#2232,#2233,#2234,#2235,#2236,#2237,#2238,#2239,#2240,#2241,
    #2242,#2243,#2244,#2245,#2246,#2247,#2248,#2249,#2250,#2251,#2252,
    #2253,#2254,#2255,#2256,#2257,#2258,#2259,#2260,#2261,#2262,#2263,
    #2264,#2265,#2266,#2267,#2268,#2269,#2270,#2271,#2272,#2273,#2274,
    #2275,#2276),.UNSPECIFIED.,.F.,.F.,(8,6,6,6,6,6,6,6,6,6,8),(0.,
    8.657704091596E-02,0.16273507122,0.238228478259,0.304296028553,
    0.489158639183,0.696151742116,0.762177908221,0.836887526027,
    0.912901572847,1.),.UNSPECIFIED.);
#2215 = CARTESIAN_POINT('',(4.781929939739,4.8197983673,1.9250006));
#2216 = CARTESIAN_POINT('',(4.82450094287,4.777561838108,1.899756730239)
  );
#2217 = CARTESIAN_POINT('',(4.866482037199,4.735040110682,1.871824896716
    ));
#2218 = CARTESIAN_POINT('',(4.907467678998,4.692646801071,1.841331932125
    ));
#2219 = CARTESIAN_POINT('',(4.947155316335,4.650743825995,1.808484888635
    ));
#2220 = CARTESIAN_POINT('',(4.985363989584,4.609603878228,1.773522211605
    ));
#2221 = CARTESIAN_POINT('',(5.022001472993,4.569416745903,1.736664662386
    ));
#2222 = CARTESIAN_POINT('',(5.087867321219,4.495892620362,1.664156143895
    ));
#2223 = CARTESIAN_POINT('',(5.117454146478,4.462315996127,1.628896310722
    ));
#2224 = CARTESIAN_POINT('',(5.145788701776,4.429649954347,1.59242930383)
  );
#2225 = CARTESIAN_POINT('',(5.172875750742,4.397952210107,1.554867378718
    ));
#2226 = CARTESIAN_POINT('',(5.198734635845,4.367262659081,1.516312177013
    ));
#2227 = CARTESIAN_POINT('',(5.223394412739,4.337606654899,1.476851413459
    ));
#2228 = CARTESIAN_POINT('',(5.27017852177,4.280639580416,1.396611370082)
  );
#2229 = CARTESIAN_POINT('',(5.292320418676,4.253313692188,1.355851492837
    ));
#2230 = CARTESIAN_POINT('',(5.313346695027,4.227036301954,1.314348688847
    ));
#2231 = CARTESIAN_POINT('',(5.333290064721,4.201818112585,1.272169392321
    ));
#2232 = CARTESIAN_POINT('',(5.352183297323,4.177665626583,1.229373412542
    ));
#2233 = CARTESIAN_POINT('',(5.370058579545,4.154581922957,1.186013632385
    ));
#2234 = CARTESIAN_POINT('',(5.401726557053,4.113301601401,1.103736233769
    ));
#2235 = CARTESIAN_POINT('',(5.415749849148,4.094855294809,1.064941203228
    ));
#2236 = CARTESIAN_POINT('',(5.42903727076,4.077229173523,1.025782113136)
  );
#2237 = CARTESIAN_POINT('',(5.441608034781,4.060423216801,0.986288258907
    ));
#2238 = CARTESIAN_POINT('',(5.453480073174,4.04443682561,0.946486739085)
  );
#2239 = CARTESIAN_POINT('',(5.464670060906,4.029268924282,0.906402460947
    ));
#2240 = CARTESIAN_POINT('',(5.504638747017,3.974763132481,0.753171330605
    ));
#2241 = CARTESIAN_POINT('',(5.528859910828,3.941012017732,0.638268410054
    ));
#2242 = CARTESIAN_POINT('',(5.548203875802,3.913621062184,0.521823405243
    ));
#2243 = CARTESIAN_POINT('',(5.562913382798,3.892562381319,0.404257360079
    ));
#2244 = CARTESIAN_POINT('',(5.573155654425,3.877808347953,0.285946126233
    ));
#2245 = CARTESIAN_POINT('',(5.579029083105,3.869334807259,0.167223641348
    ));
#2246 = CARTESIAN_POINT('',(5.582248585501,3.864688848393,
    -8.468930693325E-02));
#2247 = CARTESIAN_POINT('',(5.578489599406,3.870110701994,
    -0.217890134661));
#2248 = CARTESIAN_POINT('',(5.569293054246,3.883407247554,
    -0.350743578571));
#2249 = CARTESIAN_POINT('',(5.554569258113,3.904591054091,
    -0.482758565856));
#2250 = CARTESIAN_POINT('',(5.53411668313,3.933682734432,-0.613419867268
    ));
#2251 = CARTESIAN_POINT('',(5.507620340989,3.970711978464,
    -0.742194110115));
#2252 = CARTESIAN_POINT('',(5.46400809928,4.030166711001,-0.908789763733
    ));
#2253 = CARTESIAN_POINT('',(5.452795156303,4.045360466083,
    -0.948818256243));
#2254 = CARTESIAN_POINT('',(5.440900883372,4.061371061009,
    -0.988563539109));
#2255 = CARTESIAN_POINT('',(5.428308612243,4.078199557149,
    -1.028000719342));
#2256 = CARTESIAN_POINT('',(5.415000424974,4.095846535052,
    -1.067102711658));
#2257 = CARTESIAN_POINT('',(5.40095713099,4.114311992296,-1.105840233237
    ));
#2258 = CARTESIAN_POINT('',(5.369413077094,4.155414532828,
    -1.187565866567));
#2259 = CARTESIAN_POINT('',(5.351701107718,4.178280061115,
    -1.230441380334));
#2260 = CARTESIAN_POINT('',(5.332992325031,4.202191348933,
    -1.272763985889));
#2261 = CARTESIAN_POINT('',(5.313255560549,4.227145368218,
    -1.314482403459));
#2262 = CARTESIAN_POINT('',(5.29245909488,4.253135802805,-1.355538714437
    ));
#2263 = CARTESIAN_POINT('',(5.270571264308,4.280152311137,
    -1.395868648438));
#2264 = CARTESIAN_POINT('',(5.224149112697,4.336696626227,
    -1.475625341834));
#2265 = CARTESIAN_POINT('',(5.19957791966,4.366256680925,-1.515019174778
    ));
#2266 = CARTESIAN_POINT('',(5.173813796013,4.396846044419,
    -1.553513465026));
#2267 = CARTESIAN_POINT('',(5.146827797473,4.428439722992,
    -1.591021318973));
#2268 = CARTESIAN_POINT('',(5.118600496175,4.460998417807,
    -1.627442090181));
#2269 = CARTESIAN_POINT('',(5.089126749105,4.494465304853,
    -1.662664615994));
#2270 = CARTESIAN_POINT('',(5.023236589007,4.568061593289,
    -1.735420446976));
#2271 = CARTESIAN_POINT('',(4.986437452789,4.608447805367,
    -1.772538880387));
#2272 = CARTESIAN_POINT('',(4.948047171272,4.649802037349,
    -1.807746166633));
#2273 = CARTESIAN_POINT('',(4.908158330063,4.691932346058,
    -1.840817784899));
#2274 = CARTESIAN_POINT('',(4.866953778035,4.734562254514,
    -1.871510886594));
#2275 = CARTESIAN_POINT('',(4.824740439994,4.777324222678,-1.89961471258
    ));
#2276 = CARTESIAN_POINT('',(4.781929939739,4.8197983673,-1.9250006));
#2277 = PCURVE('',#2049,#2278);
#2278 = DEFINITIONAL_REPRESENTATION('',(#2279),#2342);
#2279 = B_SPLINE_CURVE_WITH_KNOTS('',7,(#2280,#2281,#2282,#2283,#2284,
    #2285,#2286,#2287,#2288,#2289,#2290,#2291,#2292,#2293,#2294,#2295,
    #2296,#2297,#2298,#2299,#2300,#2301,#2302,#2303,#2304,#2305,#2306,
    #2307,#2308,#2309,#2310,#2311,#2312,#2313,#2314,#2315,#2316,#2317,
    #2318,#2319,#2320,#2321,#2322,#2323,#2324,#2325,#2326,#2327,#2328,
    #2329,#2330,#2331,#2332,#2333,#2334,#2335,#2336,#2337,#2338,#2339,
    #2340,#2341),.UNSPECIFIED.,.F.,.F.,(8,6,6,6,6,6,6,6,6,6,8),(0.,
    8.657704091596E-02,0.16273507122,0.238228478259,0.304296028553,
    0.489158639183,0.696151742116,0.762177908221,0.836887526027,
    0.912901572847,1.),.UNSPECIFIED.);
#2280 = CARTESIAN_POINT('',(3.915751939163,1.071737674848));
#2281 = CARTESIAN_POINT('',(3.952059877084,1.047679418122));
#2282 = CARTESIAN_POINT('',(3.984041913758,1.022298233817));
#2283 = CARTESIAN_POINT('',(4.011965702571,0.995937815166));
#2284 = CARTESIAN_POINT('',(4.036352396996,0.968917897708));
#2285 = CARTESIAN_POINT('',(4.057703206136,0.941479068598));
#2286 = CARTESIAN_POINT('',(4.076463030865,0.913795577486));
#2287 = CARTESIAN_POINT('',(4.107571352415,0.861509399977));
#2288 = CARTESIAN_POINT('',(4.120418597749,0.836938977994));
#2289 = CARTESIAN_POINT('',(4.131815299665,0.812341573899));
#2290 = CARTESIAN_POINT('',(4.141973912217,0.787770353649));
#2291 = CARTESIAN_POINT('',(4.151067236666,0.763261026309));
#2292 = CARTESIAN_POINT('',(4.159236841286,0.738835367134));
#2293 = CARTESIAN_POINT('',(4.173901850608,0.690386445045));
#2294 = CARTESIAN_POINT('',(4.180410458913,0.666364336096));
#2295 = CARTESIAN_POINT('',(4.186241503906,0.642450786424));
#2296 = CARTESIAN_POINT('',(4.191486524408,0.618653009182));
#2297 = CARTESIAN_POINT('',(4.196219110633,0.594973872557));
#2298 = CARTESIAN_POINT('',(4.200499614584,0.571412714269));
#2299 = CARTESIAN_POINT('',(4.207775631659,0.527447057453));
#2300 = CARTESIAN_POINT('',(4.210864642138,0.507016380958));
#2301 = CARTESIAN_POINT('',(4.213681006256,0.486672181177));
#2302 = CARTESIAN_POINT('',(4.216253216241,0.466411808734));
#2303 = CARTESIAN_POINT('',(4.218605140114,0.44623196321));
#2304 = CARTESIAN_POINT('',(4.220757019623,0.426128746059));
#2305 = CARTESIAN_POINT('',(4.228237152298,0.350049185186));
#2306 = CARTESIAN_POINT('',(4.232318768552,0.294575569698));
#2307 = CARTESIAN_POINT('',(4.235353737167,0.239566669593));
#2308 = CARTESIAN_POINT('',(4.237551910175,0.184919091376));
#2309 = CARTESIAN_POINT('',(4.239037293627,0.130530025119));
#2310 = CARTESIAN_POINT('',(4.239884198069,7.628923376365E-02));
#2311 = CARTESIAN_POINT('',(4.240347608054,-3.864157634031E-02));
#2312 = CARTESIAN_POINT('',(4.239805501998,-9.931716292096E-02));
#2313 = CARTESIAN_POINT('',(4.238492747485,-0.160105099617));
#2314 = CARTESIAN_POINT('',(4.236345399678,-0.221144339462));
#2315 = CARTESIAN_POINT('',(4.233200615203,-0.282578013733));
#2316 = CARTESIAN_POINT('',(4.228804497933,-0.344566514915));
#2317 = CARTESIAN_POINT('',(4.220630034048,-0.427324817866));
#2318 = CARTESIAN_POINT('',(4.218470337174,-0.447411054641));
#2319 = CARTESIAN_POINT('',(4.216110171695,-0.467573926672));
#2320 = CARTESIAN_POINT('',(4.213529245409,-0.487817306224));
#2321 = CARTESIAN_POINT('',(4.210703634096,-0.508144464175));
#2322 = CARTESIAN_POINT('',(4.207604781995,-0.528558016126));
#2323 = CARTESIAN_POINT('',(4.200344244627,-0.572258028338));
#2324 = CARTESIAN_POINT('',(4.196096641555,-0.595568422149));
#2325 = CARTESIAN_POINT('',(4.191405289968,-0.61899425837));
#2326 = CARTESIAN_POINT('',(4.186211542082,-0.642536127655));
#2327 = CARTESIAN_POINT('',(4.180444040018,-0.666191230392));
#2328 = CARTESIAN_POINT('',(4.1740142504,-0.689952604228));
#2329 = CARTESIAN_POINT('',(4.159483996275,-0.738080620011));
#2330 = CARTESIAN_POINT('',(4.151357109419,-0.762447800829));
#2331 = CARTESIAN_POINT('',(4.142313795033,-0.786898702595));
#2332 = CARTESIAN_POINT('',(4.132214007885,-0.811411884508));
#2333 = CARTESIAN_POINT('',(4.120886861011,-0.835952192453));
#2334 = CARTESIAN_POINT('',(4.108122285879,-0.860467295032));
#2335 = CARTESIAN_POINT('',(4.077094599017,-0.912861623981));
#2336 = CARTESIAN_POINT('',(4.058302368367,-0.940707728529));
#2337 = CARTESIAN_POINT('',(4.036899929094,-0.96831044146));
#2338 = CARTESIAN_POINT('',(4.012435952089,-0.995493467794));
#2339 = CARTESIAN_POINT('',(3.984401118164,-1.022012949118));
#2340 = CARTESIAN_POINT('',(3.952264139282,-1.047544070518));
#2341 = CARTESIAN_POINT('',(3.915751939163,-1.071737674848));
#2342 = ( GEOMETRIC_REPRESENTATION_CONTEXT(2) 
PARAMETRIC_REPRESENTATION_CONTEXT() REPRESENTATION_CONTEXT('2D SPACE',''
  ) );
#2343 = PCURVE('',#2193,#2344);
#2344 = DEFINITIONAL_REPRESENTATION('',(#2345),#2408);
#2345 = B_SPLINE_CURVE_WITH_KNOTS('',7,(#2346,#2347,#2348,#2349,#2350,
    #2351,#2352,#2353,#2354,#2355,#2356,#2357,#2358,#2359,#2360,#2361,
    #2362,#2363,#2364,#2365,#2366,#2367,#2368,#2369,#2370,#2371,#2372,
    #2373,#2374,#2375,#2376,#2377,#2378,#2379,#2380,#2381,#2382,#2383,
    #2384,#2385,#2386,#2387,#2388,#2389,#2390,#2391,#2392,#2393,#2394,
    #2395,#2396,#2397,#2398,#2399,#2400,#2401,#2402,#2403,#2404,#2405,
    #2406,#2407),.UNSPECIFIED.,.F.,.F.,(8,6,6,6,6,6,6,6,6,6,8),(0.,
    8.657704091596E-02,0.16273507122,0.238228478259,0.304296028553,
    0.489158639183,0.696151742116,0.762177908221,0.836887526027,
    0.912901572847,1.),.UNSPECIFIED.);
#2346 = CARTESIAN_POINT('',(0.789342060789,3.8500006));
#2347 = CARTESIAN_POINT('',(0.780509532976,3.824756730239));
#2348 = CARTESIAN_POINT('',(0.771709098903,3.796824896716));
#2349 = CARTESIAN_POINT('',(0.763024943675,3.766331932125));
#2350 = CARTESIAN_POINT('',(0.754525150528,3.733484888635));
#2351 = CARTESIAN_POINT('',(0.74625616116,3.698522211605));
#2352 = CARTESIAN_POINT('',(0.738246868023,3.661664662386));
#2353 = CARTESIAN_POINT('',(0.723707911781,3.589156143895));
#2354 = CARTESIAN_POINT('',(0.717116733018,3.553896310722));
#2355 = CARTESIAN_POINT('',(0.710748000314,3.51742930383));
#2356 = CARTESIAN_POINT('',(0.70460721326,3.479867378718));
#2357 = CARTESIAN_POINT('',(0.698696615059,3.441312177013));
#2358 = CARTESIAN_POINT('',(0.693016007012,3.401851413459));
#2359 = CARTESIAN_POINT('',(0.682158701921,3.321611370082));
#2360 = CARTESIAN_POINT('',(0.676978674976,3.280851492837));
#2361 = CARTESIAN_POINT('',(0.672022016891,3.239348688847));
#2362 = CARTESIAN_POINT('',(0.667286725508,3.197169392321));
#2363 = CARTESIAN_POINT('',(0.662770390953,3.154373412542));
#2364 = CARTESIAN_POINT('',(0.658470324793,3.111013632385));
#2365 = CARTESIAN_POINT('',(0.650807297386,3.028736233769));
#2366 = CARTESIAN_POINT('',(0.647394484827,2.989941203228));
#2367 = CARTESIAN_POINT('',(0.64414341491,2.950782113136));
#2368 = CARTESIAN_POINT('',(0.641052318254,2.911288258907));
#2369 = CARTESIAN_POINT('',(0.638119496133,2.871486739085));
#2370 = CARTESIAN_POINT('',(0.635343323913,2.831402460947));
#2371 = CARTESIAN_POINT('',(0.625388279877,2.678171330605));
#2372 = CARTESIAN_POINT('',(0.619269919839,2.563268410054));
#2373 = CARTESIAN_POINT('',(0.614331136534,2.446823405243));
#2374 = CARTESIAN_POINT('',(0.610547767106,2.329257360079));
#2375 = CARTESIAN_POINT('',(0.607902414229,2.210946126233));
#2376 = CARTESIAN_POINT('',(0.606383877017,2.092223641348));
#2377 = CARTESIAN_POINT('',(0.60555134965,1.840310693067));
#2378 = CARTESIAN_POINT('',(0.606523063821,1.707109865339));
#2379 = CARTESIAN_POINT('',(0.608904256374,1.574256421429));
#2380 = CARTESIAN_POINT('',(0.612703956347,1.442241434144));
#2381 = CARTESIAN_POINT('',(0.61794155319,1.311580132732));
#2382 = CARTESIAN_POINT('',(0.624647418599,1.182805889885));
#2383 = CARTESIAN_POINT('',(0.635507612874,1.016210236267));
#2384 = CARTESIAN_POINT('',(0.638288856503,0.976181743757));
#2385 = CARTESIAN_POINT('',(0.641226493014,0.936436460891));
#2386 = CARTESIAN_POINT('',(0.644322145275,0.896999280658));
#2387 = CARTESIAN_POINT('',(0.647577509176,0.857897288342));
#2388 = CARTESIAN_POINT('',(0.65099435004,0.819159766763));
#2389 = CARTESIAN_POINT('',(0.658625492437,0.737434133433));
#2390 = CARTESIAN_POINT('',(0.662885425503,0.694558619666));
#2391 = CARTESIAN_POINT('',(0.667357042997,0.652236014111));
#2392 = CARTESIAN_POINT('',(0.672042943955,0.610517596541));
#2393 = CARTESIAN_POINT('',(0.676945459028,0.569461285563));
#2394 = CARTESIAN_POINT('',(0.682066527828,0.529131351562));
#2395 = CARTESIAN_POINT('',(0.692841879342,0.449374658166));
#2396 = CARTESIAN_POINT('',(0.698503280407,0.409980825222));
#2397 = CARTESIAN_POINT('',(0.704393603065,0.371486534974));
#2398 = CARTESIAN_POINT('',(0.710513071811,0.333978681027));
#2399 = CARTESIAN_POINT('',(0.716859513209,0.297557909819));
#2400 = CARTESIAN_POINT('',(0.723427557074,0.262335384006));
#2401 = CARTESIAN_POINT('',(0.737976819818,0.189579553024));
#2402 = CARTESIAN_POINT('',(0.746023818403,0.152461119613));
#2403 = CARTESIAN_POINT('',(0.754334128335,0.117253833367));
#2404 = CARTESIAN_POINT('',(0.762878597778,8.41822151012E-02));
#2405 = CARTESIAN_POINT('',(0.7716102044,5.348911340605E-02));
#2406 = CARTESIAN_POINT('',(0.780459842697,2.538528741994E-02));
#2407 = CARTESIAN_POINT('',(0.789342060789,-6.E-07));
#2408 = ( GEOMETRIC_REPRESENTATION_CONTEXT(2) 
PARAMETRIC_REPRESENTATION_CONTEXT() REPRESENTATION_CONTEXT('2D SPACE',''
  ) );
#2409 = ORIENTED_EDGE('',*,*,#2410,.T.);
#2410 = EDGE_CURVE('',#2211,#1877,#2411,.T.);
#2411 = SURFACE_CURVE('',#2412,(#2417,#2424),.PCURVE_S1.);
#2412 = CIRCLE('',#2413,1.049282021194);
#2413 = AXIS2_PLACEMENT_3D('',#2414,#2415,#2416);
#2414 = CARTESIAN_POINT('',(4.676173513941,5.86373611851,-1.925));
#2415 = DIRECTION('',(0.,0.,1.));
#2416 = DIRECTION('',(0.623489801859,0.781831482468,-0.));
#2417 = PCURVE('',#2049,#2418);
#2418 = DEFINITIONAL_REPRESENTATION('',(#2419),#2423);
#2419 = LINE('',#2420,#2421);
#2420 = CARTESIAN_POINT('',(0.,-1.071737103028));
#2421 = VECTOR('',#2422,1.);
#2422 = DIRECTION('',(1.,0.));
#2423 = ( GEOMETRIC_REPRESENTATION_CONTEXT(2) 
PARAMETRIC_REPRESENTATION_CONTEXT() REPRESENTATION_CONTEXT('2D SPACE',''
  ) );
#2424 = PCURVE('',#1893,#2425);
#2425 = DEFINITIONAL_REPRESENTATION('',(#2426),#2430);
#2426 = CIRCLE('',#2427,1.049282021194);
#2427 = AXIS2_PLACEMENT_2D('',#2428,#2429);
#2428 = CARTESIAN_POINT('',(4.676173513941,5.86373611851));
#2429 = DIRECTION('',(0.623489801859,0.781831482468));
#2430 = ( GEOMETRIC_REPRESENTATION_CONTEXT(2) 
PARAMETRIC_REPRESENTATION_CONTEXT() REPRESENTATION_CONTEXT('2D SPACE',''
  ) );
#2431 = ADVANCED_FACE('',(#2432),#1893,.F.);
#2432 = FACE_BOUND('',#2433,.F.);
#2433 = EDGE_LOOP('',(#2434,#2458,#2459,#2460));
#2434 = ORIENTED_EDGE('',*,*,#2435,.F.);
#2435 = EDGE_CURVE('',#1672,#2436,#2438,.T.);
#2436 = VERTEX_POINT('',#2437);
#2437 = CARTESIAN_POINT('',(6.749754499333,0.733569661811,-1.925));
#2438 = SURFACE_CURVE('',#2439,(#2444,#2451),.PCURVE_S1.);
#2439 = CIRCLE('',#2440,1.049282021194);
#2440 = AXIS2_PLACEMENT_3D('',#2441,#2442,#2443);
#2441 = CARTESIAN_POINT('',(7.5,0.,-1.925));
#2442 = DIRECTION('',(0.,0.,1.));
#2443 = DIRECTION('',(1.,0.,-0.));
#2444 = PCURVE('',#1893,#2445);
#2445 = DEFINITIONAL_REPRESENTATION('',(#2446),#2450);
#2446 = CIRCLE('',#2447,1.049282021194);
#2447 = AXIS2_PLACEMENT_2D('',#2448,#2449);
#2448 = CARTESIAN_POINT('',(7.5,0.));
#2449 = DIRECTION('',(1.,0.));
#2450 = ( GEOMETRIC_REPRESENTATION_CONTEXT(2) 
PARAMETRIC_REPRESENTATION_CONTEXT() REPRESENTATION_CONTEXT('2D SPACE',''
  ) );
#2451 = PCURVE('',#1805,#2452);
#2452 = DEFINITIONAL_REPRESENTATION('',(#2453),#2457);
#2453 = LINE('',#2454,#2455);
#2454 = CARTESIAN_POINT('',(0.,-1.071737103028));
#2455 = VECTOR('',#2456,1.);
#2456 = DIRECTION('',(1.,0.));
#2457 = ( GEOMETRIC_REPRESENTATION_CONTEXT(2) 
PARAMETRIC_REPRESENTATION_CONTEXT() REPRESENTATION_CONTEXT('2D SPACE',''
  ) );
#2458 = ORIENTED_EDGE('',*,*,#1876,.T.);
#2459 = ORIENTED_EDGE('',*,*,#2410,.F.);
#2460 = ORIENTED_EDGE('',*,*,#2461,.F.);
#2461 = EDGE_CURVE('',#2436,#2211,#2462,.T.);
#2462 = SURFACE_CURVE('',#2463,(#2468,#2475),.PCURVE_S1.);
#2463 = CIRCLE('',#2464,6.7895);
#2464 = AXIS2_PLACEMENT_3D('',#2465,#2466,#2467);
#2465 = CARTESIAN_POINT('',(0.,0.,-1.925));
#2466 = DIRECTION('',(0.,0.,1.));
#2467 = DIRECTION('',(1.,0.,0.));
#2468 = PCURVE('',#1893,#2469);
#2469 = DEFINITIONAL_REPRESENTATION('',(#2470),#2474);
#2470 = CIRCLE('',#2471,6.7895);
#2471 = AXIS2_PLACEMENT_2D('',#2472,#2473);
#2472 = CARTESIAN_POINT('',(0.,0.));
#2473 = DIRECTION('',(1.,0.));
#2474 = ( GEOMETRIC_REPRESENTATION_CONTEXT(2) 
PARAMETRIC_REPRESENTATION_CONTEXT() REPRESENTATION_CONTEXT('2D SPACE',''
  ) );
#2475 = PCURVE('',#2193,#2476);
#2476 = DEFINITIONAL_REPRESENTATION('',(#2477),#2481);
#2477 = LINE('',#2478,#2479);
#2478 = CARTESIAN_POINT('',(0.,0.));
#2479 = VECTOR('',#2480,1.);
#2480 = DIRECTION('',(1.,0.));
#2481 = ( GEOMETRIC_REPRESENTATION_CONTEXT(2) 
PARAMETRIC_REPRESENTATION_CONTEXT() REPRESENTATION_CONTEXT('2D SPACE',''
  ) );
#2482 = ADVANCED_FACE('',(#2483),#1805,.F.);
#2483 = FACE_BOUND('',#2484,.F.);
#2484 = EDGE_LOOP('',(#2485,#2486,#2487,#2488));
#2485 = ORIENTED_EDGE('',*,*,#2129,.F.);
#2486 = ORIENTED_EDGE('',*,*,#1671,.T.);
#2487 = ORIENTED_EDGE('',*,*,#2435,.T.);
#2488 = ORIENTED_EDGE('',*,*,#2489,.F.);
#2489 = EDGE_CURVE('',#2130,#2436,#2490,.T.);
#2490 = SURFACE_CURVE('',#2491,(#2554,#2620),.PCURVE_S1.);
#2491 = B_SPLINE_CURVE_WITH_KNOTS('',7,(#2492,#2493,#2494,#2495,#2496,
    #2497,#2498,#2499,#2500,#2501,#2502,#2503,#2504,#2505,#2506,#2507,
    #2508,#2509,#2510,#2511,#2512,#2513,#2514,#2515,#2516,#2517,#2518,
    #2519,#2520,#2521,#2522,#2523,#2524,#2525,#2526,#2527,#2528,#2529,
    #2530,#2531,#2532,#2533,#2534,#2535,#2536,#2537,#2538,#2539,#2540,
    #2541,#2542,#2543,#2544,#2545,#2546,#2547,#2548,#2549,#2550,#2551,
    #2552,#2553),.UNSPECIFIED.,.F.,.F.,(8,6,6,6,6,6,6,6,6,6,8),(0.,
    8.659251226004E-02,0.162764152028,0.238271049762,0.304682684266,0.5,
    0.695317315734,0.761728950238,0.837235847971,0.91340748774,1.),
  .UNSPECIFIED.);
#2492 = CARTESIAN_POINT('',(6.749754653333,0.733568244818,1.9250006));
#2493 = CARTESIAN_POINT('',(6.743275391408,0.793185640522,1.899756730239
    ));
#2494 = CARTESIAN_POINT('',(6.736205350403,0.852519645147,1.871824896715
    ));
#2495 = CARTESIAN_POINT('',(6.728615055987,0.910995306439,1.841331932127
    ));
#2496 = CARTESIAN_POINT('',(6.720598828003,0.968150428406,1.808484888633
    ));
#2497 = CARTESIAN_POINT('',(6.712257039765,1.023673509935,1.773522211606
    ));
#2498 = CARTESIAN_POINT('',(6.703680571794,1.077374115074,1.736664662386
    ));
#2499 = CARTESIAN_POINT('',(6.687263780385,1.174711651301,1.664156143895
    ));
#2500 = CARTESIAN_POINT('',(6.679459602302,1.218778245546,1.628896310722
    ));
#2501 = CARTESIAN_POINT('',(6.671586568699,1.261298036837,1.59242930383)
  );
#2502 = CARTESIAN_POINT('',(6.663692773122,1.302238764761,1.554867378718
    ));
#2503 = CARTESIAN_POINT('',(6.655821467096,1.341590677324,1.516312177013
    ));
#2504 = CARTESIAN_POINT('',(6.648010588791,1.379360683422,1.47685141346)
  );
#2505 = CARTESIAN_POINT('',(6.632641351367,1.451456362724,1.396611370082
    ));
#2506 = CARTESIAN_POINT('',(6.625082358578,1.485805007443,1.355851492838
    ));
#2507 = CARTESIAN_POINT('',(6.617647536492,1.518627697084,1.314348688847
    ));
#2508 = CARTESIAN_POINT('',(6.610365649732,1.549943335271,1.272169392322
    ));
#2509 = CARTESIAN_POINT('',(6.603262213647,1.579773488036,1.229373412542
    ));
#2510 = CARTESIAN_POINT('',(6.59635970359,1.608141400235,1.186013632385)
  );
#2511 = CARTESIAN_POINT('',(6.583800704871,1.658756788802,1.103543143255
    ));
#2512 = CARTESIAN_POINT('',(6.578094482318,1.681329115036,1.064551038158
    ));
#2513 = CARTESIAN_POINT('',(6.572572605551,1.702803861013,1.025191362265
    ));
#2514 = CARTESIAN_POINT('',(6.567247211644,1.723196286792,0.98549384187)
  );
#2515 = CARTESIAN_POINT('',(6.562129162449,1.742520996683,0.945485964745
    ));
#2516 = CARTESIAN_POINT('',(6.557228141313,1.760791893794,0.90519298602)
  );
#2517 = CARTESIAN_POINT('',(6.538802374179,1.82869645401,0.745365099616)
  );
#2518 = CARTESIAN_POINT('',(6.527006386854,1.870359303926,0.623849583578
    ));
#2519 = CARTESIAN_POINT('',(6.517378613444,1.903364417483,0.500646881728
    ));
#2520 = CARTESIAN_POINT('',(6.510067834724,1.927947117713,0.376247622279
    ));
#2521 = CARTESIAN_POINT('',(6.505165289173,1.944275661063,0.25109026319)
  );
#2522 = CARTESIAN_POINT('',(6.502712832667,1.952443614006,0.125561835076
    ));
#2523 = CARTESIAN_POINT('',(6.502712832667,1.952443614006,
    -0.125561835076));
#2524 = CARTESIAN_POINT('',(6.505165289173,1.944275661063,
    -0.251090263189));
#2525 = CARTESIAN_POINT('',(6.510067834724,1.927947117712,
    -0.376247622279));
#2526 = CARTESIAN_POINT('',(6.517378613444,1.903364417484,
    -0.500646881728));
#2527 = CARTESIAN_POINT('',(6.527006386854,1.870359303926,
    -0.623849583577));
#2528 = CARTESIAN_POINT('',(6.538802374179,1.82869645401,-0.745365099616
    ));
#2529 = CARTESIAN_POINT('',(6.557228141313,1.760791893794,-0.90519298602
    ));
#2530 = CARTESIAN_POINT('',(6.562129162449,1.742520996683,
    -0.945485964745));
#2531 = CARTESIAN_POINT('',(6.567247211644,1.723196286792,-0.98549384187
    ));
#2532 = CARTESIAN_POINT('',(6.572572605551,1.702803861013,
    -1.025191362265));
#2533 = CARTESIAN_POINT('',(6.578094482318,1.681329115036,
    -1.064551038158));
#2534 = CARTESIAN_POINT('',(6.583800704871,1.658756788801,
    -1.103543143255));
#2535 = CARTESIAN_POINT('',(6.59635970359,1.608141400235,-1.186013632385
    ));
#2536 = CARTESIAN_POINT('',(6.603262213647,1.579773488036,
    -1.229373412542));
#2537 = CARTESIAN_POINT('',(6.610365649732,1.549943335271,
    -1.272169392322));
#2538 = CARTESIAN_POINT('',(6.617647536492,1.518627697084,
    -1.314348688847));
#2539 = CARTESIAN_POINT('',(6.625082358578,1.485805007443,
    -1.355851492838));
#2540 = CARTESIAN_POINT('',(6.632641351367,1.451456362724,
    -1.396611370082));
#2541 = CARTESIAN_POINT('',(6.648010588791,1.379360683422,
    -1.476851413459));
#2542 = CARTESIAN_POINT('',(6.655821467096,1.341590677324,
    -1.516312177013));
#2543 = CARTESIAN_POINT('',(6.663692773122,1.302238764761,
    -1.554867378718));
#2544 = CARTESIAN_POINT('',(6.671586568699,1.261298036837,-1.59242930383
    ));
#2545 = CARTESIAN_POINT('',(6.679459602302,1.218778245546,
    -1.628896310722));
#2546 = CARTESIAN_POINT('',(6.687263780385,1.174711651301,
    -1.664156143895));
#2547 = CARTESIAN_POINT('',(6.703680571794,1.077374115074,
    -1.736664662386));
#2548 = CARTESIAN_POINT('',(6.712257039765,1.023673509935,
    -1.773522211606));
#2549 = CARTESIAN_POINT('',(6.720598828003,0.968150428407,
    -1.808484888633));
#2550 = CARTESIAN_POINT('',(6.728615055987,0.910995306439,
    -1.841331932127));
#2551 = CARTESIAN_POINT('',(6.736205350402,0.852519645147,
    -1.871824896714));
#2552 = CARTESIAN_POINT('',(6.743275391409,0.793185640522,
    -1.899756730239));
#2553 = CARTESIAN_POINT('',(6.749754653333,0.733568244818,-1.9250006));
#2554 = PCURVE('',#1805,#2555);
#2555 = DEFINITIONAL_REPRESENTATION('',(#2556),#2619);
#2556 = B_SPLINE_CURVE_WITH_KNOTS('',7,(#2557,#2558,#2559,#2560,#2561,
    #2562,#2563,#2564,#2565,#2566,#2567,#2568,#2569,#2570,#2571,#2572,
    #2573,#2574,#2575,#2576,#2577,#2578,#2579,#2580,#2581,#2582,#2583,
    #2584,#2585,#2586,#2587,#2588,#2589,#2590,#2591,#2592,#2593,#2594,
    #2595,#2596,#2597,#2598,#2599,#2600,#2601,#2602,#2603,#2604,#2605,
    #2606,#2607,#2608,#2609,#2610,#2611,#2612,#2613,#2614,#2615,#2616,
    #2617,#2618),.UNSPECIFIED.,.F.,.F.,(8,6,6,6,6,6,6,6,6,6,8),(0.,
    8.659251226004E-02,0.162764152028,0.238271049762,0.304682684266,0.5,
    0.695317315734,0.761728950238,0.837235847971,0.91340748774,1.),
  .UNSPECIFIED.);
#2557 = CARTESIAN_POINT('',(2.367433368016,1.071737674848));
#2558 = CARTESIAN_POINT('',(2.331125430096,1.047679418122));
#2559 = CARTESIAN_POINT('',(2.299143393421,1.022298233816));
#2560 = CARTESIAN_POINT('',(2.27121960461,0.995937815167));
#2561 = CARTESIAN_POINT('',(2.246832910183,0.968917897707));
#2562 = CARTESIAN_POINT('',(2.225482101044,0.941479068599));
#2563 = CARTESIAN_POINT('',(2.206722276314,0.913795577486));
#2564 = CARTESIAN_POINT('',(2.175613954765,0.861509399977));
#2565 = CARTESIAN_POINT('',(2.16276670943,0.836938977994));
#2566 = CARTESIAN_POINT('',(2.151370007515,0.812341573899));
#2567 = CARTESIAN_POINT('',(2.141211394963,0.78777035365));
#2568 = CARTESIAN_POINT('',(2.132118070514,0.763261026309));
#2569 = CARTESIAN_POINT('',(2.123948465894,0.738835367134));
#2570 = CARTESIAN_POINT('',(2.109283456572,0.690386445046));
#2571 = CARTESIAN_POINT('',(2.102774848267,0.666364336096));
#2572 = CARTESIAN_POINT('',(2.096943803273,0.642450786425));
#2573 = CARTESIAN_POINT('',(2.091698782772,0.618653009183));
#2574 = CARTESIAN_POINT('',(2.086966196547,0.594973872558));
#2575 = CARTESIAN_POINT('',(2.082685692595,0.571412714269));
#2576 = CARTESIAN_POINT('',(2.075392599994,0.527343877826));
#2577 = CARTESIAN_POINT('',(2.072289606515,0.506810915427));
#2578 = CARTESIAN_POINT('',(2.069461836093,0.486365291136));
#2579 = CARTESIAN_POINT('',(2.066880392204,0.466004310924));
#2580 = CARTESIAN_POINT('',(2.06452109075,0.445724618379));
#2581 = CARTESIAN_POINT('',(2.062363438824,0.425522248625));
#2582 = CARTESIAN_POINT('',(2.054584572301,0.34619141572));
#2583 = CARTESIAN_POINT('',(2.050370915483,0.287631810628));
#2584 = CARTESIAN_POINT('',(2.047296597525,0.229582218263));
#2585 = CARTESIAN_POINT('',(2.04513346161,0.171921309785));
#2586 = CARTESIAN_POINT('',(2.043736408353,0.114527580785));
#2587 = CARTESIAN_POINT('',(2.043038016713,5.727140808076E-02));
#2588 = CARTESIAN_POINT('',(2.043038016713,-5.727140808084E-02));
#2589 = CARTESIAN_POINT('',(2.043736408353,-0.114527580785));
#2590 = CARTESIAN_POINT('',(2.04513346161,-0.171921309785));
#2591 = CARTESIAN_POINT('',(2.047296597525,-0.229582218263));
#2592 = CARTESIAN_POINT('',(2.050370915483,-0.287631810628));
#2593 = CARTESIAN_POINT('',(2.054584572301,-0.34619141572));
#2594 = CARTESIAN_POINT('',(2.062363438824,-0.425522248625));
#2595 = CARTESIAN_POINT('',(2.06452109075,-0.445724618379));
#2596 = CARTESIAN_POINT('',(2.066880392204,-0.466004310924));
#2597 = CARTESIAN_POINT('',(2.069461836093,-0.486365291136));
#2598 = CARTESIAN_POINT('',(2.072289606515,-0.506810915427));
#2599 = CARTESIAN_POINT('',(2.075392599994,-0.527343877826));
#2600 = CARTESIAN_POINT('',(2.082685692595,-0.571412714269));
#2601 = CARTESIAN_POINT('',(2.086966196547,-0.594973872558));
#2602 = CARTESIAN_POINT('',(2.091698782772,-0.618653009183));
#2603 = CARTESIAN_POINT('',(2.096943803273,-0.642450786425));
#2604 = CARTESIAN_POINT('',(2.102774848267,-0.666364336096));
#2605 = CARTESIAN_POINT('',(2.109283456572,-0.690386445046));
#2606 = CARTESIAN_POINT('',(2.123948465894,-0.738835367134));
#2607 = CARTESIAN_POINT('',(2.132118070514,-0.763261026309));
#2608 = CARTESIAN_POINT('',(2.141211394963,-0.78777035365));
#2609 = CARTESIAN_POINT('',(2.151370007515,-0.812341573899));
#2610 = CARTESIAN_POINT('',(2.16276670943,-0.836938977994));
#2611 = CARTESIAN_POINT('',(2.175613954765,-0.861509399977));
#2612 = CARTESIAN_POINT('',(2.206722276314,-0.913795577486));
#2613 = CARTESIAN_POINT('',(2.225482101045,-0.941479068599));
#2614 = CARTESIAN_POINT('',(2.246832910182,-0.968917897707));
#2615 = CARTESIAN_POINT('',(2.27121960461,-0.995937815167));
#2616 = CARTESIAN_POINT('',(2.29914339342,-1.022298233816));
#2617 = CARTESIAN_POINT('',(2.331125430096,-1.047679418122));
#2618 = CARTESIAN_POINT('',(2.367433368016,-1.071737674848));
#2619 = ( GEOMETRIC_REPRESENTATION_CONTEXT(2) 
PARAMETRIC_REPRESENTATION_CONTEXT() REPRESENTATION_CONTEXT('2D SPACE',''
  ) );
#2620 = PCURVE('',#2193,#2621);
#2621 = DEFINITIONAL_REPRESENTATION('',(#2622),#2685);
#2622 = B_SPLINE_CURVE_WITH_KNOTS('',7,(#2623,#2624,#2625,#2626,#2627,
    #2628,#2629,#2630,#2631,#2632,#2633,#2634,#2635,#2636,#2637,#2638,
    #2639,#2640,#2641,#2642,#2643,#2644,#2645,#2646,#2647,#2648,#2649,
    #2650,#2651,#2652,#2653,#2654,#2655,#2656,#2657,#2658,#2659,#2660,
    #2661,#2662,#2663,#2664,#2665,#2666,#2667,#2668,#2669,#2670,#2671,
    #2672,#2673,#2674,#2675,#2676,#2677,#2678,#2679,#2680,#2681,#2682,
    #2683,#2684),.UNSPECIFIED.,.F.,.F.,(8,6,6,6,6,6,6,6,6,6,8),(0.,
    8.659251226004E-02,0.162764152028,0.238271049762,0.304682684266,0.5,
    0.695317315734,0.761728950238,0.837235847971,0.91340748774,1.),
  .UNSPECIFIED.);
#2623 = CARTESIAN_POINT('',(0.108255840237,3.8500006));
#2624 = CARTESIAN_POINT('',(0.11708836805,3.824756730239));
#2625 = CARTESIAN_POINT('',(0.125888802123,3.796824896715));
#2626 = CARTESIAN_POINT('',(0.134572957351,3.766331932127));
#2627 = CARTESIAN_POINT('',(0.143072750498,3.733484888633));
#2628 = CARTESIAN_POINT('',(0.151341739866,3.698522211606));
#2629 = CARTESIAN_POINT('',(0.159351033002,3.661664662386));
#2630 = CARTESIAN_POINT('',(0.173889989245,3.589156143895));
#2631 = CARTESIAN_POINT('',(0.180481168008,3.553896310722));
#2632 = CARTESIAN_POINT('',(0.186849900712,3.51742930383));
#2633 = CARTESIAN_POINT('',(0.192990687766,3.479867378718));
#2634 = CARTESIAN_POINT('',(0.198901285967,3.441312177013));
#2635 = CARTESIAN_POINT('',(0.204581894014,3.40185141346));
#2636 = CARTESIAN_POINT('',(0.215439199104,3.321611370082));
#2637 = CARTESIAN_POINT('',(0.220619226049,3.280851492838));
#2638 = CARTESIAN_POINT('',(0.225575884135,3.239348688847));
#2639 = CARTESIAN_POINT('',(0.230311175517,3.197169392322));
#2640 = CARTESIAN_POINT('',(0.234827510072,3.154373412542));
#2641 = CARTESIAN_POINT('',(0.239127576232,3.111013632385));
#2642 = CARTESIAN_POINT('',(0.24680858741,3.028543143255));
#2643 = CARTESIAN_POINT('',(0.250237734147,2.989551038158));
#2644 = CARTESIAN_POINT('',(0.253503516933,2.950191362265));
#2645 = CARTESIAN_POINT('',(0.25660773179,2.91049384187));
#2646 = CARTESIAN_POINT('',(0.259552102387,2.870485964745));
#2647 = CARTESIAN_POINT('',(0.262338276563,2.83019298602));
#2648 = CARTESIAN_POINT('',(0.272701346165,2.670365099616));
#2649 = CARTESIAN_POINT('',(0.279078541656,2.548849583578));
#2650 = CARTESIAN_POINT('',(0.284142197164,2.425646881728));
#2651 = CARTESIAN_POINT('',(0.287919595507,2.301247622279));
#2652 = CARTESIAN_POINT('',(0.290430628402,2.17609026319));
#2653 = CARTESIAN_POINT('',(0.291686712883,2.050561835076));
#2654 = CARTESIAN_POINT('',(0.291686712883,1.799438164924));
#2655 = CARTESIAN_POINT('',(0.290430628402,1.673909736811));
#2656 = CARTESIAN_POINT('',(0.287919595507,1.548752377721));
#2657 = CARTESIAN_POINT('',(0.284142197164,1.424353118272));
#2658 = CARTESIAN_POINT('',(0.279078541656,1.301150416423));
#2659 = CARTESIAN_POINT('',(0.272701346165,1.179634900384));
#2660 = CARTESIAN_POINT('',(0.262338276563,1.01980701398));
#2661 = CARTESIAN_POINT('',(0.259552102387,0.979514035255));
#2662 = CARTESIAN_POINT('',(0.25660773179,0.93950615813));
#2663 = CARTESIAN_POINT('',(0.253503516933,0.899808637735));
#2664 = CARTESIAN_POINT('',(0.250237734147,0.860448961842));
#2665 = CARTESIAN_POINT('',(0.24680858741,0.821456856745));
#2666 = CARTESIAN_POINT('',(0.239127576232,0.738986367615));
#2667 = CARTESIAN_POINT('',(0.234827510072,0.695626587458));
#2668 = CARTESIAN_POINT('',(0.230311175517,0.652830607678));
#2669 = CARTESIAN_POINT('',(0.225575884135,0.610651311153));
#2670 = CARTESIAN_POINT('',(0.22061922605,0.569148507162));
#2671 = CARTESIAN_POINT('',(0.215439199104,0.528388629918));
#2672 = CARTESIAN_POINT('',(0.204581894014,0.448148586541));
#2673 = CARTESIAN_POINT('',(0.198901285967,0.408687822987));
#2674 = CARTESIAN_POINT('',(0.192990687766,0.370132621282));
#2675 = CARTESIAN_POINT('',(0.186849900712,0.33257069617));
#2676 = CARTESIAN_POINT('',(0.180481168008,0.296103689278));
#2677 = CARTESIAN_POINT('',(0.173889989245,0.260843856105));
#2678 = CARTESIAN_POINT('',(0.159351033002,0.188335337614));
#2679 = CARTESIAN_POINT('',(0.151341739866,0.151477788394));
#2680 = CARTESIAN_POINT('',(0.143072750498,0.116515111367));
#2681 = CARTESIAN_POINT('',(0.134572957351,8.366806787288E-02));
#2682 = CARTESIAN_POINT('',(0.125888802123,5.317510328554E-02));
#2683 = CARTESIAN_POINT('',(0.11708836805,2.524326976109E-02));
#2684 = CARTESIAN_POINT('',(0.108255840237,-6.E-07));
#2685 = ( GEOMETRIC_REPRESENTATION_CONTEXT(2) 
PARAMETRIC_REPRESENTATION_CONTEXT() REPRESENTATION_CONTEXT('2D SPACE',''
  ) );
#2686 = ADVANCED_FACE('',(#2687),#2193,.F.);
#2687 = FACE_BOUND('',#2688,.F.);
#2688 = EDGE_LOOP('',(#2689,#2690,#2691,#2692));
#2689 = ORIENTED_EDGE('',*,*,#2178,.F.);
#2690 = ORIENTED_EDGE('',*,*,#2489,.T.);
#2691 = ORIENTED_EDGE('',*,*,#2461,.T.);
#2692 = ORIENTED_EDGE('',*,*,#2210,.F.);
#2693 = ( GEOMETRIC_REPRESENTATION_CONTEXT(3) 
GLOBAL_UNCERTAINTY_ASSIGNED_CONTEXT((#2697)) 
GLOBAL_UNIT_ASSIGNED_CONTEXT((#2694,#2695,#2696)) REPRESENTATION_CONTEXT
('Context #1','3D Context with UNIT and UNCERTAINTY') );
#2694 = ( LENGTH_UNIT() NAMED_UNIT(*) SI_UNIT(.MILLI.,.METRE.) );
#2695 = ( NAMED_UNIT(*) PLANE_ANGLE_UNIT() SI_UNIT($,.RADIAN.) );
#2696 = ( NAMED_UNIT(*) SI_UNIT($,.STERADIAN.) SOLID_ANGLE_UNIT() );
#2697 = UNCERTAINTY_MEASURE_WITH_UNIT(LENGTH_MEASURE(2.E-07),#2694,
  'distance_accuracy_value','confusion accuracy');
#2698 = CONTEXT_DEPENDENT_SHAPE_REPRESENTATION(#2699,#2701);
#2699 = ( REPRESENTATION_RELATIONSHIP('','',#1628,#516) 
REPRESENTATION_RELATIONSHIP_WITH_TRANSFORMATION(#2700) 
SHAPE_REPRESENTATION_RELATIONSHIP() );
#2700 = ITEM_DEFINED_TRANSFORMATION('','',#11,#521);
#2701 = PRODUCT_DEFINITION_SHAPE('Placement','Placement of an item',
  #2702);
#2702 = NEXT_ASSEMBLY_USAGE_OCCURRENCE('6','=>[0:1:1:8]','',#511,#1623,$
  );
#2703 = PRODUCT_RELATED_PRODUCT_CATEGORY('part',$,(#1625));
#2704 = SHAPE_DEFINITION_REPRESENTATION(#2705,#2711);
#2705 = PRODUCT_DEFINITION_SHAPE('','',#2706);
#2706 = PRODUCT_DEFINITION('design','',#2707,#2710);
#2707 = PRODUCT_DEFINITION_FORMATION('','',#2708);
#2708 = PRODUCT('SOLID','SOLID','',(#2709));
#2709 = PRODUCT_CONTEXT('',#2,'mechanical');
#2710 = PRODUCT_DEFINITION_CONTEXT('part definition',#2,'design');
#2711 = ADVANCED_BREP_SHAPE_REPRESENTATION('',(#11,#2712),#3776);
#2712 = MANIFOLD_SOLID_BREP('',#2713);
#2713 = CLOSED_SHELL('',(#2714,#3208,#3463,#3514,#3741,#3769));
#2714 = ADVANCED_FACE('',(#2715),#2794,.T.);
#2715 = FACE_BOUND('',#2716,.T.);
#2716 = EDGE_LOOP('',(#2717,#2947,#2976,#3181));
#2717 = ORIENTED_EDGE('',*,*,#2718,.F.);
#2718 = EDGE_CURVE('',#2719,#2721,#2723,.T.);
#2719 = VERTEX_POINT('',#2720);
#2720 = CARTESIAN_POINT('',(4.46352540465,-6.891244532887,1.925));
#2721 = VERTEX_POINT('',#2722);
#2722 = CARTESIAN_POINT('',(4.46352540465,-6.891244532887,-1.925));
#2723 = SURFACE_CURVE('',#2724,(#2793,#2870),.PCURVE_S1.);
#2724 = B_SPLINE_CURVE_WITH_KNOTS('',7,(#2725,#2726,#2727,#2728,#2729,
    #2730,#2731,#2732,#2733,#2734,#2735,#2736,#2737,#2738,#2739,#2740,
    #2741,#2742,#2743,#2744,#2745,#2746,#2747,#2748,#2749,#2750,#2751,
    #2752,#2753,#2754,#2755,#2756,#2757,#2758,#2759,#2760,#2761,#2762,
    #2763,#2764,#2765,#2766,#2767,#2768,#2769,#2770,#2771,#2772,#2773,
    #2774,#2775,#2776,#2777,#2778,#2779,#2780,#2781,#2782,#2783,#2784,
    #2785,#2786,#2787,#2788,#2789,#2790,#2791,#2792),.UNSPECIFIED.,.F.,
  .F.,(8,6,6,6,6,6,6,6,6,6,6,8),(0.,5.251724227045E-02,0.104932787593,
    0.190337664529,0.266913152073,0.329455557708,0.489933108789,
    0.669595470423,0.732568486672,0.809322198724,0.894918167313,1.),
  .UNSPECIFIED.);
#2725 = CARTESIAN_POINT('',(4.463526719879,-6.891243681001,1.9250006));
#2726 = CARTESIAN_POINT('',(4.432131816089,-6.911578470832,
    1.910678435127));
#2727 = CARTESIAN_POINT('',(4.400600293215,-6.931764901219,
    1.895448174641));
#2728 = CARTESIAN_POINT('',(4.369022824824,-6.951743382002,
    1.879320147412));
#2729 = CARTESIAN_POINT('',(4.337485949578,-6.971461278472,
    1.862313735337));
#2730 = CARTESIAN_POINT('',(4.306070179555,-6.990873383936,
    1.844455114136));
#2731 = CARTESIAN_POINT('',(4.274848108572,-7.009942392294,
    1.825774994148));
#2732 = CARTESIAN_POINT('',(4.212976895722,-7.047300143189,
    1.786875428113));
#2733 = CARTESIAN_POINT('',(4.18232650458,-7.065590450063,1.766658786832
    ));
#2734 = CARTESIAN_POINT('',(4.151992155696,-7.083482460735,
    1.745687900809));
#2735 = CARTESIAN_POINT('',(4.122026223119,-7.100955555436,
    1.723996268981));
#2736 = CARTESIAN_POINT('',(4.092473130436,-7.117995381438,
    1.701617991636));
#2737 = CARTESIAN_POINT('',(4.063369834875,-7.134592909365,
    1.678586336368));
#2738 = CARTESIAN_POINT('',(3.98810769525,-7.17705893275,1.616390880676)
  );
#2739 = CARTESIAN_POINT('',(3.942748044991,-7.202184730859,
    1.576201270335));
#2740 = CARTESIAN_POINT('',(3.898792647424,-7.226104120295,
    1.534495777404));
#2741 = CARTESIAN_POINT('',(3.856335423394,-7.248820366894,
    1.491402672889));
#2742 = CARTESIAN_POINT('',(3.815444189705,-7.270351457055,
    1.447042142602));
#2743 = CARTESIAN_POINT('',(3.776165921002,-7.290724788941,
    1.401522235364));
#2744 = CARTESIAN_POINT('',(3.704788798658,-7.327229123261,
    1.313163722188));
#2745 = CARTESIAN_POINT('',(3.672369906827,-7.343579819609,
    1.270537504231));
#2746 = CARTESIAN_POINT('',(3.641299044511,-7.359046553032,
    1.227124845687));
#2747 = CARTESIAN_POINT('',(3.611593670528,-7.373653152379,
    1.182990098664));
#2748 = CARTESIAN_POINT('',(3.583266038268,-7.387423947079,
    1.138192907245));
#2749 = CARTESIAN_POINT('',(3.556324239768,-7.400383039186,
    1.092787835698));
#2750 = CARTESIAN_POINT('',(3.50990468688,-7.422493761752,1.009283405621
    ));
#2751 = CARTESIAN_POINT('',(3.48996427641,-7.431907751916,0.97137079068)
  );
#2752 = CARTESIAN_POINT('',(3.470954905037,-7.440808112736,
    0.933113373111));
#2753 = CARTESIAN_POINT('',(3.452878560025,-7.449206802916,
    0.894537024186));
#2754 = CARTESIAN_POINT('',(3.43573647203,-7.457115116677,0.855666243176
    ));
#2755 = CARTESIAN_POINT('',(3.419529257886,-7.464543627387,
    0.816524135322));
#2756 = CARTESIAN_POINT('',(3.365070141371,-7.489356955257,
    0.676057114747));
#2757 = CARTESIAN_POINT('',(3.332043169792,-7.504115547612,0.57334840856
    ));
#2758 = CARTESIAN_POINT('',(3.305171680955,-7.515946685892,
    0.469360523398));
#2759 = CARTESIAN_POINT('',(3.284450274624,-7.524976627124,0.36442243375
    ));
#2760 = CARTESIAN_POINT('',(3.269868935786,-7.531294061648,
    0.258839944402));
#2761 = CARTESIAN_POINT('',(3.261417139075,-7.534950224902,
    0.152896446634));
#2762 = CARTESIAN_POINT('',(3.256496821389,-7.537078128821,
    -7.186919080519E-02));
#2763 = CARTESIAN_POINT('',(3.26157936884,-7.534878548099,
    -0.190840263841));
#2764 = CARTESIAN_POINT('',(3.27437517383,-7.529356038848,
    -0.309536967701));
#2765 = CARTESIAN_POINT('',(3.294876128645,-7.520466895417,
    -0.427480660405));
#2766 = CARTESIAN_POINT('',(3.323056877658,-7.508118603537,
    -0.544240492296));
#2767 = CARTESIAN_POINT('',(3.358915591508,-7.492148772954,
    -0.659426104645));
#2768 = CARTESIAN_POINT('',(3.417821047816,-7.465325962512,-0.8123635456
    ));
#2769 = CARTESIAN_POINT('',(3.434057464436,-7.457888591975,
    -0.851805203794));
#2770 = CARTESIAN_POINT('',(3.451241989531,-7.449965429696,
    -0.890973420761));
#2771 = CARTESIAN_POINT('',(3.469374023218,-7.441545722958,
    -0.929844673585));
#2772 = CARTESIAN_POINT('',(3.488452343721,-7.432617974001,
    -0.968394013787));
#2773 = CARTESIAN_POINT('',(3.508474961031,-7.423169997264,
    -1.006595089577));
#2774 = CARTESIAN_POINT('',(3.554990637727,-7.401023759985,
    -1.090522695154));
#2775 = CARTESIAN_POINT('',(3.581940209363,-7.388066941846,
    -1.136065577643));
#2776 = CARTESIAN_POINT('',(3.610282748883,-7.374295236814,
    -1.180999454286));
#2777 = CARTESIAN_POINT('',(3.640010198236,-7.359684381768,
    -1.225269476478));
#2778 = CARTESIAN_POINT('',(3.671110327856,-7.344209866064,
    -1.268815680525));
#2779 = CARTESIAN_POINT('',(3.703565686598,-7.327847661745,
    -1.311573359879));
#2780 = CARTESIAN_POINT('',(3.775031764393,-7.291312378283,
    -1.400200528749));
#2781 = CARTESIAN_POINT('',(3.814363849161,-7.270918904826,
    -1.44585704367));
#2782 = CARTESIAN_POINT('',(3.855317507519,-7.249362711525,
    -1.490350811473));
#2783 = CARTESIAN_POINT('',(3.897845765522,-7.226616054425,
    -1.533573223873));
#2784 = CARTESIAN_POINT('',(3.941880644474,-7.202660643662,
    -1.575403345998));
#2785 = CARTESIAN_POINT('',(3.987327831636,-7.177493019671,
    -1.615712027436));
#2786 = CARTESIAN_POINT('',(4.091433724182,-7.118765299482,
    -1.701819552734));
#2787 = CARTESIAN_POINT('',(4.150750119343,-7.08459615052,
    -1.746784014079));
#2788 = CARTESIAN_POINT('',(4.211765152616,-7.048660905586,
    -1.789002132216));
#2789 = CARTESIAN_POINT('',(4.274116678372,-7.011073565911,
    -1.828181239805));
#2790 = CARTESIAN_POINT('',(4.337304501198,-6.972049809815,
    -1.86402904053));
#2791 = CARTESIAN_POINT('',(4.400677503715,-6.931951740192,
    -1.896329168417));
#2792 = CARTESIAN_POINT('',(4.463526719879,-6.891243681001,-1.9250006));
#2793 = PCURVE('',#2794,#2799);
#2794 = CYLINDRICAL_SURFACE('',#2795,8.2105);
#2795 = AXIS2_PLACEMENT_3D('',#2796,#2797,#2798);
#2796 = CARTESIAN_POINT('',(0.,0.,-1.925));
#2797 = DIRECTION('',(0.,0.,1.));
#2798 = DIRECTION('',(1.,0.,0.));
#2799 = DEFINITIONAL_REPRESENTATION('',(#2800),#2869);
#2800 = B_SPLINE_CURVE_WITH_KNOTS('',7,(#2801,#2802,#2803,#2804,#2805,
    #2806,#2807,#2808,#2809,#2810,#2811,#2812,#2813,#2814,#2815,#2816,
    #2817,#2818,#2819,#2820,#2821,#2822,#2823,#2824,#2825,#2826,#2827,
    #2828,#2829,#2830,#2831,#2832,#2833,#2834,#2835,#2836,#2837,#2838,
    #2839,#2840,#2841,#2842,#2843,#2844,#2845,#2846,#2847,#2848,#2849,
    #2850,#2851,#2852,#2853,#2854,#2855,#2856,#2857,#2858,#2859,#2860,
    #2861,#2862,#2863,#2864,#2865,#2866,#2867,#2868),.UNSPECIFIED.,.F.,
  .F.,(8,6,6,6,6,6,6,6,6,6,6,8),(0.,5.251724227045E-02,0.104932787593,
    0.190337664529,0.266913152073,0.329455557708,0.489933108789,
    0.669595470423,0.732568486672,0.809322198724,0.894918167313,1.),
  .UNSPECIFIED.);
#2801 = CARTESIAN_POINT('',(5.287152600158,3.8500006));
#2802 = CARTESIAN_POINT('',(5.282596832688,3.835678435127));
#2803 = CARTESIAN_POINT('',(5.278036922839,3.820448174641));
#2804 = CARTESIAN_POINT('',(5.273485929716,3.804320147412));
#2805 = CARTESIAN_POINT('',(5.268956030432,3.787313735337));
#2806 = CARTESIAN_POINT('',(5.264458303075,3.769455114136));
#2807 = CARTESIAN_POINT('',(5.260002509674,3.750774994148));
#2808 = CARTESIAN_POINT('',(5.25119977993,3.711875428113));
#2809 = CARTESIAN_POINT('',(5.246852614838,3.691658786832));
#2810 = CARTESIAN_POINT('',(5.242563336162,3.670687900809));
#2811 = CARTESIAN_POINT('',(5.238338579353,3.648996268981));
#2812 = CARTESIAN_POINT('',(5.23418377457,3.626617991636));
#2813 = CARTESIAN_POINT('',(5.230103258213,3.603586336368));
#2814 = CARTESIAN_POINT('',(5.219578179284,3.541390880676));
#2815 = CARTESIAN_POINT('',(5.213262843657,3.501201270335));
#2816 = CARTESIAN_POINT('',(5.207168212629,3.459495777404));
#2817 = CARTESIAN_POINT('',(5.201303736645,3.416402672889));
#2818 = CARTESIAN_POINT('',(5.195675338663,3.372042142602));
#2819 = CARTESIAN_POINT('',(5.190286271279,3.326522235364));
#2820 = CARTESIAN_POINT('',(5.180521921474,3.238163722188));
#2821 = CARTESIAN_POINT('',(5.176099750039,3.195537504231));
#2822 = CARTESIAN_POINT('',(5.171872616588,3.152124845687));
#2823 = CARTESIAN_POINT('',(5.167840992738,3.107990098664));
#2824 = CARTESIAN_POINT('',(5.164004806727,3.063192907245));
#2825 = CARTESIAN_POINT('',(5.16036358546,3.017787835698));
#2826 = CARTESIAN_POINT('',(5.154101296437,2.934283405621));
#2827 = CARTESIAN_POINT('',(5.151415614435,2.89637079068));
#2828 = CARTESIAN_POINT('',(5.148859173472,2.858113373111));
#2829 = CARTESIAN_POINT('',(5.146431544178,2.819537024186));
#2830 = CARTESIAN_POINT('',(5.144132260488,2.780666243176));
#2831 = CARTESIAN_POINT('',(5.141960835244,2.741524135322));
#2832 = CARTESIAN_POINT('',(5.134671923917,2.601057114747));
#2833 = CARTESIAN_POINT('',(5.130266153762,2.49834840856));
#2834 = CARTESIAN_POINT('',(5.126690212627,2.394360523398));
#2835 = CARTESIAN_POINT('',(5.123937226498,2.28942243375));
#2836 = CARTESIAN_POINT('',(5.122001773249,2.183839944402));
#2837 = CARTESIAN_POINT('',(5.120880195361,2.077896446634));
#2838 = CARTESIAN_POINT('',(5.120227282992,1.853130809195));
#2839 = CARTESIAN_POINT('',(5.120901797775,1.734159736159));
#2840 = CARTESIAN_POINT('',(5.122599214336,1.615463032299));
#2841 = CARTESIAN_POINT('',(5.12532075021,1.497519339595));
#2842 = CARTESIAN_POINT('',(5.129068016826,1.380759507704));
#2843 = CARTESIAN_POINT('',(5.133848813005,1.265573895355));
#2844 = CARTESIAN_POINT('',(5.141732002239,1.1126364544));
#2845 = CARTESIAN_POINT('',(5.14390711042,1.073194796206));
#2846 = CARTESIAN_POINT('',(5.146211844968,1.034026579239));
#2847 = CARTESIAN_POINT('',(5.148646703846,0.995155326415));
#2848 = CARTESIAN_POINT('',(5.151212164433,0.956605986213));
#2849 = CARTESIAN_POINT('',(5.153908667571,0.918404910423));
#2850 = CARTESIAN_POINT('',(5.160183386433,0.834477304846));
#2851 = CARTESIAN_POINT('',(5.163825340883,0.788934422357));
#2852 = CARTESIAN_POINT('',(5.167663208309,0.744000545714));
#2853 = CARTESIAN_POINT('',(5.171697473561,0.699730523522));
#2854 = CARTESIAN_POINT('',(5.175928220316,0.656184319475));
#2855 = CARTESIAN_POINT('',(5.180354988391,0.613426640121));
#2856 = CARTESIAN_POINT('',(5.190130700732,0.524799471251));
#2857 = CARTESIAN_POINT('',(5.195526715912,0.47914295633));
#2858 = CARTESIAN_POINT('',(5.201163265129,0.434649188527));
#2859 = CARTESIAN_POINT('',(5.207037115626,0.391426776127));
#2860 = CARTESIAN_POINT('',(5.213142345287,0.349596654002));
#2861 = CARTESIAN_POINT('',(5.21946947455,0.309287972564));
#2862 = CARTESIAN_POINT('',(5.234027438616,0.223180447266));
#2863 = CARTESIAN_POINT('',(5.242364486568,0.178215985921));
#2864 = CARTESIAN_POINT('',(5.250988258982,0.135997867784));
#2865 = CARTESIAN_POINT('',(5.259854647371,9.681876019462E-02));
#2866 = CARTESIAN_POINT('',(5.268899132797,6.097095946999E-02));
#2867 = CARTESIAN_POINT('',(5.278032444338,2.867083158313E-02));
#2868 = CARTESIAN_POINT('',(5.287152600158,-6.E-07));
#2869 = ( GEOMETRIC_REPRESENTATION_CONTEXT(2) 
PARAMETRIC_REPRESENTATION_CONTEXT() REPRESENTATION_CONTEXT('2D SPACE',''
  ) );
#2870 = PCURVE('',#2871,#2876);
#2871 = SPHERICAL_SURFACE('',#2872,2.1924);
#2872 = AXIS2_PLACEMENT_3D('',#2873,#2874,#2875);
#2873 = CARTESIAN_POINT('',(4.676173513941,-5.86373611851,0.));
#2874 = DIRECTION('',(0.,0.,1.));
#2875 = DIRECTION('',(0.623489801859,-0.781831482468,0.));
#2876 = DEFINITIONAL_REPRESENTATION('',(#2877),#2946);
#2877 = B_SPLINE_CURVE_WITH_KNOTS('',7,(#2878,#2879,#2880,#2881,#2882,
    #2883,#2884,#2885,#2886,#2887,#2888,#2889,#2890,#2891,#2892,#2893,
    #2894,#2895,#2896,#2897,#2898,#2899,#2900,#2901,#2902,#2903,#2904,
    #2905,#2906,#2907,#2908,#2909,#2910,#2911,#2912,#2913,#2914,#2915,
    #2916,#2917,#2918,#2919,#2920,#2921,#2922,#2923,#2924,#2925,#2926,
    #2927,#2928,#2929,#2930,#2931,#2932,#2933,#2934,#2935,#2936,#2937,
    #2938,#2939,#2940,#2941,#2942,#2943,#2944,#2945),.UNSPECIFIED.,.F.,
  .F.,(8,6,6,6,6,6,6,6,6,6,6,8),(0.,5.251724227045E-02,0.104932787593,
    0.190337664529,0.266913152073,0.329455557708,0.489933108789,
    0.669595470423,0.732568486672,0.809322198724,0.894918167313,1.),
  .UNSPECIFIED.);
#2878 = CARTESIAN_POINT('',(5.405913817989,1.071737674848));
#2879 = CARTESIAN_POINT('',(5.380541778476,1.05808817013));
#2880 = CARTESIAN_POINT('',(5.356496433688,1.043971855747));
#2881 = CARTESIAN_POINT('',(5.333751397133,1.029444019746));
#2882 = CARTESIAN_POINT('',(5.312258414237,1.014558832106));
#2883 = CARTESIAN_POINT('',(5.291955077506,0.99936766692));
#2884 = CARTESIAN_POINT('',(5.27277254169,0.983917424584));
#2885 = CARTESIAN_POINT('',(5.236549042662,0.95261062476));
#2886 = CARTESIAN_POINT('',(5.219503688784,0.936754815409));
#2887 = CARTESIAN_POINT('',(5.20343711818,0.920721293339));
#2888 = CARTESIAN_POINT('',(5.188280429372,0.904544571842));
#2889 = CARTESIAN_POINT('',(5.17396744221,0.888254037796));
#2890 = CARTESIAN_POINT('',(5.160436261551,0.871874179375));
#2891 = CARTESIAN_POINT('',(5.126765935973,0.828622535208));
#2892 = CARTESIAN_POINT('',(5.10782980721,0.801638857758));
#2893 = CARTESIAN_POINT('',(5.090575092764,0.774556899187));
#2894 = CARTESIAN_POINT('',(5.074797666509,0.747437696211));
#2895 = CARTESIAN_POINT('',(5.060329421855,0.720323955291));
#2896 = CARTESIAN_POINT('',(5.04703105553,0.693243803443));
#2897 = CARTESIAN_POINT('',(5.023804693213,0.641979633816));
#2898 = CARTESIAN_POINT('',(5.013671116628,0.617787291654));
#2899 = CARTESIAN_POINT('',(5.004300131,0.59365056678));
#2900 = CARTESIAN_POINT('',(4.995622457194,0.569578181939));
#2901 = CARTESIAN_POINT('',(4.987580754006,0.545575168814));
#2902 = CARTESIAN_POINT('',(4.980126844633,0.521643508444));
#2903 = CARTESIAN_POINT('',(4.96757697088,0.478294709223));
#2904 = CARTESIAN_POINT('',(4.962299377122,0.458854307487));
#2905 = CARTESIAN_POINT('',(4.9573636886,0.43946147759));
#2906 = CARTESIAN_POINT('',(4.95275060442,0.42011551178));
#2907 = CARTESIAN_POINT('',(4.948443517125,0.400815132857));
#2908 = CARTESIAN_POINT('',(4.944428033761,0.381558543632));
#2909 = CARTESIAN_POINT('',(4.931103917575,0.313039537693));
#2910 = CARTESIAN_POINT('',(4.923353812725,0.264013898453));
#2911 = CARTESIAN_POINT('',(4.917227155873,0.215221780562));
#2912 = CARTESIAN_POINT('',(4.912592395476,0.166615589521));
#2913 = CARTESIAN_POINT('',(4.909366751104,0.118144465596));
#2914 = CARTESIAN_POINT('',(4.907502063289,6.975197799147E-02));
#2915 = CARTESIAN_POINT('',(4.90641713819,-3.279180018411E-02));
#2916 = CARTESIAN_POINT('',(4.90753983258,-8.699635039047E-02));
#2917 = CARTESIAN_POINT('',(4.910349407444,-0.14126162559));
#2918 = CARTESIAN_POINT('',(4.914892460995,-0.195631287943));
#2919 = CARTESIAN_POINT('',(4.921258546183,-0.25017105992));
#2920 = CARTESIAN_POINT('',(4.929612257885,-0.304973311294));
#2921 = CARTESIAN_POINT('',(4.944005515992,-0.379514017932));
#2922 = CARTESIAN_POINT('',(4.948022963947,-0.398902066986));
#2923 = CARTESIAN_POINT('',(4.95233507134,-0.41833438459));
#2924 = CARTESIAN_POINT('',(4.956956410948,-0.437812831395));
#2925 = CARTESIAN_POINT('',(4.96190381611,-0.457338739136));
#2926 = CARTESIAN_POINT('',(4.967196872418,-0.47691286054));
#2927 = CARTESIAN_POINT('',(4.979758888468,-0.520451857349));
#2928 = CARTESIAN_POINT('',(4.987206533912,-0.544439673199));
#2929 = CARTESIAN_POINT('',(4.995243224668,-0.568499256276));
#2930 = CARTESIAN_POINT('',(5.00391725547,-0.59262867907));
#2931 = CARTESIAN_POINT('',(5.013286131905,-0.616822954228));
#2932 = CARTESIAN_POINT('',(5.023419365456,-0.641073391724));
#2933 = CARTESIAN_POINT('',(5.046648319628,-0.692459211384));
#2934 = CARTESIAN_POINT('',(5.059949897971,-0.719602958119));
#2935 = CARTESIAN_POINT('',(5.07442418095,-0.746781002941));
#2936 = CARTESIAN_POINT('',(5.0902110439,-0.773965250753));
#2937 = CARTESIAN_POINT('',(5.107479355233,-0.801112912358));
#2938 = CARTESIAN_POINT('',(5.126434271553,-0.828162712175));
#2939 = CARTESIAN_POINT('',(5.172970447769,-0.888016049043));
#2940 = CARTESIAN_POINT('',(5.201535491463,-0.920730455243));
#2941 = CARTESIAN_POINT('',(5.233475150308,-0.953011516868));
#2942 = CARTESIAN_POINT('',(5.269319060341,-0.98461847127));
#2943 = CARTESIAN_POINT('',(5.309663944223,-1.015227747481));
#2944 = CARTESIAN_POINT('',(5.355121727445,-1.044412836451));
#2945 = CARTESIAN_POINT('',(5.405913817989,-1.071737674848));
#2946 = ( GEOMETRIC_REPRESENTATION_CONTEXT(2) 
PARAMETRIC_REPRESENTATION_CONTEXT() REPRESENTATION_CONTEXT('2D SPACE',''
  ) );
#2947 = ORIENTED_EDGE('',*,*,#2948,.F.);
#2948 = EDGE_CURVE('',#2949,#2719,#2951,.T.);
#2949 = VERTEX_POINT('',#2950);
#2950 = CARTESIAN_POINT('',(-1.031498485579,-8.14544787745,1.925));
#2951 = SURFACE_CURVE('',#2952,(#2957,#2964),.PCURVE_S1.);
#2952 = CIRCLE('',#2953,8.2105);
#2953 = AXIS2_PLACEMENT_3D('',#2954,#2955,#2956);
#2954 = CARTESIAN_POINT('',(0.,0.,1.925));
#2955 = DIRECTION('',(0.,0.,1.));
#2956 = DIRECTION('',(1.,0.,0.));
#2957 = PCURVE('',#2794,#2958);
#2958 = DEFINITIONAL_REPRESENTATION('',(#2959),#2963);
#2959 = LINE('',#2960,#2961);
#2960 = CARTESIAN_POINT('',(0.,3.85));
#2961 = VECTOR('',#2962,1.);
#2962 = DIRECTION('',(1.,0.));
#2963 = ( GEOMETRIC_REPRESENTATION_CONTEXT(2) 
PARAMETRIC_REPRESENTATION_CONTEXT() REPRESENTATION_CONTEXT('2D SPACE',''
  ) );
#2964 = PCURVE('',#2965,#2970);
#2965 = PLANE('',#2966);
#2966 = AXIS2_PLACEMENT_3D('',#2967,#2968,#2969);
#2967 = CARTESIAN_POINT('',(0.,0.,1.925));
#2968 = DIRECTION('',(0.,0.,1.));
#2969 = DIRECTION('',(1.,0.,0.));
#2970 = DEFINITIONAL_REPRESENTATION('',(#2971),#2975);
#2971 = CIRCLE('',#2972,8.2105);
#2972 = AXIS2_PLACEMENT_2D('',#2973,#2974);
#2973 = CARTESIAN_POINT('',(0.,0.));
#2974 = DIRECTION('',(1.,0.));
#2975 = ( GEOMETRIC_REPRESENTATION_CONTEXT(2) 
PARAMETRIC_REPRESENTATION_CONTEXT() REPRESENTATION_CONTEXT('2D SPACE',''
  ) );
#2976 = ORIENTED_EDGE('',*,*,#2977,.F.);
#2977 = EDGE_CURVE('',#2978,#2949,#2980,.T.);
#2978 = VERTEX_POINT('',#2979);
#2979 = CARTESIAN_POINT('',(-1.031498485579,-8.14544787745,-1.925));
#2980 = SURFACE_CURVE('',#2981,(#3044,#3110),.PCURVE_S1.);
#2981 = B_SPLINE_CURVE_WITH_KNOTS('',7,(#2982,#2983,#2984,#2985,#2986,
    #2987,#2988,#2989,#2990,#2991,#2992,#2993,#2994,#2995,#2996,#2997,
    #2998,#2999,#3000,#3001,#3002,#3003,#3004,#3005,#3006,#3007,#3008,
    #3009,#3010,#3011,#3012,#3013,#3014,#3015,#3016,#3017,#3018,#3019,
    #3020,#3021,#3022,#3023,#3024,#3025,#3026,#3027,#3028,#3029,#3030,
    #3031,#3032,#3033,#3034,#3035,#3036,#3037,#3038,#3039,#3040,#3041,
    #3042,#3043),.UNSPECIFIED.,.F.,.F.,(8,6,6,6,6,6,6,6,6,6,8),(0.,
    0.105335769222,0.190864882339,0.266960782181,0.32868967722,
    0.506390218626,0.671578382393,0.733237648814,0.809282602626,
    0.89477581715,1.),.UNSPECIFIED.);
#2982 = CARTESIAN_POINT('',(-1.031500040178,-8.145447680583,-1.9250006)
  );
#2983 = CARTESIAN_POINT('',(-0.95704052433,-8.15487687301,
    -1.896262876016));
#2984 = CARTESIAN_POINT('',(-0.882373058972,-8.163525592232,
    -1.863879757609));
#2985 = CARTESIAN_POINT('',(-0.808343522373,-8.171282367247,
    -1.827932801126));
#2986 = CARTESIAN_POINT('',(-0.735700429512,-8.178103341527,
    -1.78864013631));
#2987 = CARTESIAN_POINT('',(-0.664990815272,-8.184011675504,
    -1.746296343683));
#2988 = CARTESIAN_POINT('',(-0.596591912024,-8.189062385274,
    -1.701196141731));
#2989 = CARTESIAN_POINT('',(-0.47727403394,-8.19679147979,
    -1.614950519515));
#2990 = CARTESIAN_POINT('',(-0.425482557622,-8.199737500424,
    -1.574652881221));
#2991 = CARTESIAN_POINT('',(-0.375487474771,-8.20220556402,
    -1.532838243966));
#2992 = CARTESIAN_POINT('',(-0.327371672129,-8.204239616389,
    -1.489635302137));
#2993 = CARTESIAN_POINT('',(-0.281188079297,-8.205885505857,
    -1.445164551032));
#2994 = CARTESIAN_POINT('',(-0.236966753524,-8.207188473178,
    -1.399534212907));
#2995 = CARTESIAN_POINT('',(-0.15713645567,-8.209082278171,
    -1.311288554324));
#2996 = CARTESIAN_POINT('',(-0.121118211138,-8.209735819386,
    -1.268898893968));
#2997 = CARTESIAN_POINT('',(-8.667836550629E-02,-8.210181303415,
    -1.225734448059));
#2998 = CARTESIAN_POINT('',(-5.382208831424E-02,-8.210447195697,
    -1.181858254563));
#2999 = CARTESIAN_POINT('',(-2.254979575676E-02,-8.210560194239,
    -1.13732876565));
#3000 = CARTESIAN_POINT('',(7.14163758988E-03,-8.210545035057,
    -1.092199490037));
#3001 = CARTESIAN_POINT('',(5.806535358453E-02,-8.210326355564,
    -1.009462385348));
#3002 = CARTESIAN_POINT('',(7.98359498669E-02,-8.210158948055,
    -0.97204384855));
#3003 = CARTESIAN_POINT('',(0.100572196971,-8.20993416264,-0.93428919986
    ));
#3004 = CARTESIAN_POINT('',(0.120277356772,-8.209663196658,
    -0.896223329806));
#3005 = CARTESIAN_POINT('',(0.138955067821,-8.209356367568,
    -0.857869823628));
#3006 = CARTESIAN_POINT('',(0.156609201227,-8.209023123274,
    -0.819250940413));
#3007 = CARTESIAN_POINT('',(0.221129919211,-8.207661415935,
    -0.668510682544));
#3008 = CARTESIAN_POINT('',(0.260561205619,-8.206503170768,
    -0.554620229743));
#3009 = CARTESIAN_POINT('',(0.291642387218,-8.205402155232,
    -0.43919886915));
#3010 = CARTESIAN_POINT('',(0.314452495606,-8.204504911653,
    -0.322690144684));
#3011 = CARTESIAN_POINT('',(0.329053225929,-8.203904493848,
    -0.205502466411));
#3012 = CARTESIAN_POINT('',(0.335480889457,-8.203643454104,
    -8.801028321659E-02));
#3013 = CARTESIAN_POINT('',(0.332086718179,-8.203781526819,
    0.138634818516));
#3014 = CARTESIAN_POINT('',(0.323377867505,-8.204135417674,
    0.247745652869));
#3015 = CARTESIAN_POINT('',(0.307595278086,-8.204770739788,
    0.356499611749));
#3016 = CARTESIAN_POINT('',(0.284705339627,-8.205644499094,
    0.464589801725));
#3017 = CARTESIAN_POINT('',(0.25465640701,-8.206675637918,0.571683698668
    ));
#3018 = CARTESIAN_POINT('',(0.217383543083,-8.207742868637,
    0.677422313198));
#3019 = CARTESIAN_POINT('',(0.156161838558,-8.209031658097,
    0.820235702967));
#3020 = CARTESIAN_POINT('',(0.138503598212,-8.209364010637,
    0.858809361309));
#3021 = CARTESIAN_POINT('',(0.11982380534,-8.209669835448,0.897117790818
    ));
#3022 = CARTESIAN_POINT('',(0.100118602427,-8.209939701386,
    0.935138784114));
#3023 = CARTESIAN_POINT('',(7.938436590849E-02,-8.210163311148,
    0.972848811138));
#3024 = CARTESIAN_POINT('',(5.76178499998E-02,-8.210329491074,
    1.010223040044));
#3025 = CARTESIAN_POINT('',(6.695001863388E-03,-8.210545429525,
    1.092882998436));
#3026 = CARTESIAN_POINT('',(-2.300000440641E-02,-8.210558965555,
    1.137979127892));
#3027 = CARTESIAN_POINT('',(-5.427411904397E-02,-8.210444229672,
    1.18247558729));
#3028 = CARTESIAN_POINT('',(-8.713043957322E-02,-8.210176510768,
    1.226318922638));
#3029 = CARTESIAN_POINT('',(-0.121568519208,-8.209729140952,
    1.269450743035));
#3030 = CARTESIAN_POINT('',(-0.15758315577,-8.209073690477,
    1.311808078573));
#3031 = CARTESIAN_POINT('',(-0.237412363029,-8.207175617861,
    1.399997541305));
#3032 = CARTESIAN_POINT('',(-0.281636701086,-8.205870146799,
    1.445603578469));
#3033 = CARTESIAN_POINT('',(-0.327821866531,-8.204221653391,
    1.490050009046));
#3034 = CARTESIAN_POINT('',(-0.375937728568,-8.202184931467,
    1.533228652767));
#3035 = CARTESIAN_POINT('',(-0.425931270221,-8.199714176506,
    1.575019067533));
#3036 = CARTESIAN_POINT('',(-0.477719504704,-8.196765497363,
    1.615292627163));
#3037 = CARTESIAN_POINT('',(-0.596983971912,-8.189033424893,
    1.701454592815));
#3038 = CARTESIAN_POINT('',(-0.665328498639,-8.183983451991,
    1.746498518472));
#3039 = CARTESIAN_POINT('',(-0.735977923251,-8.178077280246,
    1.788790207264));
#3040 = CARTESIAN_POINT('',(-0.808555629259,-8.171260142162,
    1.828035791811));
#3041 = CARTESIAN_POINT('',(-0.882515740559,-8.163509065767,
    1.863941639906));
#3042 = CARTESIAN_POINT('',(-0.957111720703,-8.154867857047,
    1.896290354327));
#3043 = CARTESIAN_POINT('',(-1.031500040178,-8.145447680583,1.9250006));
#3044 = PCURVE('',#2794,#3045);
#3045 = DEFINITIONAL_REPRESENTATION('',(#3046),#3109);
#3046 = B_SPLINE_CURVE_WITH_KNOTS('',7,(#3047,#3048,#3049,#3050,#3051,
    #3052,#3053,#3054,#3055,#3056,#3057,#3058,#3059,#3060,#3061,#3062,
    #3063,#3064,#3065,#3066,#3067,#3068,#3069,#3070,#3071,#3072,#3073,
    #3074,#3075,#3076,#3077,#3078,#3079,#3080,#3081,#3082,#3083,#3084,
    #3085,#3086,#3087,#3088,#3089,#3090,#3091,#3092,#3093,#3094,#3095,
    #3096,#3097,#3098,#3099,#3100,#3101,#3102,#3103,#3104,#3105,#3106,
    #3107,#3108),.UNSPECIFIED.,.F.,.F.,(8,6,6,6,6,6,6,6,6,6,8),(0.,
    0.105335769222,0.190864882339,0.266960782181,0.32868967722,
    0.506390218626,0.671578382393,0.733237648814,0.809282602626,
    0.89477581715,1.),.UNSPECIFIED.);
#3047 = CARTESIAN_POINT('',(4.586424311125,-6.000000001283E-07));
#3048 = CARTESIAN_POINT('',(4.595565554033,2.873712398374E-02));
#3049 = CARTESIAN_POINT('',(4.60471998158,6.112024239057E-02));
#3050 = CARTESIAN_POINT('',(4.61378492539,9.70671988736E-02));
#3051 = CARTESIAN_POINT('',(4.622670545436,0.13635986369));
#3052 = CARTESIAN_POINT('',(4.631311996399,0.178703656317));
#3053 = CARTESIAN_POINT('',(4.639664999572,0.223803858269));
#3054 = CARTESIAN_POINT('',(4.654227809524,0.310049480485));
#3055 = CARTESIAN_POINT('',(4.660545766123,0.350347118779));
#3056 = CARTESIAN_POINT('',(4.666642082646,0.392161756034));
#3057 = CARTESIAN_POINT('',(4.672507347734,0.435364697863));
#3058 = CARTESIAN_POINT('',(4.678135683005,0.479835448968));
#3059 = CARTESIAN_POINT('',(4.683523881124,0.525465787093));
#3060 = CARTESIAN_POINT('',(4.693249568713,0.613711445676));
#3061 = CARTESIAN_POINT('',(4.697637074189,0.656101106032));
#3062 = CARTESIAN_POINT('',(4.701831947929,0.699265551941));
#3063 = CARTESIAN_POINT('',(4.705833740639,0.743141745437));
#3064 = CARTESIAN_POINT('',(4.709642529178,0.78767123435));
#3065 = CARTESIAN_POINT('',(4.713258779631,0.832800509963));
#3066 = CARTESIAN_POINT('',(4.719461104158,0.915537614652));
#3067 = CARTESIAN_POINT('',(4.722112722787,0.95295615145));
#3068 = CARTESIAN_POINT('',(4.72463842866,0.99071080014));
#3069 = CARTESIAN_POINT('',(4.727038634068,1.028776670194));
#3070 = CARTESIAN_POINT('',(4.729313786504,1.067130176372));
#3071 = CARTESIAN_POINT('',(4.731464353972,1.105749059587));
#3072 = CARTESIAN_POINT('',(4.739324421663,1.256489317456));
#3073 = CARTESIAN_POINT('',(4.744128873273,1.370379770257));
#3074 = CARTESIAN_POINT('',(4.747916723383,1.48580113085));
#3075 = CARTESIAN_POINT('',(4.750697034558,1.602309855316));
#3076 = CARTESIAN_POINT('',(4.752476835611,1.719497533589));
#3077 = CARTESIAN_POINT('',(4.753260340431,1.836989716783));
#3078 = CARTESIAN_POINT('',(4.752846604548,2.063634818516));
#3079 = CARTESIAN_POINT('',(4.751785032091,2.172745652869));
#3080 = CARTESIAN_POINT('',(4.749861231785,2.281499611749));
#3081 = CARTESIAN_POINT('',(4.747071322518,2.389589801725));
#3082 = CARTESIAN_POINT('',(4.743409411704,2.496683698668));
#3083 = CARTESIAN_POINT('',(4.738868023068,2.602422313198));
#3084 = CARTESIAN_POINT('',(4.731409857513,2.745235702967));
#3085 = CARTESIAN_POINT('',(4.729258791981,2.783809361309));
#3086 = CARTESIAN_POINT('',(4.726983388036,2.822117790818));
#3087 = CARTESIAN_POINT('',(4.724583179217,2.860138784114));
#3088 = CARTESIAN_POINT('',(4.722057719749,2.897848811138));
#3089 = CARTESIAN_POINT('',(4.719406599208,2.935223040044));
#3090 = CARTESIAN_POINT('',(4.713204381806,3.017882998436));
#3091 = CARTESIAN_POINT('',(4.709587696299,3.062979127892));
#3092 = CARTESIAN_POINT('',(4.705778685089,3.10747558729));
#3093 = CARTESIAN_POINT('',(4.701776885298,3.151318922638));
#3094 = CARTESIAN_POINT('',(4.697582223633,3.194450743035));
#3095 = CARTESIAN_POINT('',(4.693195153261,3.236808078573));
#3096 = CARTESIAN_POINT('',(4.683469586122,3.324997541305));
#3097 = CARTESIAN_POINT('',(4.678081012321,3.370603578469));
#3098 = CARTESIAN_POINT('',(4.672452474368,3.415050009046));
#3099 = CARTESIAN_POINT('',(4.666587188319,3.458228652767));
#3100 = CARTESIAN_POINT('',(4.660491043071,3.500019067533));
#3101 = CARTESIAN_POINT('',(4.654173462219,3.540292627163));
#3102 = CARTESIAN_POINT('',(4.639617120386,3.626454592815));
#3103 = CARTESIAN_POINT('',(4.631270727907,3.671498518472));
#3104 = CARTESIAN_POINT('',(4.622636602643,3.713790207264));
#3105 = CARTESIAN_POINT('',(4.613758952818,3.753035791811));
#3106 = CARTESIAN_POINT('',(4.604702488446,3.788941639906));
#3107 = CARTESIAN_POINT('',(4.5955568134,3.821290354327));
#3108 = CARTESIAN_POINT('',(4.586424311125,3.8500006));
#3109 = ( GEOMETRIC_REPRESENTATION_CONTEXT(2) 
PARAMETRIC_REPRESENTATION_CONTEXT() REPRESENTATION_CONTEXT('2D SPACE',''
  ) );
#3110 = PCURVE('',#3111,#3116);
#3111 = SPHERICAL_SURFACE('',#3112,2.1924);
#3112 = AXIS2_PLACEMENT_3D('',#3113,#3114,#3115);
#3113 = CARTESIAN_POINT('',(-1.668907004672,-7.311959341364,0.));
#3114 = DIRECTION('',(0.,0.,1.));
#3115 = DIRECTION('',(-0.222520933956,-0.974927912182,0.));
#3116 = DEFINITIONAL_REPRESENTATION('',(#3117),#3180);
#3117 = B_SPLINE_CURVE_WITH_KNOTS('',7,(#3118,#3119,#3120,#3121,#3122,
    #3123,#3124,#3125,#3126,#3127,#3128,#3129,#3130,#3131,#3132,#3133,
    #3134,#3135,#3136,#3137,#3138,#3139,#3140,#3141,#3142,#3143,#3144,
    #3145,#3146,#3147,#3148,#3149,#3150,#3151,#3152,#3153,#3154,#3155,
    #3156,#3157,#3158,#3159,#3160,#3161,#3162,#3163,#3164,#3165,#3166,
    #3167,#3168,#3169,#3170,#3171,#3172,#3173,#3174,#3175,#3176,#3177,
    #3178,#3179),.UNSPECIFIED.,.F.,.F.,(8,6,6,6,6,6,6,6,6,6,8),(0.,
    0.105335769222,0.190864882339,0.266960782181,0.32868967722,
    0.506390218626,0.671578382393,0.733237648814,0.809282602626,
    0.89477581715,1.),.UNSPECIFIED.);
#3118 = CARTESIAN_POINT('',(0.87727148919,-1.071737674848));
#3119 = CARTESIAN_POINT('',(0.928181018224,-1.044349657565));
#3120 = CARTESIAN_POINT('',(0.973731366378,-1.015092872946));
#3121 = CARTESIAN_POINT('',(1.014145672339,-0.984406373868));
#3122 = CARTESIAN_POINT('',(1.05004111318,-0.952719531907));
#3123 = CARTESIAN_POINT('',(1.082018443055,-0.920357654543));
#3124 = CARTESIAN_POINT('',(1.110610498933,-0.887562601126));
#3125 = CARTESIAN_POINT('',(1.157114041382,-0.827650017149));
#3126 = CARTESIAN_POINT('',(1.176024471698,-0.800622523418));
#3127 = CARTESIAN_POINT('',(1.193254095681,-0.773498198387));
#3128 = CARTESIAN_POINT('',(1.209007144241,-0.746337935562));
#3129 = CARTESIAN_POINT('',(1.223451727022,-0.71918425912));
#3130 = CARTESIAN_POINT('',(1.236727104526,-0.692065091239));
#3131 = CARTESIAN_POINT('',(1.259826617263,-0.640915295771));
#3132 = CARTESIAN_POINT('',(1.269869169175,-0.616875590593));
#3133 = CARTESIAN_POINT('',(1.279160626964,-0.592891071907));
#3134 = CARTESIAN_POINT('',(1.287768722488,-0.568970210003));
#3135 = CARTESIAN_POINT('',(1.295749588369,-0.545117894467));
#3136 = CARTESIAN_POINT('',(1.303150437883,-0.521336051183));
#3137 = CARTESIAN_POINT('',(1.315578533747,-0.478389284618));
#3138 = CARTESIAN_POINT('',(1.320789962299,-0.45920073925));
#3139 = CARTESIAN_POINT('',(1.325668126947,-0.440058538112));
#3140 = CARTESIAN_POINT('',(1.330231613209,-0.420962006635));
#3141 = CARTESIAN_POINT('',(1.334496445934,-0.401909927544));
#3142 = CARTESIAN_POINT('',(1.338476539554,-0.382900587589));
#3143 = CARTESIAN_POINT('',(1.352857336115,-0.309325962538));
#3144 = CARTESIAN_POINT('',(1.361271345545,-0.25506236063));
#3145 = CARTESIAN_POINT('',(1.367718517709,-0.201080791787));
#3146 = CARTESIAN_POINT('',(1.372367359842,-0.14731617844));
#3147 = CARTESIAN_POINT('',(1.375317386058,-9.369831914891E-02));
#3148 = CARTESIAN_POINT('',(1.376619726568,-4.014778068202E-02));
#3149 = CARTESIAN_POINT('',(1.375932366745,6.323916919225E-02));
#3150 = CARTESIAN_POINT('',(1.374168204382,0.113050307778));
#3151 = CARTESIAN_POINT('',(1.370966201537,0.162939299148));
#3152 = CARTESIAN_POINT('',(1.366276241501,0.212968401349));
#3153 = CARTESIAN_POINT('',(1.360010013507,0.263193327969));
#3154 = CARTESIAN_POINT('',(1.352025063198,0.313665947585));
#3155 = CARTESIAN_POINT('',(1.338375785581,0.383384919123));
#3156 = CARTESIAN_POINT('',(1.334393625639,0.402375723985));
#3157 = CARTESIAN_POINT('',(1.330127064225,0.421409211962));
#3158 = CARTESIAN_POINT('',(1.325562201011,0.440487085331));
#3159 = CARTESIAN_POINT('',(1.320683030029,0.459610551027));
#3160 = CARTESIAN_POINT('',(1.31547099071,0.478780273882));
#3161 = CARTESIAN_POINT('',(1.30303933687,0.521695672622));
#3162 = CARTESIAN_POINT('',(1.29563526771,0.545464986075));
#3163 = CARTESIAN_POINT('',(1.287651343441,0.569304673921));
#3164 = CARTESIAN_POINT('',(1.279040359871,0.59321279346));
#3165 = CARTESIAN_POINT('',(1.269746200428,0.617184438662));
#3166 = CARTESIAN_POINT('',(1.259701159956,0.641211123252));
#3167 = CARTESIAN_POINT('',(1.23659384553,0.692339679802));
#3168 = CARTESIAN_POINT('',(1.223312695074,0.71945061423));
#3169 = CARTESIAN_POINT('',(1.208862109418,0.746595844898));
#3170 = CARTESIAN_POINT('',(1.193102798212,0.773747408599));
#3171 = CARTESIAN_POINT('',(1.175866632516,0.800862735087));
#3172 = CARTESIAN_POINT('',(1.156949388837,0.827880881087));
#3173 = CARTESIAN_POINT('',(1.110446575799,0.887750559228));
#3174 = CARTESIAN_POINT('',(1.081865700677,0.920512186086));
#3175 = CARTESIAN_POINT('',(1.049903968958,0.952840565588));
#3176 = CARTESIAN_POINT('',(1.014029871625,0.984494292916));
#3177 = CARTESIAN_POINT('',(0.973644327291,1.015148780672));
#3178 = CARTESIAN_POINT('',(0.928132339774,1.044375845319));
#3179 = CARTESIAN_POINT('',(0.87727148919,1.071737674848));
#3180 = ( GEOMETRIC_REPRESENTATION_CONTEXT(2) 
PARAMETRIC_REPRESENTATION_CONTEXT() REPRESENTATION_CONTEXT('2D SPACE',''
  ) );
#3181 = ORIENTED_EDGE('',*,*,#3182,.T.);
#3182 = EDGE_CURVE('',#2978,#2721,#3183,.T.);
#3183 = SURFACE_CURVE('',#3184,(#3189,#3196),.PCURVE_S1.);
#3184 = CIRCLE('',#3185,8.2105);
#3185 = AXIS2_PLACEMENT_3D('',#3186,#3187,#3188);
#3186 = CARTESIAN_POINT('',(0.,0.,-1.925));
#3187 = DIRECTION('',(0.,0.,1.));
#3188 = DIRECTION('',(1.,0.,0.));
#3189 = PCURVE('',#2794,#3190);
#3190 = DEFINITIONAL_REPRESENTATION('',(#3191),#3195);
#3191 = LINE('',#3192,#3193);
#3192 = CARTESIAN_POINT('',(0.,0.));
#3193 = VECTOR('',#3194,1.);
#3194 = DIRECTION('',(1.,0.));
#3195 = ( GEOMETRIC_REPRESENTATION_CONTEXT(2) 
PARAMETRIC_REPRESENTATION_CONTEXT() REPRESENTATION_CONTEXT('2D SPACE',''
  ) );
#3196 = PCURVE('',#3197,#3202);
#3197 = PLANE('',#3198);
#3198 = AXIS2_PLACEMENT_3D('',#3199,#3200,#3201);
#3199 = CARTESIAN_POINT('',(0.,0.,-1.925));
#3200 = DIRECTION('',(0.,0.,1.));
#3201 = DIRECTION('',(1.,0.,0.));
#3202 = DEFINITIONAL_REPRESENTATION('',(#3203),#3207);
#3203 = CIRCLE('',#3204,8.2105);
#3204 = AXIS2_PLACEMENT_2D('',#3205,#3206);
#3205 = CARTESIAN_POINT('',(0.,0.));
#3206 = DIRECTION('',(1.,0.));
#3207 = ( GEOMETRIC_REPRESENTATION_CONTEXT(2) 
PARAMETRIC_REPRESENTATION_CONTEXT() REPRESENTATION_CONTEXT('2D SPACE',''
  ) );
#3208 = ADVANCED_FACE('',(#3209),#2871,.F.);
#3209 = FACE_BOUND('',#3210,.F.);
#3210 = EDGE_LOOP('',(#3211,#3212,#3236,#3441));
#3211 = ORIENTED_EDGE('',*,*,#2718,.F.);
#3212 = ORIENTED_EDGE('',*,*,#3213,.F.);
#3213 = EDGE_CURVE('',#3214,#2719,#3216,.T.);
#3214 = VERTEX_POINT('',#3215);
#3215 = CARTESIAN_POINT('',(3.634875239197,-5.734543769601,1.925));
#3216 = SURFACE_CURVE('',#3217,(#3222,#3229),.PCURVE_S1.);
#3217 = CIRCLE('',#3218,1.049282021194);
#3218 = AXIS2_PLACEMENT_3D('',#3219,#3220,#3221);
#3219 = CARTESIAN_POINT('',(4.676173513941,-5.86373611851,1.925));
#3220 = DIRECTION('',(0.,0.,1.));
#3221 = DIRECTION('',(0.623489801859,-0.781831482468,0.));
#3222 = PCURVE('',#2871,#3223);
#3223 = DEFINITIONAL_REPRESENTATION('',(#3224),#3228);
#3224 = LINE('',#3225,#3226);
#3225 = CARTESIAN_POINT('',(8.265966471956E-18,1.071737103028));
#3226 = VECTOR('',#3227,1.);
#3227 = DIRECTION('',(1.,0.));
#3228 = ( GEOMETRIC_REPRESENTATION_CONTEXT(2) 
PARAMETRIC_REPRESENTATION_CONTEXT() REPRESENTATION_CONTEXT('2D SPACE',''
  ) );
#3229 = PCURVE('',#2965,#3230);
#3230 = DEFINITIONAL_REPRESENTATION('',(#3231),#3235);
#3231 = CIRCLE('',#3232,1.049282021194);
#3232 = AXIS2_PLACEMENT_2D('',#3233,#3234);
#3233 = CARTESIAN_POINT('',(4.676173513941,-5.86373611851));
#3234 = DIRECTION('',(0.623489801859,-0.781831482468));
#3235 = ( GEOMETRIC_REPRESENTATION_CONTEXT(2) 
PARAMETRIC_REPRESENTATION_CONTEXT() REPRESENTATION_CONTEXT('2D SPACE',''
  ) );
#3236 = ORIENTED_EDGE('',*,*,#3237,.T.);
#3237 = EDGE_CURVE('',#3214,#3238,#3240,.T.);
#3238 = VERTEX_POINT('',#3239);
#3239 = CARTESIAN_POINT('',(3.634875239197,-5.734543769601,-1.925));
#3240 = SURFACE_CURVE('',#3241,(#3304,#3370),.PCURVE_S1.);
#3241 = B_SPLINE_CURVE_WITH_KNOTS('',7,(#3242,#3243,#3244,#3245,#3246,
    #3247,#3248,#3249,#3250,#3251,#3252,#3253,#3254,#3255,#3256,#3257,
    #3258,#3259,#3260,#3261,#3262,#3263,#3264,#3265,#3266,#3267,#3268,
    #3269,#3270,#3271,#3272,#3273,#3274,#3275,#3276,#3277,#3278,#3279,
    #3280,#3281,#3282,#3283,#3284,#3285,#3286,#3287,#3288,#3289,#3290,
    #3291,#3292,#3293,#3294,#3295,#3296,#3297,#3298,#3299,#3300,#3301,
    #3302,#3303),.UNSPECIFIED.,.F.,.F.,(8,6,6,6,6,6,6,6,6,6,8),(0.,
    8.657704091458E-02,0.162735071219,0.238228478257,0.304296028552,
    0.489158639187,0.696151742115,0.76217790822,0.836887526026,
    0.912901572846,1.),.UNSPECIFIED.);
#3242 = CARTESIAN_POINT('',(3.634876443065,-5.734543006522,1.9250006));
#3243 = CARTESIAN_POINT('',(3.584225932467,-5.766648153801,
    1.899756730239));
#3244 = CARTESIAN_POINT('',(3.533428641201,-5.798114719949,
    1.871824896713));
#3245 = CARTESIAN_POINT('',(3.48297805709,-5.828639367283,1.84133193213)
  );
#3246 = CARTESIAN_POINT('',(3.433294346947,-5.858007663549,1.80848488863
    ));
#3247 = CARTESIAN_POINT('',(3.384683633914,-5.886103865982,
    1.773522211608));
#3248 = CARTESIAN_POINT('',(3.337351469871,-5.912880292973,
    1.736664662386));
#3249 = CARTESIAN_POINT('',(3.2510142176,-5.960734089784,1.664156143895)
  );
#3250 = CARTESIAN_POINT('',(3.211695741447,-5.982107609778,
    1.628896310722));
#3251 = CARTESIAN_POINT('',(3.173543673827,-6.002462880492,1.59242930383
    ));
#3252 = CARTESIAN_POINT('',(3.136613222781,-6.021817388935,
    1.554867378718));
#3253 = CARTESIAN_POINT('',(3.100938979609,-6.040198870243,
    1.516312177013));
#3254 = CARTESIAN_POINT('',(3.066539196782,-6.057641293296,1.47685141346
    ));
#3255 = CARTESIAN_POINT('',(3.000589962158,-6.090576060419,
    1.396611370082));
#3256 = CARTESIAN_POINT('',(2.96902215542,-6.106082231571,1.355851492838
    ));
#3257 = CARTESIAN_POINT('',(2.93872480757,-6.120734065859,1.314348688847
    ));
#3258 = CARTESIAN_POINT('',(2.909701073609,-6.134565838586,
    1.272169392322));
#3259 = CARTESIAN_POINT('',(2.881950001093,-6.147610944658,
    1.229373412542));
#3260 = CARTESIAN_POINT('',(2.855467429616,-6.159901448944,
    1.186013632385));
#3261 = CARTESIAN_POINT('',(2.808175303976,-6.181589708433,1.10373623377
    ));
#3262 = CARTESIAN_POINT('',(2.787071008749,-6.191156717946,
    1.064941203228));
#3263 = CARTESIAN_POINT('',(2.766930081657,-6.200188815186,
    1.025782113136));
#3264 = CARTESIAN_POINT('',(2.747748227206,-6.208704726721,
    0.986288258907));
#3265 = CARTESIAN_POINT('',(2.729520871148,-6.216721801627,
    0.946486739085));
#3266 = CARTESIAN_POINT('',(2.712243254253,-6.224256057434,
    0.906402460947));
#3267 = CARTESIAN_POINT('',(2.650210167087,-6.25109396544,0.753171330601
    ));
#3268 = CARTESIAN_POINT('',(2.611915547257,-6.267197524529,
    0.638268410046));
#3269 = CARTESIAN_POINT('',(2.580906902999,-6.279961434905,
    0.521823405232));
#3270 = CARTESIAN_POINT('',(2.557103033996,-6.289616146515,
    0.404257360064));
#3271 = CARTESIAN_POINT('',(2.540439795201,-6.296318541724,
    0.285946126214));
#3272 = CARTESIAN_POINT('',(2.53087174303,-6.300159171095,0.167223641325
    ));
#3273 = CARTESIAN_POINT('',(2.525625861375,-6.302264130737,
    -8.468930695721E-02));
#3274 = CARTESIAN_POINT('',(2.531748230885,-6.299805866198,
    -0.217890134674));
#3275 = CARTESIAN_POINT('',(2.546757828105,-6.293798657363,
    -0.350743578592));
#3276 = CARTESIAN_POINT('',(2.570686865252,-6.284157857953,
    -0.482758565865));
#3277 = CARTESIAN_POINT('',(2.603600282515,-6.270691579608,
    -0.613419867276));
#3278 = CARTESIAN_POINT('',(2.645597116887,-6.253099338049,
    -0.742194110118));
#3279 = CARTESIAN_POINT('',(2.713265831905,-6.223810468907,
    -0.908789763733));
#3280 = CARTESIAN_POINT('',(2.730573762369,-6.216259586392,
    -0.948818256243));
#3281 = CARTESIAN_POINT('',(2.748829662974,-6.208226220253,
    -0.988563539109));
#3282 = CARTESIAN_POINT('',(2.768038277512,-6.199694356329,
    -1.028000719341));
#3283 = CARTESIAN_POINT('',(2.788204159097,-6.190646655105,
    -1.067102711657));
#3284 = CARTESIAN_POINT('',(2.809331575667,-6.181064406613,
    -1.105840233237));
#3285 = CARTESIAN_POINT('',(2.856422802027,-6.159457403713,
    -1.187565866567));
#3286 = CARTESIAN_POINT('',(2.882656327749,-6.147277569099,
    -1.230441380333));
#3287 = CARTESIAN_POINT('',(2.910131205456,-6.134358616751,
    -1.272763985889));
#3288 = CARTESIAN_POINT('',(2.938851418644,-6.120669485839,
    -1.314482403458));
#3289 = CARTESIAN_POINT('',(2.968817867736,-6.106177846762,
    -1.355538714437));
#3290 = CARTESIAN_POINT('',(3.000027516299,-6.090850528467,
    -1.395868648438));
#3291 = CARTESIAN_POINT('',(3.065484047889,-6.058174570922,
    -1.475625341834));
#3292 = CARTESIAN_POINT('',(3.099770575122,-6.040797159974,
    -1.515019174778));
#3293 = CARTESIAN_POINT('',(3.135326056265,-6.022485770431,
    -1.553513465025));
#3294 = CARTESIAN_POINT('',(3.172132564954,-6.00320662208,
    -1.591021318972));
#3295 = CARTESIAN_POINT('',(3.21015611076,-5.982932029337,
    -1.627442090181));
#3296 = CARTESIAN_POINT('',(3.2493424388,-5.961644333604,-1.662664615993
    ));
#3297 = CARTESIAN_POINT('',(3.335755454593,-5.913782892225,
    -1.735420446976));
#3298 = CARTESIAN_POINT('',(3.383317678175,-5.886893164813,
    -1.772538880387));
#3299 = CARTESIAN_POINT('',(3.43217771452,-5.858667590128,
    -1.807746166633));
#3300 = CARTESIAN_POINT('',(3.48212783063,-5.829153721091,
    -1.840817784899));
#3301 = CARTESIAN_POINT('',(3.532857793678,-5.798468300254,
    -1.871510886594));
#3302 = CARTESIAN_POINT('',(3.583940981427,-5.766828771825,
    -1.89961471258));
#3303 = CARTESIAN_POINT('',(3.634876443065,-5.734543006522,-1.9250006));
#3304 = PCURVE('',#2871,#3305);
#3305 = DEFINITIONAL_REPRESENTATION('',(#3306),#3369);
#3306 = B_SPLINE_CURVE_WITH_KNOTS('',7,(#3307,#3308,#3309,#3310,#3311,
    #3312,#3313,#3314,#3315,#3316,#3317,#3318,#3319,#3320,#3321,#3322,
    #3323,#3324,#3325,#3326,#3327,#3328,#3329,#3330,#3331,#3332,#3333,
    #3334,#3335,#3336,#3337,#3338,#3339,#3340,#3341,#3342,#3343,#3344,
    #3345,#3346,#3347,#3348,#3349,#3350,#3351,#3352,#3353,#3354,#3355,
    #3356,#3357,#3358,#3359,#3360,#3361,#3362,#3363,#3364,#3365,#3366,
    #3367,#3368),.UNSPECIFIED.,.F.,.F.,(8,6,6,6,6,6,6,6,6,6,8),(0.,
    8.657704091458E-02,0.162735071219,0.238228478257,0.304296028552,
    0.489158639187,0.696151742115,0.76217790822,0.836887526026,
    0.912901572846,1.),.UNSPECIFIED.);
#3307 = CARTESIAN_POINT('',(3.915751939163,1.071737674848));
#3308 = CARTESIAN_POINT('',(3.952059877083,1.047679418122));
#3309 = CARTESIAN_POINT('',(3.984041913761,1.022298233815));
#3310 = CARTESIAN_POINT('',(4.011965702567,0.995937815169));
#3311 = CARTESIAN_POINT('',(4.036352396999,0.968917897705));
#3312 = CARTESIAN_POINT('',(4.057703206134,0.9414790686));
#3313 = CARTESIAN_POINT('',(4.076463030865,0.913795577485));
#3314 = CARTESIAN_POINT('',(4.107571352415,0.861509399977));
#3315 = CARTESIAN_POINT('',(4.120418597749,0.836938977994));
#3316 = CARTESIAN_POINT('',(4.131815299665,0.812341573899));
#3317 = CARTESIAN_POINT('',(4.141973912216,0.78777035365));
#3318 = CARTESIAN_POINT('',(4.151067236665,0.763261026309));
#3319 = CARTESIAN_POINT('',(4.159236841286,0.738835367134));
#3320 = CARTESIAN_POINT('',(4.173901850608,0.690386445046));
#3321 = CARTESIAN_POINT('',(4.180410458913,0.666364336096));
#3322 = CARTESIAN_POINT('',(4.186241503906,0.642450786425));
#3323 = CARTESIAN_POINT('',(4.191486524408,0.618653009183));
#3324 = CARTESIAN_POINT('',(4.196219110633,0.594973872558));
#3325 = CARTESIAN_POINT('',(4.200499614584,0.571412714269));
#3326 = CARTESIAN_POINT('',(4.207775631659,0.527447057453));
#3327 = CARTESIAN_POINT('',(4.210864642138,0.507016380958));
#3328 = CARTESIAN_POINT('',(4.213681006256,0.486672181177));
#3329 = CARTESIAN_POINT('',(4.216253216241,0.466411808734));
#3330 = CARTESIAN_POINT('',(4.218605140114,0.44623196321));
#3331 = CARTESIAN_POINT('',(4.220757019623,0.426128746059));
#3332 = CARTESIAN_POINT('',(4.228237152298,0.350049185184));
#3333 = CARTESIAN_POINT('',(4.232318768552,0.294575569694));
#3334 = CARTESIAN_POINT('',(4.235353737167,0.239566669588));
#3335 = CARTESIAN_POINT('',(4.237551910175,0.184919091369));
#3336 = CARTESIAN_POINT('',(4.239037293627,0.13053002511));
#3337 = CARTESIAN_POINT('',(4.23988419807,7.628923375327E-02));
#3338 = CARTESIAN_POINT('',(4.240347608054,-3.864157635122E-02));
#3339 = CARTESIAN_POINT('',(4.239805501998,-9.931716292765E-02));
#3340 = CARTESIAN_POINT('',(4.238492747485,-0.160105099626));
#3341 = CARTESIAN_POINT('',(4.236345399678,-0.221144339467));
#3342 = CARTESIAN_POINT('',(4.233200615203,-0.282578013737));
#3343 = CARTESIAN_POINT('',(4.228804497933,-0.344566514916));
#3344 = CARTESIAN_POINT('',(4.220630034048,-0.427324817865));
#3345 = CARTESIAN_POINT('',(4.218470337174,-0.447411054641));
#3346 = CARTESIAN_POINT('',(4.216110171695,-0.467573926672));
#3347 = CARTESIAN_POINT('',(4.213529245409,-0.487817306223));
#3348 = CARTESIAN_POINT('',(4.210703634096,-0.508144464175));
#3349 = CARTESIAN_POINT('',(4.207604781995,-0.528558016125));
#3350 = CARTESIAN_POINT('',(4.200344244627,-0.572258028338));
#3351 = CARTESIAN_POINT('',(4.196096641555,-0.595568422149));
#3352 = CARTESIAN_POINT('',(4.191405289968,-0.61899425837));
#3353 = CARTESIAN_POINT('',(4.186211542082,-0.642536127654));
#3354 = CARTESIAN_POINT('',(4.180444040018,-0.666191230391));
#3355 = CARTESIAN_POINT('',(4.1740142504,-0.689952604228));
#3356 = CARTESIAN_POINT('',(4.159483996275,-0.738080620011));
#3357 = CARTESIAN_POINT('',(4.151357109419,-0.762447800829));
#3358 = CARTESIAN_POINT('',(4.142313795033,-0.786898702595));
#3359 = CARTESIAN_POINT('',(4.132214007885,-0.811411884508));
#3360 = CARTESIAN_POINT('',(4.120886861011,-0.835952192452));
#3361 = CARTESIAN_POINT('',(4.108122285879,-0.860467295032));
#3362 = CARTESIAN_POINT('',(4.077094599018,-0.912861623981));
#3363 = CARTESIAN_POINT('',(4.058302368367,-0.940707728529));
#3364 = CARTESIAN_POINT('',(4.036899929094,-0.968310441459));
#3365 = CARTESIAN_POINT('',(4.012435952089,-0.995493467794));
#3366 = CARTESIAN_POINT('',(3.984401118164,-1.022012949118));
#3367 = CARTESIAN_POINT('',(3.952264139282,-1.047544070518));
#3368 = CARTESIAN_POINT('',(3.915751939163,-1.071737674848));
#3369 = ( GEOMETRIC_REPRESENTATION_CONTEXT(2) 
PARAMETRIC_REPRESENTATION_CONTEXT() REPRESENTATION_CONTEXT('2D SPACE',''
  ) );
#3370 = PCURVE('',#3371,#3376);
#3371 = CYLINDRICAL_SURFACE('',#3372,6.7895);
#3372 = AXIS2_PLACEMENT_3D('',#3373,#3374,#3375);
#3373 = CARTESIAN_POINT('',(0.,0.,-1.925));
#3374 = DIRECTION('',(0.,0.,1.));
#3375 = DIRECTION('',(1.,0.,0.));
#3376 = DEFINITIONAL_REPRESENTATION('',(#3377),#3440);
#3377 = B_SPLINE_CURVE_WITH_KNOTS('',7,(#3378,#3379,#3380,#3381,#3382,
    #3383,#3384,#3385,#3386,#3387,#3388,#3389,#3390,#3391,#3392,#3393,
    #3394,#3395,#3396,#3397,#3398,#3399,#3400,#3401,#3402,#3403,#3404,
    #3405,#3406,#3407,#3408,#3409,#3410,#3411,#3412,#3413,#3414,#3415,
    #3416,#3417,#3418,#3419,#3420,#3421,#3422,#3423,#3424,#3425,#3426,
    #3427,#3428,#3429,#3430,#3431,#3432,#3433,#3434,#3435,#3436,#3437,
    #3438,#3439),.UNSPECIFIED.,.F.,.F.,(8,6,6,6,6,6,6,6,6,6,8),(0.,
    8.657704091458E-02,0.162735071219,0.238228478257,0.304296028552,
    0.489158639187,0.696151742115,0.76217790822,0.836887526026,
    0.912901572846,1.),.UNSPECIFIED.);
#3378 = CARTESIAN_POINT('',(5.277331565917,3.8500006));
#3379 = CARTESIAN_POINT('',(5.268499038104,3.824756730239));
#3380 = CARTESIAN_POINT('',(5.259698604031,3.796824896713));
#3381 = CARTESIAN_POINT('',(5.251014448804,3.76633193213));
#3382 = CARTESIAN_POINT('',(5.242514655655,3.73348488863));
#3383 = CARTESIAN_POINT('',(5.234245666289,3.698522211608));
#3384 = CARTESIAN_POINT('',(5.226236373152,3.661664662386));
#3385 = CARTESIAN_POINT('',(5.211697416909,3.589156143895));
#3386 = CARTESIAN_POINT('',(5.205106238146,3.553896310722));
#3387 = CARTESIAN_POINT('',(5.198737505442,3.51742930383));
#3388 = CARTESIAN_POINT('',(5.192596718388,3.479867378718));
#3389 = CARTESIAN_POINT('',(5.186686120187,3.441312177013));
#3390 = CARTESIAN_POINT('',(5.18100551214,3.40185141346));
#3391 = CARTESIAN_POINT('',(5.17014820705,3.321611370082));
#3392 = CARTESIAN_POINT('',(5.164968180104,3.280851492838));
#3393 = CARTESIAN_POINT('',(5.160011522019,3.239348688847));
#3394 = CARTESIAN_POINT('',(5.155276230637,3.197169392322));
#3395 = CARTESIAN_POINT('',(5.150759896081,3.154373412542));
#3396 = CARTESIAN_POINT('',(5.146459829922,3.111013632385));
#3397 = CARTESIAN_POINT('',(5.138796802515,3.02873623377));
#3398 = CARTESIAN_POINT('',(5.135383989955,2.989941203228));
#3399 = CARTESIAN_POINT('',(5.132132920039,2.950782113136));
#3400 = CARTESIAN_POINT('',(5.129041823382,2.911288258907));
#3401 = CARTESIAN_POINT('',(5.126109001261,2.871486739085));
#3402 = CARTESIAN_POINT('',(5.123332829041,2.831402460947));
#3403 = CARTESIAN_POINT('',(5.113377785005,2.678171330601));
#3404 = CARTESIAN_POINT('',(5.107259424967,2.563268410046));
#3405 = CARTESIAN_POINT('',(5.102320641662,2.446823405232));
#3406 = CARTESIAN_POINT('',(5.098537272233,2.329257360064));
#3407 = CARTESIAN_POINT('',(5.095891919357,2.210946126214));
#3408 = CARTESIAN_POINT('',(5.094373382145,2.092223641325));
#3409 = CARTESIAN_POINT('',(5.093540854779,1.840310693043));
#3410 = CARTESIAN_POINT('',(5.09451256895,1.707109865326));
#3411 = CARTESIAN_POINT('',(5.096893761503,1.574256421408));
#3412 = CARTESIAN_POINT('',(5.100693461476,1.442241434135));
#3413 = CARTESIAN_POINT('',(5.105931058319,1.311580132724));
#3414 = CARTESIAN_POINT('',(5.112636923728,1.182805889882));
#3415 = CARTESIAN_POINT('',(5.123497118002,1.016210236267));
#3416 = CARTESIAN_POINT('',(5.126278361632,0.976181743757));
#3417 = CARTESIAN_POINT('',(5.129215998142,0.936436460891));
#3418 = CARTESIAN_POINT('',(5.132311650403,0.896999280659));
#3419 = CARTESIAN_POINT('',(5.135567014304,0.857897288343));
#3420 = CARTESIAN_POINT('',(5.138983855168,0.819159766763));
#3421 = CARTESIAN_POINT('',(5.146614997565,0.737434133433));
#3422 = CARTESIAN_POINT('',(5.150874930632,0.694558619667));
#3423 = CARTESIAN_POINT('',(5.155346548125,0.652236014111));
#3424 = CARTESIAN_POINT('',(5.160032449083,0.610517596542));
#3425 = CARTESIAN_POINT('',(5.164934964157,0.569461285563));
#3426 = CARTESIAN_POINT('',(5.170056032957,0.529131351562));
#3427 = CARTESIAN_POINT('',(5.18083138447,0.449374658166));
#3428 = CARTESIAN_POINT('',(5.186492785535,0.409980825222));
#3429 = CARTESIAN_POINT('',(5.192383108193,0.371486534975));
#3430 = CARTESIAN_POINT('',(5.198502576939,0.333978681028));
#3431 = CARTESIAN_POINT('',(5.204849018337,0.297557909819));
#3432 = CARTESIAN_POINT('',(5.211417062203,0.262335384007));
#3433 = CARTESIAN_POINT('',(5.225966324946,0.189579553024));
#3434 = CARTESIAN_POINT('',(5.234013323532,0.152461119613));
#3435 = CARTESIAN_POINT('',(5.242323633463,0.117253833367));
#3436 = CARTESIAN_POINT('',(5.250868102907,8.418221510136E-02));
#3437 = CARTESIAN_POINT('',(5.259599709528,5.34891134061E-02));
#3438 = CARTESIAN_POINT('',(5.268449347826,2.538528741998E-02));
#3439 = CARTESIAN_POINT('',(5.277331565917,-6.E-07));
#3440 = ( GEOMETRIC_REPRESENTATION_CONTEXT(2) 
PARAMETRIC_REPRESENTATION_CONTEXT() REPRESENTATION_CONTEXT('2D SPACE',''
  ) );
#3441 = ORIENTED_EDGE('',*,*,#3442,.T.);
#3442 = EDGE_CURVE('',#3238,#2721,#3443,.T.);
#3443 = SURFACE_CURVE('',#3444,(#3449,#3456),.PCURVE_S1.);
#3444 = CIRCLE('',#3445,1.049282021194);
#3445 = AXIS2_PLACEMENT_3D('',#3446,#3447,#3448);
#3446 = CARTESIAN_POINT('',(4.676173513941,-5.86373611851,-1.925));
#3447 = DIRECTION('',(0.,0.,1.));
#3448 = DIRECTION('',(0.623489801859,-0.781831482468,0.));
#3449 = PCURVE('',#2871,#3450);
#3450 = DEFINITIONAL_REPRESENTATION('',(#3451),#3455);
#3451 = LINE('',#3452,#3453);
#3452 = CARTESIAN_POINT('',(8.265966471956E-18,-1.071737103028));
#3453 = VECTOR('',#3454,1.);
#3454 = DIRECTION('',(1.,0.));
#3455 = ( GEOMETRIC_REPRESENTATION_CONTEXT(2) 
PARAMETRIC_REPRESENTATION_CONTEXT() REPRESENTATION_CONTEXT('2D SPACE',''
  ) );
#3456 = PCURVE('',#3197,#3457);
#3457 = DEFINITIONAL_REPRESENTATION('',(#3458),#3462);
#3458 = CIRCLE('',#3459,1.049282021194);
#3459 = AXIS2_PLACEMENT_2D('',#3460,#3461);
#3460 = CARTESIAN_POINT('',(4.676173513941,-5.86373611851));
#3461 = DIRECTION('',(0.623489801859,-0.781831482468));
#3462 = ( GEOMETRIC_REPRESENTATION_CONTEXT(2) 
PARAMETRIC_REPRESENTATION_CONTEXT() REPRESENTATION_CONTEXT('2D SPACE',''
  ) );
#3463 = ADVANCED_FACE('',(#3464),#3197,.F.);
#3464 = FACE_BOUND('',#3465,.F.);
#3465 = EDGE_LOOP('',(#3466,#3467,#3468,#3492));
#3466 = ORIENTED_EDGE('',*,*,#3182,.T.);
#3467 = ORIENTED_EDGE('',*,*,#3442,.F.);
#3468 = ORIENTED_EDGE('',*,*,#3469,.F.);
#3469 = EDGE_CURVE('',#3470,#3238,#3472,.T.);
#3470 = VERTEX_POINT('',#3471);
#3471 = CARTESIAN_POINT('',(-0.786784136338,-6.743758668043,-1.925));
#3472 = SURFACE_CURVE('',#3473,(#3478,#3485),.PCURVE_S1.);
#3473 = CIRCLE('',#3474,6.7895);
#3474 = AXIS2_PLACEMENT_3D('',#3475,#3476,#3477);
#3475 = CARTESIAN_POINT('',(0.,0.,-1.925));
#3476 = DIRECTION('',(0.,0.,1.));
#3477 = DIRECTION('',(1.,0.,0.));
#3478 = PCURVE('',#3197,#3479);
#3479 = DEFINITIONAL_REPRESENTATION('',(#3480),#3484);
#3480 = CIRCLE('',#3481,6.7895);
#3481 = AXIS2_PLACEMENT_2D('',#3482,#3483);
#3482 = CARTESIAN_POINT('',(0.,0.));
#3483 = DIRECTION('',(1.,0.));
#3484 = ( GEOMETRIC_REPRESENTATION_CONTEXT(2) 
PARAMETRIC_REPRESENTATION_CONTEXT() REPRESENTATION_CONTEXT('2D SPACE',''
  ) );
#3485 = PCURVE('',#3371,#3486);
#3486 = DEFINITIONAL_REPRESENTATION('',(#3487),#3491);
#3487 = LINE('',#3488,#3489);
#3488 = CARTESIAN_POINT('',(0.,0.));
#3489 = VECTOR('',#3490,1.);
#3490 = DIRECTION('',(1.,0.));
#3491 = ( GEOMETRIC_REPRESENTATION_CONTEXT(2) 
PARAMETRIC_REPRESENTATION_CONTEXT() REPRESENTATION_CONTEXT('2D SPACE',''
  ) );
#3492 = ORIENTED_EDGE('',*,*,#3493,.F.);
#3493 = EDGE_CURVE('',#2978,#3470,#3494,.T.);
#3494 = SURFACE_CURVE('',#3495,(#3500,#3507),.PCURVE_S1.);
#3495 = CIRCLE('',#3496,1.049282021194);
#3496 = AXIS2_PLACEMENT_3D('',#3497,#3498,#3499);
#3497 = CARTESIAN_POINT('',(-1.668907004672,-7.311959341364,-1.925));
#3498 = DIRECTION('',(0.,0.,1.));
#3499 = DIRECTION('',(-0.222520933956,-0.974927912182,0.));
#3500 = PCURVE('',#3197,#3501);
#3501 = DEFINITIONAL_REPRESENTATION('',(#3502),#3506);
#3502 = CIRCLE('',#3503,1.049282021194);
#3503 = AXIS2_PLACEMENT_2D('',#3504,#3505);
#3504 = CARTESIAN_POINT('',(-1.668907004672,-7.311959341364));
#3505 = DIRECTION('',(-0.222520933956,-0.974927912182));
#3506 = ( GEOMETRIC_REPRESENTATION_CONTEXT(2) 
PARAMETRIC_REPRESENTATION_CONTEXT() REPRESENTATION_CONTEXT('2D SPACE',''
  ) );
#3507 = PCURVE('',#3111,#3508);
#3508 = DEFINITIONAL_REPRESENTATION('',(#3509),#3513);
#3509 = LINE('',#3510,#3511);
#3510 = CARTESIAN_POINT('',(6.695344834216E-18,-1.071737103028));
#3511 = VECTOR('',#3512,1.);
#3512 = DIRECTION('',(1.,0.));
#3513 = ( GEOMETRIC_REPRESENTATION_CONTEXT(2) 
PARAMETRIC_REPRESENTATION_CONTEXT() REPRESENTATION_CONTEXT('2D SPACE',''
  ) );
#3514 = ADVANCED_FACE('',(#3515),#3111,.F.);
#3515 = FACE_BOUND('',#3516,.F.);
#3516 = EDGE_LOOP('',(#3517,#3518,#3519,#3719));
#3517 = ORIENTED_EDGE('',*,*,#2977,.F.);
#3518 = ORIENTED_EDGE('',*,*,#3493,.T.);
#3519 = ORIENTED_EDGE('',*,*,#3520,.T.);
#3520 = EDGE_CURVE('',#3470,#3521,#3523,.T.);
#3521 = VERTEX_POINT('',#3522);
#3522 = CARTESIAN_POINT('',(-0.786784136338,-6.743758668043,1.925));
#3523 = SURFACE_CURVE('',#3524,(#3587,#3653),.PCURVE_S1.);
#3524 = B_SPLINE_CURVE_WITH_KNOTS('',7,(#3525,#3526,#3527,#3528,#3529,
    #3530,#3531,#3532,#3533,#3534,#3535,#3536,#3537,#3538,#3539,#3540,
    #3541,#3542,#3543,#3544,#3545,#3546,#3547,#3548,#3549,#3550,#3551,
    #3552,#3553,#3554,#3555,#3556,#3557,#3558,#3559,#3560,#3561,#3562,
    #3563,#3564,#3565,#3566,#3567,#3568,#3569,#3570,#3571,#3572,#3573,
    #3574,#3575,#3576,#3577,#3578,#3579,#3580,#3581,#3582,#3583,#3584,
    #3585,#3586),.UNSPECIFIED.,.F.,.F.,(8,6,6,6,6,6,6,6,6,6,8),(0.,
    8.678941125979E-02,0.162655381963,0.238017140476,0.303706791778,
    0.495424502332,0.696169191204,0.761890690988,0.83727601512,
    0.913774777212,1.),.UNSPECIFIED.);
#3525 = CARTESIAN_POINT('',(-0.786785552073,-6.743758502871,-1.9250006)
  );
#3526 = CARTESIAN_POINT('',(-0.727083199605,-6.750723898848,
    -1.89969827955));
#3527 = CARTESIAN_POINT('',(-0.667526856734,-6.757047244662,
    -1.871695750193));
#3528 = CARTESIAN_POINT('',(-0.608695944087,-6.762669063033,
    -1.841120468049));
#3529 = CARTESIAN_POINT('',(-0.55106501079,-6.767578471911,
    -1.808180935571));
#3530 = CARTESIAN_POINT('',(-0.494961971878,-6.771804358685,
    -1.77311749322));
#3531 = CARTESIAN_POINT('',(-0.440593677948,-6.775393375467,
    -1.736152585095));
#3532 = CARTESIAN_POINT('',(-0.342154317,-6.781029103325,-1.663645661016
    ));
#3533 = CARTESIAN_POINT('',(-0.297651683779,-6.783212796784,
    -1.628512283421));
#3534 = CARTESIAN_POINT('',(-0.254630239189,-6.784988800367,
    -1.592182359223));
#3535 = CARTESIAN_POINT('',(-0.213131470415,-6.786396351744,
    -1.554766717463));
#3536 = CARTESIAN_POINT('',(-0.17317424661,-6.787474961836,
    -1.516365733559));
#3537 = CARTESIAN_POINT('',(-0.134760299027,-6.788262691812,
    -1.47706608779));
#3538 = CARTESIAN_POINT('',(-6.124421512602E-02,-6.789322634398,
    -1.397075657876));
#3539 = CARTESIAN_POINT('',(-2.612602299806E-02,-6.789598251178,
    -1.356400670241));
#3540 = CARTESIAN_POINT('',(7.482483315495E-03,-6.78965590582,
    -1.314984966455));
#3541 = CARTESIAN_POINT('',(3.95932268781E-02,-6.789527684438,
    -1.272894666198));
#3542 = CARTESIAN_POINT('',(7.02214444482E-02,-6.789243117893,
    -1.230189302106));
#3543 = CARTESIAN_POINT('',(9.938468520272E-02,-6.788829165817,
    -1.18692151863));
#3544 = CARTESIAN_POINT('',(0.151261652112,-6.787857840676,
    -1.104971461751));
#3545 = CARTESIAN_POINT('',(0.174321963792,-6.787325716525,
    -1.066414630306));
#3546 = CARTESIAN_POINT('',(0.196294801934,-6.786730013955,
    -1.027497269254));
#3547 = CARTESIAN_POINT('',(0.217191954798,-6.786085507252,
    -0.988248212762));
#3548 = CARTESIAN_POINT('',(0.237024877787,-6.785405638899,
    -0.948694141628));
#3549 = CARTESIAN_POINT('',(0.255804629754,-6.784702599262,
    -0.908859588437));
#3550 = CARTESIAN_POINT('',(0.325308433011,-6.781900088739,
    -0.751755052803));
#3551 = CARTESIAN_POINT('',(0.368185027156,-6.779709681005,
    -0.632566609577));
#3552 = CARTESIAN_POINT('',(0.402451950063,-6.777689345766,
    -0.511730939548));
#3553 = CARTESIAN_POINT('',(0.428300002988,-6.776029305411,
    -0.389715846898));
#3554 = CARTESIAN_POINT('',(0.44586625043,-6.774852122166,
    -0.266937306107));
#3555 = CARTESIAN_POINT('',(0.45523511099,-6.77422118165,-0.143763369784
    ));
#3556 = CARTESIAN_POINT('',(0.457629397232,-6.774059867719,
    0.108542031139));
#3557 = CARTESIAN_POINT('',(0.449863956675,-6.774582829727,
    0.237596860028));
#3558 = CARTESIAN_POINT('',(0.433127530761,-6.775716645933,
    0.366294376867));
#3559 = CARTESIAN_POINT('',(0.407335039299,-6.777398985245,
    0.494220318259));
#3560 = CARTESIAN_POINT('',(0.372332205613,-6.779495720474,
    0.620901486928));
#3561 = CARTESIAN_POINT('',(0.327907080609,-6.781793745008,
    0.745805723222));
#3562 = CARTESIAN_POINT('',(0.256001996335,-6.784695148727,0.90843797693
    ));
#3563 = CARTESIAN_POINT('',(0.237223890792,-6.785398677117,
    0.948291638159));
#3564 = CARTESIAN_POINT('',(0.217391817408,-6.78607910424,0.987864763853
    ));
#3565 = CARTESIAN_POINT('',(0.196494706792,-6.78672423171,1.027132801663
    ));
#3566 = CARTESIAN_POINT('',(0.174521091334,-6.787320607307,
    1.066069049076));
#3567 = CARTESIAN_POINT('',(0.151459168818,-6.787853445115,
    1.104644648199));
#3568 = CARTESIAN_POINT('',(9.958168857875E-02,-6.788826271048,
    1.186627156708));
#3569 = CARTESIAN_POINT('',(7.041977526797E-02,-6.789241054856,
    1.22990875498));
#3570 = CARTESIAN_POINT('',(3.979225139415E-02,-6.789526516579,
    1.272627905637));
#3571 = CARTESIAN_POINT('',(7.681550667497E-03,-6.78965568658,
    1.314731947226));
#3572 = CARTESIAN_POINT('',(-2.592758389919E-02,-6.78959902166,
    1.356161327364));
#3573 = CARTESIAN_POINT('',(-6.104709909154E-02,-6.789324420613,
    1.396849903549));
#3574 = CARTESIAN_POINT('',(-0.134863296844,-6.788262272524,
    1.477189541442));
#3575 = CARTESIAN_POINT('',(-0.173600679489,-6.787467193659,
    1.516811339374));
#3576 = CARTESIAN_POINT('',(-0.213907061992,-6.786376260226,
    1.55551931469));
#3577 = CARTESIAN_POINT('',(-0.255780668439,-6.784950430327,
    1.593224543229));
#3578 = CARTESIAN_POINT('',(-0.299201924877,-6.783149172919,
    1.629823905889));
#3579 = CARTESIAN_POINT('',(-0.344127720658,-6.780932277607,
    1.665203494765));
#3580 = CARTESIAN_POINT('',(-0.442737815845,-6.775251495281,
    1.737608383413));
#3581 = CARTESIAN_POINT('',(-0.496805169082,-6.771665273273,
    1.774268104304));
#3582 = CARTESIAN_POINT('',(-0.552579279048,-6.767449312416,
    1.809045620811));
#3583 = CARTESIAN_POINT('',(-0.609855188668,-6.762558211539,
    1.84172259269));
#3584 = CARTESIAN_POINT('',(-0.668309452136,-6.756964132185,
    1.872063622849));
#3585 = CARTESIAN_POINT('',(-0.727475761562,-6.750678099154,
    1.899864650355));
#3586 = CARTESIAN_POINT('',(-0.786785552073,-6.743758502871,1.9250006));
#3587 = PCURVE('',#3111,#3588);
#3588 = DEFINITIONAL_REPRESENTATION('',(#3589),#3652);
#3589 = B_SPLINE_CURVE_WITH_KNOTS('',7,(#3590,#3591,#3592,#3593,#3594,
    #3595,#3596,#3597,#3598,#3599,#3600,#3601,#3602,#3603,#3604,#3605,
    #3606,#3607,#3608,#3609,#3610,#3611,#3612,#3613,#3614,#3615,#3616,
    #3617,#3618,#3619,#3620,#3621,#3622,#3623,#3624,#3625,#3626,#3627,
    #3628,#3629,#3630,#3631,#3632,#3633,#3634,#3635,#3636,#3637,#3638,
    #3639,#3640,#3641,#3642,#3643,#3644,#3645,#3646,#3647,#3648,#3649,
    #3650,#3651),.UNSPECIFIED.,.F.,.F.,(8,6,6,6,6,6,6,6,6,6,8),(0.,
    8.678941125979E-02,0.162655381963,0.238017140476,0.303706791778,
    0.495424502332,0.696169191204,0.761890690988,0.83727601512,
    0.913774777212,1.),.UNSPECIFIED.);
#3590 = CARTESIAN_POINT('',(2.367433368016,-1.071737674848));
#3591 = CARTESIAN_POINT('',(2.331041361211,-1.04762371265));
#3592 = CARTESIAN_POINT('',(2.298995624367,-1.022180896932));
#3593 = CARTESIAN_POINT('',(2.271026007555,-0.995755023071));
#3594 = CARTESIAN_POINT('',(2.246607352447,-0.96866788801));
#3595 = CARTESIAN_POINT('',(2.225235164783,-0.941161503909));
#3596 = CARTESIAN_POINT('',(2.20646195492,-0.913411065167));
#3597 = CARTESIAN_POINT('',(2.175431074343,-0.86115485334));
#3598 = CARTESIAN_POINT('',(2.162651692311,-0.836682106952));
#3599 = CARTESIAN_POINT('',(2.151309455712,-0.812183056258));
#3600 = CARTESIAN_POINT('',(2.141194678293,-0.787710112915));
#3601 = CARTESIAN_POINT('',(2.13213667256,-0.763298531266));
#3602 = CARTESIAN_POINT('',(2.123995491731,-0.738969859635));
#3603 = CARTESIAN_POINT('',(2.109360646046,-0.690661988116));
#3604 = CARTESIAN_POINT('',(2.102857164082,-0.66668430402));
#3605 = CARTESIAN_POINT('',(2.097029546292,-0.642814690083));
#3606 = CARTESIAN_POINT('',(2.091786630909,-0.619060360261));
#3607 = CARTESIAN_POINT('',(2.087055098931,-0.595424201612));
#3608 = CARTESIAN_POINT('',(2.082774799157,-0.571905584177));
#3609 = CARTESIAN_POINT('',(2.075511408884,-0.528100535602));
#3610 = CARTESIAN_POINT('',(2.072432545742,-0.507787315312));
#3611 = CARTESIAN_POINT('',(2.069623879204,-0.487559617415));
#3612 = CARTESIAN_POINT('',(2.067057313879,-0.467414855862));
#3613 = CARTESIAN_POINT('',(2.064709289296,-0.447349803478));
#3614 = CARTESIAN_POINT('',(2.062559805629,-0.427360644309));
#3615 = CARTESIAN_POINT('',(2.054846728008,-0.349312709929));
#3616 = CARTESIAN_POINT('',(2.050645606603,-0.29180253928));
#3617 = CARTESIAN_POINT('',(2.047559249991,-0.234789585884));
#3618 = CARTESIAN_POINT('',(2.045358798045,-0.178158706312));
#3619 = CARTESIAN_POINT('',(2.043912121534,-0.12179538766));
#3620 = CARTESIAN_POINT('',(2.043142040776,-6.557611014901E-02));
#3621 = CARTESIAN_POINT('',(2.042945451797,4.951075566171E-02));
#3622 = CARTESIAN_POINT('',(2.043583123425,0.108340145841));
#3623 = CARTESIAN_POINT('',(2.044952133405,0.167301973024));
#3624 = CARTESIAN_POINT('',(2.0471204941,0.226538416269));
#3625 = CARTESIAN_POINT('',(2.050242060553,0.286181596272));
#3626 = CARTESIAN_POINT('',(2.05456023349,0.346362903724));
#3627 = CARTESIAN_POINT('',(2.062537290087,0.427149319916));
#3628 = CARTESIAN_POINT('',(2.064685902492,0.447146134184));
#3629 = CARTESIAN_POINT('',(2.067033075012,0.467218876247));
#3630 = CARTESIAN_POINT('',(2.069598812819,0.487371369334));
#3631 = CARTESIAN_POINT('',(2.072406684167,0.507606847845));
#3632 = CARTESIAN_POINT('',(2.075484795602,0.5279279051));
#3633 = CARTESIAN_POINT('',(2.082746030812,0.571745890152));
#3634 = CARTESIAN_POINT('',(2.087024808204,0.595269587285));
#3635 = CARTESIAN_POINT('',(2.091754755468,0.618910879324));
#3636 = CARTESIAN_POINT('',(2.096996021901,0.642670406497));
#3637 = CARTESIAN_POINT('',(2.102821927028,0.666545292741));
#3638 = CARTESIAN_POINT('',(2.109323637655,0.690528336014));
#3639 = CARTESIAN_POINT('',(2.124013742989,0.739041704947));
#3640 = CARTESIAN_POINT('',(2.132224817608,0.76357198014));
#3641 = CARTESIAN_POINT('',(2.141368411433,0.78818652788));
#3642 = CARTESIAN_POINT('',(2.151588089236,0.812863241862));
#3643 = CARTESIAN_POINT('',(2.163059226871,0.837565797112));
#3644 = CARTESIAN_POINT('',(2.175997600254,0.862240041314));
#3645 = CARTESIAN_POINT('',(2.207203618023,0.914504735692));
#3646 = CARTESIAN_POINT('',(2.225938403874,0.942064675164));
#3647 = CARTESIAN_POINT('',(2.247249768283,0.969379289252));
#3648 = CARTESIAN_POINT('',(2.271577601107,0.996275574389));
#3649 = CARTESIAN_POINT('',(2.29941685949,1.022515181063));
#3650 = CARTESIAN_POINT('',(2.331280650231,1.047782269622));
#3651 = CARTESIAN_POINT('',(2.367433368016,1.071737674848));
#3652 = ( GEOMETRIC_REPRESENTATION_CONTEXT(2) 
PARAMETRIC_REPRESENTATION_CONTEXT() REPRESENTATION_CONTEXT('2D SPACE',''
  ) );
#3653 = PCURVE('',#3371,#3654);
#3654 = DEFINITIONAL_REPRESENTATION('',(#3655),#3718);
#3655 = B_SPLINE_CURVE_WITH_KNOTS('',7,(#3656,#3657,#3658,#3659,#3660,
    #3661,#3662,#3663,#3664,#3665,#3666,#3667,#3668,#3669,#3670,#3671,
    #3672,#3673,#3674,#3675,#3676,#3677,#3678,#3679,#3680,#3681,#3682,
    #3683,#3684,#3685,#3686,#3687,#3688,#3689,#3690,#3691,#3692,#3693,
    #3694,#3695,#3696,#3697,#3698,#3699,#3700,#3701,#3702,#3703,#3704,
    #3705,#3706,#3707,#3708,#3709,#3710,#3711,#3712,#3713,#3714,#3715,
    #3716,#3717),.UNSPECIFIED.,.F.,.F.,(8,6,6,6,6,6,6,6,6,6,8),(0.,
    8.678941125979E-02,0.162655381963,0.238017140476,0.303706791778,
    0.495424502332,0.696169191204,0.761890690988,0.83727601512,
    0.913774777212,1.),.UNSPECIFIED.);
#3656 = CARTESIAN_POINT('',(4.596245345365,-6.000000032369E-07));
#3657 = CARTESIAN_POINT('',(4.605098324374,2.530172045017E-02));
#3658 = CARTESIAN_POINT('',(4.613918984777,5.330424980682E-02));
#3659 = CARTESIAN_POINT('',(4.622622677543,8.387953195087E-02));
#3660 = CARTESIAN_POINT('',(4.631140895046,0.116819064429));
#3661 = CARTESIAN_POINT('',(4.639426929211,0.15188250678));
#3662 = CARTESIAN_POINT('',(4.647451754115,0.188847414905));
#3663 = CARTESIAN_POINT('',(4.661974260016,0.261354338984));
#3664 = CARTESIAN_POINT('',(4.668536552933,0.296487716579));
#3665 = CARTESIAN_POINT('',(4.674878122076,0.332817640777));
#3666 = CARTESIAN_POINT('',(4.680993556696,0.370233282537));
#3667 = CARTESIAN_POINT('',(4.686880645127,0.408634266441));
#3668 = CARTESIAN_POINT('',(4.692539577218,0.44793391221));
#3669 = CARTESIAN_POINT('',(4.703368610952,0.527924342124));
#3670 = CARTESIAN_POINT('',(4.708541085754,0.568599329759));
#3671 = CARTESIAN_POINT('',(4.713491020898,0.610015033545));
#3672 = CARTESIAN_POINT('',(4.718220402293,0.652105333802));
#3673 = CARTESIAN_POINT('',(4.722731623321,0.694810697894));
#3674 = CARTESIAN_POINT('',(4.727027356138,0.73807848137));
#3675 = CARTESIAN_POINT('',(4.734669459309,0.820028538249));
#3676 = CARTESIAN_POINT('',(4.738066798273,0.858585369694));
#3677 = CARTESIAN_POINT('',(4.741304244006,0.897502730746));
#3678 = CARTESIAN_POINT('',(4.744383535808,0.936751787238));
#3679 = CARTESIAN_POINT('',(4.747306344683,0.976305858372));
#3680 = CARTESIAN_POINT('',(4.750074269871,1.016140411563));
#3681 = CARTESIAN_POINT('',(4.760319542908,1.173244947197));
#3682 = CARTESIAN_POINT('',(4.766642548067,1.292433390423));
#3683 = CARTESIAN_POINT('',(4.771698203393,1.413269060452));
#3684 = CARTESIAN_POINT('',(4.775513098531,1.535284153102));
#3685 = CARTESIAN_POINT('',(4.778106160758,1.658062693893));
#3686 = CARTESIAN_POINT('',(4.779489193224,1.781236630216));
#3687 = CARTESIAN_POINT('',(4.779842638148,2.033542031139));
#3688 = CARTESIAN_POINT('',(4.77869630537,2.162596860028));
#3689 = CARTESIAN_POINT('',(4.776225607571,2.291294376867));
#3690 = CARTESIAN_POINT('',(4.772418669742,2.419220318259));
#3691 = CARTESIAN_POINT('',(4.767254144646,2.545901486928));
#3692 = CARTESIAN_POINT('',(4.760702608256,2.670805723222));
#3693 = CARTESIAN_POINT('',(4.750103359863,2.83343797693));
#3694 = CARTESIAN_POINT('',(4.747335674301,2.873291638159));
#3695 = CARTESIAN_POINT('',(4.744412987661,2.912864763853));
#3696 = CARTESIAN_POINT('',(4.741333699257,2.952132801663));
#3697 = CARTESIAN_POINT('',(4.738096136398,2.991069049076));
#3698 = CARTESIAN_POINT('',(4.734698557827,3.029644648199));
#3699 = CARTESIAN_POINT('',(4.727056374922,3.111627156708));
#3700 = CARTESIAN_POINT('',(4.722760835849,3.15490875498));
#3701 = CARTESIAN_POINT('',(4.71824971575,3.197627905637));
#3702 = CARTESIAN_POINT('',(4.713520340101,3.239731947226));
#3703 = CARTESIAN_POINT('',(4.708570312685,3.281161327364));
#3704 = CARTESIAN_POINT('',(4.703397644212,3.321849903549));
#3705 = CARTESIAN_POINT('',(4.692524407739,3.402189541442));
#3706 = CARTESIAN_POINT('',(4.68681782839,3.441811339374));
#3707 = CARTESIAN_POINT('',(4.680879288732,3.48051931469));
#3708 = CARTESIAN_POINT('',(4.674708593689,3.518224543229));
#3709 = CARTESIAN_POINT('',(4.668308042723,3.554823905889));
#3710 = CARTESIAN_POINT('',(4.661683265258,3.590203494765));
#3711 = CARTESIAN_POINT('',(4.647135273447,3.662608383413));
#3712 = CARTESIAN_POINT('',(4.639154698797,3.699268104304));
#3713 = CARTESIAN_POINT('',(4.630917074383,3.734045620811));
#3714 = CARTESIAN_POINT('',(4.622451172871,3.76672259269));
#3715 = CARTESIAN_POINT('',(4.613803077224,3.797063622849));
#3716 = CARTESIAN_POINT('',(4.605040113221,3.824864650355));
#3717 = CARTESIAN_POINT('',(4.596245345365,3.8500006));
#3718 = ( GEOMETRIC_REPRESENTATION_CONTEXT(2) 
PARAMETRIC_REPRESENTATION_CONTEXT() REPRESENTATION_CONTEXT('2D SPACE',''
  ) );
#3719 = ORIENTED_EDGE('',*,*,#3720,.F.);
#3720 = EDGE_CURVE('',#2949,#3521,#3721,.T.);
#3721 = SURFACE_CURVE('',#3722,(#3727,#3734),.PCURVE_S1.);
#3722 = CIRCLE('',#3723,1.049282021194);
#3723 = AXIS2_PLACEMENT_3D('',#3724,#3725,#3726);
#3724 = CARTESIAN_POINT('',(-1.668907004672,-7.311959341364,1.925));
#3725 = DIRECTION('',(0.,0.,1.));
#3726 = DIRECTION('',(-0.222520933956,-0.974927912182,0.));
#3727 = PCURVE('',#3111,#3728);
#3728 = DEFINITIONAL_REPRESENTATION('',(#3729),#3733);
#3729 = LINE('',#3730,#3731);
#3730 = CARTESIAN_POINT('',(6.695344834216E-18,1.071737103028));
#3731 = VECTOR('',#3732,1.);
#3732 = DIRECTION('',(1.,0.));
#3733 = ( GEOMETRIC_REPRESENTATION_CONTEXT(2) 
PARAMETRIC_REPRESENTATION_CONTEXT() REPRESENTATION_CONTEXT('2D SPACE',''
  ) );
#3734 = PCURVE('',#2965,#3735);
#3735 = DEFINITIONAL_REPRESENTATION('',(#3736),#3740);
#3736 = CIRCLE('',#3737,1.049282021194);
#3737 = AXIS2_PLACEMENT_2D('',#3738,#3739);
#3738 = CARTESIAN_POINT('',(-1.668907004672,-7.311959341364));
#3739 = DIRECTION('',(-0.222520933956,-0.974927912182));
#3740 = ( GEOMETRIC_REPRESENTATION_CONTEXT(2) 
PARAMETRIC_REPRESENTATION_CONTEXT() REPRESENTATION_CONTEXT('2D SPACE',''
  ) );
#3741 = ADVANCED_FACE('',(#3742),#2965,.T.);
#3742 = FACE_BOUND('',#3743,.T.);
#3743 = EDGE_LOOP('',(#3744,#3745,#3746,#3768));
#3744 = ORIENTED_EDGE('',*,*,#2948,.T.);
#3745 = ORIENTED_EDGE('',*,*,#3213,.F.);
#3746 = ORIENTED_EDGE('',*,*,#3747,.F.);
#3747 = EDGE_CURVE('',#3521,#3214,#3748,.T.);
#3748 = SURFACE_CURVE('',#3749,(#3754,#3761),.PCURVE_S1.);
#3749 = CIRCLE('',#3750,6.7895);
#3750 = AXIS2_PLACEMENT_3D('',#3751,#3752,#3753);
#3751 = CARTESIAN_POINT('',(0.,0.,1.925));
#3752 = DIRECTION('',(0.,0.,1.));
#3753 = DIRECTION('',(1.,0.,0.));
#3754 = PCURVE('',#2965,#3755);
#3755 = DEFINITIONAL_REPRESENTATION('',(#3756),#3760);
#3756 = CIRCLE('',#3757,6.7895);
#3757 = AXIS2_PLACEMENT_2D('',#3758,#3759);
#3758 = CARTESIAN_POINT('',(0.,0.));
#3759 = DIRECTION('',(1.,0.));
#3760 = ( GEOMETRIC_REPRESENTATION_CONTEXT(2) 
PARAMETRIC_REPRESENTATION_CONTEXT() REPRESENTATION_CONTEXT('2D SPACE',''
  ) );
#3761 = PCURVE('',#3371,#3762);
#3762 = DEFINITIONAL_REPRESENTATION('',(#3763),#3767);
#3763 = LINE('',#3764,#3765);
#3764 = CARTESIAN_POINT('',(0.,3.85));
#3765 = VECTOR('',#3766,1.);
#3766 = DIRECTION('',(1.,0.));
#3767 = ( GEOMETRIC_REPRESENTATION_CONTEXT(2) 
PARAMETRIC_REPRESENTATION_CONTEXT() REPRESENTATION_CONTEXT('2D SPACE',''
  ) );
#3768 = ORIENTED_EDGE('',*,*,#3720,.F.);
#3769 = ADVANCED_FACE('',(#3770),#3371,.F.);
#3770 = FACE_BOUND('',#3771,.F.);
#3771 = EDGE_LOOP('',(#3772,#3773,#3774,#3775));
#3772 = ORIENTED_EDGE('',*,*,#3237,.F.);
#3773 = ORIENTED_EDGE('',*,*,#3747,.F.);
#3774 = ORIENTED_EDGE('',*,*,#3520,.F.);
#3775 = ORIENTED_EDGE('',*,*,#3469,.T.);
#3776 = ( GEOMETRIC_REPRESENTATION_CONTEXT(3) 
GLOBAL_UNCERTAINTY_ASSIGNED_CONTEXT((#3780)) 
GLOBAL_UNIT_ASSIGNED_CONTEXT((#3777,#3778,#3779)) REPRESENTATION_CONTEXT
('Context #1','3D Context with UNIT and UNCERTAINTY') );
#3777 = ( LENGTH_UNIT() NAMED_UNIT(*) SI_UNIT(.MILLI.,.METRE.) );
#3778 = ( NAMED_UNIT(*) PLANE_ANGLE_UNIT() SI_UNIT($,.RADIAN.) );
#3779 = ( NAMED_UNIT(*) SI_UNIT($,.STERADIAN.) SOLID_ANGLE_UNIT() );
#3780 = UNCERTAINTY_MEASURE_WITH_UNIT(LENGTH_MEASURE(2.E-07),#3777,
  'distance_accuracy_value','confusion accuracy');
#3781 = CONTEXT_DEPENDENT_SHAPE_REPRESENTATION(#3782,#3784);
#3782 = ( REPRESENTATION_RELATIONSHIP('','',#2711,#516) 
REPRESENTATION_RELATIONSHIP_WITH_TRANSFORMATION(#3783) 
SHAPE_REPRESENTATION_RELATIONSHIP() );
#3783 = ITEM_DEFINED_TRANSFORMATION('','',#11,#525);
#3784 = PRODUCT_DEFINITION_SHAPE('Placement','Placement of an item',
  #3785);
#3785 = NEXT_ASSEMBLY_USAGE_OCCURRENCE('7','=>[0:1:1:9]','',#511,#2706,$
  );
#3786 = PRODUCT_RELATED_PRODUCT_CATEGORY('part',$,(#2708));
#3787 = SHAPE_DEFINITION_REPRESENTATION(#3788,#3794);
#3788 = PRODUCT_DEFINITION_SHAPE('','',#3789);
#3789 = PRODUCT_DEFINITION('design','',#3790,#3793);
#3790 = PRODUCT_DEFINITION_FORMATION('','',#3791);
#3791 = PRODUCT('SOLID','SOLID','',(#3792));
#3792 = PRODUCT_CONTEXT('',#2,'mechanical');
#3793 = PRODUCT_DEFINITION_CONTEXT('part definition',#2,'design');
#3794 = ADVANCED_BREP_SHAPE_REPRESENTATION('',(#11,#3795),#4859);
#3795 = MANIFOLD_SOLID_BREP('',#3796);
#3796 = CLOSED_SHELL('',(#3797,#4291,#4370,#4597,#4648,#4852));
#3797 = ADVANCED_FACE('',(#3798),#3813,.T.);
#3798 = FACE_BOUND('',#3799,.T.);
#3799 = EDGE_LOOP('',(#3800,#3836,#4041,#4070));
#3800 = ORIENTED_EDGE('',*,*,#3801,.F.);
#3801 = EDGE_CURVE('',#3802,#3804,#3806,.T.);
#3802 = VERTEX_POINT('',#3803);
#3803 = CARTESIAN_POINT('',(4.46352540465,6.891244532887,1.925));
#3804 = VERTEX_POINT('',#3805);
#3805 = CARTESIAN_POINT('',(-1.031498485579,8.14544787745,1.925));
#3806 = SURFACE_CURVE('',#3807,(#3812,#3824),.PCURVE_S1.);
#3807 = CIRCLE('',#3808,8.2105);
#3808 = AXIS2_PLACEMENT_3D('',#3809,#3810,#3811);
#3809 = CARTESIAN_POINT('',(0.,0.,1.925));
#3810 = DIRECTION('',(0.,0.,1.));
#3811 = DIRECTION('',(1.,0.,0.));
#3812 = PCURVE('',#3813,#3818);
#3813 = CYLINDRICAL_SURFACE('',#3814,8.2105);
#3814 = AXIS2_PLACEMENT_3D('',#3815,#3816,#3817);
#3815 = CARTESIAN_POINT('',(0.,0.,-1.925));
#3816 = DIRECTION('',(0.,0.,1.));
#3817 = DIRECTION('',(1.,0.,0.));
#3818 = DEFINITIONAL_REPRESENTATION('',(#3819),#3823);
#3819 = LINE('',#3820,#3821);
#3820 = CARTESIAN_POINT('',(0.,3.85));
#3821 = VECTOR('',#3822,1.);
#3822 = DIRECTION('',(1.,0.));
#3823 = ( GEOMETRIC_REPRESENTATION_CONTEXT(2) 
PARAMETRIC_REPRESENTATION_CONTEXT() REPRESENTATION_CONTEXT('2D SPACE',''
  ) );
#3824 = PCURVE('',#3825,#3830);
#3825 = PLANE('',#3826);
#3826 = AXIS2_PLACEMENT_3D('',#3827,#3828,#3829);
#3827 = CARTESIAN_POINT('',(0.,0.,1.925));
#3828 = DIRECTION('',(0.,0.,1.));
#3829 = DIRECTION('',(1.,0.,0.));
#3830 = DEFINITIONAL_REPRESENTATION('',(#3831),#3835);
#3831 = CIRCLE('',#3832,8.2105);
#3832 = AXIS2_PLACEMENT_2D('',#3833,#3834);
#3833 = CARTESIAN_POINT('',(0.,0.));
#3834 = DIRECTION('',(1.,0.));
#3835 = ( GEOMETRIC_REPRESENTATION_CONTEXT(2) 
PARAMETRIC_REPRESENTATION_CONTEXT() REPRESENTATION_CONTEXT('2D SPACE',''
  ) );
#3836 = ORIENTED_EDGE('',*,*,#3837,.F.);
#3837 = EDGE_CURVE('',#3838,#3802,#3840,.T.);
#3838 = VERTEX_POINT('',#3839);
#3839 = CARTESIAN_POINT('',(4.46352540465,6.891244532887,-1.925));
#3840 = SURFACE_CURVE('',#3841,(#3904,#3970),.PCURVE_S1.);
#3841 = B_SPLINE_CURVE_WITH_KNOTS('',7,(#3842,#3843,#3844,#3845,#3846,
    #3847,#3848,#3849,#3850,#3851,#3852,#3853,#3854,#3855,#3856,#3857,
    #3858,#3859,#3860,#3861,#3862,#3863,#3864,#3865,#3866,#3867,#3868,
    #3869,#3870,#3871,#3872,#3873,#3874,#3875,#3876,#3877,#3878,#3879,
    #3880,#3881,#3882,#3883,#3884,#3885,#3886,#3887,#3888,#3889,#3890,
    #3891,#3892,#3893,#3894,#3895,#3896,#3897,#3898,#3899,#3900,#3901,
    #3902,#3903),.UNSPECIFIED.,.F.,.F.,(8,6,6,6,6,6,6,6,6,6,8),(0.,
    0.105335769222,0.190864882339,0.26696078218,0.32868967722,
    0.506390218613,0.671578382393,0.733237648813,0.809282602625,
    0.894775817149,1.),.UNSPECIFIED.);
#3842 = CARTESIAN_POINT('',(4.463526719879,6.891243681001,-1.9250006));
#3843 = CARTESIAN_POINT('',(4.400532187447,6.932045862977,
    -1.896262876016));
#3844 = CARTESIAN_POINT('',(4.33701166435,6.972235088802,-1.86387975761)
  );
#3845 = CARTESIAN_POINT('',(4.273678895115,7.011343913751,
    -1.827932801126));
#3846 = CARTESIAN_POINT('',(4.211189239804,7.049008055977,
    -1.788640136311));
#3847 = CARTESIAN_POINT('',(4.15004560875,7.08501103277,-1.746296343683)
  );
#3848 = CARTESIAN_POINT('',(4.090611747166,7.119238736926,
    -1.701196141731));
#3849 = CARTESIAN_POINT('',(3.986463582057,7.177972497549,
    -1.614950519515));
#3850 = CARTESIAN_POINT('',(3.941079304719,7.203098249824,
    -1.574652881221));
#3851 = CARTESIAN_POINT('',(3.897106144184,7.227013951772,
    -1.532838243966));
#3852 = CARTESIAN_POINT('',(3.854637846197,7.249723233994,
    -1.489635302138));
#3853 = CARTESIAN_POINT('',(3.813741991524,7.271244439108,
    -1.445164551032));
#3854 = CARTESIAN_POINT('',(3.774465290039,7.291605286275,
    -1.399534212907));
#3855 = CARTESIAN_POINT('',(3.703362368149,7.327948613744,
    -1.311288554325));
#3856 = CARTESIAN_POINT('',(3.671194612055,7.344165164646,
    -1.268898893968));
#3857 = CARTESIAN_POINT('',(3.640358671601,7.359509420885,-1.22573444806
    ));
#3858 = CARTESIAN_POINT('',(3.610871555074,7.374004785955,
    -1.181858254564));
#3859 = CARTESIAN_POINT('',(3.582745221281,7.387675133349,
    -1.137328765651));
#3860 = CARTESIAN_POINT('',(3.55598758687,7.400544105518,-1.092199490038
    ));
#3861 = CARTESIAN_POINT('',(3.510012022645,7.422442054408,-1.00946238535
    ));
#3862 = CARTESIAN_POINT('',(3.490324757763,7.431737133172,
    -0.972043848551));
#3863 = CARTESIAN_POINT('',(3.471544513948,7.44053172894,-0.934289199862
    ));
#3864 = CARTESIAN_POINT('',(3.453673210697,7.448837345441,
    -0.896223329807));
#3865 = CARTESIAN_POINT('',(3.436712046366,7.456664857091,
    -0.857869823629));
#3866 = CARTESIAN_POINT('',(3.420661632497,7.464024455769,
    -0.819250940415));
#3867 = CARTESIAN_POINT('',(3.361939651589,7.490792090218,
    -0.668510682554));
#3868 = CARTESIAN_POINT('',(3.325910746372,7.506857141365,-0.55462022976
    ));
#3869 = CARTESIAN_POINT('',(3.297429856637,7.519350779932,
    -0.439198869176));
#3870 = CARTESIAN_POINT('',(3.276489359707,7.528439326517,
    -0.322690144719));
#3871 = CARTESIAN_POINT('',(3.263074044714,7.534233388235,
    -0.205502466453));
#3872 = CARTESIAN_POINT('',(3.257169659079,7.536787058238,
    -8.801028326773E-02));
#3873 = CARTESIAN_POINT('',(3.260287609233,7.535438781733,0.138634818465
    ));
#3874 = CARTESIAN_POINT('',(3.268287560051,7.531978997683,0.247745652826
    ));
#3875 = CARTESIAN_POINT('',(3.282782837706,7.525703594219,0.356499611714
    ));
#3876 = CARTESIAN_POINT('',(3.3037850696,7.516559252065,0.464589801699)
  );
#3877 = CARTESIAN_POINT('',(3.331305616772,7.504450532803,0.57168369865)
  );
#3878 = CARTESIAN_POINT('',(3.365350360844,7.489239984887,0.677422313188
    ));
#3879 = CARTESIAN_POINT('',(3.421068395453,7.463838041992,0.820235702964
    ));
#3880 = CARTESIAN_POINT('',(3.43712212263,7.456475857937,0.858809361307)
  );
#3881 = CARTESIAN_POINT('',(3.454084726879,7.448646538192,0.897117790815
    ));
#3882 = CARTESIAN_POINT('',(3.471955591682,7.440339911882,0.935138784112
    ));
#3883 = CARTESIAN_POINT('',(3.490733513924,7.431545129247,0.972848811136
    ));
#3884 = CARTESIAN_POINT('',(3.510416569888,7.422250714877,1.010223040042
    ));
#3885 = CARTESIAN_POINT('',(3.556390162906,7.400350672943,1.092882998434
    ));
#3886 = CARTESIAN_POINT('',(3.583150312151,7.387478688131,1.137979127891
    ));
#3887 = CARTESIAN_POINT('',(3.611277533777,7.373805984876,1.182475587288
    ));
#3888 = CARTESIAN_POINT('',(3.640763896808,7.359308955273,1.226318922636
    ));
#3889 = CARTESIAN_POINT('',(3.67159742794,7.343963766237,1.269450743034)
  );
#3890 = CARTESIAN_POINT('',(3.703761104969,7.32774706059,1.311808078572)
  );
#3891 = CARTESIAN_POINT('',(3.774861192615,7.291400361317,1.399997541304
    ));
#3892 = CARTESIAN_POINT('',(3.814139521743,7.271035951376,1.445603578468
    ));
#3893 = CARTESIAN_POINT('',(3.855035663484,7.249511717862,1.490050009045
    ));
#3894 = CARTESIAN_POINT('',(3.897502856707,7.226800004684,1.533228652766
    ));
#3895 = CARTESIAN_POINT('',(3.941473460932,7.2028825466,1.575019067532)
  );
#3896 = CARTESIAN_POINT('',(3.986853663992,7.177755805671,1.615292627162
    ));
#3897 = CARTESIAN_POINT('',(4.09095241548,7.119042536115,1.701454592814)
  );
#3898 = CARTESIAN_POINT('',(4.150337605226,7.084839088943,1.74649851847)
  );
#3899 = CARTESIAN_POINT('',(4.211427945458,7.048864175553,1.788790207265
    ));
#3900 = CARTESIAN_POINT('',(4.273860353712,7.011231859914,1.82803579181)
  );
#3901 = CARTESIAN_POINT('',(4.337133045452,6.972158291752,1.863941639907
    ));
#3902 = CARTESIAN_POINT('',(4.400592421283,6.932006848925,1.896290354327
    ));
#3903 = CARTESIAN_POINT('',(4.463526719879,6.891243681001,1.9250006));
#3904 = PCURVE('',#3813,#3905);
#3905 = DEFINITIONAL_REPRESENTATION('',(#3906),#3969);
#3906 = B_SPLINE_CURVE_WITH_KNOTS('',7,(#3907,#3908,#3909,#3910,#3911,
    #3912,#3913,#3914,#3915,#3916,#3917,#3918,#3919,#3920,#3921,#3922,
    #3923,#3924,#3925,#3926,#3927,#3928,#3929,#3930,#3931,#3932,#3933,
    #3934,#3935,#3936,#3937,#3938,#3939,#3940,#3941,#3942,#3943,#3944,
    #3945,#3946,#3947,#3948,#3949,#3950,#3951,#3952,#3953,#3954,#3955,
    #3956,#3957,#3958,#3959,#3960,#3961,#3962,#3963,#3964,#3965,#3966,
    #3967,#3968),.UNSPECIFIED.,.F.,.F.,(8,6,6,6,6,6,6,6,6,6,8),(0.,
    0.105335769222,0.190864882339,0.26696078218,0.32868967722,
    0.506390218613,0.671578382393,0.733237648813,0.809282602625,
    0.894775817149,1.),.UNSPECIFIED.);
#3907 = CARTESIAN_POINT('',(0.996032707022,-6.000000034589E-07));
#3908 = CARTESIAN_POINT('',(1.005173949931,2.873712398374E-02));
#3909 = CARTESIAN_POINT('',(1.014328377477,6.11202423904E-02));
#3910 = CARTESIAN_POINT('',(1.023393321287,9.706719887375E-02));
#3911 = CARTESIAN_POINT('',(1.032278941333,0.136359863689));
#3912 = CARTESIAN_POINT('',(1.040920392297,0.178703656317));
#3913 = CARTESIAN_POINT('',(1.049273395469,0.223803858269));
#3914 = CARTESIAN_POINT('',(1.063836205421,0.310049480485));
#3915 = CARTESIAN_POINT('',(1.070154162021,0.350347118779));
#3916 = CARTESIAN_POINT('',(1.076250478543,0.392161756034));
#3917 = CARTESIAN_POINT('',(1.082115743631,0.435364697862));
#3918 = CARTESIAN_POINT('',(1.087744078902,0.479835448968));
#3919 = CARTESIAN_POINT('',(1.093132277021,0.525465787093));
#3920 = CARTESIAN_POINT('',(1.102857964611,0.613711445675));
#3921 = CARTESIAN_POINT('',(1.107245470086,0.656101106032));
#3922 = CARTESIAN_POINT('',(1.111440343826,0.69926555194));
#3923 = CARTESIAN_POINT('',(1.115442136536,0.743141745436));
#3924 = CARTESIAN_POINT('',(1.119250925075,0.787671234349));
#3925 = CARTESIAN_POINT('',(1.122867175529,0.832800509962));
#3926 = CARTESIAN_POINT('',(1.129069500055,0.91553761465));
#3927 = CARTESIAN_POINT('',(1.131721118684,0.952956151449));
#3928 = CARTESIAN_POINT('',(1.134246824557,0.990710800138));
#3929 = CARTESIAN_POINT('',(1.136647029965,1.028776670193));
#3930 = CARTESIAN_POINT('',(1.138922182402,1.067130176371));
#3931 = CARTESIAN_POINT('',(1.14107274987,1.105749059585));
#3932 = CARTESIAN_POINT('',(1.14893281756,1.256489317446));
#3933 = CARTESIAN_POINT('',(1.153737269169,1.37037977024));
#3934 = CARTESIAN_POINT('',(1.15752511928,1.485801130824));
#3935 = CARTESIAN_POINT('',(1.160305430454,1.602309855281));
#3936 = CARTESIAN_POINT('',(1.162085231508,1.719497533547));
#3937 = CARTESIAN_POINT('',(1.162868736328,1.836989716732));
#3938 = CARTESIAN_POINT('',(1.162455000446,2.063634818465));
#3939 = CARTESIAN_POINT('',(1.161393427989,2.172745652826));
#3940 = CARTESIAN_POINT('',(1.159469627683,2.281499611714));
#3941 = CARTESIAN_POINT('',(1.156679718417,2.389589801699));
#3942 = CARTESIAN_POINT('',(1.153017807602,2.49668369865));
#3943 = CARTESIAN_POINT('',(1.148476418966,2.602422313188));
#3944 = CARTESIAN_POINT('',(1.14101825341,2.745235702964));
#3945 = CARTESIAN_POINT('',(1.138867187879,2.783809361307));
#3946 = CARTESIAN_POINT('',(1.136591783933,2.822117790815));
#3947 = CARTESIAN_POINT('',(1.134191575115,2.860138784112));
#3948 = CARTESIAN_POINT('',(1.131666115646,2.897848811136));
#3949 = CARTESIAN_POINT('',(1.129014995105,2.935223040042));
#3950 = CARTESIAN_POINT('',(1.122812777704,3.017882998434));
#3951 = CARTESIAN_POINT('',(1.119196092197,3.062979127891));
#3952 = CARTESIAN_POINT('',(1.115387080987,3.107475587288));
#3953 = CARTESIAN_POINT('',(1.111385281196,3.151318922636));
#3954 = CARTESIAN_POINT('',(1.10719061953,3.194450743034));
#3955 = CARTESIAN_POINT('',(1.102803549159,3.236808078572));
#3956 = CARTESIAN_POINT('',(1.09307798202,3.324997541304));
#3957 = CARTESIAN_POINT('',(1.087689408219,3.370603578468));
#3958 = CARTESIAN_POINT('',(1.082060870265,3.415050009045));
#3959 = CARTESIAN_POINT('',(1.076195584217,3.458228652766));
#3960 = CARTESIAN_POINT('',(1.070099438969,3.500019067532));
#3961 = CARTESIAN_POINT('',(1.063781858116,3.540292627162));
#3962 = CARTESIAN_POINT('',(1.049225516284,3.626454592814));
#3963 = CARTESIAN_POINT('',(1.040879123804,3.67149851847));
#3964 = CARTESIAN_POINT('',(1.03224499854,3.713790207265));
#3965 = CARTESIAN_POINT('',(1.023367348715,3.75303579181));
#3966 = CARTESIAN_POINT('',(1.014310884343,3.788941639907));
#3967 = CARTESIAN_POINT('',(1.005165209297,3.821290354327));
#3968 = CARTESIAN_POINT('',(0.996032707022,3.8500006));
#3969 = ( GEOMETRIC_REPRESENTATION_CONTEXT(2) 
PARAMETRIC_REPRESENTATION_CONTEXT() REPRESENTATION_CONTEXT('2D SPACE',''
  ) );
#3970 = PCURVE('',#3971,#3976);
#3971 = SPHERICAL_SURFACE('',#3972,2.1924);
#3972 = AXIS2_PLACEMENT_3D('',#3973,#3974,#3975);
#3973 = CARTESIAN_POINT('',(4.676173513941,5.86373611851,0.));
#3974 = DIRECTION('',(0.,0.,1.));
#3975 = DIRECTION('',(0.623489801859,0.781831482468,0.));
#3976 = DEFINITIONAL_REPRESENTATION('',(#3977),#4040);
#3977 = B_SPLINE_CURVE_WITH_KNOTS('',7,(#3978,#3979,#3980,#3981,#3982,
    #3983,#3984,#3985,#3986,#3987,#3988,#3989,#3990,#3991,#3992,#3993,
    #3994,#3995,#3996,#3997,#3998,#3999,#4000,#4001,#4002,#4003,#4004,
    #4005,#4006,#4007,#4008,#4009,#4010,#4011,#4012,#4013,#4014,#4015,
    #4016,#4017,#4018,#4019,#4020,#4021,#4022,#4023,#4024,#4025,#4026,
    #4027,#4028,#4029,#4030,#4031,#4032,#4033,#4034,#4035,#4036,#4037,
    #4038,#4039),.UNSPECIFIED.,.F.,.F.,(8,6,6,6,6,6,6,6,6,6,8),(0.,
    0.105335769222,0.190864882339,0.26696078218,0.32868967722,
    0.506390218613,0.671578382393,0.733237648813,0.809282602625,
    0.894775817149,1.),.UNSPECIFIED.);
#3978 = CARTESIAN_POINT('',(0.87727148919,-1.071737674848));
#3979 = CARTESIAN_POINT('',(0.928181018224,-1.044349657565));
#3980 = CARTESIAN_POINT('',(0.973731366378,-1.015092872947));
#3981 = CARTESIAN_POINT('',(1.014145672339,-0.984406373868));
#3982 = CARTESIAN_POINT('',(1.05004111318,-0.952719531908));
#3983 = CARTESIAN_POINT('',(1.082018443055,-0.920357654543));
#3984 = CARTESIAN_POINT('',(1.110610498933,-0.887562601126));
#3985 = CARTESIAN_POINT('',(1.157114041382,-0.827650017149));
#3986 = CARTESIAN_POINT('',(1.176024471697,-0.800622523418));
#3987 = CARTESIAN_POINT('',(1.193254095681,-0.773498198387));
#3988 = CARTESIAN_POINT('',(1.209007144241,-0.746337935563));
#3989 = CARTESIAN_POINT('',(1.223451727022,-0.71918425912));
#3990 = CARTESIAN_POINT('',(1.236727104525,-0.692065091239));
#3991 = CARTESIAN_POINT('',(1.259826617263,-0.640915295771));
#3992 = CARTESIAN_POINT('',(1.269869169175,-0.616875590594));
#3993 = CARTESIAN_POINT('',(1.279160626964,-0.592891071908));
#3994 = CARTESIAN_POINT('',(1.287768722488,-0.568970210003));
#3995 = CARTESIAN_POINT('',(1.295749588369,-0.545117894467));
#3996 = CARTESIAN_POINT('',(1.303150437882,-0.521336051184));
#3997 = CARTESIAN_POINT('',(1.315578533747,-0.478389284618));
#3998 = CARTESIAN_POINT('',(1.320789962299,-0.45920073925));
#3999 = CARTESIAN_POINT('',(1.325668126947,-0.440058538112));
#4000 = CARTESIAN_POINT('',(1.330231613209,-0.420962006636));
#4001 = CARTESIAN_POINT('',(1.334496445934,-0.401909927545));
#4002 = CARTESIAN_POINT('',(1.338476539554,-0.38290058759));
#4003 = CARTESIAN_POINT('',(1.352857336114,-0.309325962542));
#4004 = CARTESIAN_POINT('',(1.361271345544,-0.255062360638));
#4005 = CARTESIAN_POINT('',(1.367718517707,-0.2010807918));
#4006 = CARTESIAN_POINT('',(1.37236735984,-0.147316178456));
#4007 = CARTESIAN_POINT('',(1.375317386057,-9.369831916841E-02));
#4008 = CARTESIAN_POINT('',(1.376619726568,-4.014778070533E-02));
#4009 = CARTESIAN_POINT('',(1.375932366746,6.32391691689E-02));
#4010 = CARTESIAN_POINT('',(1.374168204383,0.113050307759));
#4011 = CARTESIAN_POINT('',(1.370966201538,0.162939299132));
#4012 = CARTESIAN_POINT('',(1.366276241503,0.212968401337));
#4013 = CARTESIAN_POINT('',(1.360010013509,0.263193327961));
#4014 = CARTESIAN_POINT('',(1.352025063199,0.31366594758));
#4015 = CARTESIAN_POINT('',(1.338375785581,0.383384919122));
#4016 = CARTESIAN_POINT('',(1.33439362564,0.402375723984));
#4017 = CARTESIAN_POINT('',(1.330127064225,0.421409211961));
#4018 = CARTESIAN_POINT('',(1.325562201011,0.44048708533));
#4019 = CARTESIAN_POINT('',(1.320683030029,0.459610551026));
#4020 = CARTESIAN_POINT('',(1.31547099071,0.478780273881));
#4021 = CARTESIAN_POINT('',(1.30303933687,0.521695672622));
#4022 = CARTESIAN_POINT('',(1.295635267711,0.545464986074));
#4023 = CARTESIAN_POINT('',(1.287651343441,0.56930467392));
#4024 = CARTESIAN_POINT('',(1.279040359871,0.593212793459));
#4025 = CARTESIAN_POINT('',(1.269746200428,0.617184438661));
#4026 = CARTESIAN_POINT('',(1.259701159957,0.641211123251));
#4027 = CARTESIAN_POINT('',(1.23659384553,0.692339679801));
#4028 = CARTESIAN_POINT('',(1.223312695074,0.719450614229));
#4029 = CARTESIAN_POINT('',(1.208862109419,0.746595844897));
#4030 = CARTESIAN_POINT('',(1.193102798212,0.773747408598));
#4031 = CARTESIAN_POINT('',(1.175866632517,0.800862735086));
#4032 = CARTESIAN_POINT('',(1.156949388837,0.827880881086));
#4033 = CARTESIAN_POINT('',(1.1104465758,0.887750559227));
#4034 = CARTESIAN_POINT('',(1.081865700678,0.920512186085));
#4035 = CARTESIAN_POINT('',(1.049903968958,0.952840565589));
#4036 = CARTESIAN_POINT('',(1.014029871626,0.984494292915));
#4037 = CARTESIAN_POINT('',(0.973644327291,1.015148780672));
#4038 = CARTESIAN_POINT('',(0.928132339774,1.044375845319));
#4039 = CARTESIAN_POINT('',(0.87727148919,1.071737674848));
#4040 = ( GEOMETRIC_REPRESENTATION_CONTEXT(2) 
PARAMETRIC_REPRESENTATION_CONTEXT() REPRESENTATION_CONTEXT('2D SPACE',''
  ) );
#4041 = ORIENTED_EDGE('',*,*,#4042,.T.);
#4042 = EDGE_CURVE('',#3838,#4043,#4045,.T.);
#4043 = VERTEX_POINT('',#4044);
#4044 = CARTESIAN_POINT('',(-1.031498485579,8.14544787745,-1.925));
#4045 = SURFACE_CURVE('',#4046,(#4051,#4058),.PCURVE_S1.);
#4046 = CIRCLE('',#4047,8.2105);
#4047 = AXIS2_PLACEMENT_3D('',#4048,#4049,#4050);
#4048 = CARTESIAN_POINT('',(0.,0.,-1.925));
#4049 = DIRECTION('',(0.,0.,1.));
#4050 = DIRECTION('',(1.,0.,0.));
#4051 = PCURVE('',#3813,#4052);
#4052 = DEFINITIONAL_REPRESENTATION('',(#4053),#4057);
#4053 = LINE('',#4054,#4055);
#4054 = CARTESIAN_POINT('',(0.,0.));
#4055 = VECTOR('',#4056,1.);
#4056 = DIRECTION('',(1.,0.));
#4057 = ( GEOMETRIC_REPRESENTATION_CONTEXT(2) 
PARAMETRIC_REPRESENTATION_CONTEXT() REPRESENTATION_CONTEXT('2D SPACE',''
  ) );
#4058 = PCURVE('',#4059,#4064);
#4059 = PLANE('',#4060);
#4060 = AXIS2_PLACEMENT_3D('',#4061,#4062,#4063);
#4061 = CARTESIAN_POINT('',(0.,0.,-1.925));
#4062 = DIRECTION('',(0.,0.,1.));
#4063 = DIRECTION('',(1.,0.,0.));
#4064 = DEFINITIONAL_REPRESENTATION('',(#4065),#4069);
#4065 = CIRCLE('',#4066,8.2105);
#4066 = AXIS2_PLACEMENT_2D('',#4067,#4068);
#4067 = CARTESIAN_POINT('',(0.,0.));
#4068 = DIRECTION('',(1.,0.));
#4069 = ( GEOMETRIC_REPRESENTATION_CONTEXT(2) 
PARAMETRIC_REPRESENTATION_CONTEXT() REPRESENTATION_CONTEXT('2D SPACE',''
  ) );
#4070 = ORIENTED_EDGE('',*,*,#4071,.F.);
#4071 = EDGE_CURVE('',#3804,#4043,#4072,.T.);
#4072 = SURFACE_CURVE('',#4073,(#4142,#4214),.PCURVE_S1.);
#4073 = B_SPLINE_CURVE_WITH_KNOTS('',7,(#4074,#4075,#4076,#4077,#4078,
    #4079,#4080,#4081,#4082,#4083,#4084,#4085,#4086,#4087,#4088,#4089,
    #4090,#4091,#4092,#4093,#4094,#4095,#4096,#4097,#4098,#4099,#4100,
    #4101,#4102,#4103,#4104,#4105,#4106,#4107,#4108,#4109,#4110,#4111,
    #4112,#4113,#4114,#4115,#4116,#4117,#4118,#4119,#4120,#4121,#4122,
    #4123,#4124,#4125,#4126,#4127,#4128,#4129,#4130,#4131,#4132,#4133,
    #4134,#4135,#4136,#4137,#4138,#4139,#4140,#4141),.UNSPECIFIED.,.F.,
  .F.,(8,6,6,6,6,6,6,6,6,6,6,8),(0.,5.251724227054E-02,0.104932787593,
    0.190337664529,0.266913152073,0.329455557707,0.489933108771,
    0.669595470424,0.732568486673,0.809322198724,0.894918167313,1.),
  .UNSPECIFIED.);
#4074 = CARTESIAN_POINT('',(-1.031500040178,8.145447680583,1.9250006));
#4075 = CARTESIAN_POINT('',(-0.994391274607,8.150146954911,
    1.910678435127));
#4076 = CARTESIAN_POINT('',(-0.957223790244,8.154653285198,
    1.895448174641));
#4077 = CARTESIAN_POINT('',(-0.920105136353,8.158952324356,
    1.879320147412));
#4078 = CARTESIAN_POINT('',(-0.883136118918,8.163034197864,
    1.862313735337));
#4079 = CARTESIAN_POINT('',(-0.846408891263,8.166893108782,
    1.844455114136));
#4080 = CARTESIAN_POINT('',(-0.810005044668,8.170526942753,
    1.825774994149));
#4081 = CARTESIAN_POINT('',(-0.738052087428,8.177340200109,
    1.786875428113));
#4082 = CARTESIAN_POINT('',(-0.702501172483,8.180520490873,
    1.766658786832));
#4083 = CARTESIAN_POINT('',(-0.667407816021,8.183479054755,1.74568790081
    ));
#4084 = CARTESIAN_POINT('',(-0.632828152009,8.186220038234,
    1.723996268981));
#4085 = CARTESIAN_POINT('',(-0.598808432131,8.188749784621,
    1.701617991637));
#4086 = CARTESIAN_POINT('',(-0.5653858714,8.191076193868,1.678586336369)
  );
#4087 = CARTESIAN_POINT('',(-0.479151709655,8.196681740327,
    1.616390880677));
#4088 = CARTESIAN_POINT('',(-0.427382401682,8.199638487546,
    1.576201270337));
#4089 = CARTESIAN_POINT('',(-0.377401722771,8.202117580516,
    1.534495777406));
#4090 = CARTESIAN_POINT('',(-0.32929287569,8.204162712382,1.491402672891
    ));
#4091 = CARTESIAN_POINT('',(-0.283109157259,8.205819512939,
    1.447042142604));
#4092 = CARTESIAN_POINT('',(-0.238881002556,8.207133048613,
    1.401522235366));
#4093 = CARTESIAN_POINT('',(-0.158733800375,8.209052944649,
    1.313163722191));
#4094 = CARTESIAN_POINT('',(-0.122431086835,8.209718383022,
    1.270537504234));
#4095 = CARTESIAN_POINT('',(-8.772644305957E-02,8.210172286404,
    1.22712484569));
#4096 = CARTESIAN_POINT('',(-5.462525995133E-02,8.210443698946,
    1.182990098667));
#4097 = CARTESIAN_POINT('',(-2.312802128875E-02,8.210559857252,
    1.138192907249));
#4098 = CARTESIAN_POINT('',(6.768439743966E-03,8.210545987525,
    1.092787835702));
#4099 = CARTESIAN_POINT('',(5.818449473999E-02,8.210326371028,
    1.009283405625));
#4100 = CARTESIAN_POINT('',(8.023476103888E-02,8.210156263235,
    0.971370790684));
#4101 = CARTESIAN_POINT('',(0.101223334676,8.209927354117,0.933113373116
    ));
#4102 = CARTESIAN_POINT('',(0.121153613877,8.209651280337,0.894537024191
    ));
#4103 = CARTESIAN_POINT('',(0.140029390236,8.209338751597,0.855666243181
    ));
#4104 = CARTESIAN_POINT('',(0.157854695618,8.208999561808,0.816524135327
    ));
#4105 = CARTESIAN_POINT('',(0.217686763643,8.207726672626,0.676057114764
    ));
#4106 = CARTESIAN_POINT('',(0.253846550069,8.206693838952,0.573348408589
    ));
#4107 = CARTESIAN_POINT('',(0.283190263458,8.205694224161,0.46936052344)
  );
#4108 = CARTESIAN_POINT('',(0.305777550128,8.204839238832,0.364422433805
    ));
#4109 = CARTESIAN_POINT('',(0.321655914587,8.204204444847,0.258839944469
    ));
#4110 = CARTESIAN_POINT('',(0.330857070088,8.203831436955,0.152896446714
    ));
#4111 = CARTESIAN_POINT('',(0.336213386063,8.203613766304,
    -7.186919072588E-02));
#4112 = CARTESIAN_POINT('',(0.330679806736,8.203837247244,
    -0.190840263775));
#4113 = CARTESIAN_POINT('',(0.316755057839,8.20441353005,-0.309536967649
    ));
#4114 = CARTESIAN_POINT('',(0.294427481,8.205299719486,-0.427480660366)
  );
#4115 = CARTESIAN_POINT('',(0.26367978041,8.206401461684,-0.54424049227)
  );
#4116 = CARTESIAN_POINT('',(0.224443145779,8.207571654348,
    -0.659426104632));
#4117 = CARTESIAN_POINT('',(0.159733182203,8.208963256828,-0.8123635456)
  );
#4118 = CARTESIAN_POINT('',(0.141877722163,8.209307134668,
    -0.851805203794));
#4119 = CARTESIAN_POINT('',(0.122957268768,8.209624698123,
    -0.890973420761));
#4120 = CARTESIAN_POINT('',(0.102967697063,8.209905999049,
    -0.929844673585));
#4121 = CARTESIAN_POINT('',(8.190511913841E-02,8.210140148214,
    -0.968394013787));
#4122 = CARTESIAN_POINT('',(5.976604081409E-02,8.210315303375,
    -1.006595089577));
#4123 = CARTESIAN_POINT('',(8.24797200371E-03,8.210544628778,
    -1.090522695154));
#4124 = CARTESIAN_POINT('',(-2.165450574458E-02,8.210563919916,
    -1.136065577643));
#4125 = CARTESIAN_POINT('',(-5.316557036274E-02,8.210453409447,
    -1.180999454286));
#4126 = CARTESIAN_POINT('',(-8.628848917178E-02,8.210187740797,
    -1.225269476478));
#4127 = CARTESIAN_POINT('',(-0.121022878482,8.209739524429,
    -1.268815680525));
#4128 = CARTESIAN_POINT('',(-0.157363440694,8.209079540133,
    -1.311573359879));
#4129 = CARTESIAN_POINT('',(-0.237604217298,8.207170356207,
    -1.400200528749));
#4130 = CARTESIAN_POINT('',(-0.281889597701,8.20586202352,-1.44585704367
    ));
#4131 = CARTESIAN_POINT('',(-0.328140450658,8.204209690864,
    -1.490350811473));
#4132 = CARTESIAN_POINT('',(-0.37632649176,8.202167980569,
    -1.533573223873));
#4133 = CARTESIAN_POINT('',(-0.426394409991,8.199690919185,
    -1.575403345998));
#4134 = CARTESIAN_POINT('',(-0.47826073356,8.196734468988,
    -1.615712027436));
#4135 = CARTESIAN_POINT('',(-0.597537904534,8.188992475337,
    -1.701819552734));
#4136 = CARTESIAN_POINT('',(-0.665805568044,8.183943555203,
    -1.746784014079));
#4137 = CARTESIAN_POINT('',(-0.736369931936,8.178040449036,
    -1.789002132216));
#4138 = CARTESIAN_POINT('',(-0.80885525099,8.171228739296,
    -1.828181239805));
#4139 = CARTESIAN_POINT('',(-0.882717285397,8.163485718779,
    -1.86402904053));
#4140 = CARTESIAN_POINT('',(-0.957212288108,8.154855121678,
    -1.896329168417));
#4141 = CARTESIAN_POINT('',(-1.031500040178,8.145447680583,-1.9250006));
#4142 = PCURVE('',#3813,#4143);
#4143 = DEFINITIONAL_REPRESENTATION('',(#4144),#4213);
#4144 = B_SPLINE_CURVE_WITH_KNOTS('',7,(#4145,#4146,#4147,#4148,#4149,
    #4150,#4151,#4152,#4153,#4154,#4155,#4156,#4157,#4158,#4159,#4160,
    #4161,#4162,#4163,#4164,#4165,#4166,#4167,#4168,#4169,#4170,#4171,
    #4172,#4173,#4174,#4175,#4176,#4177,#4178,#4179,#4180,#4181,#4182,
    #4183,#4184,#4185,#4186,#4187,#4188,#4189,#4190,#4191,#4192,#4193,
    #4194,#4195,#4196,#4197,#4198,#4199,#4200,#4201,#4202,#4203,#4204,
    #4205,#4206,#4207,#4208,#4209,#4210,#4211,#4212),.UNSPECIFIED.,.F.,
  .F.,(8,6,6,6,6,6,6,6,6,6,6,8),(0.,5.251724227054E-02,0.104932787593,
    0.190337664529,0.266913152073,0.329455557707,0.489933108771,
    0.669595470424,0.732568486673,0.809322198724,0.894918167313,1.),
  .UNSPECIFIED.);
#4145 = CARTESIAN_POINT('',(1.696760996055,3.8500006));
#4146 = CARTESIAN_POINT('',(1.692205228585,3.835678435127));
#4147 = CARTESIAN_POINT('',(1.687645318737,3.820448174641));
#4148 = CARTESIAN_POINT('',(1.683094325613,3.804320147412));
#4149 = CARTESIAN_POINT('',(1.678564426329,3.787313735337));
#4150 = CARTESIAN_POINT('',(1.674066698973,3.769455114136));
#4151 = CARTESIAN_POINT('',(1.669610905572,3.750774994149));
#4152 = CARTESIAN_POINT('',(1.660808175827,3.711875428113));
#4153 = CARTESIAN_POINT('',(1.656461010736,3.691658786832));
#4154 = CARTESIAN_POINT('',(1.65217173206,3.67068790081));
#4155 = CARTESIAN_POINT('',(1.64794697525,3.648996268981));
#4156 = CARTESIAN_POINT('',(1.643792170467,3.626617991637));
#4157 = CARTESIAN_POINT('',(1.63971165411,3.603586336369));
#4158 = CARTESIAN_POINT('',(1.629186575182,3.541390880677));
#4159 = CARTESIAN_POINT('',(1.622871239554,3.501201270337));
#4160 = CARTESIAN_POINT('',(1.616776608526,3.459495777406));
#4161 = CARTESIAN_POINT('',(1.610912132543,3.416402672891));
#4162 = CARTESIAN_POINT('',(1.605283734561,3.372042142604));
#4163 = CARTESIAN_POINT('',(1.599894667177,3.326522235366));
#4164 = CARTESIAN_POINT('',(1.590130317372,3.238163722191));
#4165 = CARTESIAN_POINT('',(1.585708145936,3.195537504234));
#4166 = CARTESIAN_POINT('',(1.581481012485,3.15212484569));
#4167 = CARTESIAN_POINT('',(1.577449388635,3.107990098667));
#4168 = CARTESIAN_POINT('',(1.573613202625,3.063192907249));
#4169 = CARTESIAN_POINT('',(1.569971981358,3.017787835702));
#4170 = CARTESIAN_POINT('',(1.563709692335,2.934283405625));
#4171 = CARTESIAN_POINT('',(1.561024010333,2.896370790684));
#4172 = CARTESIAN_POINT('',(1.55846756937,2.858113373116));
#4173 = CARTESIAN_POINT('',(1.556039940076,2.819537024191));
#4174 = CARTESIAN_POINT('',(1.553740656386,2.780666243181));
#4175 = CARTESIAN_POINT('',(1.551569231142,2.741524135327));
#4176 = CARTESIAN_POINT('',(1.544280319815,2.601057114764));
#4177 = CARTESIAN_POINT('',(1.539874549661,2.498348408589));
#4178 = CARTESIAN_POINT('',(1.536298608526,2.39436052344));
#4179 = CARTESIAN_POINT('',(1.533545622397,2.289422433805));
#4180 = CARTESIAN_POINT('',(1.531610169147,2.183839944469));
#4181 = CARTESIAN_POINT('',(1.530488591259,2.077896446714));
#4182 = CARTESIAN_POINT('',(1.529835678889,1.853130809274));
#4183 = CARTESIAN_POINT('',(1.530510193672,1.734159736225));
#4184 = CARTESIAN_POINT('',(1.532207610232,1.615463032351));
#4185 = CARTESIAN_POINT('',(1.534929146106,1.497519339634));
#4186 = CARTESIAN_POINT('',(1.538676412722,1.38075950773));
#4187 = CARTESIAN_POINT('',(1.543457208902,1.265573895368));
#4188 = CARTESIAN_POINT('',(1.551340398137,1.1126364544));
#4189 = CARTESIAN_POINT('',(1.553515506318,1.073194796206));
#4190 = CARTESIAN_POINT('',(1.555820240865,1.034026579239));
#4191 = CARTESIAN_POINT('',(1.558255099744,0.995155326415));
#4192 = CARTESIAN_POINT('',(1.560820560331,0.956605986213));
#4193 = CARTESIAN_POINT('',(1.563517063469,0.918404910423));
#4194 = CARTESIAN_POINT('',(1.56979178233,0.834477304846));
#4195 = CARTESIAN_POINT('',(1.57343373678,0.788934422357));
#4196 = CARTESIAN_POINT('',(1.577271604206,0.744000545714));
#4197 = CARTESIAN_POINT('',(1.581305869458,0.699730523522));
#4198 = CARTESIAN_POINT('',(1.585536616214,0.656184319475));
#4199 = CARTESIAN_POINT('',(1.589963384288,0.613426640121));
#4200 = CARTESIAN_POINT('',(1.599739096629,0.524799471251));
#4201 = CARTESIAN_POINT('',(1.60513511181,0.47914295633));
#4202 = CARTESIAN_POINT('',(1.610771661026,0.434649188527));
#4203 = CARTESIAN_POINT('',(1.616645511524,0.391426776127));
#4204 = CARTESIAN_POINT('',(1.622750741184,0.349596654002));
#4205 = CARTESIAN_POINT('',(1.629077870447,0.309287972564));
#4206 = CARTESIAN_POINT('',(1.643635834513,0.223180447266));
#4207 = CARTESIAN_POINT('',(1.651972882465,0.178215985921));
#4208 = CARTESIAN_POINT('',(1.66059665488,0.135997867784));
#4209 = CARTESIAN_POINT('',(1.669463043268,9.681876019464E-02));
#4210 = CARTESIAN_POINT('',(1.678507528695,6.097095946994E-02));
#4211 = CARTESIAN_POINT('',(1.687640840235,2.867083158314E-02));
#4212 = CARTESIAN_POINT('',(1.696760996055,-6.E-07));
#4213 = ( GEOMETRIC_REPRESENTATION_CONTEXT(2) 
PARAMETRIC_REPRESENTATION_CONTEXT() REPRESENTATION_CONTEXT('2D SPACE',''
  ) );
#4214 = PCURVE('',#4215,#4220);
#4215 = SPHERICAL_SURFACE('',#4216,2.1924);
#4216 = AXIS2_PLACEMENT_3D('',#4217,#4218,#4219);
#4217 = CARTESIAN_POINT('',(-1.668907004672,7.311959341364,0.));
#4218 = DIRECTION('',(0.,0.,1.));
#4219 = DIRECTION('',(-0.222520933956,0.974927912182,0.));
#4220 = DEFINITIONAL_REPRESENTATION('',(#4221),#4290);
#4221 = B_SPLINE_CURVE_WITH_KNOTS('',7,(#4222,#4223,#4224,#4225,#4226,
    #4227,#4228,#4229,#4230,#4231,#4232,#4233,#4234,#4235,#4236,#4237,
    #4238,#4239,#4240,#4241,#4242,#4243,#4244,#4245,#4246,#4247,#4248,
    #4249,#4250,#4251,#4252,#4253,#4254,#4255,#4256,#4257,#4258,#4259,
    #4260,#4261,#4262,#4263,#4264,#4265,#4266,#4267,#4268,#4269,#4270,
    #4271,#4272,#4273,#4274,#4275,#4276,#4277,#4278,#4279,#4280,#4281,
    #4282,#4283,#4284,#4285,#4286,#4287,#4288,#4289),.UNSPECIFIED.,.F.,
  .F.,(8,6,6,6,6,6,6,6,6,6,6,8),(0.,5.251724227054E-02,0.104932787593,
    0.190337664529,0.266913152073,0.329455557707,0.489933108771,
    0.669595470424,0.732568486673,0.809322198724,0.894918167313,1.),
  .UNSPECIFIED.);
#4222 = CARTESIAN_POINT('',(5.405913817989,1.071737674848));
#4223 = CARTESIAN_POINT('',(5.380541778476,1.05808817013));
#4224 = CARTESIAN_POINT('',(5.356496433688,1.043971855747));
#4225 = CARTESIAN_POINT('',(5.333751397133,1.029444019746));
#4226 = CARTESIAN_POINT('',(5.312258414237,1.014558832106));
#4227 = CARTESIAN_POINT('',(5.291955077506,0.999367666921));
#4228 = CARTESIAN_POINT('',(5.27277254169,0.983917424584));
#4229 = CARTESIAN_POINT('',(5.236549042663,0.952610624761));
#4230 = CARTESIAN_POINT('',(5.219503688784,0.936754815409));
#4231 = CARTESIAN_POINT('',(5.20343711818,0.92072129334));
#4232 = CARTESIAN_POINT('',(5.188280429372,0.904544571842));
#4233 = CARTESIAN_POINT('',(5.173967442211,0.888254037796));
#4234 = CARTESIAN_POINT('',(5.160436261551,0.871874179376));
#4235 = CARTESIAN_POINT('',(5.126765935974,0.828622535209));
#4236 = CARTESIAN_POINT('',(5.107829807211,0.801638857759));
#4237 = CARTESIAN_POINT('',(5.090575092765,0.774556899188));
#4238 = CARTESIAN_POINT('',(5.07479766651,0.747437696212));
#4239 = CARTESIAN_POINT('',(5.060329421856,0.720323955292));
#4240 = CARTESIAN_POINT('',(5.047031055531,0.693243803445));
#4241 = CARTESIAN_POINT('',(5.023804693213,0.641979633817));
#4242 = CARTESIAN_POINT('',(5.013671116628,0.617787291655));
#4243 = CARTESIAN_POINT('',(5.004300131001,0.593650566781));
#4244 = CARTESIAN_POINT('',(4.995622457195,0.56957818194));
#4245 = CARTESIAN_POINT('',(4.987580754006,0.545575168816));
#4246 = CARTESIAN_POINT('',(4.980126844634,0.521643508446));
#4247 = CARTESIAN_POINT('',(4.967576970881,0.478294709225));
#4248 = CARTESIAN_POINT('',(4.962299377122,0.458854307489));
#4249 = CARTESIAN_POINT('',(4.957363688601,0.439461477592));
#4250 = CARTESIAN_POINT('',(4.952750604421,0.420115511782));
#4251 = CARTESIAN_POINT('',(4.948443517126,0.400815132859));
#4252 = CARTESIAN_POINT('',(4.944428033762,0.381558543635));
#4253 = CARTESIAN_POINT('',(4.931103917576,0.313039537701));
#4254 = CARTESIAN_POINT('',(4.923353812727,0.264013898467));
#4255 = CARTESIAN_POINT('',(4.917227155875,0.215221780582));
#4256 = CARTESIAN_POINT('',(4.912592395479,0.166615589546));
#4257 = CARTESIAN_POINT('',(4.909366751106,0.118144465626));
#4258 = CARTESIAN_POINT('',(4.907502063291,6.975197802803E-02));
#4259 = CARTESIAN_POINT('',(4.906417138189,-3.279180014797E-02));
#4260 = CARTESIAN_POINT('',(4.907539832579,-8.69963503602E-02));
#4261 = CARTESIAN_POINT('',(4.910349407442,-0.141261625566));
#4262 = CARTESIAN_POINT('',(4.914892460993,-0.195631287925));
#4263 = CARTESIAN_POINT('',(4.921258546182,-0.250171059908));
#4264 = CARTESIAN_POINT('',(4.929612257883,-0.304973311288));
#4265 = CARTESIAN_POINT('',(4.944005515992,-0.379514017932));
#4266 = CARTESIAN_POINT('',(4.948022963947,-0.398902066986));
#4267 = CARTESIAN_POINT('',(4.95233507134,-0.41833438459));
#4268 = CARTESIAN_POINT('',(4.956956410948,-0.437812831395));
#4269 = CARTESIAN_POINT('',(4.96190381611,-0.457338739136));
#4270 = CARTESIAN_POINT('',(4.967196872418,-0.47691286054));
#4271 = CARTESIAN_POINT('',(4.979758888468,-0.520451857349));
#4272 = CARTESIAN_POINT('',(4.987206533912,-0.544439673199));
#4273 = CARTESIAN_POINT('',(4.995243224668,-0.568499256276));
#4274 = CARTESIAN_POINT('',(5.00391725547,-0.59262867907));
#4275 = CARTESIAN_POINT('',(5.013286131905,-0.616822954228));
#4276 = CARTESIAN_POINT('',(5.023419365456,-0.641073391724));
#4277 = CARTESIAN_POINT('',(5.046648319628,-0.692459211384));
#4278 = CARTESIAN_POINT('',(5.059949897971,-0.719602958119));
#4279 = CARTESIAN_POINT('',(5.07442418095,-0.746781002941));
#4280 = CARTESIAN_POINT('',(5.0902110439,-0.773965250753));
#4281 = CARTESIAN_POINT('',(5.107479355233,-0.801112912358));
#4282 = CARTESIAN_POINT('',(5.126434271553,-0.828162712175));
#4283 = CARTESIAN_POINT('',(5.172970447769,-0.888016049043));
#4284 = CARTESIAN_POINT('',(5.201535491463,-0.920730455243));
#4285 = CARTESIAN_POINT('',(5.233475150309,-0.953011516868));
#4286 = CARTESIAN_POINT('',(5.26931906034,-0.98461847127));
#4287 = CARTESIAN_POINT('',(5.309663944223,-1.015227747481));
#4288 = CARTESIAN_POINT('',(5.355121727445,-1.044412836451));
#4289 = CARTESIAN_POINT('',(5.405913817989,-1.071737674848));
#4290 = ( GEOMETRIC_REPRESENTATION_CONTEXT(2) 
PARAMETRIC_REPRESENTATION_CONTEXT() REPRESENTATION_CONTEXT('2D SPACE',''
  ) );
#4291 = ADVANCED_FACE('',(#4292),#3825,.T.);
#4292 = FACE_BOUND('',#4293,.T.);
#4293 = EDGE_LOOP('',(#4294,#4318,#4319,#4343));
#4294 = ORIENTED_EDGE('',*,*,#4295,.F.);
#4295 = EDGE_CURVE('',#3802,#4296,#4298,.T.);
#4296 = VERTEX_POINT('',#4297);
#4297 = CARTESIAN_POINT('',(3.634875239197,5.734543769601,1.925));
#4298 = SURFACE_CURVE('',#4299,(#4304,#4311),.PCURVE_S1.);
#4299 = CIRCLE('',#4300,1.049282021194);
#4300 = AXIS2_PLACEMENT_3D('',#4301,#4302,#4303);
#4301 = CARTESIAN_POINT('',(4.676173513941,5.86373611851,1.925));
#4302 = DIRECTION('',(0.,0.,1.));
#4303 = DIRECTION('',(0.623489801859,0.781831482468,-0.));
#4304 = PCURVE('',#3825,#4305);
#4305 = DEFINITIONAL_REPRESENTATION('',(#4306),#4310);
#4306 = CIRCLE('',#4307,1.049282021194);
#4307 = AXIS2_PLACEMENT_2D('',#4308,#4309);
#4308 = CARTESIAN_POINT('',(4.676173513941,5.86373611851));
#4309 = DIRECTION('',(0.623489801859,0.781831482468));
#4310 = ( GEOMETRIC_REPRESENTATION_CONTEXT(2) 
PARAMETRIC_REPRESENTATION_CONTEXT() REPRESENTATION_CONTEXT('2D SPACE',''
  ) );
#4311 = PCURVE('',#3971,#4312);
#4312 = DEFINITIONAL_REPRESENTATION('',(#4313),#4317);
#4313 = LINE('',#4314,#4315);
#4314 = CARTESIAN_POINT('',(0.,1.071737103028));
#4315 = VECTOR('',#4316,1.);
#4316 = DIRECTION('',(1.,0.));
#4317 = ( GEOMETRIC_REPRESENTATION_CONTEXT(2) 
PARAMETRIC_REPRESENTATION_CONTEXT() REPRESENTATION_CONTEXT('2D SPACE',''
  ) );
#4318 = ORIENTED_EDGE('',*,*,#3801,.T.);
#4319 = ORIENTED_EDGE('',*,*,#4320,.F.);
#4320 = EDGE_CURVE('',#4321,#3804,#4323,.T.);
#4321 = VERTEX_POINT('',#4322);
#4322 = CARTESIAN_POINT('',(-0.786784136338,6.743758668043,1.925));
#4323 = SURFACE_CURVE('',#4324,(#4329,#4336),.PCURVE_S1.);
#4324 = CIRCLE('',#4325,1.049282021194);
#4325 = AXIS2_PLACEMENT_3D('',#4326,#4327,#4328);
#4326 = CARTESIAN_POINT('',(-1.668907004672,7.311959341364,1.925));
#4327 = DIRECTION('',(0.,0.,1.));
#4328 = DIRECTION('',(-0.222520933956,0.974927912182,0.));
#4329 = PCURVE('',#3825,#4330);
#4330 = DEFINITIONAL_REPRESENTATION('',(#4331),#4335);
#4331 = CIRCLE('',#4332,1.049282021194);
#4332 = AXIS2_PLACEMENT_2D('',#4333,#4334);
#4333 = CARTESIAN_POINT('',(-1.668907004672,7.311959341364));
#4334 = DIRECTION('',(-0.222520933956,0.974927912182));
#4335 = ( GEOMETRIC_REPRESENTATION_CONTEXT(2) 
PARAMETRIC_REPRESENTATION_CONTEXT() REPRESENTATION_CONTEXT('2D SPACE',''
  ) );
#4336 = PCURVE('',#4215,#4337);
#4337 = DEFINITIONAL_REPRESENTATION('',(#4338),#4342);
#4338 = LINE('',#4339,#4340);
#4339 = CARTESIAN_POINT('',(6.955231486792E-18,1.071737103028));
#4340 = VECTOR('',#4341,1.);
#4341 = DIRECTION('',(1.,0.));
#4342 = ( GEOMETRIC_REPRESENTATION_CONTEXT(2) 
PARAMETRIC_REPRESENTATION_CONTEXT() REPRESENTATION_CONTEXT('2D SPACE',''
  ) );
#4343 = ORIENTED_EDGE('',*,*,#4344,.F.);
#4344 = EDGE_CURVE('',#4296,#4321,#4345,.T.);
#4345 = SURFACE_CURVE('',#4346,(#4351,#4358),.PCURVE_S1.);
#4346 = CIRCLE('',#4347,6.7895);
#4347 = AXIS2_PLACEMENT_3D('',#4348,#4349,#4350);
#4348 = CARTESIAN_POINT('',(0.,0.,1.925));
#4349 = DIRECTION('',(0.,0.,1.));
#4350 = DIRECTION('',(1.,0.,0.));
#4351 = PCURVE('',#3825,#4352);
#4352 = DEFINITIONAL_REPRESENTATION('',(#4353),#4357);
#4353 = CIRCLE('',#4354,6.7895);
#4354 = AXIS2_PLACEMENT_2D('',#4355,#4356);
#4355 = CARTESIAN_POINT('',(0.,0.));
#4356 = DIRECTION('',(1.,0.));
#4357 = ( GEOMETRIC_REPRESENTATION_CONTEXT(2) 
PARAMETRIC_REPRESENTATION_CONTEXT() REPRESENTATION_CONTEXT('2D SPACE',''
  ) );
#4358 = PCURVE('',#4359,#4364);
#4359 = CYLINDRICAL_SURFACE('',#4360,6.7895);
#4360 = AXIS2_PLACEMENT_3D('',#4361,#4362,#4363);
#4361 = CARTESIAN_POINT('',(0.,0.,-1.925));
#4362 = DIRECTION('',(0.,0.,1.));
#4363 = DIRECTION('',(1.,0.,0.));
#4364 = DEFINITIONAL_REPRESENTATION('',(#4365),#4369);
#4365 = LINE('',#4366,#4367);
#4366 = CARTESIAN_POINT('',(0.,3.85));
#4367 = VECTOR('',#4368,1.);
#4368 = DIRECTION('',(1.,0.));
#4369 = ( GEOMETRIC_REPRESENTATION_CONTEXT(2) 
PARAMETRIC_REPRESENTATION_CONTEXT() REPRESENTATION_CONTEXT('2D SPACE',''
  ) );
#4370 = ADVANCED_FACE('',(#4371),#4215,.F.);
#4371 = FACE_BOUND('',#4372,.F.);
#4372 = EDGE_LOOP('',(#4373,#4374,#4375,#4575));
#4373 = ORIENTED_EDGE('',*,*,#4071,.F.);
#4374 = ORIENTED_EDGE('',*,*,#4320,.F.);
#4375 = ORIENTED_EDGE('',*,*,#4376,.T.);
#4376 = EDGE_CURVE('',#4321,#4377,#4379,.T.);
#4377 = VERTEX_POINT('',#4378);
#4378 = CARTESIAN_POINT('',(-0.786784136338,6.743758668043,-1.925));
#4379 = SURFACE_CURVE('',#4380,(#4443,#4509),.PCURVE_S1.);
#4380 = B_SPLINE_CURVE_WITH_KNOTS('',7,(#4381,#4382,#4383,#4384,#4385,
    #4386,#4387,#4388,#4389,#4390,#4391,#4392,#4393,#4394,#4395,#4396,
    #4397,#4398,#4399,#4400,#4401,#4402,#4403,#4404,#4405,#4406,#4407,
    #4408,#4409,#4410,#4411,#4412,#4413,#4414,#4415,#4416,#4417,#4418,
    #4419,#4420,#4421,#4422,#4423,#4424,#4425,#4426,#4427,#4428,#4429,
    #4430,#4431,#4432,#4433,#4434,#4435,#4436,#4437,#4438,#4439,#4440,
    #4441,#4442),.UNSPECIFIED.,.F.,.F.,(8,6,6,6,6,6,6,6,6,6,8),(0.,
    8.657704091486E-02,0.162735071219,0.238228478256,0.30429602855,
    0.489158639171,0.696151742113,0.762177908219,0.836887526025,
    0.912901572846,1.),.UNSPECIFIED.);
#4381 = CARTESIAN_POINT('',(-0.786785552073,6.743758502871,1.9250006));
#4382 = CARTESIAN_POINT('',(-0.727221117534,6.750707808143,
    1.899756730239));
#4383 = CARTESIAN_POINT('',(-0.667801508156,6.75701808595,1.871824896715
    ));
#4384 = CARTESIAN_POINT('',(-0.609102954376,6.762630154827,
    1.841331932126));
#4385 = CARTESIAN_POINT('',(-0.551597052109,6.767533121536,
    1.808484888634));
#4386 = CARTESIAN_POINT('',(-0.495609827646,6.771755527303,
    1.773522211606));
#4387 = CARTESIAN_POINT('',(-0.441347165133,6.775343598099,
    1.736664662386));
#4388 = CARTESIAN_POINT('',(-0.342797004404,6.780998049397,
    1.664156143894));
#4389 = CARTESIAN_POINT('',(-0.298098658684,6.78319527806,1.628896310721
    ));
#4390 = CARTESIAN_POINT('',(-0.254893012544,6.784981181516,
    1.592429303829));
#4391 = CARTESIAN_POINT('',(-0.213222219381,6.78639546889,1.554867378717
    ));
#4392 = CARTESIAN_POINT('',(-0.173105411057,6.787478137276,
    1.516312177012));
#4393 = CARTESIAN_POINT('',(-0.134544293934,6.78826771103,1.476851413458
    ));
#4394 = CARTESIAN_POINT('',(-6.083622676871E-02,6.789326610369,
    1.396611370081));
#4395 = CARTESIAN_POINT('',(-2.566674015137E-02,6.789600429814,
    1.355851492837));
#4396 = CARTESIAN_POINT('',(7.987419687035E-03,6.789655749794,
    1.314348688846));
#4397 = CARTESIAN_POINT('',(4.013828168531E-02,6.789524820195,
    1.272169392321));
#4398 = CARTESIAN_POINT('',(7.080119347282E-02,6.789237315537,
    1.229373412541));
#4399 = CARTESIAN_POINT('',(9.999381587022E-02,6.788820320136,
    1.186013632385));
#4400 = CARTESIAN_POINT('',(0.152012731891,6.78784148243,1.103736233769)
  );
#4401 = CARTESIAN_POINT('',(0.175178014729,6.787304249636,1.064941203228
    ));
#4402 = CARTESIAN_POINT('',(0.197243243132,6.786703067305,1.025782113136
    ));
#4403 = CARTESIAN_POINT('',(0.218220412359,6.786052943748,0.986288258907
    ));
#4404 = CARTESIAN_POINT('',(0.238121171149,6.785367525249,0.946486739085
    ));
#4405 = CARTESIAN_POINT('',(0.256956757164,6.784659178153,0.906402460948
    ));
#4406 = CARTESIAN_POINT('',(0.324491169352,6.781924149937,0.753171330609
    ));
#4407 = CARTESIAN_POINT('',(0.365980502056,6.779817542499,0.638268410061
    ));
#4408 = CARTESIAN_POINT('',(0.399456378327,6.777863281865,0.521823405255
    ));
#4409 = CARTESIAN_POINT('',(0.425091945608,6.776233764765,0.404257360095
    ));
#4410 = CARTESIAN_POINT('',(0.443013065296,6.775042505835,0.285946126252
    ));
#4411 = CARTESIAN_POINT('',(0.453299969063,6.77435137108,0.167223641372)
  );
#4412 = CARTESIAN_POINT('',(0.458939652885,6.773971771437,
    -8.468930691439E-02));
#4413 = CARTESIAN_POINT('',(0.452356987552,6.774413348193,
    -0.217890134612));
#4414 = CARTESIAN_POINT('',(0.436227377503,6.775513460215,
    -0.350743578585));
#4415 = CARTESIAN_POINT('',(0.410485073905,6.777209820196,
    -0.482758565829));
#4416 = CARTESIAN_POINT('',(0.374988310409,6.779357719189,
    -0.613419867265));
#4417 = CARTESIAN_POINT('',(0.329517482542,6.781729400757,-0.74219411011
    ));
#4418 = CARTESIAN_POINT('',(0.255842112919,6.784701396577,
    -0.908789763733));
#4419 = CARTESIAN_POINT('',(0.236972001264,6.785407916092,
    -0.948818256243));
#4420 = CARTESIAN_POINT('',(0.217038456225,6.786091041712,
    -0.988563539109));
#4421 = CARTESIAN_POINT('',(0.196030255509,6.786738403431,
    -1.028000719342));
#4422 = CARTESIAN_POINT('',(0.17393577357,6.787336354406,-1.067102711658
    ));
#4423 = CARTESIAN_POINT('',(0.150743047176,6.78786988933,-1.105840233237
    ));
#4424 = CARTESIAN_POINT('',(9.894039106497E-02,6.788834769761,
    -1.187565866567));
#4425 = CARTESIAN_POINT('',(7.002016891082E-02,6.789243418188,
    -1.230441380333));
#4426 = CARTESIAN_POINT('',(3.96608360972E-02,6.789524746988,
    -1.272763985889));
#4427 = CARTESIAN_POINT('',(7.845326829608E-03,6.789652499694,
    -1.314482403459));
#4428 = CARTESIAN_POINT('',(-2.544119743291E-02,6.789597939021,
    -1.355538714437));
#4429 = CARTESIAN_POINT('',(-6.021039333917E-02,6.789329861423,
    -1.395868648438));
#4430 = CARTESIAN_POINT('',(-0.133362257141,6.788290365622,
    -1.475625341834));
#4431 = CARTESIAN_POINT('',(-0.171793126805,6.78751022599,
    -1.515019174778));
#4432 = CARTESIAN_POINT('',(-0.211772522561,6.786439179188,
    -1.553513465026));
#4433 = CARTESIAN_POINT('',(-0.25329895,6.785039012338,-1.591021318973)
  );
#4434 = CARTESIAN_POINT('',(-0.296353797127,6.783270033696,
    -1.627442090181));
#4435 = CARTESIAN_POINT('',(-0.34089584376,6.781092793104,
    -1.662664615994));
#4436 = CARTESIAN_POINT('',(-0.439517581916,6.775464326849,
    -1.735420446976));
#4437 = CARTESIAN_POINT('',(-0.494036680126,6.771873994993,
    -1.772538880387));
#4438 = CARTESIAN_POINT('',(-0.55030466964,6.767643206186,
    -1.807746166633));
#4439 = CARTESIAN_POINT('',(-0.608113757056,6.762724672159,
    -1.840817784899));
#4440 = CARTESIAN_POINT('',(-0.667133779562,6.757088969339,
    -1.871510886594));
#4441 = CARTESIAN_POINT('',(-0.726886018295,6.750746903736,
    -1.89961471258));
#4442 = CARTESIAN_POINT('',(-0.786785552073,6.743758502871,-1.9250006));
#4443 = PCURVE('',#4215,#4444);
#4444 = DEFINITIONAL_REPRESENTATION('',(#4445),#4508);
#4445 = B_SPLINE_CURVE_WITH_KNOTS('',7,(#4446,#4447,#4448,#4449,#4450,
    #4451,#4452,#4453,#4454,#4455,#4456,#4457,#4458,#4459,#4460,#4461,
    #4462,#4463,#4464,#4465,#4466,#4467,#4468,#4469,#4470,#4471,#4472,
    #4473,#4474,#4475,#4476,#4477,#4478,#4479,#4480,#4481,#4482,#4483,
    #4484,#4485,#4486,#4487,#4488,#4489,#4490,#4491,#4492,#4493,#4494,
    #4495,#4496,#4497,#4498,#4499,#4500,#4501,#4502,#4503,#4504,#4505,
    #4506,#4507),.UNSPECIFIED.,.F.,.F.,(8,6,6,6,6,6,6,6,6,6,8),(0.,
    8.657704091486E-02,0.162735071219,0.238228478256,0.30429602855,
    0.489158639171,0.696151742113,0.762177908219,0.836887526025,
    0.912901572846,1.),.UNSPECIFIED.);
#4446 = CARTESIAN_POINT('',(3.915751939163,1.071737674848));
#4447 = CARTESIAN_POINT('',(3.952059877084,1.047679418122));
#4448 = CARTESIAN_POINT('',(3.984041913759,1.022298233816));
#4449 = CARTESIAN_POINT('',(4.01196570257,0.995937815167));
#4450 = CARTESIAN_POINT('',(4.036352396997,0.968917897707));
#4451 = CARTESIAN_POINT('',(4.057703206135,0.941479068598));
#4452 = CARTESIAN_POINT('',(4.076463030865,0.913795577485));
#4453 = CARTESIAN_POINT('',(4.107571352415,0.861509399977));
#4454 = CARTESIAN_POINT('',(4.120418597749,0.836938977994));
#4455 = CARTESIAN_POINT('',(4.131815299665,0.812341573899));
#4456 = CARTESIAN_POINT('',(4.141973912217,0.787770353649));
#4457 = CARTESIAN_POINT('',(4.151067236666,0.763261026309));
#4458 = CARTESIAN_POINT('',(4.159236841286,0.738835367133));
#4459 = CARTESIAN_POINT('',(4.173901850608,0.690386445045));
#4460 = CARTESIAN_POINT('',(4.180410458913,0.666364336096));
#4461 = CARTESIAN_POINT('',(4.186241503906,0.642450786424));
#4462 = CARTESIAN_POINT('',(4.191486524408,0.618653009182));
#4463 = CARTESIAN_POINT('',(4.196219110633,0.594973872557));
#4464 = CARTESIAN_POINT('',(4.200499614585,0.571412714269));
#4465 = CARTESIAN_POINT('',(4.207775631659,0.527447057452));
#4466 = CARTESIAN_POINT('',(4.210864642138,0.507016380958));
#4467 = CARTESIAN_POINT('',(4.213681006256,0.486672181177));
#4468 = CARTESIAN_POINT('',(4.216253216241,0.466411808735));
#4469 = CARTESIAN_POINT('',(4.218605140114,0.44623196321));
#4470 = CARTESIAN_POINT('',(4.220757019623,0.426128746059));
#4471 = CARTESIAN_POINT('',(4.228237152298,0.350049185188));
#4472 = CARTESIAN_POINT('',(4.232318768552,0.294575569701));
#4473 = CARTESIAN_POINT('',(4.235353737167,0.239566669599));
#4474 = CARTESIAN_POINT('',(4.237551910174,0.184919091383));
#4475 = CARTESIAN_POINT('',(4.239037293627,0.130530025128));
#4476 = CARTESIAN_POINT('',(4.239884198069,7.628923377448E-02));
#4477 = CARTESIAN_POINT('',(4.240347608054,-3.864157633172E-02));
#4478 = CARTESIAN_POINT('',(4.239805501998,-9.931716289845E-02));
#4479 = CARTESIAN_POINT('',(4.238492747485,-0.160105099623));
#4480 = CARTESIAN_POINT('',(4.236345399679,-0.22114433945));
#4481 = CARTESIAN_POINT('',(4.233200615203,-0.282578013732));
#4482 = CARTESIAN_POINT('',(4.228804497933,-0.344566514912));
#4483 = CARTESIAN_POINT('',(4.220630034048,-0.427324817866));
#4484 = CARTESIAN_POINT('',(4.218470337174,-0.447411054641));
#4485 = CARTESIAN_POINT('',(4.216110171695,-0.467573926672));
#4486 = CARTESIAN_POINT('',(4.213529245409,-0.487817306224));
#4487 = CARTESIAN_POINT('',(4.210703634096,-0.508144464175));
#4488 = CARTESIAN_POINT('',(4.207604781995,-0.528558016125));
#4489 = CARTESIAN_POINT('',(4.200344244627,-0.572258028338));
#4490 = CARTESIAN_POINT('',(4.196096641555,-0.595568422149));
#4491 = CARTESIAN_POINT('',(4.191405289968,-0.61899425837));
#4492 = CARTESIAN_POINT('',(4.186211542082,-0.642536127655));
#4493 = CARTESIAN_POINT('',(4.180444040018,-0.666191230392));
#4494 = CARTESIAN_POINT('',(4.1740142504,-0.689952604228));
#4495 = CARTESIAN_POINT('',(4.159483996275,-0.738080620011));
#4496 = CARTESIAN_POINT('',(4.151357109419,-0.762447800829));
#4497 = CARTESIAN_POINT('',(4.142313795033,-0.786898702595));
#4498 = CARTESIAN_POINT('',(4.132214007885,-0.811411884508));
#4499 = CARTESIAN_POINT('',(4.120886861011,-0.835952192453));
#4500 = CARTESIAN_POINT('',(4.108122285879,-0.860467295032));
#4501 = CARTESIAN_POINT('',(4.077094599018,-0.912861623981));
#4502 = CARTESIAN_POINT('',(4.058302368367,-0.940707728529));
#4503 = CARTESIAN_POINT('',(4.036899929094,-0.96831044146));
#4504 = CARTESIAN_POINT('',(4.012435952089,-0.995493467794));
#4505 = CARTESIAN_POINT('',(3.984401118164,-1.022012949118));
#4506 = CARTESIAN_POINT('',(3.952264139282,-1.047544070518));
#4507 = CARTESIAN_POINT('',(3.915751939163,-1.071737674848));
#4508 = ( GEOMETRIC_REPRESENTATION_CONTEXT(2) 
PARAMETRIC_REPRESENTATION_CONTEXT() REPRESENTATION_CONTEXT('2D SPACE',''
  ) );
#4509 = PCURVE('',#4359,#4510);
#4510 = DEFINITIONAL_REPRESENTATION('',(#4511),#4574);
#4511 = B_SPLINE_CURVE_WITH_KNOTS('',7,(#4512,#4513,#4514,#4515,#4516,
    #4517,#4518,#4519,#4520,#4521,#4522,#4523,#4524,#4525,#4526,#4527,
    #4528,#4529,#4530,#4531,#4532,#4533,#4534,#4535,#4536,#4537,#4538,
    #4539,#4540,#4541,#4542,#4543,#4544,#4545,#4546,#4547,#4548,#4549,
    #4550,#4551,#4552,#4553,#4554,#4555,#4556,#4557,#4558,#4559,#4560,
    #4561,#4562,#4563,#4564,#4565,#4566,#4567,#4568,#4569,#4570,#4571,
    #4572,#4573),.UNSPECIFIED.,.F.,.F.,(8,6,6,6,6,6,6,6,6,6,8),(0.,
    8.657704091486E-02,0.162735071219,0.238228478256,0.30429602855,
    0.489158639171,0.696151742113,0.762177908219,0.836887526025,
    0.912901572846,1.),.UNSPECIFIED.);
#4512 = CARTESIAN_POINT('',(1.686939961814,3.8500006));
#4513 = CARTESIAN_POINT('',(1.678107434002,3.824756730239));
#4514 = CARTESIAN_POINT('',(1.669306999928,3.796824896715));
#4515 = CARTESIAN_POINT('',(1.660622844701,3.766331932126));
#4516 = CARTESIAN_POINT('',(1.652123051553,3.733484888634));
#4517 = CARTESIAN_POINT('',(1.643854062186,3.698522211606));
#4518 = CARTESIAN_POINT('',(1.635844769049,3.661664662386));
#4519 = CARTESIAN_POINT('',(1.621305812806,3.589156143894));
#4520 = CARTESIAN_POINT('',(1.614714634043,3.553896310721));
#4521 = CARTESIAN_POINT('',(1.608345901339,3.517429303829));
#4522 = CARTESIAN_POINT('',(1.602205114286,3.479867378717));
#4523 = CARTESIAN_POINT('',(1.596294516084,3.441312177012));
#4524 = CARTESIAN_POINT('',(1.590613908038,3.401851413458));
#4525 = CARTESIAN_POINT('',(1.579756602947,3.321611370081));
#4526 = CARTESIAN_POINT('',(1.574576576002,3.280851492837));
#4527 = CARTESIAN_POINT('',(1.569619917917,3.239348688846));
#4528 = CARTESIAN_POINT('',(1.564884626534,3.197169392321));
#4529 = CARTESIAN_POINT('',(1.560368291979,3.154373412541));
#4530 = CARTESIAN_POINT('',(1.556068225819,3.111013632385));
#4531 = CARTESIAN_POINT('',(1.548405198412,3.028736233769));
#4532 = CARTESIAN_POINT('',(1.544992385852,2.989941203228));
#4533 = CARTESIAN_POINT('',(1.541741315936,2.950782113136));
#4534 = CARTESIAN_POINT('',(1.53865021928,2.911288258907));
#4535 = CARTESIAN_POINT('',(1.535717397158,2.871486739085));
#4536 = CARTESIAN_POINT('',(1.532941224939,2.831402460948));
#4537 = CARTESIAN_POINT('',(1.522986180903,2.678171330609));
#4538 = CARTESIAN_POINT('',(1.516867820865,2.563268410061));
#4539 = CARTESIAN_POINT('',(1.51192903756,2.446823405255));
#4540 = CARTESIAN_POINT('',(1.508145668132,2.329257360095));
#4541 = CARTESIAN_POINT('',(1.505500315255,2.210946126252));
#4542 = CARTESIAN_POINT('',(1.503981778043,2.092223641372));
#4543 = CARTESIAN_POINT('',(1.503149250676,1.840310693086));
#4544 = CARTESIAN_POINT('',(1.504120964846,1.707109865388));
#4545 = CARTESIAN_POINT('',(1.5065021574,1.574256421415));
#4546 = CARTESIAN_POINT('',(1.510301857372,1.442241434171));
#4547 = CARTESIAN_POINT('',(1.515539454215,1.311580132735));
#4548 = CARTESIAN_POINT('',(1.522245319625,1.18280588989));
#4549 = CARTESIAN_POINT('',(1.5331055139,1.016210236267));
#4550 = CARTESIAN_POINT('',(1.535886757529,0.976181743757));
#4551 = CARTESIAN_POINT('',(1.53882439404,0.936436460891));
#4552 = CARTESIAN_POINT('',(1.5419200463,0.896999280658));
#4553 = CARTESIAN_POINT('',(1.545175410201,0.857897288342));
#4554 = CARTESIAN_POINT('',(1.548592251066,0.819159766763));
#4555 = CARTESIAN_POINT('',(1.556223393462,0.737434133433));
#4556 = CARTESIAN_POINT('',(1.560483326529,0.694558619667));
#4557 = CARTESIAN_POINT('',(1.564954944023,0.652236014111));
#4558 = CARTESIAN_POINT('',(1.56964084498,0.610517596541));
#4559 = CARTESIAN_POINT('',(1.574543360054,0.569461285563));
#4560 = CARTESIAN_POINT('',(1.579664428854,0.529131351562));
#4561 = CARTESIAN_POINT('',(1.590439780368,0.449374658166));
#4562 = CARTESIAN_POINT('',(1.596101181433,0.409980825222));
#4563 = CARTESIAN_POINT('',(1.601991504091,0.371486534974));
#4564 = CARTESIAN_POINT('',(1.608110972836,0.333978681027));
#4565 = CARTESIAN_POINT('',(1.614457414234,0.297557909819));
#4566 = CARTESIAN_POINT('',(1.6210254581,0.262335384006));
#4567 = CARTESIAN_POINT('',(1.635574720844,0.189579553024));
#4568 = CARTESIAN_POINT('',(1.643621719429,0.152461119613));
#4569 = CARTESIAN_POINT('',(1.65193202936,0.117253833367));
#4570 = CARTESIAN_POINT('',(1.660476498804,8.41822151012E-02));
#4571 = CARTESIAN_POINT('',(1.669208105426,5.348911340609E-02));
#4572 = CARTESIAN_POINT('',(1.678057743723,2.538528741995E-02));
#4573 = CARTESIAN_POINT('',(1.686939961814,-6.E-07));
#4574 = ( GEOMETRIC_REPRESENTATION_CONTEXT(2) 
PARAMETRIC_REPRESENTATION_CONTEXT() REPRESENTATION_CONTEXT('2D SPACE',''
  ) );
#4575 = ORIENTED_EDGE('',*,*,#4576,.T.);
#4576 = EDGE_CURVE('',#4377,#4043,#4577,.T.);
#4577 = SURFACE_CURVE('',#4578,(#4583,#4590),.PCURVE_S1.);
#4578 = CIRCLE('',#4579,1.049282021194);
#4579 = AXIS2_PLACEMENT_3D('',#4580,#4581,#4582);
#4580 = CARTESIAN_POINT('',(-1.668907004672,7.311959341364,-1.925));
#4581 = DIRECTION('',(0.,0.,1.));
#4582 = DIRECTION('',(-0.222520933956,0.974927912182,0.));
#4583 = PCURVE('',#4215,#4584);
#4584 = DEFINITIONAL_REPRESENTATION('',(#4585),#4589);
#4585 = LINE('',#4586,#4587);
#4586 = CARTESIAN_POINT('',(6.955231486792E-18,-1.071737103028));
#4587 = VECTOR('',#4588,1.);
#4588 = DIRECTION('',(1.,0.));
#4589 = ( GEOMETRIC_REPRESENTATION_CONTEXT(2) 
PARAMETRIC_REPRESENTATION_CONTEXT() REPRESENTATION_CONTEXT('2D SPACE',''
  ) );
#4590 = PCURVE('',#4059,#4591);
#4591 = DEFINITIONAL_REPRESENTATION('',(#4592),#4596);
#4592 = CIRCLE('',#4593,1.049282021194);
#4593 = AXIS2_PLACEMENT_2D('',#4594,#4595);
#4594 = CARTESIAN_POINT('',(-1.668907004672,7.311959341364));
#4595 = DIRECTION('',(-0.222520933956,0.974927912182));
#4596 = ( GEOMETRIC_REPRESENTATION_CONTEXT(2) 
PARAMETRIC_REPRESENTATION_CONTEXT() REPRESENTATION_CONTEXT('2D SPACE',''
  ) );
#4597 = ADVANCED_FACE('',(#4598),#4059,.F.);
#4598 = FACE_BOUND('',#4599,.F.);
#4599 = EDGE_LOOP('',(#4600,#4624,#4625,#4626));
#4600 = ORIENTED_EDGE('',*,*,#4601,.F.);
#4601 = EDGE_CURVE('',#3838,#4602,#4604,.T.);
#4602 = VERTEX_POINT('',#4603);
#4603 = CARTESIAN_POINT('',(3.634875239197,5.734543769601,-1.925));
#4604 = SURFACE_CURVE('',#4605,(#4610,#4617),.PCURVE_S1.);
#4605 = CIRCLE('',#4606,1.049282021194);
#4606 = AXIS2_PLACEMENT_3D('',#4607,#4608,#4609);
#4607 = CARTESIAN_POINT('',(4.676173513941,5.86373611851,-1.925));
#4608 = DIRECTION('',(0.,0.,1.));
#4609 = DIRECTION('',(0.623489801859,0.781831482468,-0.));
#4610 = PCURVE('',#4059,#4611);
#4611 = DEFINITIONAL_REPRESENTATION('',(#4612),#4616);
#4612 = CIRCLE('',#4613,1.049282021194);
#4613 = AXIS2_PLACEMENT_2D('',#4614,#4615);
#4614 = CARTESIAN_POINT('',(4.676173513941,5.86373611851));
#4615 = DIRECTION('',(0.623489801859,0.781831482468));
#4616 = ( GEOMETRIC_REPRESENTATION_CONTEXT(2) 
PARAMETRIC_REPRESENTATION_CONTEXT() REPRESENTATION_CONTEXT('2D SPACE',''
  ) );
#4617 = PCURVE('',#3971,#4618);
#4618 = DEFINITIONAL_REPRESENTATION('',(#4619),#4623);
#4619 = LINE('',#4620,#4621);
#4620 = CARTESIAN_POINT('',(0.,-1.071737103028));
#4621 = VECTOR('',#4622,1.);
#4622 = DIRECTION('',(1.,0.));
#4623 = ( GEOMETRIC_REPRESENTATION_CONTEXT(2) 
PARAMETRIC_REPRESENTATION_CONTEXT() REPRESENTATION_CONTEXT('2D SPACE',''
  ) );
#4624 = ORIENTED_EDGE('',*,*,#4042,.T.);
#4625 = ORIENTED_EDGE('',*,*,#4576,.F.);
#4626 = ORIENTED_EDGE('',*,*,#4627,.F.);
#4627 = EDGE_CURVE('',#4602,#4377,#4628,.T.);
#4628 = SURFACE_CURVE('',#4629,(#4634,#4641),.PCURVE_S1.);
#4629 = CIRCLE('',#4630,6.7895);
#4630 = AXIS2_PLACEMENT_3D('',#4631,#4632,#4633);
#4631 = CARTESIAN_POINT('',(0.,0.,-1.925));
#4632 = DIRECTION('',(0.,0.,1.));
#4633 = DIRECTION('',(1.,0.,0.));
#4634 = PCURVE('',#4059,#4635);
#4635 = DEFINITIONAL_REPRESENTATION('',(#4636),#4640);
#4636 = CIRCLE('',#4637,6.7895);
#4637 = AXIS2_PLACEMENT_2D('',#4638,#4639);
#4638 = CARTESIAN_POINT('',(0.,0.));
#4639 = DIRECTION('',(1.,0.));
#4640 = ( GEOMETRIC_REPRESENTATION_CONTEXT(2) 
PARAMETRIC_REPRESENTATION_CONTEXT() REPRESENTATION_CONTEXT('2D SPACE',''
  ) );
#4641 = PCURVE('',#4359,#4642);
#4642 = DEFINITIONAL_REPRESENTATION('',(#4643),#4647);
#4643 = LINE('',#4644,#4645);
#4644 = CARTESIAN_POINT('',(0.,0.));
#4645 = VECTOR('',#4646,1.);
#4646 = DIRECTION('',(1.,0.));
#4647 = ( GEOMETRIC_REPRESENTATION_CONTEXT(2) 
PARAMETRIC_REPRESENTATION_CONTEXT() REPRESENTATION_CONTEXT('2D SPACE',''
  ) );
#4648 = ADVANCED_FACE('',(#4649),#3971,.F.);
#4649 = FACE_BOUND('',#4650,.F.);
#4650 = EDGE_LOOP('',(#4651,#4652,#4653,#4851));
#4651 = ORIENTED_EDGE('',*,*,#3837,.F.);
#4652 = ORIENTED_EDGE('',*,*,#4601,.T.);
#4653 = ORIENTED_EDGE('',*,*,#4654,.T.);
#4654 = EDGE_CURVE('',#4602,#4296,#4655,.T.);
#4655 = SURFACE_CURVE('',#4656,(#4719,#4785),.PCURVE_S1.);
#4656 = B_SPLINE_CURVE_WITH_KNOTS('',7,(#4657,#4658,#4659,#4660,#4661,
    #4662,#4663,#4664,#4665,#4666,#4667,#4668,#4669,#4670,#4671,#4672,
    #4673,#4674,#4675,#4676,#4677,#4678,#4679,#4680,#4681,#4682,#4683,
    #4684,#4685,#4686,#4687,#4688,#4689,#4690,#4691,#4692,#4693,#4694,
    #4695,#4696,#4697,#4698,#4699,#4700,#4701,#4702,#4703,#4704,#4705,
    #4706,#4707,#4708,#4709,#4710,#4711,#4712,#4713,#4714,#4715,#4716,
    #4717,#4718),.UNSPECIFIED.,.F.,.F.,(8,6,6,6,6,6,6,6,6,6,8),(0.,
    8.678941126027E-02,0.162655381964,0.238017140478,0.30370679178,
    0.49542450235,0.696169191205,0.761890690989,0.837276015121,
    0.913774777212,1.),.UNSPECIFIED.);
#4657 = CARTESIAN_POINT('',(3.634876443065,5.734543006522,-1.9250006));
#4658 = CARTESIAN_POINT('',(3.584108654202,5.766722491373,-1.89969827955
    ));
#4659 = CARTESIAN_POINT('',(3.533193840314,5.798260157826,
    -1.871695750193));
#4660 = CARTESIAN_POINT('',(3.482628235124,5.828851017514,
    -1.841120468049));
#4661 = CARTESIAN_POINT('',(3.432834671076,5.8582793669,-1.808180935571)
  );
#4662 = CARTESIAN_POINT('',(3.384121123176,5.886428955622,-1.77311749322
    ));
#4663 = CARTESIAN_POINT('',(3.336694198965,5.913252066669,
    -1.736152585095));
#4664 = CARTESIAN_POINT('',(3.250448650051,5.961040920021,
    -1.663645661015));
#4665 = CARTESIAN_POINT('',(3.211300632062,5.982317328747,
    -1.628512283421));
#4666 = CARTESIAN_POINT('',(3.173310228909,6.002583757926,
    -1.592182359222));
#4667 = CARTESIAN_POINT('',(3.136531843843,6.021857558861,
    -1.554766717462));
#4668 = CARTESIAN_POINT('',(3.100999620526,6.040166142643,
    -1.516365733559));
#4669 = CARTESIAN_POINT('',(3.066731632888,6.05754305004,-1.47706608779)
  );
#4670 = CARTESIAN_POINT('',(3.000955821855,6.09039545868,-1.397075657876
    ));
#4671 = CARTESIAN_POINT('',(2.96943500969,6.105880993329,-1.356400670241
    ));
#4672 = CARTESIAN_POINT('',(2.939179807217,6.120515122753,
    -1.314984966455));
#4673 = CARTESIAN_POINT('',(2.910193393769,6.134331928762,
    -1.272894666198));
#4674 = CARTESIAN_POINT('',(2.882474854462,6.147364628726,
    -1.230189302106));
#4675 = CARTESIAN_POINT('',(2.856020075381,6.159645126736,-1.18692151863
    ));
#4676 = CARTESIAN_POINT('',(2.80885910105,6.1812785654,-1.104971461751)
  );
#4677 = CARTESIAN_POINT('',(2.787851598126,6.190804632363,
    -1.066414630305));
#4678 = CARTESIAN_POINT('',(2.767796289362,6.199801580065,
    -1.027497269253));
#4679 = CARTESIAN_POINT('',(2.748688964225,6.208287834412,
    -0.988248212761));
#4680 = CARTESIAN_POINT('',(2.73052513423,6.216280476976,-0.948694141627
    ));
#4681 = CARTESIAN_POINT('',(2.713300124894,6.223795289153,
    -0.908859588435));
#4682 = CARTESIAN_POINT('',(2.64946339821,6.251426884462,-0.751755052792
    ));
#4683 = CARTESIAN_POINT('',(2.609882539423,6.268056852275,
    -0.632566609555));
#4684 = CARTESIAN_POINT('',(2.578132518076,6.281104453761,
    -0.511730939515));
#4685 = CARTESIAN_POINT('',(2.554123962579,6.290823858934,
    -0.389715846855));
#4686 = CARTESIAN_POINT('',(2.537786559841,6.2973849626,-0.266937306052)
  );
#4687 = CARTESIAN_POINT('',(2.529071753321,6.300881501087,
    -0.143763369718));
#4688 = CARTESIAN_POINT('',(2.526844584472,6.301775004121,0.108542031203
    ));
#4689 = CARTESIAN_POINT('',(2.534067909375,6.298876878224,0.237596860085
    ));
#4690 = CARTESIAN_POINT('',(2.549638852499,6.292636748272,0.366294376908
    ));
#4691 = CARTESIAN_POINT('',(2.573607024004,6.28296154098,0.494220318294)
  );
#4692 = CARTESIAN_POINT('',(2.606053226762,6.269663473787,0.620901486949
    ));
#4693 = CARTESIAN_POINT('',(2.647075956819,6.252458583003,0.745805723234
    ));
#4694 = CARTESIAN_POINT('',(2.713119071084,6.223874210602,0.908437976932
    ));
#4695 = CARTESIAN_POINT('',(2.730342809106,6.216360553133,0.94829163816)
  );
#4696 = CARTESIAN_POINT('',(2.748506116074,6.208368782634,0.987864763855
    ));
#4697 = CARTESIAN_POINT('',(2.767613672488,6.199883105909,1.027132801664
    ));
#4698 = CARTESIAN_POINT('',(2.787669973605,6.190886427319,1.066069049078
    ));
#4699 = CARTESIAN_POINT('',(2.808679237486,6.181360304423,1.104644648201
    ));
#4700 = CARTESIAN_POINT('',(2.85584132548,6.1597279952,1.186627156709));
#4701 = CARTESIAN_POINT('',(2.882295269451,6.147448822511,1.229908754981
    ));
#4702 = CARTESIAN_POINT('',(2.910013572162,6.134417230058,1.272627905638
    ));
#4703 = CARTESIAN_POINT('',(2.939000358607,6.120601297311,1.314731947227
    ));
#4704 = CARTESIAN_POINT('',(2.969256556541,6.105967787008,1.356161327365
    ));
#4705 = CARTESIAN_POINT('',(3.000779001456,6.090482593445,1.39684990355)
  );
#4706 = CARTESIAN_POINT('',(3.066824248794,6.057497983196,1.477189541443
    ));
#4707 = CARTESIAN_POINT('',(3.101380452789,6.039974121465,1.516811339375
    ));
#4708 = CARTESIAN_POINT('',(3.137221910326,6.021502940455,1.555519314691
    ));
#4709 = CARTESIAN_POINT('',(3.174330081713,6.002050035169,1.59322454323)
  );
#4710 = CARTESIAN_POINT('',(3.21266974567,5.98158738122,1.629823905889)
  );
#4711 = CARTESIAN_POINT('',(3.252184614208,5.960097455305,1.665203494766
    ));
#4712 = CARTESIAN_POINT('',(3.338564440955,5.912193930469,1.737608383414
    ));
#4713 = CARTESIAN_POINT('',(3.385721439576,5.885503910701,1.774268104304
    ));
#4714 = CARTESIAN_POINT('',(3.434142939432,5.857505981841,1.809045620813
    ));
#4715 = CARTESIAN_POINT('',(3.48362458174,5.828248166396,1.841722592689)
  );
#4716 = CARTESIAN_POINT('',(3.533862873256,5.797845720651,1.87206362285)
  );
#4717 = CARTESIAN_POINT('',(3.584442468561,5.766510901025,1.899864650355
    ));
#4718 = CARTESIAN_POINT('',(3.634876443065,5.734543006522,1.9250006));
#4719 = PCURVE('',#3971,#4720);
#4720 = DEFINITIONAL_REPRESENTATION('',(#4721),#4784);
#4721 = B_SPLINE_CURVE_WITH_KNOTS('',7,(#4722,#4723,#4724,#4725,#4726,
    #4727,#4728,#4729,#4730,#4731,#4732,#4733,#4734,#4735,#4736,#4737,
    #4738,#4739,#4740,#4741,#4742,#4743,#4744,#4745,#4746,#4747,#4748,
    #4749,#4750,#4751,#4752,#4753,#4754,#4755,#4756,#4757,#4758,#4759,
    #4760,#4761,#4762,#4763,#4764,#4765,#4766,#4767,#4768,#4769,#4770,
    #4771,#4772,#4773,#4774,#4775,#4776,#4777,#4778,#4779,#4780,#4781,
    #4782,#4783),.UNSPECIFIED.,.F.,.F.,(8,6,6,6,6,6,6,6,6,6,8),(0.,
    8.678941126027E-02,0.162655381964,0.238017140478,0.30370679178,
    0.49542450235,0.696169191205,0.761890690989,0.837276015121,
    0.913774777212,1.),.UNSPECIFIED.);
#4722 = CARTESIAN_POINT('',(2.367433368016,-1.071737674848));
#4723 = CARTESIAN_POINT('',(2.331041361211,-1.04762371265));
#4724 = CARTESIAN_POINT('',(2.298995624367,-1.022180896932));
#4725 = CARTESIAN_POINT('',(2.271026007555,-0.99575502307));
#4726 = CARTESIAN_POINT('',(2.246607352447,-0.96866788801));
#4727 = CARTESIAN_POINT('',(2.225235164783,-0.941161503908));
#4728 = CARTESIAN_POINT('',(2.20646195492,-0.913411065167));
#4729 = CARTESIAN_POINT('',(2.175431074343,-0.86115485334));
#4730 = CARTESIAN_POINT('',(2.162651692311,-0.836682106952));
#4731 = CARTESIAN_POINT('',(2.151309455712,-0.812183056258));
#4732 = CARTESIAN_POINT('',(2.141194678293,-0.787710112915));
#4733 = CARTESIAN_POINT('',(2.13213667256,-0.763298531266));
#4734 = CARTESIAN_POINT('',(2.123995491731,-0.738969859635));
#4735 = CARTESIAN_POINT('',(2.109360646046,-0.690661988116));
#4736 = CARTESIAN_POINT('',(2.102857164081,-0.66668430402));
#4737 = CARTESIAN_POINT('',(2.097029546292,-0.642814690083));
#4738 = CARTESIAN_POINT('',(2.091786630909,-0.619060360261));
#4739 = CARTESIAN_POINT('',(2.087055098931,-0.595424201611));
#4740 = CARTESIAN_POINT('',(2.082774799157,-0.571905584177));
#4741 = CARTESIAN_POINT('',(2.075511408884,-0.528100535602));
#4742 = CARTESIAN_POINT('',(2.072432545741,-0.507787315312));
#4743 = CARTESIAN_POINT('',(2.069623879204,-0.487559617415));
#4744 = CARTESIAN_POINT('',(2.067057313879,-0.467414855861));
#4745 = CARTESIAN_POINT('',(2.064709289296,-0.447349803478));
#4746 = CARTESIAN_POINT('',(2.062559805629,-0.427360644309));
#4747 = CARTESIAN_POINT('',(2.054846728007,-0.349312709923));
#4748 = CARTESIAN_POINT('',(2.050645606602,-0.291802539269));
#4749 = CARTESIAN_POINT('',(2.04755924999,-0.234789585868));
#4750 = CARTESIAN_POINT('',(2.045358798045,-0.178158706292));
#4751 = CARTESIAN_POINT('',(2.043912121534,-0.121795387635));
#4752 = CARTESIAN_POINT('',(2.043142040776,-6.55761101193E-02));
#4753 = CARTESIAN_POINT('',(2.042945451797,4.951075569092E-02));
#4754 = CARTESIAN_POINT('',(2.043583123426,0.108340145867));
#4755 = CARTESIAN_POINT('',(2.044952133406,0.167301973043));
#4756 = CARTESIAN_POINT('',(2.047120494101,0.226538416286));
#4757 = CARTESIAN_POINT('',(2.050242060554,0.286181596283));
#4758 = CARTESIAN_POINT('',(2.054560233491,0.34636290373));
#4759 = CARTESIAN_POINT('',(2.062537290087,0.427149319917));
#4760 = CARTESIAN_POINT('',(2.064685902492,0.447146134184));
#4761 = CARTESIAN_POINT('',(2.067033075012,0.467218876248));
#4762 = CARTESIAN_POINT('',(2.06959881282,0.487371369335));
#4763 = CARTESIAN_POINT('',(2.072406684167,0.507606847846));
#4764 = CARTESIAN_POINT('',(2.075484795602,0.527927905101));
#4765 = CARTESIAN_POINT('',(2.082746030813,0.571745890153));
#4766 = CARTESIAN_POINT('',(2.087024808204,0.595269587286));
#4767 = CARTESIAN_POINT('',(2.091754755468,0.618910879325));
#4768 = CARTESIAN_POINT('',(2.096996021901,0.642670406498));
#4769 = CARTESIAN_POINT('',(2.102821927029,0.666545292742));
#4770 = CARTESIAN_POINT('',(2.109323637655,0.690528336015));
#4771 = CARTESIAN_POINT('',(2.124013742989,0.739041704948));
#4772 = CARTESIAN_POINT('',(2.132224817609,0.763571980141));
#4773 = CARTESIAN_POINT('',(2.141368411434,0.788186527881));
#4774 = CARTESIAN_POINT('',(2.151588089236,0.812863241863));
#4775 = CARTESIAN_POINT('',(2.163059226872,0.837565797112));
#4776 = CARTESIAN_POINT('',(2.175997600255,0.862240041315));
#4777 = CARTESIAN_POINT('',(2.207203618023,0.914504735693));
#4778 = CARTESIAN_POINT('',(2.225938403874,0.942064675164));
#4779 = CARTESIAN_POINT('',(2.247249768285,0.969379289253));
#4780 = CARTESIAN_POINT('',(2.271577601106,0.996275574388));
#4781 = CARTESIAN_POINT('',(2.299416859491,1.022515181063));
#4782 = CARTESIAN_POINT('',(2.331280650231,1.047782269621));
#4783 = CARTESIAN_POINT('',(2.367433368016,1.071737674848));
#4784 = ( GEOMETRIC_REPRESENTATION_CONTEXT(2) 
PARAMETRIC_REPRESENTATION_CONTEXT() REPRESENTATION_CONTEXT('2D SPACE',''
  ) );
#4785 = PCURVE('',#4359,#4786);
#4786 = DEFINITIONAL_REPRESENTATION('',(#4787),#4850);
#4787 = B_SPLINE_CURVE_WITH_KNOTS('',7,(#4788,#4789,#4790,#4791,#4792,
    #4793,#4794,#4795,#4796,#4797,#4798,#4799,#4800,#4801,#4802,#4803,
    #4804,#4805,#4806,#4807,#4808,#4809,#4810,#4811,#4812,#4813,#4814,
    #4815,#4816,#4817,#4818,#4819,#4820,#4821,#4822,#4823,#4824,#4825,
    #4826,#4827,#4828,#4829,#4830,#4831,#4832,#4833,#4834,#4835,#4836,
    #4837,#4838,#4839,#4840,#4841,#4842,#4843,#4844,#4845,#4846,#4847,
    #4848,#4849),.UNSPECIFIED.,.F.,.F.,(8,6,6,6,6,6,6,6,6,6,8),(0.,
    8.678941126027E-02,0.162655381964,0.238017140478,0.30370679178,
    0.49542450235,0.696169191205,0.761890690989,0.837276015121,
    0.913774777212,1.),.UNSPECIFIED.);
#4788 = CARTESIAN_POINT('',(1.005853741263,-6.000000007944E-07));
#4789 = CARTESIAN_POINT('',(1.014706720272,2.53017204502E-02));
#4790 = CARTESIAN_POINT('',(1.023527380674,5.330424980678E-02));
#4791 = CARTESIAN_POINT('',(1.03223107344,8.387953195112E-02));
#4792 = CARTESIAN_POINT('',(1.040749290944,0.116819064429));
#4793 = CARTESIAN_POINT('',(1.049035325109,0.15188250678));
#4794 = CARTESIAN_POINT('',(1.057060150012,0.188847414905));
#4795 = CARTESIAN_POINT('',(1.071582655913,0.261354338985));
#4796 = CARTESIAN_POINT('',(1.078144948831,0.296487716579));
#4797 = CARTESIAN_POINT('',(1.084486517974,0.332817640778));
#4798 = CARTESIAN_POINT('',(1.090601952594,0.370233282538));
#4799 = CARTESIAN_POINT('',(1.096489041025,0.408634266441));
#4800 = CARTESIAN_POINT('',(1.102147973115,0.44793391221));
#4801 = CARTESIAN_POINT('',(1.11297700685,0.527924342124));
#4802 = CARTESIAN_POINT('',(1.118149481651,0.568599329759));
#4803 = CARTESIAN_POINT('',(1.123099416796,0.610015033545));
#4804 = CARTESIAN_POINT('',(1.12782879819,0.652105333802));
#4805 = CARTESIAN_POINT('',(1.132340019218,0.694810697894));
#4806 = CARTESIAN_POINT('',(1.136635752036,0.73807848137));
#4807 = CARTESIAN_POINT('',(1.144277855207,0.820028538249));
#4808 = CARTESIAN_POINT('',(1.147675194171,0.858585369695));
#4809 = CARTESIAN_POINT('',(1.150912639903,0.897502730747));
#4810 = CARTESIAN_POINT('',(1.153991931705,0.936751787239));
#4811 = CARTESIAN_POINT('',(1.15691474058,0.976305858373));
#4812 = CARTESIAN_POINT('',(1.159682665769,1.016140411565));
#4813 = CARTESIAN_POINT('',(1.169927938806,1.173244947208));
#4814 = CARTESIAN_POINT('',(1.176250943965,1.292433390445));
#4815 = CARTESIAN_POINT('',(1.181306599292,1.413269060485));
#4816 = CARTESIAN_POINT('',(1.18512149443,1.535284153145));
#4817 = CARTESIAN_POINT('',(1.187714556657,1.658062693948));
#4818 = CARTESIAN_POINT('',(1.189097589122,1.781236630282));
#4819 = CARTESIAN_POINT('',(1.189451034045,2.033542031203));
#4820 = CARTESIAN_POINT('',(1.188304701267,2.162596860085));
#4821 = CARTESIAN_POINT('',(1.185834003467,2.291294376908));
#4822 = CARTESIAN_POINT('',(1.182027065638,2.419220318294));
#4823 = CARTESIAN_POINT('',(1.176862540542,2.545901486949));
#4824 = CARTESIAN_POINT('',(1.170311004153,2.670805723234));
#4825 = CARTESIAN_POINT('',(1.15971175576,2.833437976932));
#4826 = CARTESIAN_POINT('',(1.156944070199,2.87329163816));
#4827 = CARTESIAN_POINT('',(1.154021383558,2.912864763855));
#4828 = CARTESIAN_POINT('',(1.150942095155,2.952132801664));
#4829 = CARTESIAN_POINT('',(1.147704532295,2.991069049078));
#4830 = CARTESIAN_POINT('',(1.144306953725,3.029644648201));
#4831 = CARTESIAN_POINT('',(1.136664770819,3.111627156709));
#4832 = CARTESIAN_POINT('',(1.132369231746,3.154908754981));
#4833 = CARTESIAN_POINT('',(1.127858111647,3.197627905638));
#4834 = CARTESIAN_POINT('',(1.123128735998,3.239731947227));
#4835 = CARTESIAN_POINT('',(1.118178708582,3.281161327365));
#4836 = CARTESIAN_POINT('',(1.113006040109,3.32184990355));
#4837 = CARTESIAN_POINT('',(1.102132803636,3.402189541443));
#4838 = CARTESIAN_POINT('',(1.096426224288,3.441811339375));
#4839 = CARTESIAN_POINT('',(1.090487684629,3.480519314691));
#4840 = CARTESIAN_POINT('',(1.084316989586,3.51822454323));
#4841 = CARTESIAN_POINT('',(1.07791643862,3.554823905889));
#4842 = CARTESIAN_POINT('',(1.071291661155,3.590203494766));
#4843 = CARTESIAN_POINT('',(1.056743669344,3.662608383414));
#4844 = CARTESIAN_POINT('',(1.048763094694,3.699268104304));
#4845 = CARTESIAN_POINT('',(1.04052547028,3.734045620813));
#4846 = CARTESIAN_POINT('',(1.032059568769,3.766722592689));
#4847 = CARTESIAN_POINT('',(1.023411473121,3.79706362285));
#4848 = CARTESIAN_POINT('',(1.014648509119,3.824864650355));
#4849 = CARTESIAN_POINT('',(1.005853741263,3.8500006));
#4850 = ( GEOMETRIC_REPRESENTATION_CONTEXT(2) 
PARAMETRIC_REPRESENTATION_CONTEXT() REPRESENTATION_CONTEXT('2D SPACE',''
  ) );
#4851 = ORIENTED_EDGE('',*,*,#4295,.F.);
#4852 = ADVANCED_FACE('',(#4853),#4359,.F.);
#4853 = FACE_BOUND('',#4854,.F.);
#4854 = EDGE_LOOP('',(#4855,#4856,#4857,#4858));
#4855 = ORIENTED_EDGE('',*,*,#4344,.F.);
#4856 = ORIENTED_EDGE('',*,*,#4654,.F.);
#4857 = ORIENTED_EDGE('',*,*,#4627,.T.);
#4858 = ORIENTED_EDGE('',*,*,#4376,.F.);
#4859 = ( GEOMETRIC_REPRESENTATION_CONTEXT(3) 
GLOBAL_UNCERTAINTY_ASSIGNED_CONTEXT((#4863)) 
GLOBAL_UNIT_ASSIGNED_CONTEXT((#4860,#4861,#4862)) REPRESENTATION_CONTEXT
('Context #1','3D Context with UNIT and UNCERTAINTY') );
#4860 = ( LENGTH_UNIT() NAMED_UNIT(*) SI_UNIT(.MILLI.,.METRE.) );
#4861 = ( NAMED_UNIT(*) PLANE_ANGLE_UNIT() SI_UNIT($,.RADIAN.) );
#4862 = ( NAMED_UNIT(*) SI_UNIT($,.STERADIAN.) SOLID_ANGLE_UNIT() );
#4863 = UNCERTAINTY_MEASURE_WITH_UNIT(LENGTH_MEASURE(2.E-07),#4860,
  'distance_accuracy_value','confusion accuracy');
#4864 = CONTEXT_DEPENDENT_SHAPE_REPRESENTATION(#4865,#4867);
#4865 = ( REPRESENTATION_RELATIONSHIP('','',#3794,#516) 
REPRESENTATION_RELATIONSHIP_WITH_TRANSFORMATION(#4866) 
SHAPE_REPRESENTATION_RELATIONSHIP() );
#4866 = ITEM_DEFINED_TRANSFORMATION('','',#11,#529);
#4867 = PRODUCT_DEFINITION_SHAPE('Placement','Placement of an item',
  #4868);
#4868 = NEXT_ASSEMBLY_USAGE_OCCURRENCE('8','=>[0:1:1:10]','',#511,#3789,
  $);
#4869 = PRODUCT_RELATED_PRODUCT_CATEGORY('part',$,(#3791));
#4870 = SHAPE_DEFINITION_REPRESENTATION(#4871,#4877);
#4871 = PRODUCT_DEFINITION_SHAPE('','',#4872);
#4872 = PRODUCT_DEFINITION('design','',#4873,#4876);
#4873 = PRODUCT_DEFINITION_FORMATION('','',#4874);
#4874 = PRODUCT('SOLID','SOLID','',(#4875));
#4875 = PRODUCT_CONTEXT('',#2,'mechanical');
#4876 = PRODUCT_DEFINITION_CONTEXT('part definition',#2,'design');
#4877 = ADVANCED_BREP_SHAPE_REPRESENTATION('',(#11,#4878),#5942);
#4878 = MANIFOLD_SOLID_BREP('',#4879);
#4879 = CLOSED_SHELL('',(#4880,#5374,#5629,#5680,#5907,#5935));
#4880 = ADVANCED_FACE('',(#4881),#4960,.T.);
#4881 = FACE_BOUND('',#4882,.T.);
#4882 = EDGE_LOOP('',(#4883,#5113,#5142,#5347));
#4883 = ORIENTED_EDGE('',*,*,#4884,.F.);
#4884 = EDGE_CURVE('',#4885,#4887,#4889,.T.);
#4885 = VERTEX_POINT('',#4886);
#4886 = CARTESIAN_POINT('',(-2.60482935906,-7.786345372521,1.925));
#4887 = VERTEX_POINT('',#4888);
#4888 = CARTESIAN_POINT('',(-2.60482935906,-7.786345372521,-1.925));
#4889 = SURFACE_CURVE('',#4890,(#4959,#5036),.PCURVE_S1.);
#4890 = B_SPLINE_CURVE_WITH_KNOTS('',7,(#4891,#4892,#4893,#4894,#4895,
    #4896,#4897,#4898,#4899,#4900,#4901,#4902,#4903,#4904,#4905,#4906,
    #4907,#4908,#4909,#4910,#4911,#4912,#4913,#4914,#4915,#4916,#4917,
    #4918,#4919,#4920,#4921,#4922,#4923,#4924,#4925,#4926,#4927,#4928,
    #4929,#4930,#4931,#4932,#4933,#4934,#4935,#4936,#4937,#4938,#4939,
    #4940,#4941,#4942,#4943,#4944,#4945,#4946,#4947,#4948,#4949,#4950,
    #4951,#4952,#4953,#4954,#4955,#4956,#4957,#4958),.UNSPECIFIED.,.F.,
  .F.,(8,6,6,6,6,6,6,6,6,6,6,8),(0.,5.251724227045E-02,0.104932787593,
    0.190337664529,0.266913152073,0.329455557708,0.48993310879,
    0.669595470423,0.732568486672,0.809322198724,0.894918167313,1.),
  .UNSPECIFIED.);
#4891 = CARTESIAN_POINT('',(-2.604827872997,-7.786345869666,1.9250006));
#4892 = CARTESIAN_POINT('',(-2.64030065422,-7.774478879577,
    1.910678435127));
#4893 = CARTESIAN_POINT('',(-2.675742623964,-7.762412575785,
    1.895448174641));
#4894 = CARTESIAN_POINT('',(-2.711050658723,-7.750180695886,
    1.879320147412));
#4895 = CARTESIAN_POINT('',(-2.746129651049,-7.737818081324,
    1.862313735337));
#4896 = CARTESIAN_POINT('',(-2.780894058469,-7.725359493063,
    1.844455114136));
#4897 = CARTESIAN_POINT('',(-2.815269452393,-7.712838427263,
    1.825774994148));
#4898 = CARTESIAN_POINT('',(-2.883052988397,-7.687757741902,
    1.786875428113));
#4899 = CARTESIAN_POINT('',(-2.916463132436,-7.675198120966,
    1.766658786832));
#4900 = CARTESIAN_POINT('',(-2.949364826839,-7.662637258197,
    1.745687900809));
#4901 = CARTESIAN_POINT('',(-2.981709295737,-7.65010324506,
    1.723996268981));
#4902 = CARTESIAN_POINT('',(-3.013457620063,-7.637621864534,
    1.701617991636));
#4903 = CARTESIAN_POINT('',(-3.04457969791,-7.625216381219,
    1.678586336368));
#4904 = CARTESIAN_POINT('',(-3.12470614845,-7.592851203528,
    1.616390880676));
#4905 = CARTESIAN_POINT('',(-3.172631567786,-7.573053279807,
    1.576201270335));
#4906 = CARTESIAN_POINT('',(-3.218738241608,-7.553601061544,
    1.534495777404));
#4907 = CARTESIAN_POINT('',(-3.26297016456,-7.534570015231,
    1.491402672889));
#4908 = CARTESIAN_POINT('',(-3.305299115891,-7.516024376514,
    1.447042142602));
#4909 = CARTESIAN_POINT('',(-3.345717228133,-7.498017954126,
    1.401522235364));
#4910 = CARTESIAN_POINT('',(-3.418760373818,-7.464973152922,
    1.313163722189));
#4911 = CARTESIAN_POINT('',(-3.451756711428,-7.449821535088,
    1.270537504231));
#4912 = CARTESIAN_POINT('',(-3.483221456338,-7.435172707299,
    1.227124845687));
#4913 = CARTESIAN_POINT('',(-3.513162353298,-7.421055176453,
    1.182990098664));
#4914 = CARTESIAN_POINT('',(-3.541590783958,-7.407493691787,
    1.138192907245));
#4915 = CARTESIAN_POINT('',(-3.56852054676,-7.394509607296,
    1.092787835698));
#4916 = CARTESIAN_POINT('',(-3.614749523594,-7.372003149477,
    1.009283405621));
#4917 = CARTESIAN_POINT('',(-3.634542320053,-7.362282635661,
    0.97137079068));
#4918 = CARTESIAN_POINT('',(-3.653353051538,-7.352969794864,
    0.933113373112));
#4919 = CARTESIAN_POINT('',(-3.671189828703,-7.344073636921,
    0.894537024186));
#4920 = CARTESIAN_POINT('',(-3.688060714422,-7.335602165831,
    0.855666243176));
#4921 = CARTESIAN_POINT('',(-3.703973590698,-7.327562456241,
    0.816524135322));
#4922 = CARTESIAN_POINT('',(-3.757328135377,-7.300455461319,
    0.676057114747));
#4923 = CARTESIAN_POINT('',(-3.789458847483,-7.283835766992,
    0.57334840856));
#4924 = CARTESIAN_POINT('',(-3.815462903114,-7.2702033851,0.469360523398
    ));
#4925 = CARTESIAN_POINT('',(-3.835442380982,-7.259632813539,
    0.36442243375));
#4926 = CARTESIAN_POINT('',(-3.849472866243,-7.252171519779,
    0.258839944401));
#4927 = CARTESIAN_POINT('',(-3.857600978837,-7.247843219529,
    0.152896446634));
#4928 = CARTESIAN_POINT('',(-3.862332409012,-7.245323086651,
    -7.186919080605E-02));
#4929 = CARTESIAN_POINT('',(-3.857443791052,-7.247925366111,
    -0.19084026384));
#4930 = CARTESIAN_POINT('',(-3.845148065539,-7.254486301097,
    -0.309536967702));
#4931 = CARTESIAN_POINT('',(-3.825416117098,-7.264972302715,
    -0.427480660406));
#4932 = CARTESIAN_POINT('',(-3.798191424133,-7.279305865436,
    -0.544240492295));
#4933 = CARTESIAN_POINT('',(-3.76334816542,-7.297384310339,
    -0.659426104645));
#4934 = CARTESIAN_POINT('',(-3.705650296487,-7.326714701802,
    -0.8123635456));
#4935 = CARTESIAN_POINT('',(-3.689712285872,-7.334771718796,
    -0.851805203794));
#4936 = CARTESIAN_POINT('',(-3.672803332016,-7.343267110647,
    -0.890973420761));
#4937 = CARTESIAN_POINT('',(-3.654915402124,-7.352193704138,
    -0.929844673585));
#4938 = CARTESIAN_POINT('',(-3.636040268652,-7.361543375312,
    -0.968394013787));
#4939 = CARTESIAN_POINT('',(-3.616169645294,-7.371306970743,
    -1.006595089577));
#4940 = CARTESIAN_POINT('',(-3.569852969724,-7.393866438119,
    -1.090522695154));
#4941 = CARTESIAN_POINT('',(-3.542920138311,-7.406858017689,
    -1.136065577643));
#4942 = CARTESIAN_POINT('',(-3.5144817014,-7.420430589737,
    -1.180999454286));
#4943 = CARTESIAN_POINT('',(-3.484523713432,-7.434562726417,
    -1.225269476478));
#4944 = CARTESIAN_POINT('',(-3.453034636225,-7.449229584133,
    -1.268815680525));
#4945 = CARTESIAN_POINT('',(-3.420006564575,-7.464402537843,
    -1.311573359879));
#4946 = CARTESIAN_POINT('',(-3.346883759059,-7.497497590745,
    -1.400200528749));
#4947 = CARTESIAN_POINT('',(-3.306416345734,-7.515533530163,
    -1.44585704367));
#4948 = CARTESIAN_POINT('',(-3.264028846835,-7.534112322899,
    -1.490350811473));
#4949 = CARTESIAN_POINT('',(-3.219728859037,-7.553179945172,
    -1.533573223873));
#4950 = CARTESIAN_POINT('',(-3.173544466775,-7.572671845554,
    -1.575403345998));
#4951 = CARTESIAN_POINT('',(-3.125531768281,-7.592512130371,
    -1.615712027436));
#4952 = CARTESIAN_POINT('',(-3.014707625428,-7.63728926005,
    -1.701819552734));
#4953 = CARTESIAN_POINT('',(-2.951009941575,-7.662360569297,
    -1.746784014079));
#4954 = CARTESIAN_POINT('',(-2.884872384749,-7.687658784471,
    -1.789002132216));
#4955 = CARTESIAN_POINT('',(-2.816609878809,-7.71297184732,
    -1.828181239805));
#4956 = CARTESIAN_POINT('',(-2.746702914595,-7.738043162558,
    -1.86402904053));
#4957 = CARTESIAN_POINT('',(-2.675840560596,-7.76258943358,
    -1.896329168417));
#4958 = CARTESIAN_POINT('',(-2.604827872997,-7.786345869666,-1.9250006)
  );
#4959 = PCURVE('',#4960,#4965);
#4960 = CYLINDRICAL_SURFACE('',#4961,8.2105);
#4961 = AXIS2_PLACEMENT_3D('',#4962,#4963,#4964);
#4962 = CARTESIAN_POINT('',(0.,0.,-1.925));
#4963 = DIRECTION('',(0.,0.,1.));
#4964 = DIRECTION('',(1.,0.,0.));
#4965 = DEFINITIONAL_REPRESENTATION('',(#4966),#5035);
#4966 = B_SPLINE_CURVE_WITH_KNOTS('',7,(#4967,#4968,#4969,#4970,#4971,
    #4972,#4973,#4974,#4975,#4976,#4977,#4978,#4979,#4980,#4981,#4982,
    #4983,#4984,#4985,#4986,#4987,#4988,#4989,#4990,#4991,#4992,#4993,
    #4994,#4995,#4996,#4997,#4998,#4999,#5000,#5001,#5002,#5003,#5004,
    #5005,#5006,#5007,#5008,#5009,#5010,#5011,#5012,#5013,#5014,#5015,
    #5016,#5017,#5018,#5019,#5020,#5021,#5022,#5023,#5024,#5025,#5026,
    #5027,#5028,#5029,#5030,#5031,#5032,#5033,#5034),.UNSPECIFIED.,.F.,
  .F.,(8,6,6,6,6,6,6,6,6,6,6,8),(0.,5.251724227045E-02,0.104932787593,
    0.190337664529,0.266913152073,0.329455557708,0.48993310879,
    0.669595470423,0.732568486672,0.809322198724,0.894918167313,1.),
  .UNSPECIFIED.);
#4967 = CARTESIAN_POINT('',(4.389554699132,3.8500006));
#4968 = CARTESIAN_POINT('',(4.384998931662,3.835678435127));
#4969 = CARTESIAN_POINT('',(4.380439021813,3.820448174641));
#4970 = CARTESIAN_POINT('',(4.37588802869,3.804320147412));
#4971 = CARTESIAN_POINT('',(4.371358129406,3.787313735337));
#4972 = CARTESIAN_POINT('',(4.36686040205,3.769455114136));
#4973 = CARTESIAN_POINT('',(4.362404608649,3.750774994148));
#4974 = CARTESIAN_POINT('',(4.353601878904,3.711875428113));
#4975 = CARTESIAN_POINT('',(4.349254713812,3.691658786832));
#4976 = CARTESIAN_POINT('',(4.344965435136,3.670687900809));
#4977 = CARTESIAN_POINT('',(4.340740678327,3.648996268981));
#4978 = CARTESIAN_POINT('',(4.336585873544,3.626617991636));
#4979 = CARTESIAN_POINT('',(4.332505357187,3.603586336368));
#4980 = CARTESIAN_POINT('',(4.321980278258,3.541390880676));
#4981 = CARTESIAN_POINT('',(4.315664942631,3.501201270335));
#4982 = CARTESIAN_POINT('',(4.309570311603,3.459495777404));
#4983 = CARTESIAN_POINT('',(4.303705835619,3.416402672889));
#4984 = CARTESIAN_POINT('',(4.298077437637,3.372042142602));
#4985 = CARTESIAN_POINT('',(4.292688370253,3.326522235364));
#4986 = CARTESIAN_POINT('',(4.282924020448,3.238163722189));
#4987 = CARTESIAN_POINT('',(4.278501849013,3.195537504231));
#4988 = CARTESIAN_POINT('',(4.274274715562,3.152124845687));
#4989 = CARTESIAN_POINT('',(4.270243091712,3.107990098664));
#4990 = CARTESIAN_POINT('',(4.266406905702,3.063192907245));
#4991 = CARTESIAN_POINT('',(4.262765684435,3.017787835698));
#4992 = CARTESIAN_POINT('',(4.256503395411,2.934283405621));
#4993 = CARTESIAN_POINT('',(4.253817713409,2.89637079068));
#4994 = CARTESIAN_POINT('',(4.251261272446,2.858113373112));
#4995 = CARTESIAN_POINT('',(4.248833643152,2.819537024186));
#4996 = CARTESIAN_POINT('',(4.246534359462,2.780666243176));
#4997 = CARTESIAN_POINT('',(4.244362934218,2.741524135322));
#4998 = CARTESIAN_POINT('',(4.237074022891,2.601057114747));
#4999 = CARTESIAN_POINT('',(4.232668252737,2.49834840856));
#5000 = CARTESIAN_POINT('',(4.229092311601,2.394360523398));
#5001 = CARTESIAN_POINT('',(4.226339325473,2.28942243375));
#5002 = CARTESIAN_POINT('',(4.224403872223,2.183839944401));
#5003 = CARTESIAN_POINT('',(4.223282294335,2.077896446634));
#5004 = CARTESIAN_POINT('',(4.222629381966,1.853130809194));
#5005 = CARTESIAN_POINT('',(4.22330389675,1.73415973616));
#5006 = CARTESIAN_POINT('',(4.22500131331,1.615463032298));
#5007 = CARTESIAN_POINT('',(4.227722849184,1.497519339594));
#5008 = CARTESIAN_POINT('',(4.2314701158,1.380759507705));
#5009 = CARTESIAN_POINT('',(4.23625091198,1.265573895355));
#5010 = CARTESIAN_POINT('',(4.244134101214,1.1126364544));
#5011 = CARTESIAN_POINT('',(4.246309209395,1.073194796206));
#5012 = CARTESIAN_POINT('',(4.248613943942,1.034026579239));
#5013 = CARTESIAN_POINT('',(4.251048802821,0.995155326415));
#5014 = CARTESIAN_POINT('',(4.253614263408,0.956605986213));
#5015 = CARTESIAN_POINT('',(4.256310766546,0.918404910423));
#5016 = CARTESIAN_POINT('',(4.262585485407,0.834477304846));
#5017 = CARTESIAN_POINT('',(4.266227439857,0.788934422357));
#5018 = CARTESIAN_POINT('',(4.270065307283,0.744000545714));
#5019 = CARTESIAN_POINT('',(4.274099572535,0.699730523522));
#5020 = CARTESIAN_POINT('',(4.278330319291,0.656184319475));
#5021 = CARTESIAN_POINT('',(4.282757087365,0.613426640121));
#5022 = CARTESIAN_POINT('',(4.292532799706,0.524799471251));
#5023 = CARTESIAN_POINT('',(4.297928814887,0.47914295633));
#5024 = CARTESIAN_POINT('',(4.303565364103,0.434649188527));
#5025 = CARTESIAN_POINT('',(4.309439214601,0.391426776127));
#5026 = CARTESIAN_POINT('',(4.315544444261,0.349596654002));
#5027 = CARTESIAN_POINT('',(4.321871573524,0.309287972564));
#5028 = CARTESIAN_POINT('',(4.33642953759,0.223180447266));
#5029 = CARTESIAN_POINT('',(4.344766585542,0.178215985921));
#5030 = CARTESIAN_POINT('',(4.353390357957,0.135997867784));
#5031 = CARTESIAN_POINT('',(4.362256746345,9.681876019485E-02));
#5032 = CARTESIAN_POINT('',(4.371301231772,6.097095946988E-02));
#5033 = CARTESIAN_POINT('',(4.380434543312,2.867083158314E-02));
#5034 = CARTESIAN_POINT('',(4.389554699132,-6.E-07));
#5035 = ( GEOMETRIC_REPRESENTATION_CONTEXT(2) 
PARAMETRIC_REPRESENTATION_CONTEXT() REPRESENTATION_CONTEXT('2D SPACE',''
  ) );
#5036 = PCURVE('',#5037,#5042);
#5037 = SPHERICAL_SURFACE('',#5038,2.1924);
#5038 = AXIS2_PLACEMENT_3D('',#5039,#5040,#5041);
#5039 = CARTESIAN_POINT('',(-1.668907004672,-7.311959341364,0.));
#5040 = DIRECTION('',(0.,0.,1.));
#5041 = DIRECTION('',(-0.222520933956,-0.974927912182,0.));
#5042 = DEFINITIONAL_REPRESENTATION('',(#5043),#5112);
#5043 = B_SPLINE_CURVE_WITH_KNOTS('',7,(#5044,#5045,#5046,#5047,#5048,
    #5049,#5050,#5051,#5052,#5053,#5054,#5055,#5056,#5057,#5058,#5059,
    #5060,#5061,#5062,#5063,#5064,#5065,#5066,#5067,#5068,#5069,#5070,
    #5071,#5072,#5073,#5074,#5075,#5076,#5077,#5078,#5079,#5080,#5081,
    #5082,#5083,#5084,#5085,#5086,#5087,#5088,#5089,#5090,#5091,#5092,
    #5093,#5094,#5095,#5096,#5097,#5098,#5099,#5100,#5101,#5102,#5103,
    #5104,#5105,#5106,#5107,#5108,#5109,#5110,#5111),.UNSPECIFIED.,.F.,
  .F.,(8,6,6,6,6,6,6,6,6,6,6,8),(0.,5.251724227045E-02,0.104932787593,
    0.190337664529,0.266913152073,0.329455557708,0.48993310879,
    0.669595470423,0.732568486672,0.809322198724,0.894918167313,1.),
  .UNSPECIFIED.);
#5044 = CARTESIAN_POINT('',(5.405913817989,1.071737674848));
#5045 = CARTESIAN_POINT('',(5.380541778476,1.05808817013));
#5046 = CARTESIAN_POINT('',(5.356496433688,1.043971855747));
#5047 = CARTESIAN_POINT('',(5.333751397133,1.029444019746));
#5048 = CARTESIAN_POINT('',(5.312258414237,1.014558832106));
#5049 = CARTESIAN_POINT('',(5.291955077506,0.99936766692));
#5050 = CARTESIAN_POINT('',(5.27277254169,0.983917424584));
#5051 = CARTESIAN_POINT('',(5.236549042662,0.95261062476));
#5052 = CARTESIAN_POINT('',(5.219503688784,0.936754815409));
#5053 = CARTESIAN_POINT('',(5.20343711818,0.920721293339));
#5054 = CARTESIAN_POINT('',(5.188280429372,0.904544571842));
#5055 = CARTESIAN_POINT('',(5.17396744221,0.888254037796));
#5056 = CARTESIAN_POINT('',(5.160436261551,0.871874179375));
#5057 = CARTESIAN_POINT('',(5.126765935973,0.828622535209));
#5058 = CARTESIAN_POINT('',(5.10782980721,0.801638857758));
#5059 = CARTESIAN_POINT('',(5.090575092764,0.774556899187));
#5060 = CARTESIAN_POINT('',(5.074797666509,0.747437696211));
#5061 = CARTESIAN_POINT('',(5.060329421855,0.720323955291));
#5062 = CARTESIAN_POINT('',(5.04703105553,0.693243803443));
#5063 = CARTESIAN_POINT('',(5.023804693213,0.641979633816));
#5064 = CARTESIAN_POINT('',(5.013671116628,0.617787291653));
#5065 = CARTESIAN_POINT('',(5.004300131,0.59365056678));
#5066 = CARTESIAN_POINT('',(4.995622457194,0.569578181939));
#5067 = CARTESIAN_POINT('',(4.987580754006,0.545575168814));
#5068 = CARTESIAN_POINT('',(4.980126844633,0.521643508444));
#5069 = CARTESIAN_POINT('',(4.96757697088,0.478294709223));
#5070 = CARTESIAN_POINT('',(4.962299377122,0.458854307487));
#5071 = CARTESIAN_POINT('',(4.9573636886,0.43946147759));
#5072 = CARTESIAN_POINT('',(4.95275060442,0.42011551178));
#5073 = CARTESIAN_POINT('',(4.948443517125,0.400815132857));
#5074 = CARTESIAN_POINT('',(4.944428033761,0.381558543632));
#5075 = CARTESIAN_POINT('',(4.931103917575,0.313039537693));
#5076 = CARTESIAN_POINT('',(4.923353812725,0.264013898453));
#5077 = CARTESIAN_POINT('',(4.917227155873,0.215221780562));
#5078 = CARTESIAN_POINT('',(4.912592395476,0.166615589521));
#5079 = CARTESIAN_POINT('',(4.909366751104,0.118144465595));
#5080 = CARTESIAN_POINT('',(4.907502063289,6.975197799144E-02));
#5081 = CARTESIAN_POINT('',(4.90641713819,-3.27918001845E-02));
#5082 = CARTESIAN_POINT('',(4.90753983258,-8.699635038974E-02));
#5083 = CARTESIAN_POINT('',(4.910349407444,-0.14126162559));
#5084 = CARTESIAN_POINT('',(4.914892460995,-0.195631287944));
#5085 = CARTESIAN_POINT('',(4.921258546183,-0.25017105992));
#5086 = CARTESIAN_POINT('',(4.929612257885,-0.304973311294));
#5087 = CARTESIAN_POINT('',(4.944005515992,-0.379514017932));
#5088 = CARTESIAN_POINT('',(4.948022963947,-0.398902066986));
#5089 = CARTESIAN_POINT('',(4.95233507134,-0.41833438459));
#5090 = CARTESIAN_POINT('',(4.956956410948,-0.437812831395));
#5091 = CARTESIAN_POINT('',(4.96190381611,-0.457338739136));
#5092 = CARTESIAN_POINT('',(4.967196872418,-0.47691286054));
#5093 = CARTESIAN_POINT('',(4.979758888468,-0.520451857349));
#5094 = CARTESIAN_POINT('',(4.987206533912,-0.544439673199));
#5095 = CARTESIAN_POINT('',(4.995243224668,-0.568499256276));
#5096 = CARTESIAN_POINT('',(5.00391725547,-0.59262867907));
#5097 = CARTESIAN_POINT('',(5.013286131905,-0.616822954228));
#5098 = CARTESIAN_POINT('',(5.023419365456,-0.641073391724));
#5099 = CARTESIAN_POINT('',(5.046648319628,-0.692459211384));
#5100 = CARTESIAN_POINT('',(5.059949897971,-0.719602958119));
#5101 = CARTESIAN_POINT('',(5.07442418095,-0.746781002941));
#5102 = CARTESIAN_POINT('',(5.0902110439,-0.773965250753));
#5103 = CARTESIAN_POINT('',(5.107479355233,-0.801112912358));
#5104 = CARTESIAN_POINT('',(5.126434271553,-0.828162712175));
#5105 = CARTESIAN_POINT('',(5.172970447769,-0.888016049043));
#5106 = CARTESIAN_POINT('',(5.201535491462,-0.920730455243));
#5107 = CARTESIAN_POINT('',(5.233475150309,-0.953011516868));
#5108 = CARTESIAN_POINT('',(5.26931906034,-0.98461847127));
#5109 = CARTESIAN_POINT('',(5.309663944223,-1.015227747481));
#5110 = CARTESIAN_POINT('',(5.355121727445,-1.044412836451));
#5111 = CARTESIAN_POINT('',(5.405913817989,-1.071737674848));
#5112 = ( GEOMETRIC_REPRESENTATION_CONTEXT(2) 
PARAMETRIC_REPRESENTATION_CONTEXT() REPRESENTATION_CONTEXT('2D SPACE',''
  ) );
#5113 = ORIENTED_EDGE('',*,*,#5114,.F.);
#5114 = EDGE_CURVE('',#5115,#4885,#5117,.T.);
#5115 = VERTEX_POINT('',#5116);
#5116 = CARTESIAN_POINT('',(-7.011496375784,-4.272145693018,1.925));
#5117 = SURFACE_CURVE('',#5118,(#5123,#5130),.PCURVE_S1.);
#5118 = CIRCLE('',#5119,8.2105);
#5119 = AXIS2_PLACEMENT_3D('',#5120,#5121,#5122);
#5120 = CARTESIAN_POINT('',(0.,0.,1.925));
#5121 = DIRECTION('',(0.,0.,1.));
#5122 = DIRECTION('',(1.,0.,0.));
#5123 = PCURVE('',#4960,#5124);
#5124 = DEFINITIONAL_REPRESENTATION('',(#5125),#5129);
#5125 = LINE('',#5126,#5127);
#5126 = CARTESIAN_POINT('',(0.,3.85));
#5127 = VECTOR('',#5128,1.);
#5128 = DIRECTION('',(1.,0.));
#5129 = ( GEOMETRIC_REPRESENTATION_CONTEXT(2) 
PARAMETRIC_REPRESENTATION_CONTEXT() REPRESENTATION_CONTEXT('2D SPACE',''
  ) );
#5130 = PCURVE('',#5131,#5136);
#5131 = PLANE('',#5132);
#5132 = AXIS2_PLACEMENT_3D('',#5133,#5134,#5135);
#5133 = CARTESIAN_POINT('',(0.,0.,1.925));
#5134 = DIRECTION('',(0.,0.,1.));
#5135 = DIRECTION('',(1.,0.,0.));
#5136 = DEFINITIONAL_REPRESENTATION('',(#5137),#5141);
#5137 = CIRCLE('',#5138,8.2105);
#5138 = AXIS2_PLACEMENT_2D('',#5139,#5140);
#5139 = CARTESIAN_POINT('',(0.,0.));
#5140 = DIRECTION('',(1.,0.));
#5141 = ( GEOMETRIC_REPRESENTATION_CONTEXT(2) 
PARAMETRIC_REPRESENTATION_CONTEXT() REPRESENTATION_CONTEXT('2D SPACE',''
  ) );
#5142 = ORIENTED_EDGE('',*,*,#5143,.F.);
#5143 = EDGE_CURVE('',#5144,#5115,#5146,.T.);
#5144 = VERTEX_POINT('',#5145);
#5145 = CARTESIAN_POINT('',(-7.011496375784,-4.272145693018,-1.925));
#5146 = SURFACE_CURVE('',#5147,(#5210,#5276),.PCURVE_S1.);
#5147 = B_SPLINE_CURVE_WITH_KNOTS('',7,(#5148,#5149,#5150,#5151,#5152,
    #5153,#5154,#5155,#5156,#5157,#5158,#5159,#5160,#5161,#5162,#5163,
    #5164,#5165,#5166,#5167,#5168,#5169,#5170,#5171,#5172,#5173,#5174,
    #5175,#5176,#5177,#5178,#5179,#5180,#5181,#5182,#5183,#5184,#5185,
    #5186,#5187,#5188,#5189,#5190,#5191,#5192,#5193,#5194,#5195,#5196,
    #5197,#5198,#5199,#5200,#5201,#5202,#5203,#5204,#5205,#5206,#5207,
    #5208,#5209),.UNSPECIFIED.,.F.,.F.,(8,6,6,6,6,6,6,6,6,6,8),(0.,
    0.105335769222,0.190864882339,0.26696078218,0.328689677219,
    0.5063902186,0.671578382392,0.733237648812,0.809282602625,
    0.894775817149,1.),.UNSPECIFIED.);
#5148 = CARTESIAN_POINT('',(-7.011497191144,-4.272144354839,-1.9250006)
  );
#5149 = CARTESIAN_POINT('',(-6.972444481855,-4.336238153817,
    -1.896262876016));
#5150 = CARTESIAN_POINT('',(-6.932651919645,-4.400007917183,
    -1.86387975761));
#5151 = CARTESIAN_POINT('',(-6.892559749448,-4.462722809646,
    -1.827932801126));
#5152 = CARTESIAN_POINT('',(-6.852600374307,-4.523770274531,
    -1.788640136311));
#5153 = CARTESIAN_POINT('',(-6.813132972447,-4.582737063038,
    -1.746296343683));
#5154 = CARTESIAN_POINT('',(-6.774435757721,-4.639362544996,
    -1.701196141731));
#5155 = CARTESIAN_POINT('',(-6.70608512698,-4.737468030113,
    -1.614950519515));
#5156 = CARTESIAN_POINT('',(-6.676096961352,-4.779797050643,
    -1.574652881222));
#5157 = CARTESIAN_POINT('',(-6.646855146871,-4.820423592866,
    -1.532838243967));
#5158 = CARTESIAN_POINT('',(-6.618445720795,-4.859310253085,
    -1.489635302138));
#5159 = CARTESIAN_POINT('',(-6.590937529854,-4.896444235232,
    -1.445164551032));
#5160 = CARTESIAN_POINT('',(-6.564384685082,-4.931830246755,
    -1.399534212908));
#5161 = CARTESIAN_POINT('',(-6.516091944856,-4.995424854972,
    -1.311288554326));
#5162 = CARTESIAN_POINT('',(-6.494145895806,-5.023992528773,
    -1.268898893969));
#5163 = CARTESIAN_POINT('',(-6.473021296716,-5.051196439088,
    -1.225734448061));
#5164 = CARTESIAN_POINT('',(-6.452743625917,-5.07705029212,
    -1.181858254565));
#5165 = CARTESIAN_POINT('',(-6.433334016244,-5.101570408408,
    -1.137328765652));
#5166 = CARTESIAN_POINT('',(-6.414809858424,-5.124774654163,
    -1.092199490039));
#5167 = CARTESIAN_POINT('',(-6.382888470317,-5.164452074098,
    -1.009462385351));
#5168 = CARTESIAN_POINT('',(-6.369183841093,-5.181368634789,
    -0.972043848552));
#5169 = CARTESIAN_POINT('',(-6.35607925818,-5.197440734189,
    -0.934289199863));
#5170 = CARTESIAN_POINT('',(-6.343581442265,-5.212677903963,
    -0.896223329809));
#5171 = CARTESIAN_POINT('',(-6.331696191262,-5.227089421673,
    -0.857869823631));
#5172 = CARTESIAN_POINT('',(-6.320428478242,-5.240684204546,
    -0.819250940416));
#5173 = CARTESIAN_POINT('',(-6.279135842907,-5.290279522494,
    -0.668510682563));
#5174 = CARTESIAN_POINT('',(-6.253645285424,-5.320385989549,
    -0.554620229777));
#5175 = CARTESIAN_POINT('',(-6.23340567706,-5.343999763876,
    -0.439198869201));
#5176 = CARTESIAN_POINT('',(-6.218482313823,-5.361274002511,
    -0.322690144751));
#5177 = CARTESIAN_POINT('',(-6.208909481823,-5.372314958769,
    -0.205502466494));
#5178 = CARTESIAN_POINT('',(-6.20469781007,-5.377177552859,
    -8.801028331639E-02));
#5179 = CARTESIAN_POINT('',(-6.206921990834,-5.374609969836,
    0.138634818417));
#5180 = CARTESIAN_POINT('',(-6.212628553425,-5.368021763546,
    0.247745652785));
#5181 = CARTESIAN_POINT('',(-6.222965551803,-5.356078555123,
    0.356499611682));
#5182 = CARTESIAN_POINT('',(-6.237920327531,-5.338727260621,
    0.464589801674));
#5183 = CARTESIAN_POINT('',(-6.257461707371,-5.315876963626,
    0.571683698632));
#5184 = CARTESIAN_POINT('',(-6.281535352494,-5.287401272633,
    0.677422313179));
#5185 = CARTESIAN_POINT('',(-6.320714077095,-5.240339763705,
    0.820235702962));
#5186 = CARTESIAN_POINT('',(-6.331983653549,-5.226741213897,
    0.858809361305));
#5187 = CARTESIAN_POINT('',(-6.34386941737,-5.212327442394,
    0.897117790813));
#5188 = CARTESIAN_POINT('',(-6.356366400117,-5.197089553049,
    0.93513878411));
#5189 = CARTESIAN_POINT('',(-6.369468810287,-5.18101829258,
    0.972848811134));
#5190 = CARTESIAN_POINT('',(-6.383169935676,-5.164104156668,
    1.010223040041));
#5191 = CARTESIAN_POINT('',(-6.41508863965,-5.12442570624,1.092882998433
    ));
#5192 = CARTESIAN_POINT('',(-6.43361375612,-5.101217655043,
    1.137979127889));
#5193 = CARTESIAN_POINT('',(-6.453023143533,-5.07669503098,
    1.182475587287));
#5194 = CARTESIAN_POINT('',(-6.473299413242,-5.050840005186,
    1.226318922635));
#5195 = CARTESIAN_POINT('',(-6.494421436883,-5.023636299814,
    1.269450743032));
#5196 = CARTESIAN_POINT('',(-6.51636374368,-4.995070256434,1.31180807857
    ));
#5197 = CARTESIAN_POINT('',(-6.56465246737,-4.931473840058,
    1.399997541303));
#5198 = CARTESIAN_POINT('',(-6.591205232767,-4.896083912381,
    1.445603578467));
#5199 = CARTESIAN_POINT('',(-6.618712368374,-4.858947077185,
    1.490050009043));
#5200 = CARTESIAN_POINT('',(-6.64711974434,-4.820058706089,
    1.533228652765));
#5201 = CARTESIAN_POINT('',(-6.676358493706,-4.779431690784,
    1.575019067531));
#5202 = CARTESIAN_POINT('',(-6.706342559576,-4.737103547269,
    1.615292627161));
#5203 = CARTESIAN_POINT('',(-6.774657560923,-4.639037963733,
    1.701454592813));
#5204 = CARTESIAN_POINT('',(-6.813321448549,-4.58245545448,1.74649851847
    ));
#5205 = CARTESIAN_POINT('',(-6.852753013293,-4.523537072247,
    1.788790207265));
#5206 = CARTESIAN_POINT('',(-6.892674619656,-4.462543120694,
    1.828035791809));
#5207 = CARTESIAN_POINT('',(-6.932727959248,-4.399886060145,
    1.863941639907));
#5208 = CARTESIAN_POINT('',(-6.972481823103,-4.336176868889,
    1.896290354327));
#5209 = CARTESIAN_POINT('',(-7.011497191144,-4.272144354839,1.9250006));
#5210 = PCURVE('',#4960,#5211);
#5211 = DEFINITIONAL_REPRESENTATION('',(#5212),#5275);
#5212 = B_SPLINE_CURVE_WITH_KNOTS('',7,(#5213,#5214,#5215,#5216,#5217,
    #5218,#5219,#5220,#5221,#5222,#5223,#5224,#5225,#5226,#5227,#5228,
    #5229,#5230,#5231,#5232,#5233,#5234,#5235,#5236,#5237,#5238,#5239,
    #5240,#5241,#5242,#5243,#5244,#5245,#5246,#5247,#5248,#5249,#5250,
    #5251,#5252,#5253,#5254,#5255,#5256,#5257,#5258,#5259,#5260,#5261,
    #5262,#5263,#5264,#5265,#5266,#5267,#5268,#5269,#5270,#5271,#5272,
    #5273,#5274),.UNSPECIFIED.,.F.,.F.,(8,6,6,6,6,6,6,6,6,6,8),(0.,
    0.105335769222,0.190864882339,0.26696078218,0.328689677219,
    0.5063902186,0.671578382392,0.733237648812,0.809282602625,
    0.894775817149,1.),.UNSPECIFIED.);
#5213 = CARTESIAN_POINT('',(3.688826410099,-6.E-07));
#5214 = CARTESIAN_POINT('',(3.697967653008,2.873712398372E-02));
#5215 = CARTESIAN_POINT('',(3.707122080554,6.112024239039E-02));
#5216 = CARTESIAN_POINT('',(3.716187024364,9.706719887361E-02));
#5217 = CARTESIAN_POINT('',(3.72507264441,0.136359863689));
#5218 = CARTESIAN_POINT('',(3.733714095373,0.178703656317));
#5219 = CARTESIAN_POINT('',(3.742067098546,0.223803858269));
#5220 = CARTESIAN_POINT('',(3.756629908498,0.310049480485));
#5221 = CARTESIAN_POINT('',(3.762947865097,0.350347118778));
#5222 = CARTESIAN_POINT('',(3.76904418162,0.392161756033));
#5223 = CARTESIAN_POINT('',(3.774909446708,0.435364697862));
#5224 = CARTESIAN_POINT('',(3.780537781979,0.479835448968));
#5225 = CARTESIAN_POINT('',(3.785925980098,0.525465787092));
#5226 = CARTESIAN_POINT('',(3.795651667688,0.613711445674));
#5227 = CARTESIAN_POINT('',(3.800039173163,0.656101106031));
#5228 = CARTESIAN_POINT('',(3.804234046903,0.699265551939));
#5229 = CARTESIAN_POINT('',(3.808235839613,0.743141745435));
#5230 = CARTESIAN_POINT('',(3.812044628152,0.787671234348));
#5231 = CARTESIAN_POINT('',(3.815660878605,0.832800509961));
#5232 = CARTESIAN_POINT('',(3.821863203132,0.915537614649));
#5233 = CARTESIAN_POINT('',(3.824514821761,0.952956151448));
#5234 = CARTESIAN_POINT('',(3.827040527634,0.990710800137));
#5235 = CARTESIAN_POINT('',(3.829440733042,1.028776670191));
#5236 = CARTESIAN_POINT('',(3.831715885479,1.067130176369));
#5237 = CARTESIAN_POINT('',(3.833866452946,1.105749059584));
#5238 = CARTESIAN_POINT('',(3.841726520637,1.256489317437));
#5239 = CARTESIAN_POINT('',(3.846530972246,1.370379770223));
#5240 = CARTESIAN_POINT('',(3.850318822356,1.485801130799));
#5241 = CARTESIAN_POINT('',(3.85309913353,1.602309855249));
#5242 = CARTESIAN_POINT('',(3.854878934584,1.719497533506));
#5243 = CARTESIAN_POINT('',(3.855662439405,1.836989716684));
#5244 = CARTESIAN_POINT('',(3.855248703523,2.063634818417));
#5245 = CARTESIAN_POINT('',(3.854187131067,2.172745652785));
#5246 = CARTESIAN_POINT('',(3.852263330761,2.281499611682));
#5247 = CARTESIAN_POINT('',(3.849473421494,2.389589801674));
#5248 = CARTESIAN_POINT('',(3.84581151068,2.496683698632));
#5249 = CARTESIAN_POINT('',(3.841270122044,2.602422313179));
#5250 = CARTESIAN_POINT('',(3.833811956487,2.745235702962));
#5251 = CARTESIAN_POINT('',(3.831660890956,2.783809361305));
#5252 = CARTESIAN_POINT('',(3.82938548701,2.822117790813));
#5253 = CARTESIAN_POINT('',(3.826985278192,2.86013878411));
#5254 = CARTESIAN_POINT('',(3.824459818724,2.897848811134));
#5255 = CARTESIAN_POINT('',(3.821808698183,2.935223040041));
#5256 = CARTESIAN_POINT('',(3.815606480781,3.017882998433));
#5257 = CARTESIAN_POINT('',(3.811989795274,3.062979127889));
#5258 = CARTESIAN_POINT('',(3.808180784064,3.107475587287));
#5259 = CARTESIAN_POINT('',(3.804178984273,3.151318922635));
#5260 = CARTESIAN_POINT('',(3.799984322607,3.194450743032));
#5261 = CARTESIAN_POINT('',(3.795597252236,3.23680807857));
#5262 = CARTESIAN_POINT('',(3.785871685097,3.324997541303));
#5263 = CARTESIAN_POINT('',(3.780483111296,3.370603578467));
#5264 = CARTESIAN_POINT('',(3.774854573342,3.415050009043));
#5265 = CARTESIAN_POINT('',(3.768989287294,3.458228652765));
#5266 = CARTESIAN_POINT('',(3.762893142046,3.500019067531));
#5267 = CARTESIAN_POINT('',(3.756575561193,3.540292627161));
#5268 = CARTESIAN_POINT('',(3.742019219361,3.626454592813));
#5269 = CARTESIAN_POINT('',(3.733672826881,3.67149851847));
#5270 = CARTESIAN_POINT('',(3.725038701617,3.713790207265));
#5271 = CARTESIAN_POINT('',(3.716161051792,3.753035791809));
#5272 = CARTESIAN_POINT('',(3.70710458742,3.788941639907));
#5273 = CARTESIAN_POINT('',(3.697958912374,3.821290354327));
#5274 = CARTESIAN_POINT('',(3.688826410099,3.8500006));
#5275 = ( GEOMETRIC_REPRESENTATION_CONTEXT(2) 
PARAMETRIC_REPRESENTATION_CONTEXT() REPRESENTATION_CONTEXT('2D SPACE',''
  ) );
#5276 = PCURVE('',#5277,#5282);
#5277 = SPHERICAL_SURFACE('',#5278,2.1924);
#5278 = AXIS2_PLACEMENT_3D('',#5279,#5280,#5281);
#5279 = CARTESIAN_POINT('',(-6.757266509268,-3.254128043382,0.));
#5280 = DIRECTION('',(0.,0.,1.));
#5281 = DIRECTION('',(-0.900968867902,-0.433883739118,0.));
#5282 = DEFINITIONAL_REPRESENTATION('',(#5283),#5346);
#5283 = B_SPLINE_CURVE_WITH_KNOTS('',7,(#5284,#5285,#5286,#5287,#5288,
    #5289,#5290,#5291,#5292,#5293,#5294,#5295,#5296,#5297,#5298,#5299,
    #5300,#5301,#5302,#5303,#5304,#5305,#5306,#5307,#5308,#5309,#5310,
    #5311,#5312,#5313,#5314,#5315,#5316,#5317,#5318,#5319,#5320,#5321,
    #5322,#5323,#5324,#5325,#5326,#5327,#5328,#5329,#5330,#5331,#5332,
    #5333,#5334,#5335,#5336,#5337,#5338,#5339,#5340,#5341,#5342,#5343,
    #5344,#5345),.UNSPECIFIED.,.F.,.F.,(8,6,6,6,6,6,6,6,6,6,8),(0.,
    0.105335769222,0.190864882339,0.26696078218,0.328689677219,
    0.5063902186,0.671578382392,0.733237648812,0.809282602625,
    0.894775817149,1.),.UNSPECIFIED.);
#5284 = CARTESIAN_POINT('',(0.87727148919,-1.071737674848));
#5285 = CARTESIAN_POINT('',(0.928181018224,-1.044349657565));
#5286 = CARTESIAN_POINT('',(0.973731366378,-1.015092872947));
#5287 = CARTESIAN_POINT('',(1.014145672339,-0.984406373868));
#5288 = CARTESIAN_POINT('',(1.05004111318,-0.952719531908));
#5289 = CARTESIAN_POINT('',(1.082018443055,-0.920357654543));
#5290 = CARTESIAN_POINT('',(1.110610498933,-0.887562601126));
#5291 = CARTESIAN_POINT('',(1.157114041382,-0.827650017149));
#5292 = CARTESIAN_POINT('',(1.176024471697,-0.800622523418));
#5293 = CARTESIAN_POINT('',(1.193254095681,-0.773498198387));
#5294 = CARTESIAN_POINT('',(1.209007144241,-0.746337935563));
#5295 = CARTESIAN_POINT('',(1.223451727021,-0.71918425912));
#5296 = CARTESIAN_POINT('',(1.236727104525,-0.69206509124));
#5297 = CARTESIAN_POINT('',(1.259826617263,-0.640915295771));
#5298 = CARTESIAN_POINT('',(1.269869169175,-0.616875590594));
#5299 = CARTESIAN_POINT('',(1.279160626964,-0.592891071908));
#5300 = CARTESIAN_POINT('',(1.287768722488,-0.568970210004));
#5301 = CARTESIAN_POINT('',(1.295749588369,-0.545117894468));
#5302 = CARTESIAN_POINT('',(1.303150437882,-0.521336051184));
#5303 = CARTESIAN_POINT('',(1.315578533747,-0.478389284619));
#5304 = CARTESIAN_POINT('',(1.320789962299,-0.459200739251));
#5305 = CARTESIAN_POINT('',(1.325668126947,-0.440058538113));
#5306 = CARTESIAN_POINT('',(1.330231613209,-0.420962006637));
#5307 = CARTESIAN_POINT('',(1.334496445934,-0.401909927545));
#5308 = CARTESIAN_POINT('',(1.338476539554,-0.382900587591));
#5309 = CARTESIAN_POINT('',(1.352857336113,-0.309325962547));
#5310 = CARTESIAN_POINT('',(1.361271345543,-0.255062360646));
#5311 = CARTESIAN_POINT('',(1.367718517706,-0.201080791811));
#5312 = CARTESIAN_POINT('',(1.372367359839,-0.147316178471));
#5313 = CARTESIAN_POINT('',(1.375317386056,-9.369831918681E-02));
#5314 = CARTESIAN_POINT('',(1.376619726567,-4.014778072751E-02));
#5315 = CARTESIAN_POINT('',(1.375932366747,6.323916914699E-02));
#5316 = CARTESIAN_POINT('',(1.374168204384,0.11305030774));
#5317 = CARTESIAN_POINT('',(1.37096620154,0.162939299117));
#5318 = CARTESIAN_POINT('',(1.366276241504,0.212968401325));
#5319 = CARTESIAN_POINT('',(1.36001001351,0.263193327952));
#5320 = CARTESIAN_POINT('',(1.3520250632,0.313665947575));
#5321 = CARTESIAN_POINT('',(1.338375785581,0.383384919121));
#5322 = CARTESIAN_POINT('',(1.33439362564,0.402375723983));
#5323 = CARTESIAN_POINT('',(1.330127064226,0.42140921196));
#5324 = CARTESIAN_POINT('',(1.325562201012,0.440487085329));
#5325 = CARTESIAN_POINT('',(1.320683030029,0.459610551025));
#5326 = CARTESIAN_POINT('',(1.31547099071,0.47878027388));
#5327 = CARTESIAN_POINT('',(1.30303933687,0.521695672621));
#5328 = CARTESIAN_POINT('',(1.295635267711,0.545464986073));
#5329 = CARTESIAN_POINT('',(1.287651343441,0.56930467392));
#5330 = CARTESIAN_POINT('',(1.279040359871,0.593212793458));
#5331 = CARTESIAN_POINT('',(1.269746200428,0.617184438661));
#5332 = CARTESIAN_POINT('',(1.259701159957,0.64121112325));
#5333 = CARTESIAN_POINT('',(1.236593845531,0.692339679801));
#5334 = CARTESIAN_POINT('',(1.223312695075,0.719450614228));
#5335 = CARTESIAN_POINT('',(1.208862109419,0.746595844897));
#5336 = CARTESIAN_POINT('',(1.193102798213,0.773747408597));
#5337 = CARTESIAN_POINT('',(1.175866632517,0.800862735085));
#5338 = CARTESIAN_POINT('',(1.156949388838,0.827880881086));
#5339 = CARTESIAN_POINT('',(1.1104465758,0.887750559227));
#5340 = CARTESIAN_POINT('',(1.081865700678,0.920512186085));
#5341 = CARTESIAN_POINT('',(1.049903968959,0.952840565588));
#5342 = CARTESIAN_POINT('',(1.014029871627,0.984494292915));
#5343 = CARTESIAN_POINT('',(0.973644327291,1.015148780672));
#5344 = CARTESIAN_POINT('',(0.928132339774,1.044375845319));
#5345 = CARTESIAN_POINT('',(0.87727148919,1.071737674848));
#5346 = ( GEOMETRIC_REPRESENTATION_CONTEXT(2) 
PARAMETRIC_REPRESENTATION_CONTEXT() REPRESENTATION_CONTEXT('2D SPACE',''
  ) );
#5347 = ORIENTED_EDGE('',*,*,#5348,.T.);
#5348 = EDGE_CURVE('',#5144,#4887,#5349,.T.);
#5349 = SURFACE_CURVE('',#5350,(#5355,#5362),.PCURVE_S1.);
#5350 = CIRCLE('',#5351,8.2105);
#5351 = AXIS2_PLACEMENT_3D('',#5352,#5353,#5354);
#5352 = CARTESIAN_POINT('',(0.,0.,-1.925));
#5353 = DIRECTION('',(0.,0.,1.));
#5354 = DIRECTION('',(1.,0.,0.));
#5355 = PCURVE('',#4960,#5356);
#5356 = DEFINITIONAL_REPRESENTATION('',(#5357),#5361);
#5357 = LINE('',#5358,#5359);
#5358 = CARTESIAN_POINT('',(0.,0.));
#5359 = VECTOR('',#5360,1.);
#5360 = DIRECTION('',(1.,0.));
#5361 = ( GEOMETRIC_REPRESENTATION_CONTEXT(2) 
PARAMETRIC_REPRESENTATION_CONTEXT() REPRESENTATION_CONTEXT('2D SPACE',''
  ) );
#5362 = PCURVE('',#5363,#5368);
#5363 = PLANE('',#5364);
#5364 = AXIS2_PLACEMENT_3D('',#5365,#5366,#5367);
#5365 = CARTESIAN_POINT('',(0.,0.,-1.925));
#5366 = DIRECTION('',(0.,0.,1.));
#5367 = DIRECTION('',(1.,0.,0.));
#5368 = DEFINITIONAL_REPRESENTATION('',(#5369),#5373);
#5369 = CIRCLE('',#5370,8.2105);
#5370 = AXIS2_PLACEMENT_2D('',#5371,#5372);
#5371 = CARTESIAN_POINT('',(0.,0.));
#5372 = DIRECTION('',(1.,0.));
#5373 = ( GEOMETRIC_REPRESENTATION_CONTEXT(2) 
PARAMETRIC_REPRESENTATION_CONTEXT() REPRESENTATION_CONTEXT('2D SPACE',''
  ) );
#5374 = ADVANCED_FACE('',(#5375),#5037,.F.);
#5375 = FACE_BOUND('',#5376,.F.);
#5376 = EDGE_LOOP('',(#5377,#5378,#5402,#5607));
#5377 = ORIENTED_EDGE('',*,*,#4884,.F.);
#5378 = ORIENTED_EDGE('',*,*,#5379,.F.);
#5379 = EDGE_CURVE('',#5380,#4885,#5382,.T.);
#5380 = VERTEX_POINT('',#5381);
#5381 = CARTESIAN_POINT('',(-2.217139213997,-6.417289455507,1.925));
#5382 = SURFACE_CURVE('',#5383,(#5388,#5395),.PCURVE_S1.);
#5383 = CIRCLE('',#5384,1.049282021194);
#5384 = AXIS2_PLACEMENT_3D('',#5385,#5386,#5387);
#5385 = CARTESIAN_POINT('',(-1.668907004672,-7.311959341364,1.925));
#5386 = DIRECTION('',(0.,0.,1.));
#5387 = DIRECTION('',(-0.222520933956,-0.974927912182,0.));
#5388 = PCURVE('',#5037,#5389);
#5389 = DEFINITIONAL_REPRESENTATION('',(#5390),#5394);
#5390 = LINE('',#5391,#5392);
#5391 = CARTESIAN_POINT('',(6.695344834216E-18,1.071737103028));
#5392 = VECTOR('',#5393,1.);
#5393 = DIRECTION('',(1.,0.));
#5394 = ( GEOMETRIC_REPRESENTATION_CONTEXT(2) 
PARAMETRIC_REPRESENTATION_CONTEXT() REPRESENTATION_CONTEXT('2D SPACE',''
  ) );
#5395 = PCURVE('',#5131,#5396);
#5396 = DEFINITIONAL_REPRESENTATION('',(#5397),#5401);
#5397 = CIRCLE('',#5398,1.049282021194);
#5398 = AXIS2_PLACEMENT_2D('',#5399,#5400);
#5399 = CARTESIAN_POINT('',(-1.668907004672,-7.311959341364));
#5400 = DIRECTION('',(-0.222520933956,-0.974927912182));
#5401 = ( GEOMETRIC_REPRESENTATION_CONTEXT(2) 
PARAMETRIC_REPRESENTATION_CONTEXT() REPRESENTATION_CONTEXT('2D SPACE',''
  ) );
#5402 = ORIENTED_EDGE('',*,*,#5403,.T.);
#5403 = EDGE_CURVE('',#5380,#5404,#5406,.T.);
#5404 = VERTEX_POINT('',#5405);
#5405 = CARTESIAN_POINT('',(-2.217139213997,-6.417289455507,-1.925));
#5406 = SURFACE_CURVE('',#5407,(#5470,#5536),.PCURVE_S1.);
#5407 = B_SPLINE_CURVE_WITH_KNOTS('',7,(#5408,#5409,#5410,#5411,#5412,
    #5413,#5414,#5415,#5416,#5417,#5418,#5419,#5420,#5421,#5422,#5423,
    #5424,#5425,#5426,#5427,#5428,#5429,#5430,#5431,#5432,#5433,#5434,
    #5435,#5436,#5437,#5438,#5439,#5440,#5441,#5442,#5443,#5444,#5445,
    #5446,#5447,#5448,#5449,#5450,#5451,#5452,#5453,#5454,#5455,#5456,
    #5457,#5458,#5459,#5460,#5461,#5462,#5463,#5464,#5465,#5466,#5467,
    #5468,#5469),.UNSPECIFIED.,.F.,.F.,(8,6,6,6,6,6,6,6,6,6,8),(0.,
    8.65770409154E-02,0.162735071219,0.238228478257,0.304296028552,
    0.489158639186,0.696151742114,0.76217790822,0.836887526026,
    0.912901572846,1.),.UNSPECIFIED.);
#5408 = CARTESIAN_POINT('',(-2.217137866799,-6.417289920956,1.9250006));
#5409 = CARTESIAN_POINT('',(-2.273818758508,-6.397706989083,
    1.899756730239));
#5410 = CARTESIAN_POINT('',(-2.330091903628,-6.377611150642,
    1.871824896715));
#5411 = CARTESIAN_POINT('',(-2.385412458607,-6.357199101989,
    1.841331932126));
#5412 = CARTESIAN_POINT('',(-2.439350803795,-6.336665646458,
    1.808484888634));
#5413 = CARTESIAN_POINT('',(-2.491625583241,-6.316177956308,
    1.773522211606));
#5414 = CARTESIAN_POINT('',(-2.542071358428,-6.295867009486,
    1.736664662387));
#5415 = CARTESIAN_POINT('',(-2.633315359642,-6.258202181843,
    1.664156143895));
#5416 = CARTESIAN_POINT('',(-2.674540519371,-6.24078793109,
    1.628896310722));
#5417 = CARTESIAN_POINT('',(-2.71424233593,-6.223650747208,1.59242930383
    ));
#5418 = CARTESIAN_POINT('',(-2.752400059564,-6.206844696552,
    1.554867378718));
#5419 = CARTESIAN_POINT('',(-2.789013807151,-6.190414116266,
    1.516312177013));
#5420 = CARTESIAN_POINT('',(-2.824098756404,-6.174394455955,
    1.47685141346));
#5421 = CARTESIAN_POINT('',(-2.890966869437,-6.143367759509,
    1.396611370082));
#5422 = CARTESIAN_POINT('',(-2.922772287784,-6.128354993948,
    1.355851492838));
#5423 = CARTESIAN_POINT('',(-2.953117640514,-6.11380284282,
    1.314348688847));
#5424 = CARTESIAN_POINT('',(-2.982027758027,-6.099735143107,
    1.272169392322));
#5425 = CARTESIAN_POINT('',(-3.009529343351,-6.086171971543,
    1.229373412542));
#5426 = CARTESIAN_POINT('',(-3.035650059779,-6.073130067508,
    1.186013632385));
#5427 = CARTESIAN_POINT('',(-3.082092781893,-6.04967800342,1.10373623377
    ));
#5428 = CARTESIAN_POINT('',(-3.102730883972,-6.039142933862,
    1.064941203228));
#5429 = CARTESIAN_POINT('',(-3.122350124589,-6.029027543494,
    1.025782113136));
#5430 = CARTESIAN_POINT('',(-3.14096782296,-6.019340149788,
    0.986288258907));
#5431 = CARTESIAN_POINT('',(-3.158600395135,-6.010087993424,
    0.946486739085));
#5432 = CARTESIAN_POINT('',(-3.175263331457,-6.001277340255,
    0.906402460947));
#5433 = CARTESIAN_POINT('',(-3.234923050085,-5.969511081698,
    0.753171330601));
#5434 = CARTESIAN_POINT('',(-3.271389624491,-5.949611547172,
    0.638268410046));
#5435 = CARTESIAN_POINT('',(-3.300702424927,-5.933326180813,
    0.521823405232));
#5436 = CARTESIAN_POINT('',(-3.323092251986,-5.92073518085,
    0.404257360064));
#5437 = CARTESIAN_POINT('',(-3.338721755023,-5.911886211222,
    0.285946126214));
#5438 = CARTESIAN_POINT('',(-3.34769006293,-5.906800200054,
    0.167223641325));
#5439 = CARTESIAN_POINT('',(-3.352606540361,-5.904011225493,
    -8.468930695876E-02));
#5440 = CARTESIAN_POINT('',(-3.3468673568,-5.907265183852,
    -0.217890134664));
#5441 = CARTESIAN_POINT('',(-3.332812401012,-5.915254726054,
    -0.350743578603));
#5442 = CARTESIAN_POINT('',(-3.310355409891,-5.927952260524,
    -0.482758565858));
#5443 = CARTESIAN_POINT('',(-3.279305869519,-5.94528891912,
    -0.613419867279));
#5444 = CARTESIAN_POINT('',(-3.239367103281,-5.967154783192,
    -0.742194110118));
#5445 = CARTESIAN_POINT('',(-3.174277389581,-6.001799003753,
    -0.908789763733));
#5446 = CARTESIAN_POINT('',(-3.157582553775,-6.010622990443,
    -0.948818256243));
#5447 = CARTESIAN_POINT('',(-3.139919447367,-6.019887306415,
    -0.988563539109));
#5448 = CARTESIAN_POINT('',(-3.121272592274,-6.029585675848,
    -1.028000719341));
#5449 = CARTESIAN_POINT('',(-3.1016255931,-6.039710847499,
    -1.067102711657));
#5450 = CARTESIAN_POINT('',(-3.080961160784,-6.050254492704,
    -1.105840233237));
#5451 = CARTESIAN_POINT('',(-3.034707226283,-6.073600150063,
    -1.187565866567));
#5452 = CARTESIAN_POINT('',(-3.008828312377,-6.086516343698,
    -1.230441380333));
#5453 = CARTESIAN_POINT('',(-2.981597562653,-6.099942233027,
    -1.272763985889));
#5454 = CARTESIAN_POINT('',(-2.952988209108,-6.11386156636,
    -1.314482403458));
#5455 = CARTESIAN_POINT('',(-2.922974414038,-6.128254890502,
    -1.355538714437));
#5456 = CARTESIAN_POINT('',(-2.891532136454,-6.143099149658,
    -1.395868648438));
#5457 = CARTESIAN_POINT('',(-2.825173564215,-6.173902000493,
    -1.475625341834));
#5458 = CARTESIAN_POINT('',(-2.790210057181,-6.189873648399,
    -1.515019174778));
#5459 = CARTESIAN_POINT('',(-2.753725156455,-6.206255078293,
    -1.553513465025));
#5460 = CARTESIAN_POINT('',(-2.71570362851,-6.22301121316,
    -1.591021318972));
#5461 = CARTESIAN_POINT('',(-2.676145020568,-6.240098216535,
    -1.627442090181));
#5462 = CARTESIAN_POINT('',(-2.63506935395,-6.257462660285,
    -1.662664615993));
#5463 = CARTESIAN_POINT('',(-2.543772138189,-6.295181955924,
    -1.735420446976));
#5464 = CARTESIAN_POINT('',(-2.493094341386,-6.31560212888,
    -1.772538880387));
#5465 = CARTESIAN_POINT('',(-2.440562964107,-6.336204085562,
    -1.807746166633));
#5466 = CARTESIAN_POINT('',(-2.386344704129,-6.356855062531,
    -1.840817784898));
#5467 = CARTESIAN_POINT('',(-2.330724261456,-6.377385297789,
    -1.871510886594));
#5468 = CARTESIAN_POINT('',(-2.274137635432,-6.397596818885,
    -1.89961471258));
#5469 = CARTESIAN_POINT('',(-2.217137866799,-6.417289920956,-1.9250006)
  );
#5470 = PCURVE('',#5037,#5471);
#5471 = DEFINITIONAL_REPRESENTATION('',(#5472),#5535);
#5472 = B_SPLINE_CURVE_WITH_KNOTS('',7,(#5473,#5474,#5475,#5476,#5477,
    #5478,#5479,#5480,#5481,#5482,#5483,#5484,#5485,#5486,#5487,#5488,
    #5489,#5490,#5491,#5492,#5493,#5494,#5495,#5496,#5497,#5498,#5499,
    #5500,#5501,#5502,#5503,#5504,#5505,#5506,#5507,#5508,#5509,#5510,
    #5511,#5512,#5513,#5514,#5515,#5516,#5517,#5518,#5519,#5520,#5521,
    #5522,#5523,#5524,#5525,#5526,#5527,#5528,#5529,#5530,#5531,#5532,
    #5533,#5534),.UNSPECIFIED.,.F.,.F.,(8,6,6,6,6,6,6,6,6,6,8),(0.,
    8.65770409154E-02,0.162735071219,0.238228478257,0.304296028552,
    0.489158639186,0.696151742114,0.76217790822,0.836887526026,
    0.912901572846,1.),.UNSPECIFIED.);
#5473 = CARTESIAN_POINT('',(3.915751939163,1.071737674848));
#5474 = CARTESIAN_POINT('',(3.952059877084,1.047679418122));
#5475 = CARTESIAN_POINT('',(3.984041913758,1.022298233817));
#5476 = CARTESIAN_POINT('',(4.011965702571,0.995937815167));
#5477 = CARTESIAN_POINT('',(4.036352396996,0.968917897707));
#5478 = CARTESIAN_POINT('',(4.057703206136,0.941479068599));
#5479 = CARTESIAN_POINT('',(4.076463030865,0.913795577486));
#5480 = CARTESIAN_POINT('',(4.107571352415,0.861509399977));
#5481 = CARTESIAN_POINT('',(4.120418597749,0.836938977994));
#5482 = CARTESIAN_POINT('',(4.131815299665,0.812341573899));
#5483 = CARTESIAN_POINT('',(4.141973912216,0.78777035365));
#5484 = CARTESIAN_POINT('',(4.151067236665,0.763261026309));
#5485 = CARTESIAN_POINT('',(4.159236841286,0.738835367134));
#5486 = CARTESIAN_POINT('',(4.173901850608,0.690386445046));
#5487 = CARTESIAN_POINT('',(4.180410458913,0.666364336096));
#5488 = CARTESIAN_POINT('',(4.186241503906,0.642450786425));
#5489 = CARTESIAN_POINT('',(4.191486524408,0.618653009183));
#5490 = CARTESIAN_POINT('',(4.196219110633,0.594973872558));
#5491 = CARTESIAN_POINT('',(4.200499614584,0.571412714269));
#5492 = CARTESIAN_POINT('',(4.207775631659,0.527447057453));
#5493 = CARTESIAN_POINT('',(4.210864642138,0.507016380958));
#5494 = CARTESIAN_POINT('',(4.213681006256,0.486672181177));
#5495 = CARTESIAN_POINT('',(4.216253216241,0.466411808734));
#5496 = CARTESIAN_POINT('',(4.218605140114,0.44623196321));
#5497 = CARTESIAN_POINT('',(4.220757019623,0.426128746059));
#5498 = CARTESIAN_POINT('',(4.228237152298,0.350049185184));
#5499 = CARTESIAN_POINT('',(4.232318768552,0.294575569694));
#5500 = CARTESIAN_POINT('',(4.235353737167,0.239566669588));
#5501 = CARTESIAN_POINT('',(4.237551910175,0.184919091369));
#5502 = CARTESIAN_POINT('',(4.239037293627,0.13053002511));
#5503 = CARTESIAN_POINT('',(4.23988419807,7.628923375321E-02));
#5504 = CARTESIAN_POINT('',(4.240347608054,-3.864157635193E-02));
#5505 = CARTESIAN_POINT('',(4.239805501998,-9.931716292311E-02));
#5506 = CARTESIAN_POINT('',(4.238492747485,-0.160105099631));
#5507 = CARTESIAN_POINT('',(4.236345399678,-0.221144339464));
#5508 = CARTESIAN_POINT('',(4.233200615202,-0.282578013738));
#5509 = CARTESIAN_POINT('',(4.228804497933,-0.344566514916));
#5510 = CARTESIAN_POINT('',(4.220630034048,-0.427324817865));
#5511 = CARTESIAN_POINT('',(4.218470337174,-0.447411054641));
#5512 = CARTESIAN_POINT('',(4.216110171695,-0.467573926672));
#5513 = CARTESIAN_POINT('',(4.213529245409,-0.487817306223));
#5514 = CARTESIAN_POINT('',(4.210703634096,-0.508144464175));
#5515 = CARTESIAN_POINT('',(4.207604781995,-0.528558016125));
#5516 = CARTESIAN_POINT('',(4.200344244627,-0.572258028338));
#5517 = CARTESIAN_POINT('',(4.196096641555,-0.595568422149));
#5518 = CARTESIAN_POINT('',(4.191405289968,-0.61899425837));
#5519 = CARTESIAN_POINT('',(4.186211542082,-0.642536127654));
#5520 = CARTESIAN_POINT('',(4.180444040018,-0.666191230391));
#5521 = CARTESIAN_POINT('',(4.1740142504,-0.689952604228));
#5522 = CARTESIAN_POINT('',(4.159483996275,-0.738080620011));
#5523 = CARTESIAN_POINT('',(4.151357109419,-0.762447800829));
#5524 = CARTESIAN_POINT('',(4.142313795033,-0.786898702595));
#5525 = CARTESIAN_POINT('',(4.132214007885,-0.811411884508));
#5526 = CARTESIAN_POINT('',(4.120886861011,-0.835952192452));
#5527 = CARTESIAN_POINT('',(4.108122285879,-0.860467295032));
#5528 = CARTESIAN_POINT('',(4.077094599018,-0.912861623981));
#5529 = CARTESIAN_POINT('',(4.058302368367,-0.940707728529));
#5530 = CARTESIAN_POINT('',(4.036899929094,-0.96831044146));
#5531 = CARTESIAN_POINT('',(4.012435952089,-0.995493467794));
#5532 = CARTESIAN_POINT('',(3.984401118164,-1.022012949118));
#5533 = CARTESIAN_POINT('',(3.952264139282,-1.047544070518));
#5534 = CARTESIAN_POINT('',(3.915751939163,-1.071737674848));
#5535 = ( GEOMETRIC_REPRESENTATION_CONTEXT(2) 
PARAMETRIC_REPRESENTATION_CONTEXT() REPRESENTATION_CONTEXT('2D SPACE',''
  ) );
#5536 = PCURVE('',#5537,#5542);
#5537 = CYLINDRICAL_SURFACE('',#5538,6.7895);
#5538 = AXIS2_PLACEMENT_3D('',#5539,#5540,#5541);
#5539 = CARTESIAN_POINT('',(0.,0.,-1.925));
#5540 = DIRECTION('',(0.,0.,1.));
#5541 = DIRECTION('',(1.,0.,0.));
#5542 = DEFINITIONAL_REPRESENTATION('',(#5543),#5606);
#5543 = B_SPLINE_CURVE_WITH_KNOTS('',7,(#5544,#5545,#5546,#5547,#5548,
    #5549,#5550,#5551,#5552,#5553,#5554,#5555,#5556,#5557,#5558,#5559,
    #5560,#5561,#5562,#5563,#5564,#5565,#5566,#5567,#5568,#5569,#5570,
    #5571,#5572,#5573,#5574,#5575,#5576,#5577,#5578,#5579,#5580,#5581,
    #5582,#5583,#5584,#5585,#5586,#5587,#5588,#5589,#5590,#5591,#5592,
    #5593,#5594,#5595,#5596,#5597,#5598,#5599,#5600,#5601,#5602,#5603,
    #5604,#5605),.UNSPECIFIED.,.F.,.F.,(8,6,6,6,6,6,6,6,6,6,8),(0.,
    8.65770409154E-02,0.162735071219,0.238228478257,0.304296028552,
    0.489158639186,0.696151742114,0.76217790822,0.836887526026,
    0.912901572846,1.),.UNSPECIFIED.);
#5544 = CARTESIAN_POINT('',(4.379733664891,3.8500006));
#5545 = CARTESIAN_POINT('',(4.370901137079,3.824756730239));
#5546 = CARTESIAN_POINT('',(4.362100703006,3.796824896715));
#5547 = CARTESIAN_POINT('',(4.353416547777,3.766331932126));
#5548 = CARTESIAN_POINT('',(4.34491675463,3.733484888634));
#5549 = CARTESIAN_POINT('',(4.336647765263,3.698522211606));
#5550 = CARTESIAN_POINT('',(4.328638472126,3.661664662387));
#5551 = CARTESIAN_POINT('',(4.314099515883,3.589156143895));
#5552 = CARTESIAN_POINT('',(4.30750833712,3.553896310722));
#5553 = CARTESIAN_POINT('',(4.301139604416,3.51742930383));
#5554 = CARTESIAN_POINT('',(4.294998817363,3.479867378718));
#5555 = CARTESIAN_POINT('',(4.289088219162,3.441312177013));
#5556 = CARTESIAN_POINT('',(4.283407611115,3.40185141346));
#5557 = CARTESIAN_POINT('',(4.272550306024,3.321611370082));
#5558 = CARTESIAN_POINT('',(4.267370279079,3.280851492838));
#5559 = CARTESIAN_POINT('',(4.262413620994,3.239348688847));
#5560 = CARTESIAN_POINT('',(4.257678329611,3.197169392322));
#5561 = CARTESIAN_POINT('',(4.253161995056,3.154373412542));
#5562 = CARTESIAN_POINT('',(4.248861928896,3.111013632385));
#5563 = CARTESIAN_POINT('',(4.241198901489,3.02873623377));
#5564 = CARTESIAN_POINT('',(4.237786088929,2.989941203228));
#5565 = CARTESIAN_POINT('',(4.234535019013,2.950782113136));
#5566 = CARTESIAN_POINT('',(4.231443922357,2.911288258907));
#5567 = CARTESIAN_POINT('',(4.228511100235,2.871486739085));
#5568 = CARTESIAN_POINT('',(4.225734928016,2.831402460947));
#5569 = CARTESIAN_POINT('',(4.215779883979,2.678171330601));
#5570 = CARTESIAN_POINT('',(4.209661523941,2.563268410046));
#5571 = CARTESIAN_POINT('',(4.204722740636,2.446823405232));
#5572 = CARTESIAN_POINT('',(4.200939371208,2.329257360064));
#5573 = CARTESIAN_POINT('',(4.198294018331,2.210946126214));
#5574 = CARTESIAN_POINT('',(4.19677548112,2.092223641325));
#5575 = CARTESIAN_POINT('',(4.195942953753,1.840310693041));
#5576 = CARTESIAN_POINT('',(4.196914667924,1.707109865336));
#5577 = CARTESIAN_POINT('',(4.199295860477,1.574256421397));
#5578 = CARTESIAN_POINT('',(4.20309556045,1.442241434142));
#5579 = CARTESIAN_POINT('',(4.208333157293,1.311580132721));
#5580 = CARTESIAN_POINT('',(4.215039022702,1.182805889882));
#5581 = CARTESIAN_POINT('',(4.225899216977,1.016210236267));
#5582 = CARTESIAN_POINT('',(4.228680460606,0.976181743757));
#5583 = CARTESIAN_POINT('',(4.231618097117,0.936436460891));
#5584 = CARTESIAN_POINT('',(4.234713749377,0.896999280659));
#5585 = CARTESIAN_POINT('',(4.237969113278,0.857897288343));
#5586 = CARTESIAN_POINT('',(4.241385954143,0.819159766763));
#5587 = CARTESIAN_POINT('',(4.249017096539,0.737434133433));
#5588 = CARTESIAN_POINT('',(4.253277029606,0.694558619667));
#5589 = CARTESIAN_POINT('',(4.2577486471,0.652236014111));
#5590 = CARTESIAN_POINT('',(4.262434548057,0.610517596542));
#5591 = CARTESIAN_POINT('',(4.267337063131,0.569461285563));
#5592 = CARTESIAN_POINT('',(4.272458131931,0.529131351562));
#5593 = CARTESIAN_POINT('',(4.283233483445,0.449374658166));
#5594 = CARTESIAN_POINT('',(4.28889488451,0.409980825222));
#5595 = CARTESIAN_POINT('',(4.294785207168,0.371486534975));
#5596 = CARTESIAN_POINT('',(4.300904675913,0.333978681028));
#5597 = CARTESIAN_POINT('',(4.307251117311,0.297557909819));
#5598 = CARTESIAN_POINT('',(4.313819161177,0.262335384007));
#5599 = CARTESIAN_POINT('',(4.328368423921,0.189579553024));
#5600 = CARTESIAN_POINT('',(4.336415422506,0.152461119613));
#5601 = CARTESIAN_POINT('',(4.344725732437,0.117253833367));
#5602 = CARTESIAN_POINT('',(4.353270201881,8.418221510155E-02));
#5603 = CARTESIAN_POINT('',(4.362001808503,5.348911340599E-02));
#5604 = CARTESIAN_POINT('',(4.3708514468,2.538528742001E-02));
#5605 = CARTESIAN_POINT('',(4.379733664891,-6.E-07));
#5606 = ( GEOMETRIC_REPRESENTATION_CONTEXT(2) 
PARAMETRIC_REPRESENTATION_CONTEXT() REPRESENTATION_CONTEXT('2D SPACE',''
  ) );
#5607 = ORIENTED_EDGE('',*,*,#5608,.T.);
#5608 = EDGE_CURVE('',#5404,#4887,#5609,.T.);
#5609 = SURFACE_CURVE('',#5610,(#5615,#5622),.PCURVE_S1.);
#5610 = CIRCLE('',#5611,1.049282021194);
#5611 = AXIS2_PLACEMENT_3D('',#5612,#5613,#5614);
#5612 = CARTESIAN_POINT('',(-1.668907004672,-7.311959341364,-1.925));
#5613 = DIRECTION('',(0.,0.,1.));
#5614 = DIRECTION('',(-0.222520933956,-0.974927912182,0.));
#5615 = PCURVE('',#5037,#5616);
#5616 = DEFINITIONAL_REPRESENTATION('',(#5617),#5621);
#5617 = LINE('',#5618,#5619);
#5618 = CARTESIAN_POINT('',(6.695344834216E-18,-1.071737103028));
#5619 = VECTOR('',#5620,1.);
#5620 = DIRECTION('',(1.,0.));
#5621 = ( GEOMETRIC_REPRESENTATION_CONTEXT(2) 
PARAMETRIC_REPRESENTATION_CONTEXT() REPRESENTATION_CONTEXT('2D SPACE',''
  ) );
#5622 = PCURVE('',#5363,#5623);
#5623 = DEFINITIONAL_REPRESENTATION('',(#5624),#5628);
#5624 = CIRCLE('',#5625,1.049282021194);
#5625 = AXIS2_PLACEMENT_2D('',#5626,#5627);
#5626 = CARTESIAN_POINT('',(-1.668907004672,-7.311959341364));
#5627 = DIRECTION('',(-0.222520933956,-0.974927912182));
#5628 = ( GEOMETRIC_REPRESENTATION_CONTEXT(2) 
PARAMETRIC_REPRESENTATION_CONTEXT() REPRESENTATION_CONTEXT('2D SPACE',''
  ) );
#5629 = ADVANCED_FACE('',(#5630),#5363,.F.);
#5630 = FACE_BOUND('',#5631,.F.);
#5631 = EDGE_LOOP('',(#5632,#5633,#5634,#5658));
#5632 = ORIENTED_EDGE('',*,*,#5348,.T.);
#5633 = ORIENTED_EDGE('',*,*,#5608,.F.);
#5634 = ORIENTED_EDGE('',*,*,#5635,.F.);
#5635 = EDGE_CURVE('',#5636,#5404,#5638,.T.);
#5636 = VERTEX_POINT('',#5637);
#5637 = CARTESIAN_POINT('',(-5.763034722114,-3.589532148026,-1.925));
#5638 = SURFACE_CURVE('',#5639,(#5644,#5651),.PCURVE_S1.);
#5639 = CIRCLE('',#5640,6.7895);
#5640 = AXIS2_PLACEMENT_3D('',#5641,#5642,#5643);
#5641 = CARTESIAN_POINT('',(0.,0.,-1.925));
#5642 = DIRECTION('',(0.,0.,1.));
#5643 = DIRECTION('',(1.,0.,0.));
#5644 = PCURVE('',#5363,#5645);
#5645 = DEFINITIONAL_REPRESENTATION('',(#5646),#5650);
#5646 = CIRCLE('',#5647,6.7895);
#5647 = AXIS2_PLACEMENT_2D('',#5648,#5649);
#5648 = CARTESIAN_POINT('',(0.,0.));
#5649 = DIRECTION('',(1.,0.));
#5650 = ( GEOMETRIC_REPRESENTATION_CONTEXT(2) 
PARAMETRIC_REPRESENTATION_CONTEXT() REPRESENTATION_CONTEXT('2D SPACE',''
  ) );
#5651 = PCURVE('',#5537,#5652);
#5652 = DEFINITIONAL_REPRESENTATION('',(#5653),#5657);
#5653 = LINE('',#5654,#5655);
#5654 = CARTESIAN_POINT('',(0.,0.));
#5655 = VECTOR('',#5656,1.);
#5656 = DIRECTION('',(1.,0.));
#5657 = ( GEOMETRIC_REPRESENTATION_CONTEXT(2) 
PARAMETRIC_REPRESENTATION_CONTEXT() REPRESENTATION_CONTEXT('2D SPACE',''
  ) );
#5658 = ORIENTED_EDGE('',*,*,#5659,.F.);
#5659 = EDGE_CURVE('',#5144,#5636,#5660,.T.);
#5660 = SURFACE_CURVE('',#5661,(#5666,#5673),.PCURVE_S1.);
#5661 = CIRCLE('',#5662,1.049282021194);
#5662 = AXIS2_PLACEMENT_3D('',#5663,#5664,#5665);
#5663 = CARTESIAN_POINT('',(-6.757266509268,-3.254128043382,-1.925));
#5664 = DIRECTION('',(0.,0.,1.));
#5665 = DIRECTION('',(-0.900968867902,-0.433883739118,0.));
#5666 = PCURVE('',#5363,#5667);
#5667 = DEFINITIONAL_REPRESENTATION('',(#5668),#5672);
#5668 = CIRCLE('',#5669,1.049282021194);
#5669 = AXIS2_PLACEMENT_2D('',#5670,#5671);
#5670 = CARTESIAN_POINT('',(-6.757266509268,-3.254128043382));
#5671 = DIRECTION('',(-0.900968867902,-0.433883739118));
#5672 = ( GEOMETRIC_REPRESENTATION_CONTEXT(2) 
PARAMETRIC_REPRESENTATION_CONTEXT() REPRESENTATION_CONTEXT('2D SPACE',''
  ) );
#5673 = PCURVE('',#5277,#5674);
#5674 = DEFINITIONAL_REPRESENTATION('',(#5675),#5679);
#5675 = LINE('',#5676,#5677);
#5676 = CARTESIAN_POINT('',(1.654244697564E-17,-1.071737103028));
#5677 = VECTOR('',#5678,1.);
#5678 = DIRECTION('',(1.,0.));
#5679 = ( GEOMETRIC_REPRESENTATION_CONTEXT(2) 
PARAMETRIC_REPRESENTATION_CONTEXT() REPRESENTATION_CONTEXT('2D SPACE',''
  ) );
#5680 = ADVANCED_FACE('',(#5681),#5277,.F.);
#5681 = FACE_BOUND('',#5682,.F.);
#5682 = EDGE_LOOP('',(#5683,#5684,#5685,#5885));
#5683 = ORIENTED_EDGE('',*,*,#5143,.F.);
#5684 = ORIENTED_EDGE('',*,*,#5659,.T.);
#5685 = ORIENTED_EDGE('',*,*,#5686,.T.);
#5686 = EDGE_CURVE('',#5636,#5687,#5689,.T.);
#5687 = VERTEX_POINT('',#5688);
#5688 = CARTESIAN_POINT('',(-5.763034722114,-3.589532148026,1.925));
#5689 = SURFACE_CURVE('',#5690,(#5753,#5819),.PCURVE_S1.);
#5690 = B_SPLINE_CURVE_WITH_KNOTS('',7,(#5691,#5692,#5693,#5694,#5695,
    #5696,#5697,#5698,#5699,#5700,#5701,#5702,#5703,#5704,#5705,#5706,
    #5707,#5708,#5709,#5710,#5711,#5712,#5713,#5714,#5715,#5716,#5717,
    #5718,#5719,#5720,#5721,#5722,#5723,#5724,#5725,#5726,#5727,#5728,
    #5729,#5730,#5731,#5732,#5733,#5734,#5735,#5736,#5737,#5738,#5739,
    #5740,#5741,#5742,#5743,#5744,#5745,#5746,#5747,#5748,#5749,#5750,
    #5751,#5752),.UNSPECIFIED.,.F.,.F.,(8,6,6,6,6,6,6,6,6,6,8),(0.,
    8.678941125994E-02,0.162655381964,0.238017140477,0.303706791779,
    0.495424502365,0.696169191204,0.761890690988,0.837276015121,
    0.913774777212,1.),.UNSPECIFIED.);
#5691 = CARTESIAN_POINT('',(-5.763035475673,-3.589530938177,-1.9250006)
  );
#5692 = CARTESIAN_POINT('',(-5.731257433625,-3.640550970271,
    -1.89969827955));
#5693 = CARTESIAN_POINT('',(-5.699068452041,-3.691056535737,
    -1.871695750193));
#5694 = CARTESIAN_POINT('',(-5.666783292563,-3.74055754181,
    -1.841120468049));
#5695 = CARTESIAN_POINT('',(-5.634689323802,-3.788676186194,
    -1.808180935571));
#5696 = CARTESIAN_POINT('',(-5.603013582508,-3.835174105585,
    -1.773117493219));
#5697 = CARTESIAN_POINT('',(-5.571921512009,-3.879918664789,
    -1.736152585095));
#5698 = CARTESIAN_POINT('',(-5.514951763822,-3.960395475138,
    -1.663645661015));
#5699 = CARTESIAN_POINT('',(-5.488912106148,-3.996550545445,
    -1.628512283421));
#5700 = CARTESIAN_POINT('',(-5.463477209698,-4.031293385369,
    -1.592182359222));
#5701 = CARTESIAN_POINT('',(-5.438703618558,-4.064616023209,
    -1.554766717462));
#5702 = CARTESIAN_POINT('',(-5.414633988332,-4.096528341124,
    -1.516365733559));
#5703 = CARTESIAN_POINT('',(-5.39129915586,-4.127052716318,
    -1.477066087789));
#5704 = CARTESIAN_POINT('',(-5.346291323759,-4.185190768572,
    -1.397075657875));
#5705 = CARTESIAN_POINT('',(-5.324610974982,-4.212819121036,
    -1.35640067024));
#5706 = CARTESIAN_POINT('',(-5.303701490255,-4.239131256433,
    -1.314984966454));
#5707 = CARTESIAN_POINT('',(-5.2835805216,-4.264156501951,
    -1.272894666197));
#5708 = CARTESIAN_POINT('',(-5.264261657212,-4.287925182361,
    -1.230189302105));
#5709 = CARTESIAN_POINT('',(-5.245755033247,-4.310467827216,
    -1.186921518629));
#5710 = CARTESIAN_POINT('',(-5.212650860853,-4.35042126184,
    -1.10497146175));
#5711 = CARTESIAN_POINT('',(-5.197856960279,-4.368118765526,
    -1.066414630304));
#5712 = CARTESIAN_POINT('',(-5.183691380756,-4.384926407667,
    -1.027497269252));
#5713 = CARTESIAN_POINT('',(-5.170158323426,-4.400862616314,
    -0.98824821276));
#5714 = CARTESIAN_POINT('',(-5.15726115572,-4.415944728911,
    -0.948694141625));
#5715 = CARTESIAN_POINT('',(-5.145002513365,-4.430188992188,
    -0.908859588434));
#5716 = CARTESIAN_POINT('',(-5.099476509881,-4.482781917002,
    -0.75175505278));
#5717 = CARTESIAN_POINT('',(-5.071030860963,-4.514938491285,
    -0.632566609533));
#5718 = CARTESIAN_POINT('',(-5.048086222293,-4.540469792005,
    -0.511730939482));
#5719 = CARTESIAN_POINT('',(-5.030672353085,-4.559643595311,
    -0.389715846811));
#5720 = CARTESIAN_POINT('',(-5.018799618028,-4.57264347884,
    -0.266937305997));
#5721 = CARTESIAN_POINT('',(-5.012464939859,-4.579574963998,
    -0.143763369653));
#5722 = CARTESIAN_POINT('',(-5.010846006506,-4.581346314756,
    0.10854203127));
#5723 = CARTESIAN_POINT('',(-5.016096547667,-4.575601110328,
    0.237596860138));
#5724 = CARTESIAN_POINT('',(-5.027417991751,-4.563222968483,
    0.366294376955));
#5725 = CARTESIAN_POINT('',(-5.044814652981,-4.544106508051,
    0.494220318326));
#5726 = CARTESIAN_POINT('',(-5.06827785643,-4.518047483734,
    0.620901486973));
#5727 = CARTESIAN_POINT('',(-5.097773136741,-4.484747317259,
    0.745805723246));
#5728 = CARTESIAN_POINT('',(-5.144873632253,-4.43033865426,
    0.908437976933));
#5729 = CARTESIAN_POINT('',(-5.157131630202,-4.416095982941,
    0.948291638162));
#5730 = CARTESIAN_POINT('',(-5.170028705053,-4.40101488298,
    0.987864763857));
#5731 = CARTESIAN_POINT('',(-5.183562221377,-4.385079094406,
    1.027132801666));
#5732 = CARTESIAN_POINT('',(-5.197728811742,-4.36827126416,
    1.066069049079));
#5733 = CARTESIAN_POINT('',(-5.212524274615,-4.350572946029,
    1.104644648202));
#5734 = CARTESIAN_POINT('',(-5.245629940432,-4.310620045796,
    1.18662715671));
#5735 = CARTESIAN_POINT('',(-5.264136387024,-4.288078957355,
    1.229908754983));
#5736 = CARTESIAN_POINT('',(-5.283455518777,-4.264311377433,
    1.272627905639));
#5737 = CARTESIAN_POINT('',(-5.303577202384,-4.239286756859,
    1.314731947228));
#5738 = CARTESIAN_POINT('',(-5.324487852617,-4.212974747357,
    1.356161327367));
#5739 = CARTESIAN_POINT('',(-5.346169820442,-4.185345993778,
    1.396849903552));
#5740 = CARTESIAN_POINT('',(-5.391363046138,-4.126971927957,
    1.477189541444));
#5741 = CARTESIAN_POINT('',(-5.414893791479,-4.096190099093,
    1.516811339376));
#5742 = CARTESIAN_POINT('',(-5.439171483817,-4.063997114438,
    1.555519314692));
#5743 = CARTESIAN_POINT('',(-5.464164491701,-4.030370020232,
    1.593224543231));
#5744 = CARTESIAN_POINT('',(-5.489828922524,-3.995298849315,
    1.62982390589));
#5745 = CARTESIAN_POINT('',(-5.516106459486,-3.95879223618,
    1.665203494767));
#5746 = CARTESIAN_POINT('',(-5.573147433727,-3.878153849427,
    1.737608383414));
#5747 = CARTESIAN_POINT('',(-5.604054055814,-3.833646317646,
    1.774268104304));
#5748 = CARTESIAN_POINT('',(-5.63553247366,-3.787411753965,
    1.809045620813));
#5749 = CARTESIAN_POINT('',(-5.667419402548,-3.739582093125,
    1.841722592689));
#5750 = CARTESIAN_POINT('',(-5.699491412343,-3.69039285823,1.87206362285
    ));
#5751 = CARTESIAN_POINT('',(-5.73146638436,-3.640215497332,
    1.899864650355));
#5752 = CARTESIAN_POINT('',(-5.763035475674,-3.589530938177,1.9250006));
#5753 = PCURVE('',#5277,#5754);
#5754 = DEFINITIONAL_REPRESENTATION('',(#5755),#5818);
#5755 = B_SPLINE_CURVE_WITH_KNOTS('',7,(#5756,#5757,#5758,#5759,#5760,
    #5761,#5762,#5763,#5764,#5765,#5766,#5767,#5768,#5769,#5770,#5771,
    #5772,#5773,#5774,#5775,#5776,#5777,#5778,#5779,#5780,#5781,#5782,
    #5783,#5784,#5785,#5786,#5787,#5788,#5789,#5790,#5791,#5792,#5793,
    #5794,#5795,#5796,#5797,#5798,#5799,#5800,#5801,#5802,#5803,#5804,
    #5805,#5806,#5807,#5808,#5809,#5810,#5811,#5812,#5813,#5814,#5815,
    #5816,#5817),.UNSPECIFIED.,.F.,.F.,(8,6,6,6,6,6,6,6,6,6,8),(0.,
    8.678941125994E-02,0.162655381964,0.238017140477,0.303706791779,
    0.495424502365,0.696169191204,0.761890690988,0.837276015121,
    0.913774777212,1.),.UNSPECIFIED.);
#5756 = CARTESIAN_POINT('',(2.367433368016,-1.071737674848));
#5757 = CARTESIAN_POINT('',(2.331041361211,-1.04762371265));
#5758 = CARTESIAN_POINT('',(2.298995624367,-1.022180896932));
#5759 = CARTESIAN_POINT('',(2.271026007555,-0.99575502307));
#5760 = CARTESIAN_POINT('',(2.246607352447,-0.96866788801));
#5761 = CARTESIAN_POINT('',(2.225235164783,-0.941161503908));
#5762 = CARTESIAN_POINT('',(2.20646195492,-0.913411065167));
#5763 = CARTESIAN_POINT('',(2.175431074343,-0.86115485334));
#5764 = CARTESIAN_POINT('',(2.162651692311,-0.836682106951));
#5765 = CARTESIAN_POINT('',(2.151309455712,-0.812183056258));
#5766 = CARTESIAN_POINT('',(2.141194678292,-0.787710112915));
#5767 = CARTESIAN_POINT('',(2.13213667256,-0.763298531265));
#5768 = CARTESIAN_POINT('',(2.123995491731,-0.738969859635));
#5769 = CARTESIAN_POINT('',(2.109360646045,-0.690661988115));
#5770 = CARTESIAN_POINT('',(2.102857164081,-0.66668430402));
#5771 = CARTESIAN_POINT('',(2.097029546292,-0.642814690082));
#5772 = CARTESIAN_POINT('',(2.091786630909,-0.619060360261));
#5773 = CARTESIAN_POINT('',(2.087055098931,-0.595424201611));
#5774 = CARTESIAN_POINT('',(2.082774799157,-0.571905584176));
#5775 = CARTESIAN_POINT('',(2.075511408884,-0.528100535601));
#5776 = CARTESIAN_POINT('',(2.072432545741,-0.507787315311));
#5777 = CARTESIAN_POINT('',(2.069623879204,-0.487559617414));
#5778 = CARTESIAN_POINT('',(2.067057313879,-0.467414855861));
#5779 = CARTESIAN_POINT('',(2.064709289296,-0.447349803477));
#5780 = CARTESIAN_POINT('',(2.062559805628,-0.427360644308));
#5781 = CARTESIAN_POINT('',(2.054846728006,-0.349312709917));
#5782 = CARTESIAN_POINT('',(2.050645606601,-0.291802539258));
#5783 = CARTESIAN_POINT('',(2.047559249989,-0.234789585853));
#5784 = CARTESIAN_POINT('',(2.045358798044,-0.178158706272));
#5785 = CARTESIAN_POINT('',(2.043912121533,-0.12179538761));
#5786 = CARTESIAN_POINT('',(2.043142040775,-6.557611008926E-02));
#5787 = CARTESIAN_POINT('',(2.042945451798,4.951075572145E-02));
#5788 = CARTESIAN_POINT('',(2.043583123426,0.108340145892));
#5789 = CARTESIAN_POINT('',(2.044952133407,0.167301973065));
#5790 = CARTESIAN_POINT('',(2.047120494102,0.2265384163));
#5791 = CARTESIAN_POINT('',(2.050242060554,0.286181596294));
#5792 = CARTESIAN_POINT('',(2.054560233491,0.346362903736));
#5793 = CARTESIAN_POINT('',(2.062537290088,0.427149319918));
#5794 = CARTESIAN_POINT('',(2.064685902492,0.447146134185));
#5795 = CARTESIAN_POINT('',(2.067033075012,0.467218876249));
#5796 = CARTESIAN_POINT('',(2.06959881282,0.487371369336));
#5797 = CARTESIAN_POINT('',(2.072406684167,0.507606847846));
#5798 = CARTESIAN_POINT('',(2.075484795602,0.527927905101));
#5799 = CARTESIAN_POINT('',(2.082746030813,0.571745890153));
#5800 = CARTESIAN_POINT('',(2.087024808204,0.595269587286));
#5801 = CARTESIAN_POINT('',(2.091754755469,0.618910879325));
#5802 = CARTESIAN_POINT('',(2.096996021902,0.642670406498));
#5803 = CARTESIAN_POINT('',(2.102821927029,0.666545292743));
#5804 = CARTESIAN_POINT('',(2.109323637655,0.690528336016));
#5805 = CARTESIAN_POINT('',(2.124013742989,0.739041704949));
#5806 = CARTESIAN_POINT('',(2.132224817609,0.763571980142));
#5807 = CARTESIAN_POINT('',(2.141368411434,0.788186527882));
#5808 = CARTESIAN_POINT('',(2.151588089236,0.812863241864));
#5809 = CARTESIAN_POINT('',(2.163059226872,0.837565797113));
#5810 = CARTESIAN_POINT('',(2.175997600255,0.862240041316));
#5811 = CARTESIAN_POINT('',(2.207203618023,0.914504735693));
#5812 = CARTESIAN_POINT('',(2.225938403875,0.942064675164));
#5813 = CARTESIAN_POINT('',(2.247249768285,0.969379289254));
#5814 = CARTESIAN_POINT('',(2.271577601106,0.996275574388));
#5815 = CARTESIAN_POINT('',(2.299416859491,1.022515181064));
#5816 = CARTESIAN_POINT('',(2.331280650231,1.047782269622));
#5817 = CARTESIAN_POINT('',(2.367433368016,1.071737674848));
#5818 = ( GEOMETRIC_REPRESENTATION_CONTEXT(2) 
PARAMETRIC_REPRESENTATION_CONTEXT() REPRESENTATION_CONTEXT('2D SPACE',''
  ) );
#5819 = PCURVE('',#5537,#5820);
#5820 = DEFINITIONAL_REPRESENTATION('',(#5821),#5884);
#5821 = B_SPLINE_CURVE_WITH_KNOTS('',7,(#5822,#5823,#5824,#5825,#5826,
    #5827,#5828,#5829,#5830,#5831,#5832,#5833,#5834,#5835,#5836,#5837,
    #5838,#5839,#5840,#5841,#5842,#5843,#5844,#5845,#5846,#5847,#5848,
    #5849,#5850,#5851,#5852,#5853,#5854,#5855,#5856,#5857,#5858,#5859,
    #5860,#5861,#5862,#5863,#5864,#5865,#5866,#5867,#5868,#5869,#5870,
    #5871,#5872,#5873,#5874,#5875,#5876,#5877,#5878,#5879,#5880,#5881,
    #5882,#5883),.UNSPECIFIED.,.F.,.F.,(8,6,6,6,6,6,6,6,6,6,8),(0.,
    8.678941125994E-02,0.162655381964,0.238017140477,0.303706791779,
    0.495424502365,0.696169191204,0.761890690988,0.837276015121,
    0.913774777212,1.),.UNSPECIFIED.);
#5822 = CARTESIAN_POINT('',(3.69864744434,-5.999999963535E-07));
#5823 = CARTESIAN_POINT('',(3.707500423349,2.530172045024E-02));
#5824 = CARTESIAN_POINT('',(3.716321083751,5.330424980679E-02));
#5825 = CARTESIAN_POINT('',(3.725024776517,8.387953195119E-02));
#5826 = CARTESIAN_POINT('',(3.733542994021,0.116819064429));
#5827 = CARTESIAN_POINT('',(3.741829028186,0.151882506781));
#5828 = CARTESIAN_POINT('',(3.749853853089,0.188847414905));
#5829 = CARTESIAN_POINT('',(3.76437635899,0.261354338985));
#5830 = CARTESIAN_POINT('',(3.770938651908,0.296487716579));
#5831 = CARTESIAN_POINT('',(3.777280221051,0.332817640778));
#5832 = CARTESIAN_POINT('',(3.783395655671,0.370233282538));
#5833 = CARTESIAN_POINT('',(3.789282744102,0.408634266441));
#5834 = CARTESIAN_POINT('',(3.794941676192,0.447933912211));
#5835 = CARTESIAN_POINT('',(3.805770709927,0.527924342125));
#5836 = CARTESIAN_POINT('',(3.810943184728,0.56859932976));
#5837 = CARTESIAN_POINT('',(3.815893119873,0.610015033546));
#5838 = CARTESIAN_POINT('',(3.820622501268,0.652105333803));
#5839 = CARTESIAN_POINT('',(3.825133722295,0.694810697895));
#5840 = CARTESIAN_POINT('',(3.829429455113,0.738078481371));
#5841 = CARTESIAN_POINT('',(3.837071558284,0.82002853825));
#5842 = CARTESIAN_POINT('',(3.840468897248,0.858585369696));
#5843 = CARTESIAN_POINT('',(3.84370634298,0.897502730748));
#5844 = CARTESIAN_POINT('',(3.846785634782,0.93675178724));
#5845 = CARTESIAN_POINT('',(3.849708443657,0.976305858375));
#5846 = CARTESIAN_POINT('',(3.852476368846,1.016140411566));
#5847 = CARTESIAN_POINT('',(3.862721641884,1.17324494722));
#5848 = CARTESIAN_POINT('',(3.869044647043,1.292433390467));
#5849 = CARTESIAN_POINT('',(3.87410030237,1.413269060518));
#5850 = CARTESIAN_POINT('',(3.877915197508,1.535284153189));
#5851 = CARTESIAN_POINT('',(3.880508259735,1.658062694003));
#5852 = CARTESIAN_POINT('',(3.881891292199,1.781236630347));
#5853 = CARTESIAN_POINT('',(3.882244737121,2.03354203127));
#5854 = CARTESIAN_POINT('',(3.881098404343,2.162596860138));
#5855 = CARTESIAN_POINT('',(3.878627706543,2.291294376955));
#5856 = CARTESIAN_POINT('',(3.874820768714,2.419220318326));
#5857 = CARTESIAN_POINT('',(3.869656243618,2.545901486973));
#5858 = CARTESIAN_POINT('',(3.863104707229,2.670805723246));
#5859 = CARTESIAN_POINT('',(3.852505458837,2.833437976933));
#5860 = CARTESIAN_POINT('',(3.849737773275,2.873291638162));
#5861 = CARTESIAN_POINT('',(3.846815086635,2.912864763857));
#5862 = CARTESIAN_POINT('',(3.843735798231,2.952132801666));
#5863 = CARTESIAN_POINT('',(3.840498235372,2.991069049079));
#5864 = CARTESIAN_POINT('',(3.837100656801,3.029644648202));
#5865 = CARTESIAN_POINT('',(3.829458473896,3.11162715671));
#5866 = CARTESIAN_POINT('',(3.825162934823,3.154908754983));
#5867 = CARTESIAN_POINT('',(3.820651814724,3.197627905639));
#5868 = CARTESIAN_POINT('',(3.815922439075,3.239731947228));
#5869 = CARTESIAN_POINT('',(3.810972411659,3.281161327367));
#5870 = CARTESIAN_POINT('',(3.805799743186,3.321849903552));
#5871 = CARTESIAN_POINT('',(3.794926506713,3.402189541444));
#5872 = CARTESIAN_POINT('',(3.789219927364,3.441811339376));
#5873 = CARTESIAN_POINT('',(3.783281387706,3.480519314692));
#5874 = CARTESIAN_POINT('',(3.777110692663,3.518224543231));
#5875 = CARTESIAN_POINT('',(3.770710141697,3.55482390589));
#5876 = CARTESIAN_POINT('',(3.764085364232,3.590203494767));
#5877 = CARTESIAN_POINT('',(3.749537372421,3.662608383414));
#5878 = CARTESIAN_POINT('',(3.741556797771,3.699268104304));
#5879 = CARTESIAN_POINT('',(3.733319173357,3.734045620813));
#5880 = CARTESIAN_POINT('',(3.724853271846,3.766722592689));
#5881 = CARTESIAN_POINT('',(3.716205176198,3.79706362285));
#5882 = CARTESIAN_POINT('',(3.707442212196,3.824864650355));
#5883 = CARTESIAN_POINT('',(3.69864744434,3.8500006));
#5884 = ( GEOMETRIC_REPRESENTATION_CONTEXT(2) 
PARAMETRIC_REPRESENTATION_CONTEXT() REPRESENTATION_CONTEXT('2D SPACE',''
  ) );
#5885 = ORIENTED_EDGE('',*,*,#5886,.F.);
#5886 = EDGE_CURVE('',#5115,#5687,#5887,.T.);
#5887 = SURFACE_CURVE('',#5888,(#5893,#5900),.PCURVE_S1.);
#5888 = CIRCLE('',#5889,1.049282021194);
#5889 = AXIS2_PLACEMENT_3D('',#5890,#5891,#5892);
#5890 = CARTESIAN_POINT('',(-6.757266509268,-3.254128043382,1.925));
#5891 = DIRECTION('',(0.,0.,1.));
#5892 = DIRECTION('',(-0.900968867902,-0.433883739118,0.));
#5893 = PCURVE('',#5277,#5894);
#5894 = DEFINITIONAL_REPRESENTATION('',(#5895),#5899);
#5895 = LINE('',#5896,#5897);
#5896 = CARTESIAN_POINT('',(1.654244697564E-17,1.071737103028));
#5897 = VECTOR('',#5898,1.);
#5898 = DIRECTION('',(1.,0.));
#5899 = ( GEOMETRIC_REPRESENTATION_CONTEXT(2) 
PARAMETRIC_REPRESENTATION_CONTEXT() REPRESENTATION_CONTEXT('2D SPACE',''
  ) );
#5900 = PCURVE('',#5131,#5901);
#5901 = DEFINITIONAL_REPRESENTATION('',(#5902),#5906);
#5902 = CIRCLE('',#5903,1.049282021194);
#5903 = AXIS2_PLACEMENT_2D('',#5904,#5905);
#5904 = CARTESIAN_POINT('',(-6.757266509268,-3.254128043382));
#5905 = DIRECTION('',(-0.900968867902,-0.433883739118));
#5906 = ( GEOMETRIC_REPRESENTATION_CONTEXT(2) 
PARAMETRIC_REPRESENTATION_CONTEXT() REPRESENTATION_CONTEXT('2D SPACE',''
  ) );
#5907 = ADVANCED_FACE('',(#5908),#5131,.T.);
#5908 = FACE_BOUND('',#5909,.T.);
#5909 = EDGE_LOOP('',(#5910,#5911,#5912,#5934));
#5910 = ORIENTED_EDGE('',*,*,#5114,.T.);
#5911 = ORIENTED_EDGE('',*,*,#5379,.F.);
#5912 = ORIENTED_EDGE('',*,*,#5913,.F.);
#5913 = EDGE_CURVE('',#5687,#5380,#5914,.T.);
#5914 = SURFACE_CURVE('',#5915,(#5920,#5927),.PCURVE_S1.);
#5915 = CIRCLE('',#5916,6.7895);
#5916 = AXIS2_PLACEMENT_3D('',#5917,#5918,#5919);
#5917 = CARTESIAN_POINT('',(0.,0.,1.925));
#5918 = DIRECTION('',(0.,0.,1.));
#5919 = DIRECTION('',(1.,0.,0.));
#5920 = PCURVE('',#5131,#5921);
#5921 = DEFINITIONAL_REPRESENTATION('',(#5922),#5926);
#5922 = CIRCLE('',#5923,6.7895);
#5923 = AXIS2_PLACEMENT_2D('',#5924,#5925);
#5924 = CARTESIAN_POINT('',(0.,0.));
#5925 = DIRECTION('',(1.,0.));
#5926 = ( GEOMETRIC_REPRESENTATION_CONTEXT(2) 
PARAMETRIC_REPRESENTATION_CONTEXT() REPRESENTATION_CONTEXT('2D SPACE',''
  ) );
#5927 = PCURVE('',#5537,#5928);
#5928 = DEFINITIONAL_REPRESENTATION('',(#5929),#5933);
#5929 = LINE('',#5930,#5931);
#5930 = CARTESIAN_POINT('',(0.,3.85));
#5931 = VECTOR('',#5932,1.);
#5932 = DIRECTION('',(1.,0.));
#5933 = ( GEOMETRIC_REPRESENTATION_CONTEXT(2) 
PARAMETRIC_REPRESENTATION_CONTEXT() REPRESENTATION_CONTEXT('2D SPACE',''
  ) );
#5934 = ORIENTED_EDGE('',*,*,#5886,.F.);
#5935 = ADVANCED_FACE('',(#5936),#5537,.F.);
#5936 = FACE_BOUND('',#5937,.F.);
#5937 = EDGE_LOOP('',(#5938,#5939,#5940,#5941));
#5938 = ORIENTED_EDGE('',*,*,#5403,.F.);
#5939 = ORIENTED_EDGE('',*,*,#5913,.F.);
#5940 = ORIENTED_EDGE('',*,*,#5686,.F.);
#5941 = ORIENTED_EDGE('',*,*,#5635,.T.);
#5942 = ( GEOMETRIC_REPRESENTATION_CONTEXT(3) 
GLOBAL_UNCERTAINTY_ASSIGNED_CONTEXT((#5946)) 
GLOBAL_UNIT_ASSIGNED_CONTEXT((#5943,#5944,#5945)) REPRESENTATION_CONTEXT
('Context #1','3D Context with UNIT and UNCERTAINTY') );
#5943 = ( LENGTH_UNIT() NAMED_UNIT(*) SI_UNIT(.MILLI.,.METRE.) );
#5944 = ( NAMED_UNIT(*) PLANE_ANGLE_UNIT() SI_UNIT($,.RADIAN.) );
#5945 = ( NAMED_UNIT(*) SI_UNIT($,.STERADIAN.) SOLID_ANGLE_UNIT() );
#5946 = UNCERTAINTY_MEASURE_WITH_UNIT(LENGTH_MEASURE(2.E-07),#5943,
  'distance_accuracy_value','confusion accuracy');
#5947 = CONTEXT_DEPENDENT_SHAPE_REPRESENTATION(#5948,#5950);
#5948 = ( REPRESENTATION_RELATIONSHIP('','',#4877,#516) 
REPRESENTATION_RELATIONSHIP_WITH_TRANSFORMATION(#5949) 
SHAPE_REPRESENTATION_RELATIONSHIP() );
#5949 = ITEM_DEFINED_TRANSFORMATION('','',#11,#533);
#5950 = PRODUCT_DEFINITION_SHAPE('Placement','Placement of an item',
  #5951);
#5951 = NEXT_ASSEMBLY_USAGE_OCCURRENCE('9','=>[0:1:1:11]','',#511,#4872,
  $);
#5952 = PRODUCT_RELATED_PRODUCT_CATEGORY('part',$,(#4874));
#5953 = SHAPE_DEFINITION_REPRESENTATION(#5954,#5960);
#5954 = PRODUCT_DEFINITION_SHAPE('','',#5955);
#5955 = PRODUCT_DEFINITION('design','',#5956,#5959);
#5956 = PRODUCT_DEFINITION_FORMATION('','',#5957);
#5957 = PRODUCT('SOLID','SOLID','',(#5958));
#5958 = PRODUCT_CONTEXT('',#2,'mechanical');
#5959 = PRODUCT_DEFINITION_CONTEXT('part definition',#2,'design');
#5960 = ADVANCED_BREP_SHAPE_REPRESENTATION('',(#11,#5961),#7025);
#5961 = MANIFOLD_SOLID_BREP('',#5962);
#5962 = CLOSED_SHELL('',(#5963,#6457,#6536,#6763,#6814,#7018));
#5963 = ADVANCED_FACE('',(#5964),#5979,.T.);
#5964 = FACE_BOUND('',#5965,.T.);
#5965 = EDGE_LOOP('',(#5966,#6002,#6207,#6236));
#5966 = ORIENTED_EDGE('',*,*,#5967,.F.);
#5967 = EDGE_CURVE('',#5968,#5970,#5972,.T.);
#5968 = VERTEX_POINT('',#5969);
#5969 = CARTESIAN_POINT('',(-2.60482935906,7.786345372521,1.925));
#5970 = VERTEX_POINT('',#5971);
#5971 = CARTESIAN_POINT('',(-7.011496375784,4.272145693018,1.925));
#5972 = SURFACE_CURVE('',#5973,(#5978,#5990),.PCURVE_S1.);
#5973 = CIRCLE('',#5974,8.2105);
#5974 = AXIS2_PLACEMENT_3D('',#5975,#5976,#5977);
#5975 = CARTESIAN_POINT('',(0.,0.,1.925));
#5976 = DIRECTION('',(0.,0.,1.));
#5977 = DIRECTION('',(1.,0.,0.));
#5978 = PCURVE('',#5979,#5984);
#5979 = CYLINDRICAL_SURFACE('',#5980,8.2105);
#5980 = AXIS2_PLACEMENT_3D('',#5981,#5982,#5983);
#5981 = CARTESIAN_POINT('',(0.,0.,-1.925));
#5982 = DIRECTION('',(0.,0.,1.));
#5983 = DIRECTION('',(1.,0.,0.));
#5984 = DEFINITIONAL_REPRESENTATION('',(#5985),#5989);
#5985 = LINE('',#5986,#5987);
#5986 = CARTESIAN_POINT('',(0.,3.85));
#5987 = VECTOR('',#5988,1.);
#5988 = DIRECTION('',(1.,0.));
#5989 = ( GEOMETRIC_REPRESENTATION_CONTEXT(2) 
PARAMETRIC_REPRESENTATION_CONTEXT() REPRESENTATION_CONTEXT('2D SPACE',''
  ) );
#5990 = PCURVE('',#5991,#5996);
#5991 = PLANE('',#5992);
#5992 = AXIS2_PLACEMENT_3D('',#5993,#5994,#5995);
#5993 = CARTESIAN_POINT('',(0.,0.,1.925));
#5994 = DIRECTION('',(0.,0.,1.));
#5995 = DIRECTION('',(1.,0.,0.));
#5996 = DEFINITIONAL_REPRESENTATION('',(#5997),#6001);
#5997 = CIRCLE('',#5998,8.2105);
#5998 = AXIS2_PLACEMENT_2D('',#5999,#6000);
#5999 = CARTESIAN_POINT('',(0.,0.));
#6000 = DIRECTION('',(1.,0.));
#6001 = ( GEOMETRIC_REPRESENTATION_CONTEXT(2) 
PARAMETRIC_REPRESENTATION_CONTEXT() REPRESENTATION_CONTEXT('2D SPACE',''
  ) );
#6002 = ORIENTED_EDGE('',*,*,#6003,.F.);
#6003 = EDGE_CURVE('',#6004,#5968,#6006,.T.);
#6004 = VERTEX_POINT('',#6005);
#6005 = CARTESIAN_POINT('',(-2.60482935906,7.786345372521,-1.925));
#6006 = SURFACE_CURVE('',#6007,(#6070,#6136),.PCURVE_S1.);
#6007 = B_SPLINE_CURVE_WITH_KNOTS('',7,(#6008,#6009,#6010,#6011,#6012,
    #6013,#6014,#6015,#6016,#6017,#6018,#6019,#6020,#6021,#6022,#6023,
    #6024,#6025,#6026,#6027,#6028,#6029,#6030,#6031,#6032,#6033,#6034,
    #6035,#6036,#6037,#6038,#6039,#6040,#6041,#6042,#6043,#6044,#6045,
    #6046,#6047,#6048,#6049,#6050,#6051,#6052,#6053,#6054,#6055,#6056,
    #6057,#6058,#6059,#6060,#6061,#6062,#6063,#6064,#6065,#6066,#6067,
    #6068,#6069),.UNSPECIFIED.,.F.,.F.,(8,6,6,6,6,6,6,6,6,6,8),(0.,
    0.105335769223,0.190864882339,0.266960782181,0.32868967722,
    0.506390218609,0.671578382393,0.733237648813,0.809282602626,
    0.89477581715,1.),.UNSPECIFIED.);
#6008 = CARTESIAN_POINT('',(-2.604827872997,7.786345869666,-1.9250006));
#6009 = CARTESIAN_POINT('',(-2.676004751963,7.762534505343,
    -1.896262876016));
#6010 = CARTESIAN_POINT('',(-2.747030352329,7.73792973305,-1.86387975761
    ));
#6011 = CARTESIAN_POINT('',(-2.817094198658,7.712798133708,
    -1.827932801126));
#6012 = CARTESIAN_POINT('',(-2.885502873618,7.687424962431,
    -1.788640136311));
#6013 = CARTESIAN_POINT('',(-2.951773564749,7.662068435588,
    -1.746296343683));
#6014 = CARTESIAN_POINT('',(-3.015590268013,7.636941795959,
    -1.701196141731));
#6015 = CARTESIAN_POINT('',(-3.12644548998,7.592135382408,
    -1.614950519515));
#6016 = CARTESIAN_POINT('',(-3.174386228214,7.572318175885,
    -1.574652881221));
#6017 = CARTESIAN_POINT('',(-3.220501094071,7.552849770863,
    -1.532838243966));
#6018 = CARTESIAN_POINT('',(-3.264734476553,7.533805724363,
    -1.489635302138));
#6019 = CARTESIAN_POINT('',(-3.307058580579,7.51525030959,
    -1.445164551032));
#6020 = CARTESIAN_POINT('',(-3.347465954731,7.497237328407,
    -1.399534212907));
#6021 = CARTESIAN_POINT('',(-3.420212259005,7.46430651962,
    -1.311288554325));
#6022 = CARTESIAN_POINT('',(-3.45294713691,7.449267609295,
    -1.268898893968));
#6023 = CARTESIAN_POINT('',(-3.484169653916,7.434726087538,
    -1.22573444806));
#6024 = CARTESIAN_POINT('',(-3.513887503119,7.420709843805,
    -1.181858254564));
#6025 = CARTESIAN_POINT('',(-3.542111893371,7.407243112748,
    -1.137328765651));
#6026 = CARTESIAN_POINT('',(-3.568856373137,7.394346824677,
    -1.092199490038));
#6027 = CARTESIAN_POINT('',(-3.61464217441,7.372054828956,-1.00946238535
    ));
#6028 = CARTESIAN_POINT('',(-3.6341841685,7.362458092284,-0.972043848551
    ));
#6029 = CARTESIAN_POINT('',(-3.652769350842,7.353258447194,
    -0.934289199862));
#6030 = CARTESIAN_POINT('',(-3.670405518627,7.344464566866,
    -0.896223329807));
#6031 = CARTESIAN_POINT('',(-3.687100426652,7.336084168301,
    -0.85786982363));
#6032 = CARTESIAN_POINT('',(-3.70286166196,7.328124084153,
    -0.819250940415));
#6033 = CARTESIAN_POINT('',(-3.760401997523,7.298902737865,
    -0.668510682557));
#6034 = CARTESIAN_POINT('',(-3.795425815252,7.280750601045,
    -0.554620229766));
#6035 = CARTESIAN_POINT('',(-3.822951279511,7.266273001036,
    -0.439198869185));
#6036 = CARTESIAN_POINT('',(-3.843113177644,7.255567677387,
    -0.32269014473));
#6037 = CARTESIAN_POINT('',(-3.856007469593,7.24869170017,
    -0.205502466468));
#6038 = CARTESIAN_POINT('',(-3.861685333428,7.245667652801,
    -8.801028328532E-02));
#6039 = CARTESIAN_POINT('',(-3.858687198288,7.247264727739,
    0.138634818447));
#6040 = CARTESIAN_POINT('',(-3.850994342445,7.251362201076,
    0.247745652812));
#6041 = CARTESIAN_POINT('',(-3.837050376659,7.25878241543,0.356499611702
    ));
#6042 = CARTESIAN_POINT('',(-3.816806364675,7.269501217449,0.46458980169
    ));
#6043 = CARTESIAN_POINT('',(-3.79018060624,7.28346798467,0.571683698643)
  );
#6044 = CARTESIAN_POINT('',(-3.757061970277,7.300601615893,
    0.677422313184));
#6045 = CARTESIAN_POINT('',(-3.702462305246,7.328325877149,
    0.820235702963));
#6046 = CARTESIAN_POINT('',(-3.686696982795,7.336286939788,
    0.858809361306));
#6047 = CARTESIAN_POINT('',(-3.669999763371,7.344667336799,
    0.897117790815));
#6048 = CARTESIAN_POINT('',(-3.652363079453,7.353460244728,
    0.935138784111));
#6049 = CARTESIAN_POINT('',(-3.63377919849,7.36265795823,0.972848811135)
  );
#6050 = CARTESIAN_POINT('',(-3.614240348061,7.37225181848,1.010223040041
    ));
#6051 = CARTESIAN_POINT('',(-3.568454139408,7.394540968058,
    1.092882998433));
#6052 = CARTESIAN_POINT('',(-3.54170573629,7.407437343953,1.13797912789)
  );
#6053 = CARTESIAN_POINT('',(-3.513478950596,7.420903300291,
    1.182475587288));
#6054 = CARTESIAN_POINT('',(-3.483760269807,7.434917917098,
    1.226318922636));
#6055 = CARTESIAN_POINT('',(-3.452538525697,7.449456973581,
    1.269450743033));
#6056 = CARTESIAN_POINT('',(-3.419806070063,7.464492598283,
    1.311808078571));
#6057 = CARTESIAN_POINT('',(-3.347058896729,7.497419088883,
    1.399997541303));
#6058 = CARTESIAN_POINT('',(-3.306647722271,7.515431121255,
    1.445603578467));
#6059 = CARTESIAN_POINT('',(-3.264321071562,7.533984872291,
    1.490050009044));
#6060 = CARTESIAN_POINT('',(-3.220086477291,7.553026539375,
    1.533228652765));
#6061 = CARTESIAN_POINT('',(-3.173971832264,7.57249185086,1.575019067531
    ));
#6062 = CARTESIAN_POINT('',(-3.12603286134,7.59230525557,1.615292627162)
  );
#6063 = CARTESIAN_POINT('',(-3.015224468824,7.637085811966,
    1.701454592814));
#6064 = CARTESIAN_POINT('',(-2.951457076827,7.662189522402,1.74649851847
    ));
#6065 = CARTESIAN_POINT('',(-2.885241552833,7.68752188205,1.788790207264
    ));
#6066 = CARTESIAN_POINT('',(-2.816893453857,7.712870139327,1.82803579181
    ));
#6067 = CARTESIAN_POINT('',(-2.746894630098,7.737976750439,
    1.863941639906));
#6068 = CARTESIAN_POINT('',(-2.675936694367,7.762557273189,
    1.896290354327));
#6069 = CARTESIAN_POINT('',(-2.604827872997,7.786345869666,1.9250006));
#6070 = PCURVE('',#5979,#6071);
#6071 = DEFINITIONAL_REPRESENTATION('',(#6072),#6135);
#6072 = B_SPLINE_CURVE_WITH_KNOTS('',7,(#6073,#6074,#6075,#6076,#6077,
    #6078,#6079,#6080,#6081,#6082,#6083,#6084,#6085,#6086,#6087,#6088,
    #6089,#6090,#6091,#6092,#6093,#6094,#6095,#6096,#6097,#6098,#6099,
    #6100,#6101,#6102,#6103,#6104,#6105,#6106,#6107,#6108,#6109,#6110,
    #6111,#6112,#6113,#6114,#6115,#6116,#6117,#6118,#6119,#6120,#6121,
    #6122,#6123,#6124,#6125,#6126,#6127,#6128,#6129,#6130,#6131,#6132,
    #6133,#6134),.UNSPECIFIED.,.F.,.F.,(8,6,6,6,6,6,6,6,6,6,8),(0.,
    0.105335769223,0.190864882339,0.266960782181,0.32868967722,
    0.506390218609,0.671578382393,0.733237648813,0.809282602626,
    0.89477581715,1.),.UNSPECIFIED.);
#6073 = CARTESIAN_POINT('',(1.893630608048,-6.E-07));
#6074 = CARTESIAN_POINT('',(1.902771850956,2.873712398374E-02));
#6075 = CARTESIAN_POINT('',(1.911926278503,6.112024239041E-02));
#6076 = CARTESIAN_POINT('',(1.920991222313,9.706719887373E-02));
#6077 = CARTESIAN_POINT('',(1.929876842359,0.136359863689));
#6078 = CARTESIAN_POINT('',(1.938518293322,0.178703656317));
#6079 = CARTESIAN_POINT('',(1.946871296495,0.223803858269));
#6080 = CARTESIAN_POINT('',(1.961434106447,0.310049480485));
#6081 = CARTESIAN_POINT('',(1.967752063046,0.350347118779));
#6082 = CARTESIAN_POINT('',(1.973848379569,0.392161756034));
#6083 = CARTESIAN_POINT('',(1.979713644657,0.435364697862));
#6084 = CARTESIAN_POINT('',(1.985341979928,0.479835448968));
#6085 = CARTESIAN_POINT('',(1.990730178047,0.525465787093));
#6086 = CARTESIAN_POINT('',(2.000455865636,0.613711445675));
#6087 = CARTESIAN_POINT('',(2.004843371112,0.656101106032));
#6088 = CARTESIAN_POINT('',(2.009038244852,0.69926555194));
#6089 = CARTESIAN_POINT('',(2.013040037562,0.743141745436));
#6090 = CARTESIAN_POINT('',(2.016848826101,0.787671234349));
#6091 = CARTESIAN_POINT('',(2.020465076554,0.832800509962));
#6092 = CARTESIAN_POINT('',(2.026667401081,0.91553761465));
#6093 = CARTESIAN_POINT('',(2.029319019709,0.952956151449));
#6094 = CARTESIAN_POINT('',(2.031844725583,0.990710800138));
#6095 = CARTESIAN_POINT('',(2.034244930991,1.028776670193));
#6096 = CARTESIAN_POINT('',(2.036520083427,1.06713017637));
#6097 = CARTESIAN_POINT('',(2.038670650895,1.105749059585));
#6098 = CARTESIAN_POINT('',(2.046530718586,1.256489317443));
#6099 = CARTESIAN_POINT('',(2.051335170195,1.370379770234));
#6100 = CARTESIAN_POINT('',(2.055123020305,1.485801130815));
#6101 = CARTESIAN_POINT('',(2.05790333148,1.60230985527));
#6102 = CARTESIAN_POINT('',(2.059683132533,1.719497533532));
#6103 = CARTESIAN_POINT('',(2.060466637354,1.836989716715));
#6104 = CARTESIAN_POINT('',(2.060052901471,2.063634818447));
#6105 = CARTESIAN_POINT('',(2.058991329015,2.172745652812));
#6106 = CARTESIAN_POINT('',(2.057067528709,2.281499611702));
#6107 = CARTESIAN_POINT('',(2.054277619442,2.38958980169));
#6108 = CARTESIAN_POINT('',(2.050615708628,2.496683698643));
#6109 = CARTESIAN_POINT('',(2.046074319992,2.602422313184));
#6110 = CARTESIAN_POINT('',(2.038616154436,2.745235702963));
#6111 = CARTESIAN_POINT('',(2.036465088904,2.783809361306));
#6112 = CARTESIAN_POINT('',(2.034189684959,2.822117790815));
#6113 = CARTESIAN_POINT('',(2.03178947614,2.860138784111));
#6114 = CARTESIAN_POINT('',(2.029264016672,2.897848811135));
#6115 = CARTESIAN_POINT('',(2.026612896131,2.935223040041));
#6116 = CARTESIAN_POINT('',(2.020410678729,3.017882998433));
#6117 = CARTESIAN_POINT('',(2.016793993223,3.06297912789));
#6118 = CARTESIAN_POINT('',(2.012984982013,3.107475587288));
#6119 = CARTESIAN_POINT('',(2.008983182222,3.151318922636));
#6120 = CARTESIAN_POINT('',(2.004788520556,3.194450743033));
#6121 = CARTESIAN_POINT('',(2.000401450184,3.236808078571));
#6122 = CARTESIAN_POINT('',(1.990675883046,3.324997541303));
#6123 = CARTESIAN_POINT('',(1.985287309244,3.370603578467));
#6124 = CARTESIAN_POINT('',(1.979658771291,3.415050009044));
#6125 = CARTESIAN_POINT('',(1.973793485243,3.458228652765));
#6126 = CARTESIAN_POINT('',(1.967697339994,3.500019067531));
#6127 = CARTESIAN_POINT('',(1.961379759142,3.540292627162));
#6128 = CARTESIAN_POINT('',(1.94682341731,3.626454592814));
#6129 = CARTESIAN_POINT('',(1.93847702483,3.67149851847));
#6130 = CARTESIAN_POINT('',(1.929842899566,3.713790207264));
#6131 = CARTESIAN_POINT('',(1.920965249741,3.75303579181));
#6132 = CARTESIAN_POINT('',(1.911908785369,3.788941639906));
#6133 = CARTESIAN_POINT('',(1.902763110323,3.821290354327));
#6134 = CARTESIAN_POINT('',(1.893630608048,3.8500006));
#6135 = ( GEOMETRIC_REPRESENTATION_CONTEXT(2) 
PARAMETRIC_REPRESENTATION_CONTEXT() REPRESENTATION_CONTEXT('2D SPACE',''
  ) );
#6136 = PCURVE('',#6137,#6142);
#6137 = SPHERICAL_SURFACE('',#6138,2.1924);
#6138 = AXIS2_PLACEMENT_3D('',#6139,#6140,#6141);
#6139 = CARTESIAN_POINT('',(-1.668907004672,7.311959341364,0.));
#6140 = DIRECTION('',(0.,0.,1.));
#6141 = DIRECTION('',(-0.222520933956,0.974927912182,0.));
#6142 = DEFINITIONAL_REPRESENTATION('',(#6143),#6206);
#6143 = B_SPLINE_CURVE_WITH_KNOTS('',7,(#6144,#6145,#6146,#6147,#6148,
    #6149,#6150,#6151,#6152,#6153,#6154,#6155,#6156,#6157,#6158,#6159,
    #6160,#6161,#6162,#6163,#6164,#6165,#6166,#6167,#6168,#6169,#6170,
    #6171,#6172,#6173,#6174,#6175,#6176,#6177,#6178,#6179,#6180,#6181,
    #6182,#6183,#6184,#6185,#6186,#6187,#6188,#6189,#6190,#6191,#6192,
    #6193,#6194,#6195,#6196,#6197,#6198,#6199,#6200,#6201,#6202,#6203,
    #6204,#6205),.UNSPECIFIED.,.F.,.F.,(8,6,6,6,6,6,6,6,6,6,8),(0.,
    0.105335769223,0.190864882339,0.266960782181,0.32868967722,
    0.506390218609,0.671578382393,0.733237648813,0.809282602626,
    0.89477581715,1.),.UNSPECIFIED.);
#6144 = CARTESIAN_POINT('',(0.87727148919,-1.071737674848));
#6145 = CARTESIAN_POINT('',(0.928181018224,-1.044349657565));
#6146 = CARTESIAN_POINT('',(0.973731366378,-1.015092872947));
#6147 = CARTESIAN_POINT('',(1.014145672339,-0.984406373868));
#6148 = CARTESIAN_POINT('',(1.05004111318,-0.952719531908));
#6149 = CARTESIAN_POINT('',(1.082018443055,-0.920357654543));
#6150 = CARTESIAN_POINT('',(1.110610498933,-0.887562601126));
#6151 = CARTESIAN_POINT('',(1.157114041382,-0.827650017149));
#6152 = CARTESIAN_POINT('',(1.176024471697,-0.800622523418));
#6153 = CARTESIAN_POINT('',(1.193254095681,-0.773498198387));
#6154 = CARTESIAN_POINT('',(1.209007144241,-0.746337935563));
#6155 = CARTESIAN_POINT('',(1.223451727022,-0.71918425912));
#6156 = CARTESIAN_POINT('',(1.236727104525,-0.692065091239));
#6157 = CARTESIAN_POINT('',(1.259826617263,-0.640915295771));
#6158 = CARTESIAN_POINT('',(1.269869169175,-0.616875590594));
#6159 = CARTESIAN_POINT('',(1.279160626964,-0.592891071908));
#6160 = CARTESIAN_POINT('',(1.287768722488,-0.568970210003));
#6161 = CARTESIAN_POINT('',(1.295749588369,-0.545117894467));
#6162 = CARTESIAN_POINT('',(1.303150437882,-0.521336051184));
#6163 = CARTESIAN_POINT('',(1.315578533747,-0.478389284619));
#6164 = CARTESIAN_POINT('',(1.320789962299,-0.459200739251));
#6165 = CARTESIAN_POINT('',(1.325668126947,-0.440058538113));
#6166 = CARTESIAN_POINT('',(1.330231613209,-0.420962006636));
#6167 = CARTESIAN_POINT('',(1.334496445934,-0.401909927545));
#6168 = CARTESIAN_POINT('',(1.338476539554,-0.38290058759));
#6169 = CARTESIAN_POINT('',(1.352857336114,-0.309325962544));
#6170 = CARTESIAN_POINT('',(1.361271345544,-0.255062360641));
#6171 = CARTESIAN_POINT('',(1.367718517707,-0.201080791804));
#6172 = CARTESIAN_POINT('',(1.37236735984,-0.147316178462));
#6173 = CARTESIAN_POINT('',(1.375317386057,-9.369831917514E-02));
#6174 = CARTESIAN_POINT('',(1.376619726568,-4.014778071335E-02));
#6175 = CARTESIAN_POINT('',(1.375932366747,6.323916916081E-02));
#6176 = CARTESIAN_POINT('',(1.374168204384,0.113050307752));
#6177 = CARTESIAN_POINT('',(1.370966201539,0.162939299126));
#6178 = CARTESIAN_POINT('',(1.366276241503,0.212968401332));
#6179 = CARTESIAN_POINT('',(1.360010013509,0.263193327958));
#6180 = CARTESIAN_POINT('',(1.352025063199,0.313665947578));
#6181 = CARTESIAN_POINT('',(1.338375785581,0.383384919122));
#6182 = CARTESIAN_POINT('',(1.33439362564,0.402375723984));
#6183 = CARTESIAN_POINT('',(1.330127064225,0.421409211961));
#6184 = CARTESIAN_POINT('',(1.325562201012,0.440487085329));
#6185 = CARTESIAN_POINT('',(1.320683030029,0.459610551025));
#6186 = CARTESIAN_POINT('',(1.31547099071,0.478780273881));
#6187 = CARTESIAN_POINT('',(1.30303933687,0.521695672621));
#6188 = CARTESIAN_POINT('',(1.295635267711,0.545464986073));
#6189 = CARTESIAN_POINT('',(1.287651343441,0.56930467392));
#6190 = CARTESIAN_POINT('',(1.279040359871,0.593212793459));
#6191 = CARTESIAN_POINT('',(1.269746200428,0.617184438661));
#6192 = CARTESIAN_POINT('',(1.259701159957,0.641211123251));
#6193 = CARTESIAN_POINT('',(1.23659384553,0.692339679801));
#6194 = CARTESIAN_POINT('',(1.223312695075,0.719450614229));
#6195 = CARTESIAN_POINT('',(1.208862109419,0.746595844897));
#6196 = CARTESIAN_POINT('',(1.193102798212,0.773747408597));
#6197 = CARTESIAN_POINT('',(1.175866632517,0.800862735086));
#6198 = CARTESIAN_POINT('',(1.156949388838,0.827880881086));
#6199 = CARTESIAN_POINT('',(1.1104465758,0.887750559227));
#6200 = CARTESIAN_POINT('',(1.081865700678,0.920512186085));
#6201 = CARTESIAN_POINT('',(1.049903968958,0.952840565589));
#6202 = CARTESIAN_POINT('',(1.014029871626,0.984494292915));
#6203 = CARTESIAN_POINT('',(0.973644327291,1.015148780672));
#6204 = CARTESIAN_POINT('',(0.928132339774,1.044375845319));
#6205 = CARTESIAN_POINT('',(0.87727148919,1.071737674848));
#6206 = ( GEOMETRIC_REPRESENTATION_CONTEXT(2) 
PARAMETRIC_REPRESENTATION_CONTEXT() REPRESENTATION_CONTEXT('2D SPACE',''
  ) );
#6207 = ORIENTED_EDGE('',*,*,#6208,.T.);
#6208 = EDGE_CURVE('',#6004,#6209,#6211,.T.);
#6209 = VERTEX_POINT('',#6210);
#6210 = CARTESIAN_POINT('',(-7.011496375784,4.272145693018,-1.925));
#6211 = SURFACE_CURVE('',#6212,(#6217,#6224),.PCURVE_S1.);
#6212 = CIRCLE('',#6213,8.2105);
#6213 = AXIS2_PLACEMENT_3D('',#6214,#6215,#6216);
#6214 = CARTESIAN_POINT('',(0.,0.,-1.925));
#6215 = DIRECTION('',(0.,0.,1.));
#6216 = DIRECTION('',(1.,0.,0.));
#6217 = PCURVE('',#5979,#6218);
#6218 = DEFINITIONAL_REPRESENTATION('',(#6219),#6223);
#6219 = LINE('',#6220,#6221);
#6220 = CARTESIAN_POINT('',(0.,0.));
#6221 = VECTOR('',#6222,1.);
#6222 = DIRECTION('',(1.,0.));
#6223 = ( GEOMETRIC_REPRESENTATION_CONTEXT(2) 
PARAMETRIC_REPRESENTATION_CONTEXT() REPRESENTATION_CONTEXT('2D SPACE',''
  ) );
#6224 = PCURVE('',#6225,#6230);
#6225 = PLANE('',#6226);
#6226 = AXIS2_PLACEMENT_3D('',#6227,#6228,#6229);
#6227 = CARTESIAN_POINT('',(0.,0.,-1.925));
#6228 = DIRECTION('',(0.,0.,1.));
#6229 = DIRECTION('',(1.,0.,0.));
#6230 = DEFINITIONAL_REPRESENTATION('',(#6231),#6235);
#6231 = CIRCLE('',#6232,8.2105);
#6232 = AXIS2_PLACEMENT_2D('',#6233,#6234);
#6233 = CARTESIAN_POINT('',(0.,0.));
#6234 = DIRECTION('',(1.,0.));
#6235 = ( GEOMETRIC_REPRESENTATION_CONTEXT(2) 
PARAMETRIC_REPRESENTATION_CONTEXT() REPRESENTATION_CONTEXT('2D SPACE',''
  ) );
#6236 = ORIENTED_EDGE('',*,*,#6237,.F.);
#6237 = EDGE_CURVE('',#5970,#6209,#6238,.T.);
#6238 = SURFACE_CURVE('',#6239,(#6308,#6380),.PCURVE_S1.);
#6239 = B_SPLINE_CURVE_WITH_KNOTS('',7,(#6240,#6241,#6242,#6243,#6244,
    #6245,#6246,#6247,#6248,#6249,#6250,#6251,#6252,#6253,#6254,#6255,
    #6256,#6257,#6258,#6259,#6260,#6261,#6262,#6263,#6264,#6265,#6266,
    #6267,#6268,#6269,#6270,#6271,#6272,#6273,#6274,#6275,#6276,#6277,
    #6278,#6279,#6280,#6281,#6282,#6283,#6284,#6285,#6286,#6287,#6288,
    #6289,#6290,#6291,#6292,#6293,#6294,#6295,#6296,#6297,#6298,#6299,
    #6300,#6301,#6302,#6303,#6304,#6305,#6306,#6307),.UNSPECIFIED.,.F.,
  .F.,(8,6,6,6,6,6,6,6,6,6,6,8),(0.,5.251724227061E-02,0.104932787593,
    0.19033766453,0.266913152073,0.329455557708,0.489933108772,
    0.669595470425,0.732568486674,0.809322198725,0.894918167314,1.),
  .UNSPECIFIED.);
#6240 = CARTESIAN_POINT('',(-7.011497191144,4.272144354839,1.9250006));
#6241 = CARTESIAN_POINT('',(-6.992034294865,4.304087105658,
    1.910678435127));
#6242 = CARTESIAN_POINT('',(-6.972383938293,4.335955466035,
    1.895448174641));
#6243 = CARTESIAN_POINT('',(-6.952601960291,4.367656405306,
    1.879320147412));
#6244 = CARTESIAN_POINT('',(-6.932743492151,4.399104953518,
    1.862313735337));
#6245 = CARTESIAN_POINT('',(-6.912861458302,4.430225447966,
    1.844455114136));
#6246 = CARTESIAN_POINT('',(-6.893005077002,4.46095277974,1.825774994149
    ));
#6247 = CARTESIAN_POINT('',(-6.853469961049,4.521455863445,
    1.786875428113));
#6248 = CARTESIAN_POINT('',(-6.833790779577,4.551233566838,
    1.766658786832));
#6249 = CARTESIAN_POINT('',(-6.814223528095,4.580515292154,1.74568790081
    ));
#6250 = CARTESIAN_POINT('',(-6.794806447409,4.609259737378,
    1.723996268981));
#6251 = CARTESIAN_POINT('',(-6.775573334371,4.637434696476,
    1.701617991637));
#6252 = CARTESIAN_POINT('',(-6.756553568594,4.665015999121,
    1.678586336369));
#6253 = CARTESIAN_POINT('',(-6.707170040871,4.735931582689,
    1.616390880677));
#6254 = CARTESIAN_POINT('',(-6.677204083362,4.778249959226,
    1.576201270337));
#6255 = CARTESIAN_POINT('',(-6.647979872703,4.818872116698,
    1.534495777406));
#6256 = CARTESIAN_POINT('',(-6.619583445648,4.857760246793,
    1.491402672891));
#6257 = CARTESIAN_POINT('',(-6.59208370703,4.894901130091,1.447042142604
    ));
#6258 = CARTESIAN_POINT('',(-6.565534867161,4.930299069946,
    1.401522235366));
#6259 = CARTESIAN_POINT('',(-6.517064939118,4.994157711442,
    1.313163722191));
#6260 = CARTESIAN_POINT('',(-6.494950828115,5.022955209826,
    1.270537504233));
#6261 = CARTESIAN_POINT('',(-6.473667712598,5.050371397047,1.22712484569
    ));
#6262 = CARTESIAN_POINT('',(-6.453241661371,5.07642016706,1.182990098667
    ));
#6263 = CARTESIAN_POINT('',(-6.433694270498,5.101118123376,
    1.138192907249));
#6264 = CARTESIAN_POINT('',(-6.415043288144,5.124483470193,
    1.092787835702));
#6265 = CARTESIAN_POINT('',(-6.38281419911,5.164545232047,1.009283405625
    ));
#6266 = CARTESIAN_POINT('',(-6.368933087317,5.181678763962,
    0.971370790684));
#6267 = CARTESIAN_POINT('',(-6.355667957344,5.197945569103,
    0.933113373116));
#6268 = CARTESIAN_POINT('',(-6.343025788341,5.21335555965,0.894537024191
    ));
#6269 = CARTESIAN_POINT('',(-6.331012589471,5.227918377382,
    0.855666243181));
#6270 = CARTESIAN_POINT('',(-6.319633504095,5.24164328094,0.816524135327
    ));
#6271 = CARTESIAN_POINT('',(-6.28133363502,5.287628241959,0.676057114764
    ));
#6272 = CARTESIAN_POINT('',(-6.257980875064,5.315255140123,
    0.573348408589));
#6273 = CARTESIAN_POINT('',(-6.238903838704,5.337573729436,0.46936052344
    ));
#6274 = CARTESIAN_POINT('',(-6.224152441366,5.354700106624,
    0.364422433805));
#6275 = CARTESIAN_POINT('',(-6.213756141133,5.366718524272,
    0.258839944468));
#6276 = CARTESIAN_POINT('',(-6.207727685199,5.373679710702,
    0.152896446714));
#6277 = CARTESIAN_POINT('',(-6.204217895046,5.37773173173,
    -7.186919072537E-02));
#6278 = CARTESIAN_POINT('',(-6.207842749759,5.373544743287,
    -0.190840263777));
#6279 = CARTESIAN_POINT('',(-6.216975244729,5.363017242667,
    -0.309536967649));
#6280 = CARTESIAN_POINT('',(-6.23158911199,5.346113370244,
    -0.427480660365));
#6281 = CARTESIAN_POINT('',(-6.251621366474,5.322760774933,
    -0.544240492271));
#6282 = CARTESIAN_POINT('',(-6.276999901492,5.292813941905,
    -0.659426104632));
#6283 = CARTESIAN_POINT('',(-6.31843390249,5.243089305106,-0.8123635456)
  );
#6284 = CARTESIAN_POINT('',(-6.329835454253,5.22934374864,
    -0.851805203794));
#6285 = CARTESIAN_POINT('',(-6.341880445099,5.214749140088,
    -0.890973420761));
#6286 = CARTESIAN_POINT('',(-6.35456366912,5.199296051866,
    -0.929844673585));
#6287 = CARTESIAN_POINT('',(-6.367879036846,5.18297465496,
    -0.968394013787));
#6288 = CARTESIAN_POINT('',(-6.381819468223,5.16577483399,
    -1.006595089577));
#6289 = CARTESIAN_POINT('',(-6.414119752557,5.125639367928,
    -1.090522695154));
#6290 = CARTESIAN_POINT('',(-6.432778724903,5.102272697249,
    -1.136065577643));
#6291 = CARTESIAN_POINT('',(-6.452339151774,5.077567452734,
    -1.180999454286));
#6292 = CARTESIAN_POINT('',(-6.472783245745,5.051505270324,
    -1.225269476478));
#6293 = CARTESIAN_POINT('',(-6.494089353585,5.024069372902,
    -1.268815680525));
#6294 = CARTESIAN_POINT('',(-6.516231327018,4.995245683796,
    -1.311573359879));
#6295 = CARTESIAN_POINT('',(-6.564767972825,4.931320561762,
    -1.400200528749));
#6296 = CARTESIAN_POINT('',(-6.591356560193,4.895881125062,
    -1.44585704367));
#6297 = CARTESIAN_POINT('',(-6.618901649649,4.858690539569,
    -1.490350811473));
#6298 = CARTESIAN_POINT('',(-6.647348881482,4.819744190072,
    -1.533573223873));
#6299 = CARTESIAN_POINT('',(-6.676629073325,4.779055092826,
    -1.575403345998));
#6300 = CARTESIAN_POINT('',(-6.706655751289,4.736661051633,
    -1.615712027436));
#6301 = CARTESIAN_POINT('',(-6.774970916613,4.638579350137,
    -1.701819552734));
#6302 = CARTESIAN_POINT('',(-6.813587703896,4.582057591357,
    -1.746784014079));
#6303 = CARTESIAN_POINT('',(-6.852968630911,4.523207623632,
    -1.789002132216));
#6304 = CARTESIAN_POINT('',(-6.892836879001,4.462289287623,
    -1.828181239805));
#6305 = CARTESIAN_POINT('',(-6.932835366989,4.399713929437,
    -1.86402904053));
#6306 = CARTESIAN_POINT('',(-6.972534568943,4.336090301753,
    -1.896329168417));
#6307 = CARTESIAN_POINT('',(-7.011497191144,4.272144354839,-1.9250006));
#6308 = PCURVE('',#5979,#6309);
#6309 = DEFINITIONAL_REPRESENTATION('',(#6310),#6379);
#6310 = B_SPLINE_CURVE_WITH_KNOTS('',7,(#6311,#6312,#6313,#6314,#6315,
    #6316,#6317,#6318,#6319,#6320,#6321,#6322,#6323,#6324,#6325,#6326,
    #6327,#6328,#6329,#6330,#6331,#6332,#6333,#6334,#6335,#6336,#6337,
    #6338,#6339,#6340,#6341,#6342,#6343,#6344,#6345,#6346,#6347,#6348,
    #6349,#6350,#6351,#6352,#6353,#6354,#6355,#6356,#6357,#6358,#6359,
    #6360,#6361,#6362,#6363,#6364,#6365,#6366,#6367,#6368,#6369,#6370,
    #6371,#6372,#6373,#6374,#6375,#6376,#6377,#6378),.UNSPECIFIED.,.F.,
  .F.,(8,6,6,6,6,6,6,6,6,6,6,8),(0.,5.251724227061E-02,0.104932787593,
    0.19033766453,0.266913152073,0.329455557708,0.489933108772,
    0.669595470425,0.732568486674,0.809322198725,0.894918167314,1.),
  .UNSPECIFIED.);
#6311 = CARTESIAN_POINT('',(2.594358897081,3.8500006));
#6312 = CARTESIAN_POINT('',(2.589803129611,3.835678435127));
#6313 = CARTESIAN_POINT('',(2.585243219762,3.820448174641));
#6314 = CARTESIAN_POINT('',(2.580692226639,3.804320147412));
#6315 = CARTESIAN_POINT('',(2.576162327355,3.787313735337));
#6316 = CARTESIAN_POINT('',(2.571664599998,3.769455114136));
#6317 = CARTESIAN_POINT('',(2.567208806597,3.750774994149));
#6318 = CARTESIAN_POINT('',(2.558406076853,3.711875428113));
#6319 = CARTESIAN_POINT('',(2.554058911761,3.691658786832));
#6320 = CARTESIAN_POINT('',(2.549769633085,3.67068790081));
#6321 = CARTESIAN_POINT('',(2.545544876276,3.648996268981));
#6322 = CARTESIAN_POINT('',(2.541390071493,3.626617991637));
#6323 = CARTESIAN_POINT('',(2.537309555136,3.603586336369));
#6324 = CARTESIAN_POINT('',(2.526784476207,3.541390880677));
#6325 = CARTESIAN_POINT('',(2.52046914058,3.501201270337));
#6326 = CARTESIAN_POINT('',(2.514374509552,3.459495777406));
#6327 = CARTESIAN_POINT('',(2.508510033568,3.416402672891));
#6328 = CARTESIAN_POINT('',(2.502881635586,3.372042142604));
#6329 = CARTESIAN_POINT('',(2.497492568202,3.326522235366));
#6330 = CARTESIAN_POINT('',(2.487728218397,3.238163722191));
#6331 = CARTESIAN_POINT('',(2.483306046962,3.195537504233));
#6332 = CARTESIAN_POINT('',(2.479078913511,3.15212484569));
#6333 = CARTESIAN_POINT('',(2.475047289661,3.107990098667));
#6334 = CARTESIAN_POINT('',(2.471211103651,3.063192907249));
#6335 = CARTESIAN_POINT('',(2.467569882383,3.017787835702));
#6336 = CARTESIAN_POINT('',(2.46130759336,2.934283405625));
#6337 = CARTESIAN_POINT('',(2.458621911358,2.896370790684));
#6338 = CARTESIAN_POINT('',(2.456065470395,2.858113373116));
#6339 = CARTESIAN_POINT('',(2.453637841101,2.819537024191));
#6340 = CARTESIAN_POINT('',(2.451338557411,2.780666243181));
#6341 = CARTESIAN_POINT('',(2.449167132167,2.741524135327));
#6342 = CARTESIAN_POINT('',(2.441878220841,2.601057114764));
#6343 = CARTESIAN_POINT('',(2.437472450687,2.498348408589));
#6344 = CARTESIAN_POINT('',(2.433896509552,2.39436052344));
#6345 = CARTESIAN_POINT('',(2.431143523423,2.289422433805));
#6346 = CARTESIAN_POINT('',(2.429208070173,2.183839944468));
#6347 = CARTESIAN_POINT('',(2.428086492285,2.077896446714));
#6348 = CARTESIAN_POINT('',(2.427433579914,1.853130809275));
#6349 = CARTESIAN_POINT('',(2.428108094698,1.734159736223));
#6350 = CARTESIAN_POINT('',(2.429805511258,1.615463032351));
#6351 = CARTESIAN_POINT('',(2.432527047132,1.497519339635));
#6352 = CARTESIAN_POINT('',(2.436274313748,1.380759507729));
#6353 = CARTESIAN_POINT('',(2.441055109928,1.265573895368));
#6354 = CARTESIAN_POINT('',(2.448938299162,1.1126364544));
#6355 = CARTESIAN_POINT('',(2.451113407343,1.073194796206));
#6356 = CARTESIAN_POINT('',(2.453418141891,1.034026579239));
#6357 = CARTESIAN_POINT('',(2.455853000769,0.995155326415));
#6358 = CARTESIAN_POINT('',(2.458418461356,0.956605986213));
#6359 = CARTESIAN_POINT('',(2.461114964494,0.918404910423));
#6360 = CARTESIAN_POINT('',(2.467389683356,0.834477304846));
#6361 = CARTESIAN_POINT('',(2.471031637806,0.788934422357));
#6362 = CARTESIAN_POINT('',(2.474869505232,0.744000545714));
#6363 = CARTESIAN_POINT('',(2.478903770484,0.699730523522));
#6364 = CARTESIAN_POINT('',(2.483134517239,0.656184319475));
#6365 = CARTESIAN_POINT('',(2.487561285314,0.613426640121));
#6366 = CARTESIAN_POINT('',(2.497336997655,0.524799471251));
#6367 = CARTESIAN_POINT('',(2.502733012835,0.47914295633));
#6368 = CARTESIAN_POINT('',(2.508369562052,0.434649188527));
#6369 = CARTESIAN_POINT('',(2.514243412549,0.391426776127));
#6370 = CARTESIAN_POINT('',(2.52034864221,0.349596654002));
#6371 = CARTESIAN_POINT('',(2.526675771473,0.309287972564));
#6372 = CARTESIAN_POINT('',(2.541233735539,0.223180447266));
#6373 = CARTESIAN_POINT('',(2.549570783491,0.178215985921));
#6374 = CARTESIAN_POINT('',(2.558194555905,0.135997867784));
#6375 = CARTESIAN_POINT('',(2.567060944294,9.681876019473E-02));
#6376 = CARTESIAN_POINT('',(2.576105429721,6.097095946991E-02));
#6377 = CARTESIAN_POINT('',(2.585238741261,2.867083158315E-02));
#6378 = CARTESIAN_POINT('',(2.594358897081,-6.E-07));
#6379 = ( GEOMETRIC_REPRESENTATION_CONTEXT(2) 
PARAMETRIC_REPRESENTATION_CONTEXT() REPRESENTATION_CONTEXT('2D SPACE',''
  ) );
#6380 = PCURVE('',#6381,#6386);
#6381 = SPHERICAL_SURFACE('',#6382,2.1924);
#6382 = AXIS2_PLACEMENT_3D('',#6383,#6384,#6385);
#6383 = CARTESIAN_POINT('',(-6.757266509268,3.254128043382,0.));
#6384 = DIRECTION('',(0.,0.,1.));
#6385 = DIRECTION('',(-0.900968867902,0.433883739118,0.));
#6386 = DEFINITIONAL_REPRESENTATION('',(#6387),#6456);
#6387 = B_SPLINE_CURVE_WITH_KNOTS('',7,(#6388,#6389,#6390,#6391,#6392,
    #6393,#6394,#6395,#6396,#6397,#6398,#6399,#6400,#6401,#6402,#6403,
    #6404,#6405,#6406,#6407,#6408,#6409,#6410,#6411,#6412,#6413,#6414,
    #6415,#6416,#6417,#6418,#6419,#6420,#6421,#6422,#6423,#6424,#6425,
    #6426,#6427,#6428,#6429,#6430,#6431,#6432,#6433,#6434,#6435,#6436,
    #6437,#6438,#6439,#6440,#6441,#6442,#6443,#6444,#6445,#6446,#6447,
    #6448,#6449,#6450,#6451,#6452,#6453,#6454,#6455),.UNSPECIFIED.,.F.,
  .F.,(8,6,6,6,6,6,6,6,6,6,6,8),(0.,5.251724227061E-02,0.104932787593,
    0.19033766453,0.266913152073,0.329455557708,0.489933108772,
    0.669595470425,0.732568486674,0.809322198725,0.894918167314,1.),
  .UNSPECIFIED.);
#6388 = CARTESIAN_POINT('',(5.405913817989,1.071737674848));
#6389 = CARTESIAN_POINT('',(5.380541778476,1.05808817013));
#6390 = CARTESIAN_POINT('',(5.356496433688,1.043971855747));
#6391 = CARTESIAN_POINT('',(5.333751397133,1.029444019746));
#6392 = CARTESIAN_POINT('',(5.312258414237,1.014558832106));
#6393 = CARTESIAN_POINT('',(5.291955077506,0.999367666921));
#6394 = CARTESIAN_POINT('',(5.27277254169,0.983917424584));
#6395 = CARTESIAN_POINT('',(5.236549042663,0.952610624761));
#6396 = CARTESIAN_POINT('',(5.219503688784,0.93675481541));
#6397 = CARTESIAN_POINT('',(5.20343711818,0.92072129334));
#6398 = CARTESIAN_POINT('',(5.188280429372,0.904544571842));
#6399 = CARTESIAN_POINT('',(5.173967442211,0.888254037796));
#6400 = CARTESIAN_POINT('',(5.160436261551,0.871874179376));
#6401 = CARTESIAN_POINT('',(5.126765935974,0.828622535209));
#6402 = CARTESIAN_POINT('',(5.107829807211,0.801638857759));
#6403 = CARTESIAN_POINT('',(5.090575092765,0.774556899188));
#6404 = CARTESIAN_POINT('',(5.07479766651,0.747437696212));
#6405 = CARTESIAN_POINT('',(5.060329421856,0.720323955292));
#6406 = CARTESIAN_POINT('',(5.047031055531,0.693243803445));
#6407 = CARTESIAN_POINT('',(5.023804693213,0.641979633817));
#6408 = CARTESIAN_POINT('',(5.013671116628,0.617787291655));
#6409 = CARTESIAN_POINT('',(5.004300131001,0.593650566781));
#6410 = CARTESIAN_POINT('',(4.995622457195,0.56957818194));
#6411 = CARTESIAN_POINT('',(4.987580754006,0.545575168816));
#6412 = CARTESIAN_POINT('',(4.980126844634,0.521643508446));
#6413 = CARTESIAN_POINT('',(4.967576970881,0.478294709225));
#6414 = CARTESIAN_POINT('',(4.962299377122,0.458854307489));
#6415 = CARTESIAN_POINT('',(4.957363688601,0.439461477592));
#6416 = CARTESIAN_POINT('',(4.952750604421,0.420115511782));
#6417 = CARTESIAN_POINT('',(4.948443517126,0.400815132859));
#6418 = CARTESIAN_POINT('',(4.944428033762,0.381558543635));
#6419 = CARTESIAN_POINT('',(4.931103917576,0.313039537701));
#6420 = CARTESIAN_POINT('',(4.923353812727,0.264013898467));
#6421 = CARTESIAN_POINT('',(4.917227155875,0.215221780582));
#6422 = CARTESIAN_POINT('',(4.912592395479,0.166615589546));
#6423 = CARTESIAN_POINT('',(4.909366751106,0.118144465626));
#6424 = CARTESIAN_POINT('',(4.907502063291,6.975197802814E-02));
#6425 = CARTESIAN_POINT('',(4.906417138189,-3.279180014774E-02));
#6426 = CARTESIAN_POINT('',(4.907539832579,-8.699635036118E-02));
#6427 = CARTESIAN_POINT('',(4.910349407442,-0.141261625566));
#6428 = CARTESIAN_POINT('',(4.914892460993,-0.195631287924));
#6429 = CARTESIAN_POINT('',(4.921258546182,-0.250171059908));
#6430 = CARTESIAN_POINT('',(4.929612257883,-0.304973311288));
#6431 = CARTESIAN_POINT('',(4.944005515992,-0.379514017932));
#6432 = CARTESIAN_POINT('',(4.948022963947,-0.398902066986));
#6433 = CARTESIAN_POINT('',(4.95233507134,-0.41833438459));
#6434 = CARTESIAN_POINT('',(4.956956410948,-0.437812831395));
#6435 = CARTESIAN_POINT('',(4.96190381611,-0.457338739136));
#6436 = CARTESIAN_POINT('',(4.967196872418,-0.47691286054));
#6437 = CARTESIAN_POINT('',(4.979758888468,-0.520451857349));
#6438 = CARTESIAN_POINT('',(4.987206533912,-0.544439673199));
#6439 = CARTESIAN_POINT('',(4.995243224668,-0.568499256276));
#6440 = CARTESIAN_POINT('',(5.00391725547,-0.59262867907));
#6441 = CARTESIAN_POINT('',(5.013286131905,-0.616822954228));
#6442 = CARTESIAN_POINT('',(5.023419365456,-0.641073391724));
#6443 = CARTESIAN_POINT('',(5.046648319628,-0.692459211384));
#6444 = CARTESIAN_POINT('',(5.059949897971,-0.719602958119));
#6445 = CARTESIAN_POINT('',(5.07442418095,-0.746781002941));
#6446 = CARTESIAN_POINT('',(5.0902110439,-0.773965250753));
#6447 = CARTESIAN_POINT('',(5.107479355233,-0.801112912358));
#6448 = CARTESIAN_POINT('',(5.126434271553,-0.828162712175));
#6449 = CARTESIAN_POINT('',(5.172970447769,-0.888016049043));
#6450 = CARTESIAN_POINT('',(5.201535491462,-0.920730455243));
#6451 = CARTESIAN_POINT('',(5.233475150309,-0.953011516868));
#6452 = CARTESIAN_POINT('',(5.26931906034,-0.98461847127));
#6453 = CARTESIAN_POINT('',(5.309663944223,-1.015227747481));
#6454 = CARTESIAN_POINT('',(5.355121727445,-1.044412836451));
#6455 = CARTESIAN_POINT('',(5.405913817989,-1.071737674848));
#6456 = ( GEOMETRIC_REPRESENTATION_CONTEXT(2) 
PARAMETRIC_REPRESENTATION_CONTEXT() REPRESENTATION_CONTEXT('2D SPACE',''
  ) );
#6457 = ADVANCED_FACE('',(#6458),#5991,.T.);
#6458 = FACE_BOUND('',#6459,.T.);
#6459 = EDGE_LOOP('',(#6460,#6484,#6485,#6509));
#6460 = ORIENTED_EDGE('',*,*,#6461,.F.);
#6461 = EDGE_CURVE('',#5968,#6462,#6464,.T.);
#6462 = VERTEX_POINT('',#6463);
#6463 = CARTESIAN_POINT('',(-2.217139213997,6.417289455507,1.925));
#6464 = SURFACE_CURVE('',#6465,(#6470,#6477),.PCURVE_S1.);
#6465 = CIRCLE('',#6466,1.049282021194);
#6466 = AXIS2_PLACEMENT_3D('',#6467,#6468,#6469);
#6467 = CARTESIAN_POINT('',(-1.668907004672,7.311959341364,1.925));
#6468 = DIRECTION('',(0.,0.,1.));
#6469 = DIRECTION('',(-0.222520933956,0.974927912182,0.));
#6470 = PCURVE('',#5991,#6471);
#6471 = DEFINITIONAL_REPRESENTATION('',(#6472),#6476);
#6472 = CIRCLE('',#6473,1.049282021194);
#6473 = AXIS2_PLACEMENT_2D('',#6474,#6475);
#6474 = CARTESIAN_POINT('',(-1.668907004672,7.311959341364));
#6475 = DIRECTION('',(-0.222520933956,0.974927912182));
#6476 = ( GEOMETRIC_REPRESENTATION_CONTEXT(2) 
PARAMETRIC_REPRESENTATION_CONTEXT() REPRESENTATION_CONTEXT('2D SPACE',''
  ) );
#6477 = PCURVE('',#6137,#6478);
#6478 = DEFINITIONAL_REPRESENTATION('',(#6479),#6483);
#6479 = LINE('',#6480,#6481);
#6480 = CARTESIAN_POINT('',(6.955231486792E-18,1.071737103028));
#6481 = VECTOR('',#6482,1.);
#6482 = DIRECTION('',(1.,0.));
#6483 = ( GEOMETRIC_REPRESENTATION_CONTEXT(2) 
PARAMETRIC_REPRESENTATION_CONTEXT() REPRESENTATION_CONTEXT('2D SPACE',''
  ) );
#6484 = ORIENTED_EDGE('',*,*,#5967,.T.);
#6485 = ORIENTED_EDGE('',*,*,#6486,.F.);
#6486 = EDGE_CURVE('',#6487,#5970,#6489,.T.);
#6487 = VERTEX_POINT('',#6488);
#6488 = CARTESIAN_POINT('',(-5.763034722114,3.589532148026,1.925));
#6489 = SURFACE_CURVE('',#6490,(#6495,#6502),.PCURVE_S1.);
#6490 = CIRCLE('',#6491,1.049282021194);
#6491 = AXIS2_PLACEMENT_3D('',#6492,#6493,#6494);
#6492 = CARTESIAN_POINT('',(-6.757266509268,3.254128043382,1.925));
#6493 = DIRECTION('',(0.,0.,1.));
#6494 = DIRECTION('',(-0.900968867902,0.433883739118,0.));
#6495 = PCURVE('',#5991,#6496);
#6496 = DEFINITIONAL_REPRESENTATION('',(#6497),#6501);
#6497 = CIRCLE('',#6498,1.049282021194);
#6498 = AXIS2_PLACEMENT_2D('',#6499,#6500);
#6499 = CARTESIAN_POINT('',(-6.757266509268,3.254128043382));
#6500 = DIRECTION('',(-0.900968867902,0.433883739118));
#6501 = ( GEOMETRIC_REPRESENTATION_CONTEXT(2) 
PARAMETRIC_REPRESENTATION_CONTEXT() REPRESENTATION_CONTEXT('2D SPACE',''
  ) );
#6502 = PCURVE('',#6381,#6503);
#6503 = DEFINITIONAL_REPRESENTATION('',(#6504),#6508);
#6504 = LINE('',#6505,#6506);
#6505 = CARTESIAN_POINT('',(5.446881626241E-18,1.071737103028));
#6506 = VECTOR('',#6507,1.);
#6507 = DIRECTION('',(1.,0.));
#6508 = ( GEOMETRIC_REPRESENTATION_CONTEXT(2) 
PARAMETRIC_REPRESENTATION_CONTEXT() REPRESENTATION_CONTEXT('2D SPACE',''
  ) );
#6509 = ORIENTED_EDGE('',*,*,#6510,.F.);
#6510 = EDGE_CURVE('',#6462,#6487,#6511,.T.);
#6511 = SURFACE_CURVE('',#6512,(#6517,#6524),.PCURVE_S1.);
#6512 = CIRCLE('',#6513,6.7895);
#6513 = AXIS2_PLACEMENT_3D('',#6514,#6515,#6516);
#6514 = CARTESIAN_POINT('',(0.,0.,1.925));
#6515 = DIRECTION('',(0.,0.,1.));
#6516 = DIRECTION('',(1.,0.,0.));
#6517 = PCURVE('',#5991,#6518);
#6518 = DEFINITIONAL_REPRESENTATION('',(#6519),#6523);
#6519 = CIRCLE('',#6520,6.7895);
#6520 = AXIS2_PLACEMENT_2D('',#6521,#6522);
#6521 = CARTESIAN_POINT('',(0.,0.));
#6522 = DIRECTION('',(1.,0.));
#6523 = ( GEOMETRIC_REPRESENTATION_CONTEXT(2) 
PARAMETRIC_REPRESENTATION_CONTEXT() REPRESENTATION_CONTEXT('2D SPACE',''
  ) );
#6524 = PCURVE('',#6525,#6530);
#6525 = CYLINDRICAL_SURFACE('',#6526,6.7895);
#6526 = AXIS2_PLACEMENT_3D('',#6527,#6528,#6529);
#6527 = CARTESIAN_POINT('',(0.,0.,-1.925));
#6528 = DIRECTION('',(0.,0.,1.));
#6529 = DIRECTION('',(1.,0.,0.));
#6530 = DEFINITIONAL_REPRESENTATION('',(#6531),#6535);
#6531 = LINE('',#6532,#6533);
#6532 = CARTESIAN_POINT('',(0.,3.85));
#6533 = VECTOR('',#6534,1.);
#6534 = DIRECTION('',(1.,0.));
#6535 = ( GEOMETRIC_REPRESENTATION_CONTEXT(2) 
PARAMETRIC_REPRESENTATION_CONTEXT() REPRESENTATION_CONTEXT('2D SPACE',''
  ) );
#6536 = ADVANCED_FACE('',(#6537),#6381,.F.);
#6537 = FACE_BOUND('',#6538,.F.);
#6538 = EDGE_LOOP('',(#6539,#6540,#6541,#6741));
#6539 = ORIENTED_EDGE('',*,*,#6237,.F.);
#6540 = ORIENTED_EDGE('',*,*,#6486,.F.);
#6541 = ORIENTED_EDGE('',*,*,#6542,.T.);
#6542 = EDGE_CURVE('',#6487,#6543,#6545,.T.);
#6543 = VERTEX_POINT('',#6544);
#6544 = CARTESIAN_POINT('',(-5.763034722114,3.589532148026,-1.925));
#6545 = SURFACE_CURVE('',#6546,(#6609,#6675),.PCURVE_S1.);
#6546 = B_SPLINE_CURVE_WITH_KNOTS('',7,(#6547,#6548,#6549,#6550,#6551,
    #6552,#6553,#6554,#6555,#6556,#6557,#6558,#6559,#6560,#6561,#6562,
    #6563,#6564,#6565,#6566,#6567,#6568,#6569,#6570,#6571,#6572,#6573,
    #6574,#6575,#6576,#6577,#6578,#6579,#6580,#6581,#6582,#6583,#6584,
    #6585,#6586,#6587,#6588,#6589,#6590,#6591,#6592,#6593,#6594,#6595,
    #6596,#6597,#6598,#6599,#6600,#6601,#6602,#6603,#6604,#6605,#6606,
    #6607,#6608),.UNSPECIFIED.,.F.,.F.,(8,6,6,6,6,6,6,6,6,6,8),(0.,
    8.657704091406E-02,0.162735071219,0.238228478256,0.304296028551,
    0.489158639173,0.696151742114,0.76217790822,0.836887526026,
    0.912901572846,1.),.UNSPECIFIED.);
#6547 = CARTESIAN_POINT('',(-5.763035475673,3.589530938177,1.9250006));
#6548 = CARTESIAN_POINT('',(-5.731330843828,3.640433109301,
    1.899756730239));
#6549 = CARTESIAN_POINT('',(-5.699216897201,3.690823624451,
    1.871824896713));
#6550 = CARTESIAN_POINT('',(-5.66700663967,3.740215069478,1.84133193213)
  );
#6551 = CARTESIAN_POINT('',(-5.634985589784,3.788231944048,
    1.808484888629));
#6552 = CARTESIAN_POINT('',(-5.603379336062,3.834637145677,
    1.773522211608));
#6553 = CARTESIAN_POINT('',(-5.572352386071,3.879298529106,
    1.736664662386));
#6554 = CARTESIAN_POINT('',(-5.515328193927,3.959873640084,
    1.664156143894));
#6555 = CARTESIAN_POINT('',(-5.489177093753,3.996190163646,
    1.628896310721));
#6556 = CARTESIAN_POINT('',(-5.463635089548,4.031083190611,
    1.592429303829));
#6557 = CARTESIAN_POINT('',(-5.43875950937,4.064544522359,1.554867378717
    ));
#6558 = CARTESIAN_POINT('',(-5.414593552727,4.096584138781,
    1.516312177012));
#6559 = CARTESIAN_POINT('',(-5.391168403071,4.127224725331,
    1.476851413458));
#6560 = CARTESIAN_POINT('',(-5.346040055718,4.185512225691,
    1.396611370081));
#6561 = CARTESIAN_POINT('',(-5.324326320139,4.213179561182,
    1.355851492837));
#6562 = CARTESIAN_POINT('',(-5.303386545591,4.239525934303,
    1.314348688846));
#6563 = CARTESIAN_POINT('',(-5.283238446132,4.264580857132,
    1.272169392321));
#6564 = CARTESIAN_POINT('',(-5.263895653144,4.28837483069,1.229373412541
    ));
#6565 = CARTESIAN_POINT('',(-5.245368330657,4.310938549555,
    1.186013632385));
#6566 = CARTESIAN_POINT('',(-5.21216978088,4.350998280457,1.103736233769
    ));
#6567 = CARTESIAN_POINT('',(-5.197306437761,4.368774668712,
    1.064941203228));
#6568 = CARTESIAN_POINT('',(-5.183078969603,4.385651127893,
    1.025782113136));
#6569 = CARTESIAN_POINT('',(-5.169491631454,4.4016463938,0.986288258907)
  );
#6570 = CARTESIAN_POINT('',(-5.156547829538,4.416778082102,
    0.946486739085));
#6571 = CARTESIAN_POINT('',(-5.144250225685,4.431062689049,
    0.906402460948));
#6572 = CARTESIAN_POINT('',(-5.100004877247,4.482157956448,
    0.753171330609));
#6573 = CARTESIAN_POINT('',(-5.072489689404,4.513282174688,
    0.638268410061));
#6574 = CARTESIAN_POINT('',(-5.050089919452,4.538236207084,
    0.521823405255));
#6575 = CARTESIAN_POINT('',(-5.032832396917,4.557262913362,
    0.404257360094));
#6576 = CARTESIAN_POINT('',(-5.020727397819,4.57053147114,0.285946126251
    ));
#6577 = CARTESIAN_POINT('',(-5.013773267317,4.578143180891,
    0.167223641371));
#6578 = CARTESIAN_POINT('',(-5.009960199017,4.582315786748,
    -8.468930691362E-02));
#6579 = CARTESIAN_POINT('',(-5.014409662331,4.577444570357,
    -0.217890134621));
#6580 = CARTESIAN_POINT('',(-5.025326411916,4.565519842046,
    -0.350743578579));
#6581 = CARTESIAN_POINT('',(-5.042702743326,4.546451361811,
    -0.482758565832));
#6582 = CARTESIAN_POINT('',(-5.066513908418,4.520038067702,
    -0.613419867265));
#6583 = CARTESIAN_POINT('',(-5.096718761192,4.485966262212,
    -0.742194110111));
#6584 = CARTESIAN_POINT('',(-5.144978202698,4.430217547844,
    -0.908789763734));
#6585 = CARTESIAN_POINT('',(-5.157295904075,4.415904808186,
    -0.948818256244));
#6586 = CARTESIAN_POINT('',(-5.170258355237,4.400746056975,
    -0.988563539109));
#6587 = CARTESIAN_POINT('',(-5.183862881911,4.384724807695,
    -1.028000719342));
#6588 = CARTESIAN_POINT('',(-5.198106062975,4.367823462462,
    -1.067102711658));
#6589 = CARTESIAN_POINT('',(-5.21298362576,4.350023312387,
    -1.105840233237));
#6590 = CARTESIAN_POINT('',(-5.246036427452,4.310123958072,
    -1.187565866567));
#6591 = CARTESIAN_POINT('',(-5.264387385238,4.287768006039,
    -1.230441380334));
#6592 = CARTESIAN_POINT('',(-5.283536071351,4.264207529496,
    -1.272763985889));
#6593 = CARTESIAN_POINT('',(-5.303472598008,4.239412815229,
    -1.314482403459));
#6594 = CARTESIAN_POINT('',(-5.324183749173,4.213354344596,
    -1.355538714437));
#6595 = CARTESIAN_POINT('',(-5.345652396734,4.186003548968,
    -1.395868648439));
#6596 = CARTESIAN_POINT('',(-5.390449127258,4.128163003815,
    -1.475625341834));
#6597 = CARTESIAN_POINT('',(-5.413800444845,4.097630130909,
    -1.515019174778));
#6598 = CARTESIAN_POINT('',(-5.437889812275,4.065705193898,
    -1.553513465026));
#6599 = CARTESIAN_POINT('',(-5.462686421766,4.03236553582,
    -1.591021318973));
#6600 = CARTESIAN_POINT('',(-5.488147636677,3.99760096072,
    -1.627442090182));
#6601 = CARTESIAN_POINT('',(-5.514216913267,3.961419099064,
    -1.662664615994));
#6602 = CARTESIAN_POINT('',(-5.571306049133,3.880804228007,
    -1.735420446976));
#6603 = CARTESIAN_POINT('',(-5.602491116395,3.835940945334,
    -1.772538880387));
#6604 = CARTESIAN_POINT('',(-5.634265870143,3.789311006002,
    -1.807746166633));
#6605 = CARTESIAN_POINT('',(-5.666463781852,3.741047385681,
    -1.840817784899));
#6606 = CARTESIAN_POINT('',(-5.698855994099,3.691389870756,
    -1.871510886594));
#6607 = CARTESIAN_POINT('',(-5.731152479035,3.64071947614,-1.89961471258
    ));
#6608 = CARTESIAN_POINT('',(-5.763035475673,3.589530938177,-1.9250006));
#6609 = PCURVE('',#6381,#6610);
#6610 = DEFINITIONAL_REPRESENTATION('',(#6611),#6674);
#6611 = B_SPLINE_CURVE_WITH_KNOTS('',7,(#6612,#6613,#6614,#6615,#6616,
    #6617,#6618,#6619,#6620,#6621,#6622,#6623,#6624,#6625,#6626,#6627,
    #6628,#6629,#6630,#6631,#6632,#6633,#6634,#6635,#6636,#6637,#6638,
    #6639,#6640,#6641,#6642,#6643,#6644,#6645,#6646,#6647,#6648,#6649,
    #6650,#6651,#6652,#6653,#6654,#6655,#6656,#6657,#6658,#6659,#6660,
    #6661,#6662,#6663,#6664,#6665,#6666,#6667,#6668,#6669,#6670,#6671,
    #6672,#6673),.UNSPECIFIED.,.F.,.F.,(8,6,6,6,6,6,6,6,6,6,8),(0.,
    8.657704091406E-02,0.162735071219,0.238228478256,0.304296028551,
    0.489158639173,0.696151742114,0.76217790822,0.836887526026,
    0.912901572846,1.),.UNSPECIFIED.);
#6612 = CARTESIAN_POINT('',(3.915751939163,1.071737674848));
#6613 = CARTESIAN_POINT('',(3.952059877083,1.047679418122));
#6614 = CARTESIAN_POINT('',(3.984041913761,1.022298233815));
#6615 = CARTESIAN_POINT('',(4.011965702568,0.99593781517));
#6616 = CARTESIAN_POINT('',(4.036352396999,0.968917897704));
#6617 = CARTESIAN_POINT('',(4.057703206134,0.9414790686));
#6618 = CARTESIAN_POINT('',(4.076463030866,0.913795577485));
#6619 = CARTESIAN_POINT('',(4.107571352415,0.861509399977));
#6620 = CARTESIAN_POINT('',(4.120418597749,0.836938977994));
#6621 = CARTESIAN_POINT('',(4.131815299665,0.812341573899));
#6622 = CARTESIAN_POINT('',(4.141973912217,0.787770353649));
#6623 = CARTESIAN_POINT('',(4.151067236666,0.763261026309));
#6624 = CARTESIAN_POINT('',(4.159236841286,0.738835367133));
#6625 = CARTESIAN_POINT('',(4.173901850608,0.690386445045));
#6626 = CARTESIAN_POINT('',(4.180410458913,0.666364336096));
#6627 = CARTESIAN_POINT('',(4.186241503906,0.642450786424));
#6628 = CARTESIAN_POINT('',(4.191486524408,0.618653009182));
#6629 = CARTESIAN_POINT('',(4.196219110633,0.594973872557));
#6630 = CARTESIAN_POINT('',(4.200499614585,0.571412714269));
#6631 = CARTESIAN_POINT('',(4.207775631659,0.527447057452));
#6632 = CARTESIAN_POINT('',(4.210864642138,0.507016380958));
#6633 = CARTESIAN_POINT('',(4.213681006256,0.486672181177));
#6634 = CARTESIAN_POINT('',(4.216253216241,0.466411808735));
#6635 = CARTESIAN_POINT('',(4.218605140114,0.44623196321));
#6636 = CARTESIAN_POINT('',(4.220757019623,0.426128746059));
#6637 = CARTESIAN_POINT('',(4.228237152298,0.350049185188));
#6638 = CARTESIAN_POINT('',(4.232318768552,0.294575569701));
#6639 = CARTESIAN_POINT('',(4.235353737167,0.239566669599));
#6640 = CARTESIAN_POINT('',(4.237551910174,0.184919091383));
#6641 = CARTESIAN_POINT('',(4.239037293627,0.130530025128));
#6642 = CARTESIAN_POINT('',(4.239884198069,7.628923377433E-02));
#6643 = CARTESIAN_POINT('',(4.240347608054,-3.864157633137E-02));
#6644 = CARTESIAN_POINT('',(4.239805501998,-9.931716290323E-02));
#6645 = CARTESIAN_POINT('',(4.238492747485,-0.160105099619));
#6646 = CARTESIAN_POINT('',(4.236345399679,-0.221144339452));
#6647 = CARTESIAN_POINT('',(4.233200615203,-0.282578013731));
#6648 = CARTESIAN_POINT('',(4.228804497933,-0.344566514913));
#6649 = CARTESIAN_POINT('',(4.220630034048,-0.427324817866));
#6650 = CARTESIAN_POINT('',(4.218470337174,-0.447411054641));
#6651 = CARTESIAN_POINT('',(4.216110171695,-0.467573926672));
#6652 = CARTESIAN_POINT('',(4.213529245409,-0.487817306224));
#6653 = CARTESIAN_POINT('',(4.210703634096,-0.508144464175));
#6654 = CARTESIAN_POINT('',(4.207604781995,-0.528558016126));
#6655 = CARTESIAN_POINT('',(4.200344244627,-0.572258028338));
#6656 = CARTESIAN_POINT('',(4.196096641555,-0.595568422149));
#6657 = CARTESIAN_POINT('',(4.191405289968,-0.61899425837));
#6658 = CARTESIAN_POINT('',(4.186211542082,-0.642536127655));
#6659 = CARTESIAN_POINT('',(4.180444040018,-0.666191230392));
#6660 = CARTESIAN_POINT('',(4.1740142504,-0.689952604228));
#6661 = CARTESIAN_POINT('',(4.159483996275,-0.738080620011));
#6662 = CARTESIAN_POINT('',(4.151357109419,-0.762447800829));
#6663 = CARTESIAN_POINT('',(4.142313795033,-0.786898702595));
#6664 = CARTESIAN_POINT('',(4.132214007885,-0.811411884508));
#6665 = CARTESIAN_POINT('',(4.120886861011,-0.835952192453));
#6666 = CARTESIAN_POINT('',(4.108122285879,-0.860467295032));
#6667 = CARTESIAN_POINT('',(4.077094599017,-0.912861623981));
#6668 = CARTESIAN_POINT('',(4.058302368367,-0.940707728529));
#6669 = CARTESIAN_POINT('',(4.036899929094,-0.96831044146));
#6670 = CARTESIAN_POINT('',(4.012435952089,-0.995493467794));
#6671 = CARTESIAN_POINT('',(3.984401118164,-1.022012949118));
#6672 = CARTESIAN_POINT('',(3.952264139282,-1.047544070518));
#6673 = CARTESIAN_POINT('',(3.915751939163,-1.071737674848));
#6674 = ( GEOMETRIC_REPRESENTATION_CONTEXT(2) 
PARAMETRIC_REPRESENTATION_CONTEXT() REPRESENTATION_CONTEXT('2D SPACE',''
  ) );
#6675 = PCURVE('',#6525,#6676);
#6676 = DEFINITIONAL_REPRESENTATION('',(#6677),#6740);
#6677 = B_SPLINE_CURVE_WITH_KNOTS('',7,(#6678,#6679,#6680,#6681,#6682,
    #6683,#6684,#6685,#6686,#6687,#6688,#6689,#6690,#6691,#6692,#6693,
    #6694,#6695,#6696,#6697,#6698,#6699,#6700,#6701,#6702,#6703,#6704,
    #6705,#6706,#6707,#6708,#6709,#6710,#6711,#6712,#6713,#6714,#6715,
    #6716,#6717,#6718,#6719,#6720,#6721,#6722,#6723,#6724,#6725,#6726,
    #6727,#6728,#6729,#6730,#6731,#6732,#6733,#6734,#6735,#6736,#6737,
    #6738,#6739),.UNSPECIFIED.,.F.,.F.,(8,6,6,6,6,6,6,6,6,6,8),(0.,
    8.657704091406E-02,0.162735071219,0.238228478256,0.304296028551,
    0.489158639173,0.696151742114,0.76217790822,0.836887526026,
    0.912901572846,1.),.UNSPECIFIED.);
#6678 = CARTESIAN_POINT('',(2.58453786284,3.8500006));
#6679 = CARTESIAN_POINT('',(2.575705335027,3.824756730239));
#6680 = CARTESIAN_POINT('',(2.566904900954,3.796824896713));
#6681 = CARTESIAN_POINT('',(2.558220745727,3.76633193213));
#6682 = CARTESIAN_POINT('',(2.549720952578,3.733484888629));
#6683 = CARTESIAN_POINT('',(2.541451963212,3.698522211608));
#6684 = CARTESIAN_POINT('',(2.533442670074,3.661664662386));
#6685 = CARTESIAN_POINT('',(2.518903713832,3.589156143894));
#6686 = CARTESIAN_POINT('',(2.512312535069,3.553896310721));
#6687 = CARTESIAN_POINT('',(2.505943802365,3.517429303829));
#6688 = CARTESIAN_POINT('',(2.499803015311,3.479867378717));
#6689 = CARTESIAN_POINT('',(2.49389241711,3.441312177012));
#6690 = CARTESIAN_POINT('',(2.488211809063,3.401851413458));
#6691 = CARTESIAN_POINT('',(2.477354503973,3.321611370081));
#6692 = CARTESIAN_POINT('',(2.472174477027,3.280851492837));
#6693 = CARTESIAN_POINT('',(2.467217818942,3.239348688846));
#6694 = CARTESIAN_POINT('',(2.46248252756,3.197169392321));
#6695 = CARTESIAN_POINT('',(2.457966193004,3.154373412541));
#6696 = CARTESIAN_POINT('',(2.453666126845,3.111013632385));
#6697 = CARTESIAN_POINT('',(2.446003099438,3.028736233769));
#6698 = CARTESIAN_POINT('',(2.442590286878,2.989941203228));
#6699 = CARTESIAN_POINT('',(2.439339216962,2.950782113136));
#6700 = CARTESIAN_POINT('',(2.436248120305,2.911288258907));
#6701 = CARTESIAN_POINT('',(2.433315298184,2.871486739085));
#6702 = CARTESIAN_POINT('',(2.430539125964,2.831402460948));
#6703 = CARTESIAN_POINT('',(2.420584081928,2.678171330609));
#6704 = CARTESIAN_POINT('',(2.41446572189,2.563268410061));
#6705 = CARTESIAN_POINT('',(2.409526938586,2.446823405255));
#6706 = CARTESIAN_POINT('',(2.405743569157,2.329257360094));
#6707 = CARTESIAN_POINT('',(2.403098216281,2.210946126251));
#6708 = CARTESIAN_POINT('',(2.401579679069,2.092223641371));
#6709 = CARTESIAN_POINT('',(2.400747151702,1.840310693086));
#6710 = CARTESIAN_POINT('',(2.401718865872,1.707109865379));
#6711 = CARTESIAN_POINT('',(2.404100058425,1.574256421421));
#6712 = CARTESIAN_POINT('',(2.407899758398,1.442241434168));
#6713 = CARTESIAN_POINT('',(2.413137355241,1.311580132735));
#6714 = CARTESIAN_POINT('',(2.419843220651,1.182805889889));
#6715 = CARTESIAN_POINT('',(2.430703414925,1.016210236266));
#6716 = CARTESIAN_POINT('',(2.433484658555,0.976181743756));
#6717 = CARTESIAN_POINT('',(2.436422295065,0.936436460891));
#6718 = CARTESIAN_POINT('',(2.439517947326,0.896999280658));
#6719 = CARTESIAN_POINT('',(2.442773311227,0.857897288342));
#6720 = CARTESIAN_POINT('',(2.446190152091,0.819159766763));
#6721 = CARTESIAN_POINT('',(2.453821294488,0.737434133433));
#6722 = CARTESIAN_POINT('',(2.458081227555,0.694558619666));
#6723 = CARTESIAN_POINT('',(2.462552845048,0.652236014111));
#6724 = CARTESIAN_POINT('',(2.467238746006,0.610517596541));
#6725 = CARTESIAN_POINT('',(2.47214126108,0.569461285563));
#6726 = CARTESIAN_POINT('',(2.47726232988,0.529131351561));
#6727 = CARTESIAN_POINT('',(2.488037681393,0.449374658166));
#6728 = CARTESIAN_POINT('',(2.493699082458,0.409980825222));
#6729 = CARTESIAN_POINT('',(2.499589405116,0.371486534974));
#6730 = CARTESIAN_POINT('',(2.505708873862,0.333978681027));
#6731 = CARTESIAN_POINT('',(2.51205531526,0.297557909818));
#6732 = CARTESIAN_POINT('',(2.518623359126,0.262335384006));
#6733 = CARTESIAN_POINT('',(2.533172621869,0.189579553024));
#6734 = CARTESIAN_POINT('',(2.541219620455,0.152461119613));
#6735 = CARTESIAN_POINT('',(2.549529930386,0.117253833367));
#6736 = CARTESIAN_POINT('',(2.55807439983,8.418221510114E-02));
#6737 = CARTESIAN_POINT('',(2.566806006451,5.348911340605E-02));
#6738 = CARTESIAN_POINT('',(2.575655644749,2.538528741993E-02));
#6739 = CARTESIAN_POINT('',(2.58453786284,-6.E-07));
#6740 = ( GEOMETRIC_REPRESENTATION_CONTEXT(2) 
PARAMETRIC_REPRESENTATION_CONTEXT() REPRESENTATION_CONTEXT('2D SPACE',''
  ) );
#6741 = ORIENTED_EDGE('',*,*,#6742,.T.);
#6742 = EDGE_CURVE('',#6543,#6209,#6743,.T.);
#6743 = SURFACE_CURVE('',#6744,(#6749,#6756),.PCURVE_S1.);
#6744 = CIRCLE('',#6745,1.049282021194);
#6745 = AXIS2_PLACEMENT_3D('',#6746,#6747,#6748);
#6746 = CARTESIAN_POINT('',(-6.757266509268,3.254128043382,-1.925));
#6747 = DIRECTION('',(0.,0.,1.));
#6748 = DIRECTION('',(-0.900968867902,0.433883739118,0.));
#6749 = PCURVE('',#6381,#6750);
#6750 = DEFINITIONAL_REPRESENTATION('',(#6751),#6755);
#6751 = LINE('',#6752,#6753);
#6752 = CARTESIAN_POINT('',(5.446881626241E-18,-1.071737103028));
#6753 = VECTOR('',#6754,1.);
#6754 = DIRECTION('',(1.,0.));
#6755 = ( GEOMETRIC_REPRESENTATION_CONTEXT(2) 
PARAMETRIC_REPRESENTATION_CONTEXT() REPRESENTATION_CONTEXT('2D SPACE',''
  ) );
#6756 = PCURVE('',#6225,#6757);
#6757 = DEFINITIONAL_REPRESENTATION('',(#6758),#6762);
#6758 = CIRCLE('',#6759,1.049282021194);
#6759 = AXIS2_PLACEMENT_2D('',#6760,#6761);
#6760 = CARTESIAN_POINT('',(-6.757266509268,3.254128043382));
#6761 = DIRECTION('',(-0.900968867902,0.433883739118));
#6762 = ( GEOMETRIC_REPRESENTATION_CONTEXT(2) 
PARAMETRIC_REPRESENTATION_CONTEXT() REPRESENTATION_CONTEXT('2D SPACE',''
  ) );
#6763 = ADVANCED_FACE('',(#6764),#6225,.F.);
#6764 = FACE_BOUND('',#6765,.F.);
#6765 = EDGE_LOOP('',(#6766,#6790,#6791,#6792));
#6766 = ORIENTED_EDGE('',*,*,#6767,.F.);
#6767 = EDGE_CURVE('',#6004,#6768,#6770,.T.);
#6768 = VERTEX_POINT('',#6769);
#6769 = CARTESIAN_POINT('',(-2.217139213997,6.417289455507,-1.925));
#6770 = SURFACE_CURVE('',#6771,(#6776,#6783),.PCURVE_S1.);
#6771 = CIRCLE('',#6772,1.049282021194);
#6772 = AXIS2_PLACEMENT_3D('',#6773,#6774,#6775);
#6773 = CARTESIAN_POINT('',(-1.668907004672,7.311959341364,-1.925));
#6774 = DIRECTION('',(0.,0.,1.));
#6775 = DIRECTION('',(-0.222520933956,0.974927912182,0.));
#6776 = PCURVE('',#6225,#6777);
#6777 = DEFINITIONAL_REPRESENTATION('',(#6778),#6782);
#6778 = CIRCLE('',#6779,1.049282021194);
#6779 = AXIS2_PLACEMENT_2D('',#6780,#6781);
#6780 = CARTESIAN_POINT('',(-1.668907004672,7.311959341364));
#6781 = DIRECTION('',(-0.222520933956,0.974927912182));
#6782 = ( GEOMETRIC_REPRESENTATION_CONTEXT(2) 
PARAMETRIC_REPRESENTATION_CONTEXT() REPRESENTATION_CONTEXT('2D SPACE',''
  ) );
#6783 = PCURVE('',#6137,#6784);
#6784 = DEFINITIONAL_REPRESENTATION('',(#6785),#6789);
#6785 = LINE('',#6786,#6787);
#6786 = CARTESIAN_POINT('',(6.955231486792E-18,-1.071737103028));
#6787 = VECTOR('',#6788,1.);
#6788 = DIRECTION('',(1.,0.));
#6789 = ( GEOMETRIC_REPRESENTATION_CONTEXT(2) 
PARAMETRIC_REPRESENTATION_CONTEXT() REPRESENTATION_CONTEXT('2D SPACE',''
  ) );
#6790 = ORIENTED_EDGE('',*,*,#6208,.T.);
#6791 = ORIENTED_EDGE('',*,*,#6742,.F.);
#6792 = ORIENTED_EDGE('',*,*,#6793,.F.);
#6793 = EDGE_CURVE('',#6768,#6543,#6794,.T.);
#6794 = SURFACE_CURVE('',#6795,(#6800,#6807),.PCURVE_S1.);
#6795 = CIRCLE('',#6796,6.7895);
#6796 = AXIS2_PLACEMENT_3D('',#6797,#6798,#6799);
#6797 = CARTESIAN_POINT('',(0.,0.,-1.925));
#6798 = DIRECTION('',(0.,0.,1.));
#6799 = DIRECTION('',(1.,0.,0.));
#6800 = PCURVE('',#6225,#6801);
#6801 = DEFINITIONAL_REPRESENTATION('',(#6802),#6806);
#6802 = CIRCLE('',#6803,6.7895);
#6803 = AXIS2_PLACEMENT_2D('',#6804,#6805);
#6804 = CARTESIAN_POINT('',(0.,0.));
#6805 = DIRECTION('',(1.,0.));
#6806 = ( GEOMETRIC_REPRESENTATION_CONTEXT(2) 
PARAMETRIC_REPRESENTATION_CONTEXT() REPRESENTATION_CONTEXT('2D SPACE',''
  ) );
#6807 = PCURVE('',#6525,#6808);
#6808 = DEFINITIONAL_REPRESENTATION('',(#6809),#6813);
#6809 = LINE('',#6810,#6811);
#6810 = CARTESIAN_POINT('',(0.,0.));
#6811 = VECTOR('',#6812,1.);
#6812 = DIRECTION('',(1.,0.));
#6813 = ( GEOMETRIC_REPRESENTATION_CONTEXT(2) 
PARAMETRIC_REPRESENTATION_CONTEXT() REPRESENTATION_CONTEXT('2D SPACE',''
  ) );
#6814 = ADVANCED_FACE('',(#6815),#6137,.F.);
#6815 = FACE_BOUND('',#6816,.F.);
#6816 = EDGE_LOOP('',(#6817,#6818,#6819,#7017));
#6817 = ORIENTED_EDGE('',*,*,#6003,.F.);
#6818 = ORIENTED_EDGE('',*,*,#6767,.T.);
#6819 = ORIENTED_EDGE('',*,*,#6820,.T.);
#6820 = EDGE_CURVE('',#6768,#6462,#6821,.T.);
#6821 = SURFACE_CURVE('',#6822,(#6885,#6951),.PCURVE_S1.);
#6822 = B_SPLINE_CURVE_WITH_KNOTS('',7,(#6823,#6824,#6825,#6826,#6827,
    #6828,#6829,#6830,#6831,#6832,#6833,#6834,#6835,#6836,#6837,#6838,
    #6839,#6840,#6841,#6842,#6843,#6844,#6845,#6846,#6847,#6848,#6849,
    #6850,#6851,#6852,#6853,#6854,#6855,#6856,#6857,#6858,#6859,#6860,
    #6861,#6862,#6863,#6864,#6865,#6866,#6867,#6868,#6869,#6870,#6871,
    #6872,#6873,#6874,#6875,#6876,#6877,#6878,#6879,#6880,#6881,#6882,
    #6883,#6884),.UNSPECIFIED.,.F.,.F.,(8,6,6,6,6,6,6,6,6,6,8),(0.,
    8.678941126037E-02,0.162655381965,0.238017140478,0.30370679178,
    0.495424502359,0.696169191205,0.761890690989,0.837276015121,
    0.913774777212,1.),.UNSPECIFIED.);
#6823 = CARTESIAN_POINT('',(-2.217137866799,6.417289920956,-1.9250006));
#6824 = CARTESIAN_POINT('',(-2.273949999764,6.397661645961,
    -1.89969827955));
#6825 = CARTESIAN_POINT('',(-2.330352007502,6.377518254948,
    -1.871695750193));
#6826 = CARTESIAN_POINT('',(-2.385796043843,6.357057561926,
    -1.841120468049));
#6827 = CARTESIAN_POINT('',(-2.439849833253,6.336475661657,
    -1.808180935571));
#6828 = CARTESIAN_POINT('',(-2.492230468262,6.315940857781,
    -1.77311749322));
#6829 = CARTESIAN_POINT('',(-2.542771824515,6.295584931507,
    -1.736152585095));
#6830 = CARTESIAN_POINT('',(-2.633907874781,6.257951308851,
    -1.663645661015));
#6831 = CARTESIAN_POINT('',(-2.674950830935,6.240609779772,
    -1.628512283421));
#6832 = CARTESIAN_POINT('',(-2.714482392239,6.223543598468,
    -1.592182359222));
#6833 = CARTESIAN_POINT('',(-2.752482204614,6.206806117475,
    -1.554766717462));
#6834 = CARTESIAN_POINT('',(-2.78895041069,6.190441121919,
    -1.516365733559));
#6835 = CARTESIAN_POINT('',(-2.823901964784,6.174483654892,
    -1.47706608779));
#6836 = CARTESIAN_POINT('',(-2.890597559521,6.143541196796,
    -1.397075657876));
#6837 = CARTESIAN_POINT('',(-2.922357542964,6.128552306422,
    -1.356400670241));
#6838 = CARTESIAN_POINT('',(-2.952662776261,6.114022067075,
    -1.314984966454));
#6839 = CARTESIAN_POINT('',(-2.981537923364,6.099974214119,
    -1.272894666197));
#6840 = CARTESIAN_POINT('',(-3.009009525077,6.086428742959,
    -1.230189302106));
#6841 = CARTESIAN_POINT('',(-3.03510509001,6.073402329082,
    -1.186921518629));
#6842 = CARTESIAN_POINT('',(-3.081423179972,6.050018622993,
    -1.10497146175));
#6843 = CARTESIAN_POINT('',(-3.101968922863,6.039533701441,
    -1.066414630305));
#6844 = CARTESIAN_POINT('',(-3.12150730031,6.029463334799,
    -1.027497269253));
#6845 = CARTESIAN_POINT('',(-3.140055343491,6.019815719503,
    -0.988248212761));
#6846 = CARTESIAN_POINT('',(-3.15762920584,6.010597996499,
    -0.948694141626));
#6847 = CARTESIAN_POINT('',(-3.174244140243,6.00181635067,
    -0.908859588435));
#6848 = CARTESIAN_POINT('',(-3.235648939439,5.969134805893,
    -0.751755052786));
#6849 = CARTESIAN_POINT('',(-3.273329033632,5.948557859727,
    -0.632566609545));
#6850 = CARTESIAN_POINT('',(-3.303325873764,5.931869739934,-0.5117309395
    ));
#6851 = CARTESIAN_POINT('',(-3.325893900228,5.919159045403,
    -0.389715846834));
#6852 = CARTESIAN_POINT('',(-3.34120978163,5.910476730826,
    -0.266937306026));
#6853 = CARTESIAN_POINT('',(-3.349377078488,5.905843276814,
    -0.143763369688));
#6854 = CARTESIAN_POINT('',(-3.35146426435,5.904659096123,0.108542031234
    ));
#6855 = CARTESIAN_POINT('',(-3.34469474887,5.908499567,0.237596860112));
#6856 = CARTESIAN_POINT('',(-3.330107694575,5.916782763158,
    0.366294376927));
#6857 = CARTESIAN_POINT('',(-3.307599402411,5.929489441142,
    0.494220318311));
#6858 = CARTESIAN_POINT('',(-3.276972678296,5.946565694664,
    0.620901486959));
#6859 = CARTESIAN_POINT('',(-3.237944099195,5.967911482573,0.74580572324
    ));
#6860 = CARTESIAN_POINT('',(-3.17441872872,6.00172400382,0.908437976932)
  );
#6861 = CARTESIAN_POINT('',(-3.157805489756,6.010505375645,
    0.948291638161));
#6862 = CARTESIAN_POINT('',(-3.140232635315,6.019723233453,
    0.987864763856));
#6863 = CARTESIAN_POINT('',(-3.12168489954,6.029371389711,1.027132801665
    ));
#6864 = CARTESIAN_POINT('',(-3.102146113771,6.039442699994,
    1.066069049079));
#6865 = CARTESIAN_POINT('',(-3.08159922921,6.049928963443,1.104644648201
    ));
#6866 = CARTESIAN_POINT('',(-3.035281327923,6.073314244425,1.18662715671
    ));
#6867 = CARTESIAN_POINT('',(-3.009187319851,6.08634083171,1.229908754982
    ));
#6868 = CARTESIAN_POINT('',(-2.98171673154,6.099886808413,1.272627905639
    ));
#6869 = CARTESIAN_POINT('',(-2.952842034621,6.11393549746,1.314731947228
    ));
#6870 = CARTESIAN_POINT('',(-2.922536664712,6.128466901106,
    1.356161327366));
#6871 = CARTESIAN_POINT('',(-2.890775929939,6.143457280678,
    1.396849903551));
#6872 = CARTESIAN_POINT('',(-2.823808985033,6.174527966206,
    1.477189541444));
#6873 = CARTESIAN_POINT('',(-2.788562837455,6.190619145326,
    1.516811339376));
#6874 = CARTESIAN_POINT('',(-2.751774703365,6.207124532217,
    1.555519314692));
#6875 = CARTESIAN_POINT('',(-2.713429243161,6.224008180803,
    1.593224543231));
#6876 = CARTESIAN_POINT('',(-2.673526506605,6.241225081055,1.62982390589
    ));
#6877 = CARTESIAN_POINT('',(-2.632087888414,6.258720299653,
    1.665203494767));
#6878 = CARTESIAN_POINT('',(-2.540778463513,6.296387408446,
    1.737608383414));
#6879 = CARTESIAN_POINT('',(-2.490509458065,6.316615279449,
    1.774268104304));
#6880 = CARTESIAN_POINT('',(-2.438429484486,6.337016309348,
    1.809045620813));
#6881 = CARTESIAN_POINT('',(-2.384703503906,6.357460665553,
    1.841722592689));
#6882 = CARTESIAN_POINT('',(-2.329610852255,6.377782928613,1.87206362285
    ));
#6883 = CARTESIAN_POINT('',(-2.273576441919,6.397790708113,
    1.899864650355));
#6884 = CARTESIAN_POINT('',(-2.217137866799,6.417289920956,1.9250006));
#6885 = PCURVE('',#6137,#6886);
#6886 = DEFINITIONAL_REPRESENTATION('',(#6887),#6950);
#6887 = B_SPLINE_CURVE_WITH_KNOTS('',7,(#6888,#6889,#6890,#6891,#6892,
    #6893,#6894,#6895,#6896,#6897,#6898,#6899,#6900,#6901,#6902,#6903,
    #6904,#6905,#6906,#6907,#6908,#6909,#6910,#6911,#6912,#6913,#6914,
    #6915,#6916,#6917,#6918,#6919,#6920,#6921,#6922,#6923,#6924,#6925,
    #6926,#6927,#6928,#6929,#6930,#6931,#6932,#6933,#6934,#6935,#6936,
    #6937,#6938,#6939,#6940,#6941,#6942,#6943,#6944,#6945,#6946,#6947,
    #6948,#6949),.UNSPECIFIED.,.F.,.F.,(8,6,6,6,6,6,6,6,6,6,8),(0.,
    8.678941126037E-02,0.162655381965,0.238017140478,0.30370679178,
    0.495424502359,0.696169191205,0.761890690989,0.837276015121,
    0.913774777212,1.),.UNSPECIFIED.);
#6888 = CARTESIAN_POINT('',(2.367433368016,-1.071737674848));
#6889 = CARTESIAN_POINT('',(2.331041361211,-1.04762371265));
#6890 = CARTESIAN_POINT('',(2.298995624367,-1.022180896932));
#6891 = CARTESIAN_POINT('',(2.271026007555,-0.99575502307));
#6892 = CARTESIAN_POINT('',(2.246607352447,-0.96866788801));
#6893 = CARTESIAN_POINT('',(2.225235164783,-0.941161503908));
#6894 = CARTESIAN_POINT('',(2.20646195492,-0.913411065167));
#6895 = CARTESIAN_POINT('',(2.175431074343,-0.86115485334));
#6896 = CARTESIAN_POINT('',(2.162651692311,-0.836682106952));
#6897 = CARTESIAN_POINT('',(2.151309455712,-0.812183056258));
#6898 = CARTESIAN_POINT('',(2.141194678293,-0.787710112915));
#6899 = CARTESIAN_POINT('',(2.13213667256,-0.763298531266));
#6900 = CARTESIAN_POINT('',(2.123995491731,-0.738969859635));
#6901 = CARTESIAN_POINT('',(2.109360646046,-0.690661988116));
#6902 = CARTESIAN_POINT('',(2.102857164081,-0.66668430402));
#6903 = CARTESIAN_POINT('',(2.097029546292,-0.642814690083));
#6904 = CARTESIAN_POINT('',(2.091786630909,-0.619060360261));
#6905 = CARTESIAN_POINT('',(2.087055098931,-0.595424201611));
#6906 = CARTESIAN_POINT('',(2.082774799157,-0.571905584176));
#6907 = CARTESIAN_POINT('',(2.075511408884,-0.528100535602));
#6908 = CARTESIAN_POINT('',(2.072432545741,-0.507787315312));
#6909 = CARTESIAN_POINT('',(2.069623879204,-0.487559617415));
#6910 = CARTESIAN_POINT('',(2.067057313879,-0.467414855861));
#6911 = CARTESIAN_POINT('',(2.064709289296,-0.447349803477));
#6912 = CARTESIAN_POINT('',(2.062559805629,-0.427360644308));
#6913 = CARTESIAN_POINT('',(2.054846728007,-0.349312709921));
#6914 = CARTESIAN_POINT('',(2.050645606602,-0.291802539264));
#6915 = CARTESIAN_POINT('',(2.047559249989,-0.234789585861));
#6916 = CARTESIAN_POINT('',(2.045358798044,-0.178158706283));
#6917 = CARTESIAN_POINT('',(2.043912121533,-0.121795387623));
#6918 = CARTESIAN_POINT('',(2.043142040775,-6.557611010534E-02));
#6919 = CARTESIAN_POINT('',(2.042945451797,4.951075570486E-02));
#6920 = CARTESIAN_POINT('',(2.043583123426,0.108340145879));
#6921 = CARTESIAN_POINT('',(2.044952133406,0.167301973052));
#6922 = CARTESIAN_POINT('',(2.047120494102,0.226538416293));
#6923 = CARTESIAN_POINT('',(2.050242060554,0.286181596287));
#6924 = CARTESIAN_POINT('',(2.054560233491,0.346362903733));
#6925 = CARTESIAN_POINT('',(2.062537290087,0.427149319918));
#6926 = CARTESIAN_POINT('',(2.064685902492,0.447146134185));
#6927 = CARTESIAN_POINT('',(2.067033075012,0.467218876248));
#6928 = CARTESIAN_POINT('',(2.06959881282,0.487371369336));
#6929 = CARTESIAN_POINT('',(2.072406684167,0.507606847846));
#6930 = CARTESIAN_POINT('',(2.075484795602,0.527927905101));
#6931 = CARTESIAN_POINT('',(2.082746030813,0.571745890153));
#6932 = CARTESIAN_POINT('',(2.087024808204,0.595269587286));
#6933 = CARTESIAN_POINT('',(2.091754755469,0.618910879325));
#6934 = CARTESIAN_POINT('',(2.096996021902,0.642670406498));
#6935 = CARTESIAN_POINT('',(2.102821927029,0.666545292742));
#6936 = CARTESIAN_POINT('',(2.109323637655,0.690528336015));
#6937 = CARTESIAN_POINT('',(2.124013742989,0.739041704948));
#6938 = CARTESIAN_POINT('',(2.132224817609,0.763571980142));
#6939 = CARTESIAN_POINT('',(2.141368411434,0.788186527881));
#6940 = CARTESIAN_POINT('',(2.151588089236,0.812863241863));
#6941 = CARTESIAN_POINT('',(2.163059226872,0.837565797113));
#6942 = CARTESIAN_POINT('',(2.175997600255,0.862240041315));
#6943 = CARTESIAN_POINT('',(2.207203618023,0.914504735693));
#6944 = CARTESIAN_POINT('',(2.225938403874,0.942064675164));
#6945 = CARTESIAN_POINT('',(2.247249768285,0.969379289254));
#6946 = CARTESIAN_POINT('',(2.271577601106,0.996275574388));
#6947 = CARTESIAN_POINT('',(2.299416859491,1.022515181064));
#6948 = CARTESIAN_POINT('',(2.331280650231,1.047782269622));
#6949 = CARTESIAN_POINT('',(2.367433368016,1.071737674848));
#6950 = ( GEOMETRIC_REPRESENTATION_CONTEXT(2) 
PARAMETRIC_REPRESENTATION_CONTEXT() REPRESENTATION_CONTEXT('2D SPACE',''
  ) );
#6951 = PCURVE('',#6525,#6952);
#6952 = DEFINITIONAL_REPRESENTATION('',(#6953),#7016);
#6953 = B_SPLINE_CURVE_WITH_KNOTS('',7,(#6954,#6955,#6956,#6957,#6958,
    #6959,#6960,#6961,#6962,#6963,#6964,#6965,#6966,#6967,#6968,#6969,
    #6970,#6971,#6972,#6973,#6974,#6975,#6976,#6977,#6978,#6979,#6980,
    #6981,#6982,#6983,#6984,#6985,#6986,#6987,#6988,#6989,#6990,#6991,
    #6992,#6993,#6994,#6995,#6996,#6997,#6998,#6999,#7000,#7001,#7002,
    #7003,#7004,#7005,#7006,#7007,#7008,#7009,#7010,#7011,#7012,#7013,
    #7014,#7015),.UNSPECIFIED.,.F.,.F.,(8,6,6,6,6,6,6,6,6,6,8),(0.,
    8.678941126037E-02,0.162655381965,0.238017140478,0.30370679178,
    0.495424502359,0.696169191205,0.761890690989,0.837276015121,
    0.913774777212,1.),.UNSPECIFIED.);
#6954 = CARTESIAN_POINT('',(1.903451642288,-5.999999999062E-07));
#6955 = CARTESIAN_POINT('',(1.912304621297,2.530172045021E-02));
#6956 = CARTESIAN_POINT('',(1.9211252817,5.330424980679E-02));
#6957 = CARTESIAN_POINT('',(1.929828974466,8.387953195107E-02));
#6958 = CARTESIAN_POINT('',(1.938347191969,0.116819064429));
#6959 = CARTESIAN_POINT('',(1.946633226134,0.15188250678));
#6960 = CARTESIAN_POINT('',(1.954658051038,0.188847414905));
#6961 = CARTESIAN_POINT('',(1.969180556939,0.261354338985));
#6962 = CARTESIAN_POINT('',(1.975742849856,0.296487716579));
#6963 = CARTESIAN_POINT('',(1.982084418999,0.332817640778));
#6964 = CARTESIAN_POINT('',(1.988199853619,0.370233282538));
#6965 = CARTESIAN_POINT('',(1.994086942051,0.408634266441));
#6966 = CARTESIAN_POINT('',(1.999745874141,0.44793391221));
#6967 = CARTESIAN_POINT('',(2.010574907875,0.527924342124));
#6968 = CARTESIAN_POINT('',(2.015747382677,0.568599329759));
#6969 = CARTESIAN_POINT('',(2.020697317821,0.610015033546));
#6970 = CARTESIAN_POINT('',(2.025426699216,0.652105333803));
#6971 = CARTESIAN_POINT('',(2.029937920244,0.694810697894));
#6972 = CARTESIAN_POINT('',(2.034233653061,0.738078481371));
#6973 = CARTESIAN_POINT('',(2.041875756232,0.82002853825));
#6974 = CARTESIAN_POINT('',(2.045273095196,0.858585369695));
#6975 = CARTESIAN_POINT('',(2.048510540929,0.897502730747));
#6976 = CARTESIAN_POINT('',(2.051589832731,0.936751787239));
#6977 = CARTESIAN_POINT('',(2.054512641606,0.976305858374));
#6978 = CARTESIAN_POINT('',(2.057280566794,1.016140411565));
#6979 = CARTESIAN_POINT('',(2.067525839832,1.173244947214));
#6980 = CARTESIAN_POINT('',(2.073848844992,1.292433390455));
#6981 = CARTESIAN_POINT('',(2.078904500318,1.4132690605));
#6982 = CARTESIAN_POINT('',(2.082719395456,1.535284153166));
#6983 = CARTESIAN_POINT('',(2.085312457683,1.658062693974));
#6984 = CARTESIAN_POINT('',(2.086695490148,1.781236630312));
#6985 = CARTESIAN_POINT('',(2.08704893507,2.033542031234));
#6986 = CARTESIAN_POINT('',(2.085902602292,2.162596860112));
#6987 = CARTESIAN_POINT('',(2.083431904492,2.291294376927));
#6988 = CARTESIAN_POINT('',(2.079624966663,2.419220318311));
#6989 = CARTESIAN_POINT('',(2.074460441567,2.545901486959));
#6990 = CARTESIAN_POINT('',(2.067908905178,2.67080572324));
#6991 = CARTESIAN_POINT('',(2.057309656786,2.833437976932));
#6992 = CARTESIAN_POINT('',(2.054541971224,2.873291638161));
#6993 = CARTESIAN_POINT('',(2.051619284584,2.912864763856));
#6994 = CARTESIAN_POINT('',(2.04853999618,2.952132801665));
#6995 = CARTESIAN_POINT('',(2.045302433321,2.991069049079));
#6996 = CARTESIAN_POINT('',(2.04190485475,3.029644648201));
#6997 = CARTESIAN_POINT('',(2.034262671845,3.11162715671));
#6998 = CARTESIAN_POINT('',(2.029967132772,3.154908754982));
#6999 = CARTESIAN_POINT('',(2.025456012672,3.197627905639));
#7000 = CARTESIAN_POINT('',(2.020726637024,3.239731947228));
#7001 = CARTESIAN_POINT('',(2.015776609607,3.281161327366));
#7002 = CARTESIAN_POINT('',(2.010603941135,3.321849903551));
#7003 = CARTESIAN_POINT('',(1.999730704662,3.402189541444));
#7004 = CARTESIAN_POINT('',(1.994024125313,3.441811339376));
#7005 = CARTESIAN_POINT('',(1.988085585654,3.480519314692));
#7006 = CARTESIAN_POINT('',(1.981914890612,3.518224543231));
#7007 = CARTESIAN_POINT('',(1.975514339645,3.55482390589));
#7008 = CARTESIAN_POINT('',(1.968889562181,3.590203494767));
#7009 = CARTESIAN_POINT('',(1.95434157037,3.662608383414));
#7010 = CARTESIAN_POINT('',(1.94636099572,3.699268104304));
#7011 = CARTESIAN_POINT('',(1.938123371305,3.734045620813));
#7012 = CARTESIAN_POINT('',(1.929657469794,3.766722592689));
#7013 = CARTESIAN_POINT('',(1.921009374147,3.79706362285));
#7014 = CARTESIAN_POINT('',(1.912246410144,3.824864650355));
#7015 = CARTESIAN_POINT('',(1.903451642288,3.8500006));
#7016 = ( GEOMETRIC_REPRESENTATION_CONTEXT(2) 
PARAMETRIC_REPRESENTATION_CONTEXT() REPRESENTATION_CONTEXT('2D SPACE',''
  ) );
#7017 = ORIENTED_EDGE('',*,*,#6461,.F.);
#7018 = ADVANCED_FACE('',(#7019),#6525,.F.);
#7019 = FACE_BOUND('',#7020,.F.);
#7020 = EDGE_LOOP('',(#7021,#7022,#7023,#7024));
#7021 = ORIENTED_EDGE('',*,*,#6510,.F.);
#7022 = ORIENTED_EDGE('',*,*,#6820,.F.);
#7023 = ORIENTED_EDGE('',*,*,#6793,.T.);
#7024 = ORIENTED_EDGE('',*,*,#6542,.F.);
#7025 = ( GEOMETRIC_REPRESENTATION_CONTEXT(3) 
GLOBAL_UNCERTAINTY_ASSIGNED_CONTEXT((#7029)) 
GLOBAL_UNIT_ASSIGNED_CONTEXT((#7026,#7027,#7028)) REPRESENTATION_CONTEXT
('Context #1','3D Context with UNIT and UNCERTAINTY') );
#7026 = ( LENGTH_UNIT() NAMED_UNIT(*) SI_UNIT(.MILLI.,.METRE.) );
#7027 = ( NAMED_UNIT(*) PLANE_ANGLE_UNIT() SI_UNIT($,.RADIAN.) );
#7028 = ( NAMED_UNIT(*) SI_UNIT($,.STERADIAN.) SOLID_ANGLE_UNIT() );
#7029 = UNCERTAINTY_MEASURE_WITH_UNIT(LENGTH_MEASURE(2.E-07),#7026,
  'distance_accuracy_value','confusion accuracy');
#7030 = CONTEXT_DEPENDENT_SHAPE_REPRESENTATION(#7031,#7033);
#7031 = ( REPRESENTATION_RELATIONSHIP('','',#5960,#516) 
REPRESENTATION_RELATIONSHIP_WITH_TRANSFORMATION(#7032) 
SHAPE_REPRESENTATION_RELATIONSHIP() );
#7032 = ITEM_DEFINED_TRANSFORMATION('','',#11,#537);
#7033 = PRODUCT_DEFINITION_SHAPE('Placement','Placement of an item',
  #7034);
#7034 = NEXT_ASSEMBLY_USAGE_OCCURRENCE('10','=>[0:1:1:12]','',#511,#5955
  ,$);
#7035 = PRODUCT_RELATED_PRODUCT_CATEGORY('part',$,(#5957));
#7036 = SHAPE_DEFINITION_REPRESENTATION(#7037,#7043);
#7037 = PRODUCT_DEFINITION_SHAPE('','',#7038);
#7038 = PRODUCT_DEFINITION('design','',#7039,#7042);
#7039 = PRODUCT_DEFINITION_FORMATION('','',#7040);
#7040 = PRODUCT('SOLID','SOLID','',(#7041));
#7041 = PRODUCT_CONTEXT('',#2,'mechanical');
#7042 = PRODUCT_DEFINITION_CONTEXT('part definition',#2,'design');
#7043 = ADVANCED_BREP_SHAPE_REPRESENTATION('',(#11,#7044),#8108);
#7044 = MANIFOLD_SOLID_BREP('',#7045);
#7045 = CLOSED_SHELL('',(#7046,#7540,#7619,#7846,#7897,#8101));
#7046 = ADVANCED_FACE('',(#7047),#7062,.T.);
#7047 = FACE_BOUND('',#7048,.T.);
#7048 = EDGE_LOOP('',(#7049,#7085,#7290,#7319));
#7049 = ORIENTED_EDGE('',*,*,#7050,.F.);
#7050 = EDGE_CURVE('',#7051,#7053,#7055,.T.);
#7051 = VERTEX_POINT('',#7052);
#7052 = CARTESIAN_POINT('',(-7.711694486562,2.818169334146,1.925));
#7053 = VERTEX_POINT('',#7054);
#7054 = CARTESIAN_POINT('',(-7.711694486562,-2.818169334146,1.925));
#7055 = SURFACE_CURVE('',#7056,(#7061,#7073),.PCURVE_S1.);
#7056 = CIRCLE('',#7057,8.2105);
#7057 = AXIS2_PLACEMENT_3D('',#7058,#7059,#7060);
#7058 = CARTESIAN_POINT('',(0.,0.,1.925));
#7059 = DIRECTION('',(0.,0.,1.));
#7060 = DIRECTION('',(1.,0.,0.));
#7061 = PCURVE('',#7062,#7067);
#7062 = CYLINDRICAL_SURFACE('',#7063,8.2105);
#7063 = AXIS2_PLACEMENT_3D('',#7064,#7065,#7066);
#7064 = CARTESIAN_POINT('',(0.,0.,-1.925));
#7065 = DIRECTION('',(0.,0.,1.));
#7066 = DIRECTION('',(1.,0.,0.));
#7067 = DEFINITIONAL_REPRESENTATION('',(#7068),#7072);
#7068 = LINE('',#7069,#7070);
#7069 = CARTESIAN_POINT('',(0.,3.85));
#7070 = VECTOR('',#7071,1.);
#7071 = DIRECTION('',(1.,0.));
#7072 = ( GEOMETRIC_REPRESENTATION_CONTEXT(2) 
PARAMETRIC_REPRESENTATION_CONTEXT() REPRESENTATION_CONTEXT('2D SPACE',''
  ) );
#7073 = PCURVE('',#7074,#7079);
#7074 = PLANE('',#7075);
#7075 = AXIS2_PLACEMENT_3D('',#7076,#7077,#7078);
#7076 = CARTESIAN_POINT('',(0.,0.,1.925));
#7077 = DIRECTION('',(0.,0.,1.));
#7078 = DIRECTION('',(1.,0.,0.));
#7079 = DEFINITIONAL_REPRESENTATION('',(#7080),#7084);
#7080 = CIRCLE('',#7081,8.2105);
#7081 = AXIS2_PLACEMENT_2D('',#7082,#7083);
#7082 = CARTESIAN_POINT('',(0.,0.));
#7083 = DIRECTION('',(1.,0.));
#7084 = ( GEOMETRIC_REPRESENTATION_CONTEXT(2) 
PARAMETRIC_REPRESENTATION_CONTEXT() REPRESENTATION_CONTEXT('2D SPACE',''
  ) );
#7085 = ORIENTED_EDGE('',*,*,#7086,.F.);
#7086 = EDGE_CURVE('',#7087,#7051,#7089,.T.);
#7087 = VERTEX_POINT('',#7088);
#7088 = CARTESIAN_POINT('',(-7.711694486562,2.818169334146,-1.925));
#7089 = SURFACE_CURVE('',#7090,(#7153,#7219),.PCURVE_S1.);
#7090 = B_SPLINE_CURVE_WITH_KNOTS('',7,(#7091,#7092,#7093,#7094,#7095,
    #7096,#7097,#7098,#7099,#7100,#7101,#7102,#7103,#7104,#7105,#7106,
    #7107,#7108,#7109,#7110,#7111,#7112,#7113,#7114,#7115,#7116,#7117,
    #7118,#7119,#7120,#7121,#7122,#7123,#7124,#7125,#7126,#7127,#7128,
    #7129,#7130,#7131,#7132,#7133,#7134,#7135,#7136,#7137,#7138,#7139,
    #7140,#7141,#7142,#7143,#7144,#7145,#7146,#7147,#7148,#7149,#7150,
    #7151,#7152),.UNSPECIFIED.,.F.,.F.,(8,6,6,6,6,6,6,6,6,6,8),(0.,
    0.105335769222,0.190864882339,0.26696078218,0.328689677219,
    0.5063902186,0.671578382392,0.733237648813,0.809282602625,
    0.894775817149,1.),.UNSPECIFIED.);
#7091 = CARTESIAN_POINT('',(-7.7116939487,2.818170805962,-1.9250006));
#7092 = CARTESIAN_POINT('',(-7.737455532596,2.747676338339,
    -1.896262876016));
#7093 = CARTESIAN_POINT('',(-7.762502484497,2.67680546331,-1.86387975761
    ));
#7094 = CARTESIAN_POINT('',(-7.786537902592,2.606358046573,
    -1.827932801126));
#7095 = CARTESIAN_POINT('',(-7.809352469674,2.537054077284,
    -1.788640136311));
#7096 = CARTESIAN_POINT('',(-7.830847038784,2.469432028695,
    -1.746296343683));
#7097 = CARTESIAN_POINT('',(-7.850991304547,2.403871917413,
    -1.701196141731));
#7098 = CARTESIAN_POINT('',(-7.885077340196,2.289265472976,
    -1.614950519515));
#7099 = CARTESIAN_POINT('',(-7.899474185623,2.239428068364,
    -1.574652881222));
#7100 = CARTESIAN_POINT('',(-7.913005322241,2.191235662437,
    -1.532838243967));
#7101 = CARTESIAN_POINT('',(-7.925695150013,2.144778842658,
    -1.489635302138));
#7102 = CARTESIAN_POINT('',(-7.937576589805,2.100119413783,
    -1.445164551032));
#7103 = CARTESIAN_POINT('',(-7.948687059727,2.057296746478,
    -1.399534212908));
#7104 = CARTESIAN_POINT('',(-7.968297295512,1.979889372118,
    -1.311288554326));
#7105 = CARTESIAN_POINT('',(-7.976949264497,1.944919606778,
    -1.268898893969));
#7106 = CARTESIAN_POINT('',(-7.985047165926,1.911442369502,
    -1.225734448061));
#7107 = CARTESIAN_POINT('',(-7.992617601221,1.879469034376,
    -1.181858254565));
#7108 = CARTESIAN_POINT('',(-7.9996865064,1.849005948025,-1.137328765652
    ));
#7109 = CARTESIAN_POINT('',(-8.006278692769,1.820055567668,
    -1.092199490039));
#7110 = CARTESIAN_POINT('',(-8.017397088871,1.770359954787,
    -1.009462385351));
#7111 = CARTESIAN_POINT('',(-8.022078292035,1.749097941132,
    -0.972043848552));
#7112 = CARTESIAN_POINT('',(-8.026473391532,1.728831575575,
    -0.934289199863));
#7113 = CARTESIAN_POINT('',(-8.030594029796,1.709560169668,
    -0.896223329809));
#7114 = CARTESIAN_POINT('',(-8.034451075259,1.691282471935,
    -0.857869823631));
#7115 = CARTESIAN_POINT('',(-8.038054600348,1.673996810681,
    -0.819250940416));
#7116 = CARTESIAN_POINT('',(-8.051084244279,1.610790753421,
    -0.668510682563));
#7117 = CARTESIAN_POINT('',(-8.058729325415,1.572090357896,
    -0.554620229777));
#7118 = CARTESIAN_POINT('',(-8.064572128195,1.541543447409,
    -0.439198869201));
#7119 = CARTESIAN_POINT('',(-8.068773107008,1.519105580581,
    -0.322690144752));
#7120 = CARTESIAN_POINT('',(-8.07143671108,1.504737315518,
    -0.205502466495));
#7121 = CARTESIAN_POINT('',(-8.072612505839,1.498412720122,
    -8.801028331696E-02));
#7122 = CARTESIAN_POINT('',(-8.071991842622,1.501752516496,
    0.138634818416));
#7123 = CARTESIAN_POINT('',(-8.07039895911,1.510321766221,0.247745652785
    ));
#7124 = CARTESIAN_POINT('',(-8.067506395835,1.52585002564,0.356499611681
    ));
#7125 = CARTESIAN_POINT('',(-8.063264757687,1.548360495288,
    0.464589801674));
#7126 = CARTESIAN_POINT('',(-8.057583527157,1.577885488404,
    0.571683698632));
#7127 = CARTESIAN_POINT('',(-8.050330007681,1.614461324994,
    0.677422313178));
#7128 = CARTESIAN_POINT('',(-8.037963373628,1.674434856207,
    0.820235702962));
#7129 = CARTESIAN_POINT('',(-8.034358065262,1.691724322998,
    0.858809361305));
#7130 = CARTESIAN_POINT('',(-8.03049957745,1.710003826885,0.897117790813
    ));
#7131 = CARTESIAN_POINT('',(-8.02637785713,1.729275030041,0.93513878411)
  );
#7132 = CARTESIAN_POINT('',(-8.021982058853,1.749539173813,
    0.972848811134));
#7133 = CARTESIAN_POINT('',(-8.017300566853,1.770796936236,1.01022304004
    ));
#7134 = CARTESIAN_POINT('',(-8.006179691549,1.820491093078,
    1.092882998432));
#7135 = CARTESIAN_POINT('',(-7.999585127674,1.849444595593,
    1.137979127889));
#7136 = CARTESIAN_POINT('',(-7.99251412326,1.879909071746,1.182475587287
    ));
#7137 = CARTESIAN_POINT('',(-7.984941897498,1.911882042661,
    1.226318922635));
#7138 = CARTESIAN_POINT('',(-7.976842550533,1.945357138589,
    1.269450743032));
#7139 = CARTESIAN_POINT('',(-7.968189523006,1.980322961568,
    1.311808078571));
#7140 = CARTESIAN_POINT('',(-7.948575369277,2.057728323042,
    1.399997541303));
#7141 = CARTESIAN_POINT('',(-7.937461788092,2.100553369971,
    1.445603578467));
#7142 = CARTESIAN_POINT('',(-7.925577459706,2.145213752599,
    1.490050009043));
#7143 = CARTESIAN_POINT('',(-7.912885016094,2.191670036253,
    1.533228652765));
#7144 = CARTESIAN_POINT('',(-7.899351598539,2.239860340738,1.57501906753
    ));
#7145 = CARTESIAN_POINT('',(-7.884952882633,2.289693993221,
    1.615292627161));
#7146 = CARTESIAN_POINT('',(-7.850875828732,2.404247703246,
    1.701454592813));
#7147 = CARTESIAN_POINT('',(-7.830744381276,2.46975496531,1.74649851847)
  );
#7148 = CARTESIAN_POINT('',(-7.809265313639,2.537318814494,
    1.788790207265));
#7149 = CARTESIAN_POINT('',(-7.786469036516,2.606559889947,
    1.828035791809));
#7150 = CARTESIAN_POINT('',(-7.762454622746,2.676940890085,
    1.863941639907));
#7151 = CARTESIAN_POINT('',(-7.737430899998,2.74774374343,1.896290354327
    ));
#7152 = CARTESIAN_POINT('',(-7.7116939487,2.818170805962,1.9250006));
#7153 = PCURVE('',#7062,#7154);
#7154 = DEFINITIONAL_REPRESENTATION('',(#7155),#7218);
#7155 = B_SPLINE_CURVE_WITH_KNOTS('',7,(#7156,#7157,#7158,#7159,#7160,
    #7161,#7162,#7163,#7164,#7165,#7166,#7167,#7168,#7169,#7170,#7171,
    #7172,#7173,#7174,#7175,#7176,#7177,#7178,#7179,#7180,#7181,#7182,
    #7183,#7184,#7185,#7186,#7187,#7188,#7189,#7190,#7191,#7192,#7193,
    #7194,#7195,#7196,#7197,#7198,#7199,#7200,#7201,#7202,#7203,#7204,
    #7205,#7206,#7207,#7208,#7209,#7210,#7211,#7212,#7213,#7214,#7215,
    #7216,#7217),.UNSPECIFIED.,.F.,.F.,(8,6,6,6,6,6,6,6,6,6,8),(0.,
    0.105335769222,0.190864882339,0.26696078218,0.328689677219,
    0.5063902186,0.671578382392,0.733237648813,0.809282602625,
    0.894775817149,1.),.UNSPECIFIED.);
#7156 = CARTESIAN_POINT('',(2.791228509073,-6.E-07));
#7157 = CARTESIAN_POINT('',(2.800369751982,2.873712398374E-02));
#7158 = CARTESIAN_POINT('',(2.809524179528,6.112024239031E-02));
#7159 = CARTESIAN_POINT('',(2.818589123338,9.706719887375E-02));
#7160 = CARTESIAN_POINT('',(2.827474743384,0.136359863689));
#7161 = CARTESIAN_POINT('',(2.836116194348,0.178703656317));
#7162 = CARTESIAN_POINT('',(2.84446919752,0.223803858269));
#7163 = CARTESIAN_POINT('',(2.859032007472,0.310049480485));
#7164 = CARTESIAN_POINT('',(2.865349964072,0.350347118778));
#7165 = CARTESIAN_POINT('',(2.871446280594,0.392161756033));
#7166 = CARTESIAN_POINT('',(2.877311545682,0.435364697862));
#7167 = CARTESIAN_POINT('',(2.882939880953,0.479835448968));
#7168 = CARTESIAN_POINT('',(2.888328079072,0.525465787092));
#7169 = CARTESIAN_POINT('',(2.898053766662,0.613711445674));
#7170 = CARTESIAN_POINT('',(2.902441272138,0.656101106031));
#7171 = CARTESIAN_POINT('',(2.906636145877,0.699265551939));
#7172 = CARTESIAN_POINT('',(2.910637938588,0.743141745435));
#7173 = CARTESIAN_POINT('',(2.914446727127,0.787671234348));
#7174 = CARTESIAN_POINT('',(2.91806297758,0.832800509961));
#7175 = CARTESIAN_POINT('',(2.924265302106,0.915537614649));
#7176 = CARTESIAN_POINT('',(2.926916920735,0.952956151448));
#7177 = CARTESIAN_POINT('',(2.929442626608,0.990710800137));
#7178 = CARTESIAN_POINT('',(2.931842832016,1.028776670191));
#7179 = CARTESIAN_POINT('',(2.934117984453,1.067130176369));
#7180 = CARTESIAN_POINT('',(2.936268551921,1.105749059584));
#7181 = CARTESIAN_POINT('',(2.944128619611,1.256489317437));
#7182 = CARTESIAN_POINT('',(2.94893307122,1.370379770223));
#7183 = CARTESIAN_POINT('',(2.95272092133,1.485801130799));
#7184 = CARTESIAN_POINT('',(2.955501232505,1.602309855248));
#7185 = CARTESIAN_POINT('',(2.957281033559,1.719497533505));
#7186 = CARTESIAN_POINT('',(2.958064538379,1.836989716683));
#7187 = CARTESIAN_POINT('',(2.957650802497,2.063634818416));
#7188 = CARTESIAN_POINT('',(2.956589230041,2.172745652785));
#7189 = CARTESIAN_POINT('',(2.954665429735,2.281499611681));
#7190 = CARTESIAN_POINT('',(2.951875520469,2.389589801674));
#7191 = CARTESIAN_POINT('',(2.948213609655,2.496683698632));
#7192 = CARTESIAN_POINT('',(2.943672221018,2.602422313178));
#7193 = CARTESIAN_POINT('',(2.936214055462,2.745235702962));
#7194 = CARTESIAN_POINT('',(2.93406298993,2.783809361305));
#7195 = CARTESIAN_POINT('',(2.931787585985,2.822117790813));
#7196 = CARTESIAN_POINT('',(2.929387377166,2.86013878411));
#7197 = CARTESIAN_POINT('',(2.926861917698,2.897848811134));
#7198 = CARTESIAN_POINT('',(2.924210797157,2.93522304004));
#7199 = CARTESIAN_POINT('',(2.918008579755,3.017882998432));
#7200 = CARTESIAN_POINT('',(2.914391894248,3.062979127889));
#7201 = CARTESIAN_POINT('',(2.910582883038,3.107475587287));
#7202 = CARTESIAN_POINT('',(2.906581083247,3.151318922635));
#7203 = CARTESIAN_POINT('',(2.902386421582,3.194450743032));
#7204 = CARTESIAN_POINT('',(2.89799935121,3.236808078571));
#7205 = CARTESIAN_POINT('',(2.888273784071,3.324997541303));
#7206 = CARTESIAN_POINT('',(2.88288521027,3.370603578467));
#7207 = CARTESIAN_POINT('',(2.877256672317,3.415050009043));
#7208 = CARTESIAN_POINT('',(2.871391386268,3.458228652765));
#7209 = CARTESIAN_POINT('',(2.86529524102,3.50001906753));
#7210 = CARTESIAN_POINT('',(2.858977660168,3.540292627161));
#7211 = CARTESIAN_POINT('',(2.844421318335,3.626454592813));
#7212 = CARTESIAN_POINT('',(2.836074925856,3.67149851847));
#7213 = CARTESIAN_POINT('',(2.827440800592,3.713790207265));
#7214 = CARTESIAN_POINT('',(2.818563150767,3.753035791809));
#7215 = CARTESIAN_POINT('',(2.809506686394,3.788941639907));
#7216 = CARTESIAN_POINT('',(2.800361011348,3.821290354327));
#7217 = CARTESIAN_POINT('',(2.791228509073,3.8500006));
#7218 = ( GEOMETRIC_REPRESENTATION_CONTEXT(2) 
PARAMETRIC_REPRESENTATION_CONTEXT() REPRESENTATION_CONTEXT('2D SPACE',''
  ) );
#7219 = PCURVE('',#7220,#7225);
#7220 = SPHERICAL_SURFACE('',#7221,2.1924);
#7221 = AXIS2_PLACEMENT_3D('',#7222,#7223,#7224);
#7222 = CARTESIAN_POINT('',(-6.757266509268,3.254128043382,0.));
#7223 = DIRECTION('',(0.,0.,1.));
#7224 = DIRECTION('',(-0.900968867902,0.433883739118,0.));
#7225 = DEFINITIONAL_REPRESENTATION('',(#7226),#7289);
#7226 = B_SPLINE_CURVE_WITH_KNOTS('',7,(#7227,#7228,#7229,#7230,#7231,
    #7232,#7233,#7234,#7235,#7236,#7237,#7238,#7239,#7240,#7241,#7242,
    #7243,#7244,#7245,#7246,#7247,#7248,#7249,#7250,#7251,#7252,#7253,
    #7254,#7255,#7256,#7257,#7258,#7259,#7260,#7261,#7262,#7263,#7264,
    #7265,#7266,#7267,#7268,#7269,#7270,#7271,#7272,#7273,#7274,#7275,
    #7276,#7277,#7278,#7279,#7280,#7281,#7282,#7283,#7284,#7285,#7286,
    #7287,#7288),.UNSPECIFIED.,.F.,.F.,(8,6,6,6,6,6,6,6,6,6,8),(0.,
    0.105335769222,0.190864882339,0.26696078218,0.328689677219,
    0.5063902186,0.671578382392,0.733237648813,0.809282602625,
    0.894775817149,1.),.UNSPECIFIED.);
#7227 = CARTESIAN_POINT('',(0.87727148919,-1.071737674848));
#7228 = CARTESIAN_POINT('',(0.928181018224,-1.044349657565));
#7229 = CARTESIAN_POINT('',(0.973731366378,-1.015092872947));
#7230 = CARTESIAN_POINT('',(1.014145672339,-0.984406373868));
#7231 = CARTESIAN_POINT('',(1.05004111318,-0.952719531908));
#7232 = CARTESIAN_POINT('',(1.082018443055,-0.920357654543));
#7233 = CARTESIAN_POINT('',(1.110610498933,-0.887562601126));
#7234 = CARTESIAN_POINT('',(1.157114041382,-0.827650017149));
#7235 = CARTESIAN_POINT('',(1.176024471697,-0.800622523418));
#7236 = CARTESIAN_POINT('',(1.193254095681,-0.773498198387));
#7237 = CARTESIAN_POINT('',(1.209007144241,-0.746337935563));
#7238 = CARTESIAN_POINT('',(1.223451727021,-0.71918425912));
#7239 = CARTESIAN_POINT('',(1.236727104525,-0.69206509124));
#7240 = CARTESIAN_POINT('',(1.259826617263,-0.640915295771));
#7241 = CARTESIAN_POINT('',(1.269869169175,-0.616875590594));
#7242 = CARTESIAN_POINT('',(1.279160626964,-0.592891071908));
#7243 = CARTESIAN_POINT('',(1.287768722488,-0.568970210004));
#7244 = CARTESIAN_POINT('',(1.295749588369,-0.545117894468));
#7245 = CARTESIAN_POINT('',(1.303150437882,-0.521336051184));
#7246 = CARTESIAN_POINT('',(1.315578533747,-0.478389284619));
#7247 = CARTESIAN_POINT('',(1.320789962299,-0.459200739251));
#7248 = CARTESIAN_POINT('',(1.325668126947,-0.440058538113));
#7249 = CARTESIAN_POINT('',(1.330231613209,-0.420962006637));
#7250 = CARTESIAN_POINT('',(1.334496445934,-0.401909927545));
#7251 = CARTESIAN_POINT('',(1.338476539554,-0.382900587591));
#7252 = CARTESIAN_POINT('',(1.352857336113,-0.309325962547));
#7253 = CARTESIAN_POINT('',(1.361271345543,-0.255062360647));
#7254 = CARTESIAN_POINT('',(1.367718517706,-0.201080791811));
#7255 = CARTESIAN_POINT('',(1.372367359839,-0.147316178471));
#7256 = CARTESIAN_POINT('',(1.375317386056,-9.369831918728E-02));
#7257 = CARTESIAN_POINT('',(1.376619726567,-4.014778072777E-02));
#7258 = CARTESIAN_POINT('',(1.375932366747,6.323916914651E-02));
#7259 = CARTESIAN_POINT('',(1.374168204384,0.11305030774));
#7260 = CARTESIAN_POINT('',(1.37096620154,0.162939299117));
#7261 = CARTESIAN_POINT('',(1.366276241504,0.212968401325));
#7262 = CARTESIAN_POINT('',(1.36001001351,0.263193327952));
#7263 = CARTESIAN_POINT('',(1.3520250632,0.313665947575));
#7264 = CARTESIAN_POINT('',(1.338375785581,0.383384919121));
#7265 = CARTESIAN_POINT('',(1.33439362564,0.402375723983));
#7266 = CARTESIAN_POINT('',(1.330127064226,0.42140921196));
#7267 = CARTESIAN_POINT('',(1.325562201012,0.440487085329));
#7268 = CARTESIAN_POINT('',(1.320683030029,0.459610551025));
#7269 = CARTESIAN_POINT('',(1.31547099071,0.47878027388));
#7270 = CARTESIAN_POINT('',(1.30303933687,0.521695672621));
#7271 = CARTESIAN_POINT('',(1.295635267711,0.545464986073));
#7272 = CARTESIAN_POINT('',(1.287651343441,0.56930467392));
#7273 = CARTESIAN_POINT('',(1.279040359871,0.593212793458));
#7274 = CARTESIAN_POINT('',(1.269746200428,0.617184438661));
#7275 = CARTESIAN_POINT('',(1.259701159957,0.64121112325));
#7276 = CARTESIAN_POINT('',(1.236593845531,0.692339679801));
#7277 = CARTESIAN_POINT('',(1.223312695075,0.719450614228));
#7278 = CARTESIAN_POINT('',(1.208862109419,0.746595844897));
#7279 = CARTESIAN_POINT('',(1.193102798213,0.773747408597));
#7280 = CARTESIAN_POINT('',(1.175866632517,0.800862735085));
#7281 = CARTESIAN_POINT('',(1.156949388838,0.827880881086));
#7282 = CARTESIAN_POINT('',(1.1104465758,0.887750559227));
#7283 = CARTESIAN_POINT('',(1.081865700678,0.920512186085));
#7284 = CARTESIAN_POINT('',(1.049903968958,0.952840565588));
#7285 = CARTESIAN_POINT('',(1.014029871627,0.984494292915));
#7286 = CARTESIAN_POINT('',(0.973644327291,1.015148780672));
#7287 = CARTESIAN_POINT('',(0.928132339774,1.044375845319));
#7288 = CARTESIAN_POINT('',(0.87727148919,1.071737674848));
#7289 = ( GEOMETRIC_REPRESENTATION_CONTEXT(2) 
PARAMETRIC_REPRESENTATION_CONTEXT() REPRESENTATION_CONTEXT('2D SPACE',''
  ) );
#7290 = ORIENTED_EDGE('',*,*,#7291,.T.);
#7291 = EDGE_CURVE('',#7087,#7292,#7294,.T.);
#7292 = VERTEX_POINT('',#7293);
#7293 = CARTESIAN_POINT('',(-7.711694486562,-2.818169334146,-1.925));
#7294 = SURFACE_CURVE('',#7295,(#7300,#7307),.PCURVE_S1.);
#7295 = CIRCLE('',#7296,8.2105);
#7296 = AXIS2_PLACEMENT_3D('',#7297,#7298,#7299);
#7297 = CARTESIAN_POINT('',(0.,0.,-1.925));
#7298 = DIRECTION('',(0.,0.,1.));
#7299 = DIRECTION('',(1.,0.,0.));
#7300 = PCURVE('',#7062,#7301);
#7301 = DEFINITIONAL_REPRESENTATION('',(#7302),#7306);
#7302 = LINE('',#7303,#7304);
#7303 = CARTESIAN_POINT('',(0.,0.));
#7304 = VECTOR('',#7305,1.);
#7305 = DIRECTION('',(1.,0.));
#7306 = ( GEOMETRIC_REPRESENTATION_CONTEXT(2) 
PARAMETRIC_REPRESENTATION_CONTEXT() REPRESENTATION_CONTEXT('2D SPACE',''
  ) );
#7307 = PCURVE('',#7308,#7313);
#7308 = PLANE('',#7309);
#7309 = AXIS2_PLACEMENT_3D('',#7310,#7311,#7312);
#7310 = CARTESIAN_POINT('',(0.,0.,-1.925));
#7311 = DIRECTION('',(0.,0.,1.));
#7312 = DIRECTION('',(1.,0.,0.));
#7313 = DEFINITIONAL_REPRESENTATION('',(#7314),#7318);
#7314 = CIRCLE('',#7315,8.2105);
#7315 = AXIS2_PLACEMENT_2D('',#7316,#7317);
#7316 = CARTESIAN_POINT('',(0.,0.));
#7317 = DIRECTION('',(1.,0.));
#7318 = ( GEOMETRIC_REPRESENTATION_CONTEXT(2) 
PARAMETRIC_REPRESENTATION_CONTEXT() REPRESENTATION_CONTEXT('2D SPACE',''
  ) );
#7319 = ORIENTED_EDGE('',*,*,#7320,.F.);
#7320 = EDGE_CURVE('',#7053,#7292,#7321,.T.);
#7321 = SURFACE_CURVE('',#7322,(#7391,#7463),.PCURVE_S1.);
#7322 = B_SPLINE_CURVE_WITH_KNOTS('',7,(#7323,#7324,#7325,#7326,#7327,
    #7328,#7329,#7330,#7331,#7332,#7333,#7334,#7335,#7336,#7337,#7338,
    #7339,#7340,#7341,#7342,#7343,#7344,#7345,#7346,#7347,#7348,#7349,
    #7350,#7351,#7352,#7353,#7354,#7355,#7356,#7357,#7358,#7359,#7360,
    #7361,#7362,#7363,#7364,#7365,#7366,#7367,#7368,#7369,#7370,#7371,
    #7372,#7373,#7374,#7375,#7376,#7377,#7378,#7379,#7380,#7381,#7382,
    #7383,#7384,#7385,#7386,#7387,#7388,#7389,#7390),.UNSPECIFIED.,.F.,
  .F.,(8,6,6,6,6,6,6,6,6,6,6,8),(0.,5.251724227043E-02,0.104932787593,
    0.190337664529,0.266913152072,0.329455557707,0.489933108789,
    0.669595470423,0.732568486672,0.809322198723,0.894918167313,1.),
  .UNSPECIFIED.);
#7323 = CARTESIAN_POINT('',(-7.7116939487,-2.818170805962,1.9250006));
#7324 = CARTESIAN_POINT('',(-7.724532879583,-2.783038121533,
    1.910678435127));
#7325 = CARTESIAN_POINT('',(-7.737196770095,-2.747805256426,
    1.895448174641));
#7326 = CARTESIAN_POINT('',(-7.749647700896,-2.712573870893,
    1.879320147412));
#7327 = CARTESIAN_POINT('',(-7.7618536136,-2.677440046215,1.862313735337
    ));
#7328 = CARTESIAN_POINT('',(-7.773788350565,-2.642492335298,
    1.844455114136));
#7329 = CARTESIAN_POINT('',(-7.785431694675,-2.607809813271,
    1.825774994148));
#7330 = CARTESIAN_POINT('',(-7.80808516869,-2.539176959284,
    1.786875428113));
#7331 = CARTESIAN_POINT('',(-7.819096545721,-2.505225061272,
    1.766658786832));
#7332 = CARTESIAN_POINT('',(-7.829789938686,-2.471669910922,
    1.745687900809));
#7333 = CARTESIAN_POINT('',(-7.840156899118,-2.438567157487,
    1.723996268981));
#7334 = CARTESIAN_POINT('',(-7.850193319321,-2.405963304542,
    1.701617991636));
#7335 = CARTESIAN_POINT('',(-7.859898620061,-2.373896391947,
    1.678586336368));
#7336 = CARTESIAN_POINT('',(-7.884552529977,-2.291071652111,
    1.616390880676));
#7337 = CARTESIAN_POINT('',(-7.89895490013,-2.241258246926,
    1.576201270335));
#7338 = CARTESIAN_POINT('',(-7.912493584415,-2.193082338069,
    1.534495777404));
#7339 = CARTESIAN_POINT('',(-7.92519266614,-2.14663476488,1.491402672889
    ));
#7340 = CARTESIAN_POINT('',(-7.937084771406,-2.101977641501,
    1.447042142602));
#7341 = CARTESIAN_POINT('',(-7.94820706429,-2.059150668161,
    1.401522235364));
#7342 = CARTESIAN_POINT('',(-7.967913254807,-1.981440140731,
    1.313163722189));
#7343 = CARTESIAN_POINT('',(-7.976640122973,-1.94619568598,
    1.270537504231));
#7344 = CARTESIAN_POINT('',(-7.984805155795,-1.912462163086,
    1.227124845687));
#7345 = CARTESIAN_POINT('',(-7.992435469638,-1.88025129072,
    1.182990098664));
#7346 = CARTESIAN_POINT('',(-7.999557510577,-1.849569601246,
    1.138192907245));
#7347 = CARTESIAN_POINT('',(-8.006196577024,-1.820419620605,
    1.092787835698));
#7348 = CARTESIAN_POINT('',(-8.017423615349,-1.770243804187,
    1.009283405621));
#7349 = CARTESIAN_POINT('',(-8.022164418365,-1.748708531556,
    0.97137079068));
#7350 = CARTESIAN_POINT('',(-8.026611645485,-1.72819524821,
    0.933113373112));
#7351 = CARTESIAN_POINT('',(-8.030777397792,-1.708703230524,
    0.894537024186));
#7352 = CARTESIAN_POINT('',(-8.034672960185,-1.6902311651,0.855666243176
    ));
#7353 = CARTESIAN_POINT('',(-8.038308778194,-1.672777300512,
    0.816524135322));
#7354 = CARTESIAN_POINT('',(-8.050381690659,-1.614162102856,
    0.676057114747));
#7355 = CARTESIAN_POINT('',(-8.05742106173,-1.578679090654,0.57334840856
    ));
#7356 = CARTESIAN_POINT('',(-8.062976099878,-1.549848650206,
    0.469360523398));
#7357 = CARTESIAN_POINT('',(-8.067168694942,-1.527637421837,
    0.364422433751));
#7358 = CARTESIAN_POINT('',(-8.070083085056,-1.512015906177,
    0.258839944402));
#7359 = CARTESIAN_POINT('',(-8.071766878965,-1.502962440793,
    0.152896446634));
#7360 = CARTESIAN_POINT('',(-8.072746558204,-1.497691982576,
    -7.186919080536E-02));
#7361 = CARTESIAN_POINT('',(-8.071733098769,-1.503136552708,
    -0.190840263839));
#7362 = CARTESIAN_POINT('',(-8.069196384831,-1.516840414068,
    -0.309536967701));
#7363 = CARTESIAN_POINT('',(-8.065092002398,-1.538805387642,
    -0.427480660406));
#7364 = CARTESIAN_POINT('',(-8.059324114566,-1.569027339883,
    -0.544240492295));
#7365 = CARTESIAN_POINT('',(-8.051733995474,-1.607540622527,
    -0.659426104645));
#7366 = CARTESIAN_POINT('',(-8.038691386044,-1.670937832892,
    -0.8123635456));
#7367 = CARTESIAN_POINT('',(-8.035053428505,-1.688422139287,
    -0.851805203794));
#7368 = CARTESIAN_POINT('',(-8.03115283302,-1.70693888193,
    -0.890973420761));
#7369 = CARTESIAN_POINT('',(-8.026978982979,-1.726489868682,
    -0.929844673585));
#7370 = CARTESIAN_POINT('',(-8.022520397025,-1.747076466894,
    -0.968394013787));
#7371 = CARTESIAN_POINT('',(-8.017764752295,-1.768699447993,
    -1.006595089577));
#7372 = CARTESIAN_POINT('',(-8.006524479243,-1.81897688096,
    -1.090522695154));
#7373 = CARTESIAN_POINT('',(-7.999889359437,-1.848133933843,
    -1.136065577643));
#7374 = CARTESIAN_POINT('',(-7.992769748167,-1.878830359389,
    -1.180999454286));
#7375 = CARTESIAN_POINT('',(-7.985140197556,-1.911063700632,
    -1.225269476478));
#7376 = CARTESIAN_POINT('',(-7.976974090158,-1.944827488758,
    -1.268815680525));
#7377 = CARTESIAN_POINT('',(-7.968244117202,-1.980110056882,
    -1.311573359879));
#7378 = CARTESIAN_POINT('',(-7.948527547953,-2.057914196297,
    -1.400200528749));
#7379 = CARTESIAN_POINT('',(-7.937397593689,-2.100798118342,
    -1.44585704367));
#7380 = CARTESIAN_POINT('',(-7.925494905467,-2.145521687247,
    -1.490350811473));
#7381 = CARTESIAN_POINT('',(-7.912781982241,-2.192045280413,
    -1.533573223873));
#7382 = CARTESIAN_POINT('',(-7.899225866033,-2.240306693389,
    -1.575403345998));
#7383 = CARTESIAN_POINT('',(-7.884802197453,-2.290214747879,
    -1.615712027436));
#7384 = CARTESIAN_POINT('',(-7.850712644262,-2.40477863549,
    -1.701819552734));
#7385 = CARTESIAN_POINT('',(-7.830599326854,-2.470211195722,
    -1.746784014079));
#7386 = CARTESIAN_POINT('',(-7.809142175726,-2.537692798987,
    -1.789002132216));
#7387 = CARTESIAN_POINT('',(-7.786371748876,-2.606845011744,
    -1.828181239805));
#7388 = CARTESIAN_POINT('',(-7.76238701317,-2.67713218658,-1.86402904053
    ));
#7389 = CARTESIAN_POINT('',(-7.737396105578,-2.747838955514,
    -1.896329168417));
#7390 = CARTESIAN_POINT('',(-7.7116939487,-2.818170805962,-1.9250006));
#7391 = PCURVE('',#7062,#7392);
#7392 = DEFINITIONAL_REPRESENTATION('',(#7393),#7462);
#7393 = B_SPLINE_CURVE_WITH_KNOTS('',7,(#7394,#7395,#7396,#7397,#7398,
    #7399,#7400,#7401,#7402,#7403,#7404,#7405,#7406,#7407,#7408,#7409,
    #7410,#7411,#7412,#7413,#7414,#7415,#7416,#7417,#7418,#7419,#7420,
    #7421,#7422,#7423,#7424,#7425,#7426,#7427,#7428,#7429,#7430,#7431,
    #7432,#7433,#7434,#7435,#7436,#7437,#7438,#7439,#7440,#7441,#7442,
    #7443,#7444,#7445,#7446,#7447,#7448,#7449,#7450,#7451,#7452,#7453,
    #7454,#7455,#7456,#7457,#7458,#7459,#7460,#7461),.UNSPECIFIED.,.F.,
  .F.,(8,6,6,6,6,6,6,6,6,6,6,8),(0.,5.251724227043E-02,0.104932787593,
    0.190337664529,0.266913152072,0.329455557707,0.489933108789,
    0.669595470423,0.732568486672,0.809322198723,0.894918167313,1.),
  .UNSPECIFIED.);
#7394 = CARTESIAN_POINT('',(3.491956798106,3.8500006));
#7395 = CARTESIAN_POINT('',(3.487401030636,3.835678435127));
#7396 = CARTESIAN_POINT('',(3.482841120788,3.820448174641));
#7397 = CARTESIAN_POINT('',(3.478290127665,3.804320147412));
#7398 = CARTESIAN_POINT('',(3.473760228381,3.787313735337));
#7399 = CARTESIAN_POINT('',(3.469262501024,3.769455114136));
#7400 = CARTESIAN_POINT('',(3.464806707623,3.750774994148));
#7401 = CARTESIAN_POINT('',(3.456003977879,3.711875428113));
#7402 = CARTESIAN_POINT('',(3.451656812787,3.691658786832));
#7403 = CARTESIAN_POINT('',(3.447367534111,3.670687900809));
#7404 = CARTESIAN_POINT('',(3.443142777301,3.648996268981));
#7405 = CARTESIAN_POINT('',(3.438987972518,3.626617991636));
#7406 = CARTESIAN_POINT('',(3.434907456161,3.603586336368));
#7407 = CARTESIAN_POINT('',(3.424382377233,3.541390880676));
#7408 = CARTESIAN_POINT('',(3.418067041605,3.501201270335));
#7409 = CARTESIAN_POINT('',(3.411972410577,3.459495777404));
#7410 = CARTESIAN_POINT('',(3.406107934594,3.416402672889));
#7411 = CARTESIAN_POINT('',(3.400479536612,3.372042142602));
#7412 = CARTESIAN_POINT('',(3.395090469228,3.326522235364));
#7413 = CARTESIAN_POINT('',(3.385326119423,3.238163722189));
#7414 = CARTESIAN_POINT('',(3.380903947987,3.195537504231));
#7415 = CARTESIAN_POINT('',(3.376676814536,3.152124845687));
#7416 = CARTESIAN_POINT('',(3.372645190686,3.107990098664));
#7417 = CARTESIAN_POINT('',(3.368809004676,3.063192907245));
#7418 = CARTESIAN_POINT('',(3.365167783409,3.017787835698));
#7419 = CARTESIAN_POINT('',(3.358905494386,2.934283405621));
#7420 = CARTESIAN_POINT('',(3.356219812384,2.89637079068));
#7421 = CARTESIAN_POINT('',(3.353663371421,2.858113373112));
#7422 = CARTESIAN_POINT('',(3.351235742127,2.819537024186));
#7423 = CARTESIAN_POINT('',(3.348936458437,2.780666243176));
#7424 = CARTESIAN_POINT('',(3.346765033193,2.741524135322));
#7425 = CARTESIAN_POINT('',(3.339476121866,2.601057114747));
#7426 = CARTESIAN_POINT('',(3.335070351711,2.49834840856));
#7427 = CARTESIAN_POINT('',(3.331494410576,2.394360523398));
#7428 = CARTESIAN_POINT('',(3.328741424447,2.289422433751));
#7429 = CARTESIAN_POINT('',(3.326805971197,2.183839944402));
#7430 = CARTESIAN_POINT('',(3.325684393309,2.077896446634));
#7431 = CARTESIAN_POINT('',(3.325031480941,1.853130809195));
#7432 = CARTESIAN_POINT('',(3.325705995724,1.734159736161));
#7433 = CARTESIAN_POINT('',(3.327403412284,1.615463032299));
#7434 = CARTESIAN_POINT('',(3.330124948159,1.497519339594));
#7435 = CARTESIAN_POINT('',(3.333872214775,1.380759507705));
#7436 = CARTESIAN_POINT('',(3.338653010954,1.265573895355));
#7437 = CARTESIAN_POINT('',(3.346536200188,1.1126364544));
#7438 = CARTESIAN_POINT('',(3.348711308369,1.073194796206));
#7439 = CARTESIAN_POINT('',(3.351016042916,1.034026579239));
#7440 = CARTESIAN_POINT('',(3.353450901795,0.995155326415));
#7441 = CARTESIAN_POINT('',(3.356016362382,0.956605986213));
#7442 = CARTESIAN_POINT('',(3.35871286552,0.918404910423));
#7443 = CARTESIAN_POINT('',(3.364987584381,0.834477304846));
#7444 = CARTESIAN_POINT('',(3.368629538831,0.788934422357));
#7445 = CARTESIAN_POINT('',(3.372467406257,0.744000545714));
#7446 = CARTESIAN_POINT('',(3.376501671509,0.699730523522));
#7447 = CARTESIAN_POINT('',(3.380732418265,0.656184319475));
#7448 = CARTESIAN_POINT('',(3.38515918634,0.613426640121));
#7449 = CARTESIAN_POINT('',(3.394934898681,0.524799471251));
#7450 = CARTESIAN_POINT('',(3.400330913861,0.47914295633));
#7451 = CARTESIAN_POINT('',(3.405967463077,0.434649188527));
#7452 = CARTESIAN_POINT('',(3.411841313575,0.391426776127));
#7453 = CARTESIAN_POINT('',(3.417946543235,0.349596654002));
#7454 = CARTESIAN_POINT('',(3.424273672498,0.309287972564));
#7455 = CARTESIAN_POINT('',(3.438831636565,0.223180447266));
#7456 = CARTESIAN_POINT('',(3.447168684517,0.178215985921));
#7457 = CARTESIAN_POINT('',(3.455792456931,0.135997867784));
#7458 = CARTESIAN_POINT('',(3.46465884532,9.681876019455E-02));
#7459 = CARTESIAN_POINT('',(3.473703330746,6.097095946998E-02));
#7460 = CARTESIAN_POINT('',(3.482836642286,2.867083158313E-02));
#7461 = CARTESIAN_POINT('',(3.491956798106,-6.E-07));
#7462 = ( GEOMETRIC_REPRESENTATION_CONTEXT(2) 
PARAMETRIC_REPRESENTATION_CONTEXT() REPRESENTATION_CONTEXT('2D SPACE',''
  ) );
#7463 = PCURVE('',#7464,#7469);
#7464 = SPHERICAL_SURFACE('',#7465,2.1924);
#7465 = AXIS2_PLACEMENT_3D('',#7466,#7467,#7468);
#7466 = CARTESIAN_POINT('',(-6.757266509268,-3.254128043382,0.));
#7467 = DIRECTION('',(0.,0.,1.));
#7468 = DIRECTION('',(-0.900968867902,-0.433883739118,0.));
#7469 = DEFINITIONAL_REPRESENTATION('',(#7470),#7539);
#7470 = B_SPLINE_CURVE_WITH_KNOTS('',7,(#7471,#7472,#7473,#7474,#7475,
    #7476,#7477,#7478,#7479,#7480,#7481,#7482,#7483,#7484,#7485,#7486,
    #7487,#7488,#7489,#7490,#7491,#7492,#7493,#7494,#7495,#7496,#7497,
    #7498,#7499,#7500,#7501,#7502,#7503,#7504,#7505,#7506,#7507,#7508,
    #7509,#7510,#7511,#7512,#7513,#7514,#7515,#7516,#7517,#7518,#7519,
    #7520,#7521,#7522,#7523,#7524,#7525,#7526,#7527,#7528,#7529,#7530,
    #7531,#7532,#7533,#7534,#7535,#7536,#7537,#7538),.UNSPECIFIED.,.F.,
  .F.,(8,6,6,6,6,6,6,6,6,6,6,8),(0.,5.251724227043E-02,0.104932787593,
    0.190337664529,0.266913152072,0.329455557707,0.489933108789,
    0.669595470423,0.732568486672,0.809322198723,0.894918167313,1.),
  .UNSPECIFIED.);
#7471 = CARTESIAN_POINT('',(5.405913817989,1.071737674848));
#7472 = CARTESIAN_POINT('',(5.380541778476,1.05808817013));
#7473 = CARTESIAN_POINT('',(5.356496433688,1.043971855747));
#7474 = CARTESIAN_POINT('',(5.333751397133,1.029444019746));
#7475 = CARTESIAN_POINT('',(5.312258414237,1.014558832106));
#7476 = CARTESIAN_POINT('',(5.291955077506,0.99936766692));
#7477 = CARTESIAN_POINT('',(5.27277254169,0.983917424584));
#7478 = CARTESIAN_POINT('',(5.236549042662,0.95261062476));
#7479 = CARTESIAN_POINT('',(5.219503688784,0.936754815409));
#7480 = CARTESIAN_POINT('',(5.20343711818,0.920721293339));
#7481 = CARTESIAN_POINT('',(5.188280429372,0.904544571842));
#7482 = CARTESIAN_POINT('',(5.17396744221,0.888254037796));
#7483 = CARTESIAN_POINT('',(5.160436261551,0.871874179375));
#7484 = CARTESIAN_POINT('',(5.126765935973,0.828622535209));
#7485 = CARTESIAN_POINT('',(5.10782980721,0.801638857758));
#7486 = CARTESIAN_POINT('',(5.090575092764,0.774556899187));
#7487 = CARTESIAN_POINT('',(5.074797666509,0.747437696211));
#7488 = CARTESIAN_POINT('',(5.060329421855,0.720323955291));
#7489 = CARTESIAN_POINT('',(5.04703105553,0.693243803443));
#7490 = CARTESIAN_POINT('',(5.023804693213,0.641979633816));
#7491 = CARTESIAN_POINT('',(5.013671116628,0.617787291653));
#7492 = CARTESIAN_POINT('',(5.004300131,0.59365056678));
#7493 = CARTESIAN_POINT('',(4.995622457194,0.569578181939));
#7494 = CARTESIAN_POINT('',(4.987580754006,0.545575168814));
#7495 = CARTESIAN_POINT('',(4.980126844633,0.521643508444));
#7496 = CARTESIAN_POINT('',(4.96757697088,0.478294709223));
#7497 = CARTESIAN_POINT('',(4.962299377122,0.458854307487));
#7498 = CARTESIAN_POINT('',(4.9573636886,0.43946147759));
#7499 = CARTESIAN_POINT('',(4.95275060442,0.42011551178));
#7500 = CARTESIAN_POINT('',(4.948443517125,0.400815132857));
#7501 = CARTESIAN_POINT('',(4.944428033761,0.381558543632));
#7502 = CARTESIAN_POINT('',(4.931103917575,0.313039537693));
#7503 = CARTESIAN_POINT('',(4.923353812725,0.264013898453));
#7504 = CARTESIAN_POINT('',(4.917227155873,0.215221780562));
#7505 = CARTESIAN_POINT('',(4.912592395476,0.166615589521));
#7506 = CARTESIAN_POINT('',(4.909366751104,0.118144465596));
#7507 = CARTESIAN_POINT('',(4.907502063289,6.975197799173E-02));
#7508 = CARTESIAN_POINT('',(4.90641713819,-3.279180018418E-02));
#7509 = CARTESIAN_POINT('',(4.90753983258,-8.69963503895E-02));
#7510 = CARTESIAN_POINT('',(4.910349407444,-0.14126162559));
#7511 = CARTESIAN_POINT('',(4.914892460995,-0.195631287943));
#7512 = CARTESIAN_POINT('',(4.921258546183,-0.25017105992));
#7513 = CARTESIAN_POINT('',(4.929612257885,-0.304973311294));
#7514 = CARTESIAN_POINT('',(4.944005515992,-0.379514017932));
#7515 = CARTESIAN_POINT('',(4.948022963947,-0.398902066986));
#7516 = CARTESIAN_POINT('',(4.95233507134,-0.41833438459));
#7517 = CARTESIAN_POINT('',(4.956956410948,-0.437812831395));
#7518 = CARTESIAN_POINT('',(4.96190381611,-0.457338739136));
#7519 = CARTESIAN_POINT('',(4.967196872418,-0.47691286054));
#7520 = CARTESIAN_POINT('',(4.979758888468,-0.520451857349));
#7521 = CARTESIAN_POINT('',(4.987206533912,-0.544439673199));
#7522 = CARTESIAN_POINT('',(4.995243224668,-0.568499256276));
#7523 = CARTESIAN_POINT('',(5.00391725547,-0.59262867907));
#7524 = CARTESIAN_POINT('',(5.013286131905,-0.616822954228));
#7525 = CARTESIAN_POINT('',(5.023419365456,-0.641073391724));
#7526 = CARTESIAN_POINT('',(5.046648319628,-0.692459211384));
#7527 = CARTESIAN_POINT('',(5.059949897971,-0.719602958119));
#7528 = CARTESIAN_POINT('',(5.07442418095,-0.746781002941));
#7529 = CARTESIAN_POINT('',(5.0902110439,-0.773965250753));
#7530 = CARTESIAN_POINT('',(5.107479355233,-0.801112912358));
#7531 = CARTESIAN_POINT('',(5.126434271553,-0.828162712175));
#7532 = CARTESIAN_POINT('',(5.172970447769,-0.888016049043));
#7533 = CARTESIAN_POINT('',(5.201535491463,-0.920730455243));
#7534 = CARTESIAN_POINT('',(5.233475150308,-0.953011516868));
#7535 = CARTESIAN_POINT('',(5.269319060341,-0.98461847127));
#7536 = CARTESIAN_POINT('',(5.309663944223,-1.015227747481));
#7537 = CARTESIAN_POINT('',(5.355121727445,-1.044412836451));
#7538 = CARTESIAN_POINT('',(5.405913817989,-1.071737674848));
#7539 = ( GEOMETRIC_REPRESENTATION_CONTEXT(2) 
PARAMETRIC_REPRESENTATION_CONTEXT() REPRESENTATION_CONTEXT('2D SPACE',''
  ) );
#7540 = ADVANCED_FACE('',(#7541),#7074,.T.);
#7541 = FACE_BOUND('',#7542,.T.);
#7542 = EDGE_LOOP('',(#7543,#7567,#7568,#7592));
#7543 = ORIENTED_EDGE('',*,*,#7544,.F.);
#7544 = EDGE_CURVE('',#7051,#7545,#7547,.T.);
#7545 = VERTEX_POINT('',#7546);
#7546 = CARTESIAN_POINT('',(-6.399602617653,2.267685292567,1.925));
#7547 = SURFACE_CURVE('',#7548,(#7553,#7560),.PCURVE_S1.);
#7548 = CIRCLE('',#7549,1.049282021194);
#7549 = AXIS2_PLACEMENT_3D('',#7550,#7551,#7552);
#7550 = CARTESIAN_POINT('',(-6.757266509268,3.254128043382,1.925));
#7551 = DIRECTION('',(0.,0.,1.));
#7552 = DIRECTION('',(-0.900968867902,0.433883739118,0.));
#7553 = PCURVE('',#7074,#7554);
#7554 = DEFINITIONAL_REPRESENTATION('',(#7555),#7559);
#7555 = CIRCLE('',#7556,1.049282021194);
#7556 = AXIS2_PLACEMENT_2D('',#7557,#7558);
#7557 = CARTESIAN_POINT('',(-6.757266509268,3.254128043382));
#7558 = DIRECTION('',(-0.900968867902,0.433883739118));
#7559 = ( GEOMETRIC_REPRESENTATION_CONTEXT(2) 
PARAMETRIC_REPRESENTATION_CONTEXT() REPRESENTATION_CONTEXT('2D SPACE',''
  ) );
#7560 = PCURVE('',#7220,#7561);
#7561 = DEFINITIONAL_REPRESENTATION('',(#7562),#7566);
#7562 = LINE('',#7563,#7564);
#7563 = CARTESIAN_POINT('',(5.446881626241E-18,1.071737103028));
#7564 = VECTOR('',#7565,1.);
#7565 = DIRECTION('',(1.,0.));
#7566 = ( GEOMETRIC_REPRESENTATION_CONTEXT(2) 
PARAMETRIC_REPRESENTATION_CONTEXT() REPRESENTATION_CONTEXT('2D SPACE',''
  ) );
#7567 = ORIENTED_EDGE('',*,*,#7050,.T.);
#7568 = ORIENTED_EDGE('',*,*,#7569,.F.);
#7569 = EDGE_CURVE('',#7570,#7053,#7572,.T.);
#7570 = VERTEX_POINT('',#7571);
#7571 = CARTESIAN_POINT('',(-6.399602617653,-2.267685292567,1.925));
#7572 = SURFACE_CURVE('',#7573,(#7578,#7585),.PCURVE_S1.);
#7573 = CIRCLE('',#7574,1.049282021194);
#7574 = AXIS2_PLACEMENT_3D('',#7575,#7576,#7577);
#7575 = CARTESIAN_POINT('',(-6.757266509268,-3.254128043382,1.925));
#7576 = DIRECTION('',(0.,0.,1.));
#7577 = DIRECTION('',(-0.900968867902,-0.433883739118,0.));
#7578 = PCURVE('',#7074,#7579);
#7579 = DEFINITIONAL_REPRESENTATION('',(#7580),#7584);
#7580 = CIRCLE('',#7581,1.049282021194);
#7581 = AXIS2_PLACEMENT_2D('',#7582,#7583);
#7582 = CARTESIAN_POINT('',(-6.757266509268,-3.254128043382));
#7583 = DIRECTION('',(-0.900968867902,-0.433883739118));
#7584 = ( GEOMETRIC_REPRESENTATION_CONTEXT(2) 
PARAMETRIC_REPRESENTATION_CONTEXT() REPRESENTATION_CONTEXT('2D SPACE',''
  ) );
#7585 = PCURVE('',#7464,#7586);
#7586 = DEFINITIONAL_REPRESENTATION('',(#7587),#7591);
#7587 = LINE('',#7588,#7589);
#7588 = CARTESIAN_POINT('',(1.654244697564E-17,1.071737103028));
#7589 = VECTOR('',#7590,1.);
#7590 = DIRECTION('',(1.,0.));
#7591 = ( GEOMETRIC_REPRESENTATION_CONTEXT(2) 
PARAMETRIC_REPRESENTATION_CONTEXT() REPRESENTATION_CONTEXT('2D SPACE',''
  ) );
#7592 = ORIENTED_EDGE('',*,*,#7593,.F.);
#7593 = EDGE_CURVE('',#7545,#7570,#7594,.T.);
#7594 = SURFACE_CURVE('',#7595,(#7600,#7607),.PCURVE_S1.);
#7595 = CIRCLE('',#7596,6.7895);
#7596 = AXIS2_PLACEMENT_3D('',#7597,#7598,#7599);
#7597 = CARTESIAN_POINT('',(0.,0.,1.925));
#7598 = DIRECTION('',(0.,0.,1.));
#7599 = DIRECTION('',(1.,0.,0.));
#7600 = PCURVE('',#7074,#7601);
#7601 = DEFINITIONAL_REPRESENTATION('',(#7602),#7606);
#7602 = CIRCLE('',#7603,6.7895);
#7603 = AXIS2_PLACEMENT_2D('',#7604,#7605);
#7604 = CARTESIAN_POINT('',(0.,0.));
#7605 = DIRECTION('',(1.,0.));
#7606 = ( GEOMETRIC_REPRESENTATION_CONTEXT(2) 
PARAMETRIC_REPRESENTATION_CONTEXT() REPRESENTATION_CONTEXT('2D SPACE',''
  ) );
#7607 = PCURVE('',#7608,#7613);
#7608 = CYLINDRICAL_SURFACE('',#7609,6.7895);
#7609 = AXIS2_PLACEMENT_3D('',#7610,#7611,#7612);
#7610 = CARTESIAN_POINT('',(0.,0.,-1.925));
#7611 = DIRECTION('',(0.,0.,1.));
#7612 = DIRECTION('',(1.,0.,0.));
#7613 = DEFINITIONAL_REPRESENTATION('',(#7614),#7618);
#7614 = LINE('',#7615,#7616);
#7615 = CARTESIAN_POINT('',(0.,3.85));
#7616 = VECTOR('',#7617,1.);
#7617 = DIRECTION('',(1.,0.));
#7618 = ( GEOMETRIC_REPRESENTATION_CONTEXT(2) 
PARAMETRIC_REPRESENTATION_CONTEXT() REPRESENTATION_CONTEXT('2D SPACE',''
  ) );
#7619 = ADVANCED_FACE('',(#7620),#7464,.F.);
#7620 = FACE_BOUND('',#7621,.F.);
#7621 = EDGE_LOOP('',(#7622,#7623,#7624,#7824));
#7622 = ORIENTED_EDGE('',*,*,#7320,.F.);
#7623 = ORIENTED_EDGE('',*,*,#7569,.F.);
#7624 = ORIENTED_EDGE('',*,*,#7625,.T.);
#7625 = EDGE_CURVE('',#7570,#7626,#7628,.T.);
#7626 = VERTEX_POINT('',#7627);
#7627 = CARTESIAN_POINT('',(-6.399602617653,-2.267685292567,-1.925));
#7628 = SURFACE_CURVE('',#7629,(#7692,#7758),.PCURVE_S1.);
#7629 = B_SPLINE_CURVE_WITH_KNOTS('',7,(#7630,#7631,#7632,#7633,#7634,
    #7635,#7636,#7637,#7638,#7639,#7640,#7641,#7642,#7643,#7644,#7645,
    #7646,#7647,#7648,#7649,#7650,#7651,#7652,#7653,#7654,#7655,#7656,
    #7657,#7658,#7659,#7660,#7661,#7662,#7663,#7664,#7665,#7666,#7667,
    #7668,#7669,#7670,#7671,#7672,#7673,#7674,#7675,#7676,#7677,#7678,
    #7679,#7680,#7681,#7682,#7683,#7684,#7685,#7686,#7687,#7688,#7689,
    #7690,#7691),.UNSPECIFIED.,.F.,.F.,(8,6,6,6,6,6,6,6,6,6,8),(0.,
    8.657704091458E-02,0.162735071218,0.238228478256,0.30429602855,
    0.489158639184,0.696151742113,0.762177908219,0.836887526025,
    0.912901572846,1.),.UNSPECIFIED.);
#7630 = CARTESIAN_POINT('',(-6.399602141592,-2.267686636052,1.9250006));
#7631 = CARTESIAN_POINT('',(-6.419631546876,-2.211161972146,
    1.899756730239));
#7632 = CARTESIAN_POINT('',(-6.439005719818,-2.154636305344,
    1.871824896715));
#7633 = CARTESIAN_POINT('',(-6.45753873942,-2.098658249667,
    1.841331932127));
#7634 = CARTESIAN_POINT('',(-6.475115045598,-2.043685153162,
    1.808484888632));
#7635 = CARTESIAN_POINT('',(-6.491689916313,-1.990041218984,
    1.773522211607));
#7636 = CARTESIAN_POINT('',(-6.507262605025,-1.937937455574,
    1.736664662386));
#7637 = CARTESIAN_POINT('',(-6.53470476123,-1.843116386914,
    1.664156143895));
#7638 = CARTESIAN_POINT('',(-6.546793218419,-1.800027651417,
    1.628896310722));
#7639 = CARTESIAN_POINT('',(-6.558148506278,-1.758302661937,
    1.59242930383));
#7640 = CARTESIAN_POINT('',(-6.568799958327,-1.717991351107,
    1.554867378718));
#7641 = CARTESIAN_POINT('',(-6.578782311613,-1.679121271305,
    1.516312177013));
#7642 = CARTESIAN_POINT('',(-6.588132744901,-1.641702658586,
    1.47685141346));
#7643 = CARTESIAN_POINT('',(-6.605566683368,-1.570078233824,
    1.396611370082));
#7644 = CARTESIAN_POINT('',(-6.613659584597,-1.535851450222,
    1.355851492838));
#7645 = CARTESIAN_POINT('',(-6.621202272669,-1.503053380288,
    1.314348688847));
#7646 = CARTESIAN_POINT('',(-6.628228865587,-1.471679472948,
    1.272169392322));
#7647 = CARTESIAN_POINT('',(-6.63477170904,-1.441721368573,
    1.229373412542));
#7648 = CARTESIAN_POINT('',(-6.640861138185,-1.413167875961,
    1.186013632385));
#7649 = CARTESIAN_POINT('',(-6.651482139761,-1.362235370891,
    1.10373623377));
#7650 = CARTESIAN_POINT('',(-6.656113136887,-1.339531344515,
    1.064941203228));
#7651 = CARTESIAN_POINT('',(-6.660437002684,-1.317885561802,
    1.025782113136));
#7652 = CARTESIAN_POINT('',(-6.66447103837,-1.297289667903,
    0.986288258907));
#7653 = CARTESIAN_POINT('',(-6.668231140176,-1.277735342721,
    0.946486739085));
#7654 = CARTESIAN_POINT('',(-6.671731865013,-1.259214382115,
    0.906402460947));
#7655 = CARTESIAN_POINT('',(-6.684093230139,-1.192764597603,
    0.753171330601));
#7656 = CARTESIAN_POINT('',(-6.691271684811,-1.151846724836,
    0.638268410046));
#7657 = CARTESIAN_POINT('',(-6.696815504824,-1.118775294772,
    0.521823405232));
#7658 = CARTESIAN_POINT('',(-6.700931293494,-1.093419863018,
    0.404257360063));
#7659 = CARTESIAN_POINT('',(-6.703757726202,-1.075682983168,
    0.285946126213));
#7660 = CARTESIAN_POINT('',(-6.705372971071,-1.065500201606,
    0.167223641325));
#7661 = CARTESIAN_POINT('',(-6.706257836495,-1.059917447572,
    -8.468930695995E-02));
#7662 = CARTESIAN_POINT('',(-6.705223561162,-1.066433331816,
    -0.21789013466));
#7663 = CARTESIAN_POINT('',(-6.702706915186,-1.08240333682,
    -0.350743578608));
#7664 = CARTESIAN_POINT('',(-6.698632542441,-1.107877702731,
    -0.482758565856));
#7665 = CARTESIAN_POINT('',(-6.692827816157,-1.142962440743,
    -0.613419867279));
#7666 = CARTESIAN_POINT('',(-6.685021823632,-1.187820968817,
    -0.742194110118));
#7667 = CARTESIAN_POINT('',(-6.671524993254,-1.260310474385,
    -0.908789763734));
#7668 = CARTESIAN_POINT('',(-6.66801480398,-1.278864688326,
    -0.948818256244));
#7669 = CARTESIAN_POINT('',(-6.664245171156,-1.298450467524,
    -0.988563539109));
#7670 = CARTESIAN_POINT('',(-6.66020153772,-1.319076000321,
    -1.028000719342));
#7671 = CARTESIAN_POINT('',(-6.65586801206,-1.340749584077,
    -1.067102711658));
#7672 = CARTESIAN_POINT('',(-6.651227303011,-1.363479543088,
    -1.105840233237));
#7673 = CARTESIAN_POINT('',(-6.640640816456,-1.414198104551,
    -1.187565866567));
#7674 = CARTESIAN_POINT('',(-6.63460386437,-1.442484169185,
    -1.230441380334));
#7675 = CARTESIAN_POINT('',(-6.628122552577,-1.472144931688,
    -1.272763985889));
#7676 = CARTESIAN_POINT('',(-6.62116748542,-1.503191187364,
    -1.314482403459));
#7677 = CARTESIAN_POINT('',(-6.61370734423,-1.535631008076,
    -1.355538714437));
#7678 = CARTESIAN_POINT('',(-6.605709113951,-1.569468814771,
    -1.395868648439));
#7679 = CARTESIAN_POINT('',(-6.588417859426,-1.640555299044,
    -1.475625341834));
#7680 = CARTESIAN_POINT('',(-6.579105606513,-1.677849029169,
    -1.515019174778));
#7681 = CARTESIAN_POINT('',(-6.569165160608,-1.716587727669,
    -1.553513465026));
#7682 = CARTESIAN_POINT('',(-6.558559599447,-1.756761434437,
    -1.591021318973));
#7683 = CARTESIAN_POINT('',(-6.547254367999,-1.798343171877,
    -1.627442090182));
#7684 = CARTESIAN_POINT('',(-6.535220177557,-1.841283974795,
    -1.662664615994));
#7685 = CARTESIAN_POINT('',(-6.507787427419,-1.936180608503,
    -1.735420446976));
#7686 = CARTESIAN_POINT('',(-6.492155472026,-1.988533875097,
    -1.772538880387));
#7687 = CARTESIAN_POINT('',(-6.47550995235,-2.042449669559,
    -1.807746166633));
#7688 = CARTESIAN_POINT('',(-6.457851004117,-2.097714885674,
    -1.840817784899));
#7689 = CARTESIAN_POINT('',(-6.439223409603,-2.154001091137,
    -1.871510886594));
#7690 = CARTESIAN_POINT('',(-6.419744228856,-2.210843974133,
    -1.89961471258));
#7691 = CARTESIAN_POINT('',(-6.399602141592,-2.267686636052,-1.9250006)
  );
#7692 = PCURVE('',#7464,#7693);
#7693 = DEFINITIONAL_REPRESENTATION('',(#7694),#7757);
#7694 = B_SPLINE_CURVE_WITH_KNOTS('',7,(#7695,#7696,#7697,#7698,#7699,
    #7700,#7701,#7702,#7703,#7704,#7705,#7706,#7707,#7708,#7709,#7710,
    #7711,#7712,#7713,#7714,#7715,#7716,#7717,#7718,#7719,#7720,#7721,
    #7722,#7723,#7724,#7725,#7726,#7727,#7728,#7729,#7730,#7731,#7732,
    #7733,#7734,#7735,#7736,#7737,#7738,#7739,#7740,#7741,#7742,#7743,
    #7744,#7745,#7746,#7747,#7748,#7749,#7750,#7751,#7752,#7753,#7754,
    #7755,#7756),.UNSPECIFIED.,.F.,.F.,(8,6,6,6,6,6,6,6,6,6,8),(0.,
    8.657704091458E-02,0.162735071218,0.238228478256,0.30429602855,
    0.489158639184,0.696151742113,0.762177908219,0.836887526025,
    0.912901572846,1.),.UNSPECIFIED.);
#7695 = CARTESIAN_POINT('',(3.915751939163,1.071737674848));
#7696 = CARTESIAN_POINT('',(3.952059877084,1.047679418122));
#7697 = CARTESIAN_POINT('',(3.984041913759,1.022298233817));
#7698 = CARTESIAN_POINT('',(4.01196570257,0.995937815166));
#7699 = CARTESIAN_POINT('',(4.036352396997,0.968917897708));
#7700 = CARTESIAN_POINT('',(4.057703206135,0.941479068599));
#7701 = CARTESIAN_POINT('',(4.076463030865,0.913795577485));
#7702 = CARTESIAN_POINT('',(4.107571352415,0.861509399977));
#7703 = CARTESIAN_POINT('',(4.120418597749,0.836938977994));
#7704 = CARTESIAN_POINT('',(4.131815299664,0.812341573899));
#7705 = CARTESIAN_POINT('',(4.141973912216,0.78777035365));
#7706 = CARTESIAN_POINT('',(4.151067236665,0.763261026309));
#7707 = CARTESIAN_POINT('',(4.159236841286,0.738835367134));
#7708 = CARTESIAN_POINT('',(4.173901850608,0.690386445046));
#7709 = CARTESIAN_POINT('',(4.180410458913,0.666364336096));
#7710 = CARTESIAN_POINT('',(4.186241503906,0.642450786425));
#7711 = CARTESIAN_POINT('',(4.191486524408,0.618653009183));
#7712 = CARTESIAN_POINT('',(4.196219110633,0.594973872558));
#7713 = CARTESIAN_POINT('',(4.200499614584,0.571412714269));
#7714 = CARTESIAN_POINT('',(4.207775631659,0.527447057453));
#7715 = CARTESIAN_POINT('',(4.210864642138,0.507016380958));
#7716 = CARTESIAN_POINT('',(4.213681006256,0.486672181177));
#7717 = CARTESIAN_POINT('',(4.216253216241,0.466411808734));
#7718 = CARTESIAN_POINT('',(4.218605140114,0.44623196321));
#7719 = CARTESIAN_POINT('',(4.220757019623,0.426128746059));
#7720 = CARTESIAN_POINT('',(4.228237152298,0.350049185184));
#7721 = CARTESIAN_POINT('',(4.232318768552,0.294575569694));
#7722 = CARTESIAN_POINT('',(4.235353737167,0.239566669588));
#7723 = CARTESIAN_POINT('',(4.237551910175,0.184919091369));
#7724 = CARTESIAN_POINT('',(4.239037293627,0.13053002511));
#7725 = CARTESIAN_POINT('',(4.23988419807,7.628923375301E-02));
#7726 = CARTESIAN_POINT('',(4.240347608054,-3.864157635247E-02));
#7727 = CARTESIAN_POINT('',(4.239805501998,-9.931716292117E-02));
#7728 = CARTESIAN_POINT('',(4.238492747485,-0.160105099633));
#7729 = CARTESIAN_POINT('',(4.236345399678,-0.221144339463));
#7730 = CARTESIAN_POINT('',(4.233200615202,-0.282578013738));
#7731 = CARTESIAN_POINT('',(4.228804497933,-0.344566514916));
#7732 = CARTESIAN_POINT('',(4.220630034048,-0.427324817866));
#7733 = CARTESIAN_POINT('',(4.218470337174,-0.447411054641));
#7734 = CARTESIAN_POINT('',(4.216110171695,-0.467573926672));
#7735 = CARTESIAN_POINT('',(4.213529245409,-0.487817306224));
#7736 = CARTESIAN_POINT('',(4.210703634096,-0.508144464175));
#7737 = CARTESIAN_POINT('',(4.207604781995,-0.528558016126));
#7738 = CARTESIAN_POINT('',(4.200344244627,-0.572258028338));
#7739 = CARTESIAN_POINT('',(4.196096641555,-0.595568422149));
#7740 = CARTESIAN_POINT('',(4.191405289968,-0.61899425837));
#7741 = CARTESIAN_POINT('',(4.186211542082,-0.642536127655));
#7742 = CARTESIAN_POINT('',(4.180444040018,-0.666191230392));
#7743 = CARTESIAN_POINT('',(4.1740142504,-0.689952604228));
#7744 = CARTESIAN_POINT('',(4.159483996275,-0.738080620011));
#7745 = CARTESIAN_POINT('',(4.151357109419,-0.762447800829));
#7746 = CARTESIAN_POINT('',(4.142313795033,-0.786898702595));
#7747 = CARTESIAN_POINT('',(4.132214007885,-0.811411884508));
#7748 = CARTESIAN_POINT('',(4.120886861011,-0.835952192453));
#7749 = CARTESIAN_POINT('',(4.108122285879,-0.860467295032));
#7750 = CARTESIAN_POINT('',(4.077094599017,-0.912861623981));
#7751 = CARTESIAN_POINT('',(4.058302368367,-0.940707728529));
#7752 = CARTESIAN_POINT('',(4.036899929094,-0.96831044146));
#7753 = CARTESIAN_POINT('',(4.012435952089,-0.995493467794));
#7754 = CARTESIAN_POINT('',(3.984401118164,-1.022012949118));
#7755 = CARTESIAN_POINT('',(3.952264139282,-1.047544070518));
#7756 = CARTESIAN_POINT('',(3.915751939163,-1.071737674848));
#7757 = ( GEOMETRIC_REPRESENTATION_CONTEXT(2) 
PARAMETRIC_REPRESENTATION_CONTEXT() REPRESENTATION_CONTEXT('2D SPACE',''
  ) );
#7758 = PCURVE('',#7608,#7759);
#7759 = DEFINITIONAL_REPRESENTATION('',(#7760),#7823);
#7760 = B_SPLINE_CURVE_WITH_KNOTS('',7,(#7761,#7762,#7763,#7764,#7765,
    #7766,#7767,#7768,#7769,#7770,#7771,#7772,#7773,#7774,#7775,#7776,
    #7777,#7778,#7779,#7780,#7781,#7782,#7783,#7784,#7785,#7786,#7787,
    #7788,#7789,#7790,#7791,#7792,#7793,#7794,#7795,#7796,#7797,#7798,
    #7799,#7800,#7801,#7802,#7803,#7804,#7805,#7806,#7807,#7808,#7809,
    #7810,#7811,#7812,#7813,#7814,#7815,#7816,#7817,#7818,#7819,#7820,
    #7821,#7822),.UNSPECIFIED.,.F.,.F.,(8,6,6,6,6,6,6,6,6,6,8),(0.,
    8.657704091458E-02,0.162735071218,0.238228478256,0.30429602855,
    0.489158639184,0.696151742113,0.762177908219,0.836887526025,
    0.912901572846,1.),.UNSPECIFIED.);
#7761 = CARTESIAN_POINT('',(3.482135763866,3.8500006));
#7762 = CARTESIAN_POINT('',(3.473303236053,3.824756730239));
#7763 = CARTESIAN_POINT('',(3.46450280198,3.796824896715));
#7764 = CARTESIAN_POINT('',(3.455818646752,3.766331932127));
#7765 = CARTESIAN_POINT('',(3.447318853604,3.733484888632));
#7766 = CARTESIAN_POINT('',(3.439049864237,3.698522211607));
#7767 = CARTESIAN_POINT('',(3.4310405711,3.661664662386));
#7768 = CARTESIAN_POINT('',(3.416501614858,3.589156143895));
#7769 = CARTESIAN_POINT('',(3.409910436095,3.553896310722));
#7770 = CARTESIAN_POINT('',(3.403541703391,3.51742930383));
#7771 = CARTESIAN_POINT('',(3.397400916337,3.479867378718));
#7772 = CARTESIAN_POINT('',(3.391490318136,3.441312177013));
#7773 = CARTESIAN_POINT('',(3.385809710089,3.40185141346));
#7774 = CARTESIAN_POINT('',(3.374952404998,3.321611370082));
#7775 = CARTESIAN_POINT('',(3.369772378053,3.280851492838));
#7776 = CARTESIAN_POINT('',(3.364815719968,3.239348688847));
#7777 = CARTESIAN_POINT('',(3.360080428585,3.197169392322));
#7778 = CARTESIAN_POINT('',(3.35556409403,3.154373412542));
#7779 = CARTESIAN_POINT('',(3.35126402787,3.111013632385));
#7780 = CARTESIAN_POINT('',(3.343601000463,3.02873623377));
#7781 = CARTESIAN_POINT('',(3.340188187904,2.989941203228));
#7782 = CARTESIAN_POINT('',(3.336937117987,2.950782113136));
#7783 = CARTESIAN_POINT('',(3.333846021331,2.911288258907));
#7784 = CARTESIAN_POINT('',(3.33091319921,2.871486739085));
#7785 = CARTESIAN_POINT('',(3.32813702699,2.831402460947));
#7786 = CARTESIAN_POINT('',(3.318181982954,2.678171330601));
#7787 = CARTESIAN_POINT('',(3.312063622915,2.563268410046));
#7788 = CARTESIAN_POINT('',(3.30712483961,2.446823405232));
#7789 = CARTESIAN_POINT('',(3.303341470182,2.329257360063));
#7790 = CARTESIAN_POINT('',(3.300696117305,2.210946126213));
#7791 = CARTESIAN_POINT('',(3.299177580094,2.092223641325));
#7792 = CARTESIAN_POINT('',(3.298345052728,1.84031069304));
#7793 = CARTESIAN_POINT('',(3.299316766898,1.70710986534));
#7794 = CARTESIAN_POINT('',(3.301697959452,1.574256421392));
#7795 = CARTESIAN_POINT('',(3.305497659424,1.442241434144));
#7796 = CARTESIAN_POINT('',(3.310735256267,1.311580132721));
#7797 = CARTESIAN_POINT('',(3.317441121677,1.182805889882));
#7798 = CARTESIAN_POINT('',(3.328301315951,1.016210236266));
#7799 = CARTESIAN_POINT('',(3.33108255958,0.976181743756));
#7800 = CARTESIAN_POINT('',(3.334020196091,0.936436460891));
#7801 = CARTESIAN_POINT('',(3.337115848352,0.896999280658));
#7802 = CARTESIAN_POINT('',(3.340371212253,0.857897288342));
#7803 = CARTESIAN_POINT('',(3.343788053117,0.819159766763));
#7804 = CARTESIAN_POINT('',(3.351419195514,0.737434133433));
#7805 = CARTESIAN_POINT('',(3.35567912858,0.694558619666));
#7806 = CARTESIAN_POINT('',(3.360150746074,0.652236014111));
#7807 = CARTESIAN_POINT('',(3.364836647032,0.610517596541));
#7808 = CARTESIAN_POINT('',(3.369739162105,0.569461285563));
#7809 = CARTESIAN_POINT('',(3.374860230905,0.529131351561));
#7810 = CARTESIAN_POINT('',(3.385635582419,0.449374658166));
#7811 = CARTESIAN_POINT('',(3.391296983484,0.409980825222));
#7812 = CARTESIAN_POINT('',(3.397187306142,0.371486534974));
#7813 = CARTESIAN_POINT('',(3.403306774888,0.333978681027));
#7814 = CARTESIAN_POINT('',(3.409653216286,0.297557909818));
#7815 = CARTESIAN_POINT('',(3.416221260151,0.262335384006));
#7816 = CARTESIAN_POINT('',(3.430770522895,0.189579553024));
#7817 = CARTESIAN_POINT('',(3.43881752148,0.152461119613));
#7818 = CARTESIAN_POINT('',(3.447127831412,0.117253833367));
#7819 = CARTESIAN_POINT('',(3.455672300855,8.418221510113E-02));
#7820 = CARTESIAN_POINT('',(3.464403907477,5.348911340605E-02));
#7821 = CARTESIAN_POINT('',(3.473253545774,2.538528741993E-02));
#7822 = CARTESIAN_POINT('',(3.482135763866,-6.E-07));
#7823 = ( GEOMETRIC_REPRESENTATION_CONTEXT(2) 
PARAMETRIC_REPRESENTATION_CONTEXT() REPRESENTATION_CONTEXT('2D SPACE',''
  ) );
#7824 = ORIENTED_EDGE('',*,*,#7825,.T.);
#7825 = EDGE_CURVE('',#7626,#7292,#7826,.T.);
#7826 = SURFACE_CURVE('',#7827,(#7832,#7839),.PCURVE_S1.);
#7827 = CIRCLE('',#7828,1.049282021194);
#7828 = AXIS2_PLACEMENT_3D('',#7829,#7830,#7831);
#7829 = CARTESIAN_POINT('',(-6.757266509268,-3.254128043382,-1.925));
#7830 = DIRECTION('',(0.,0.,1.));
#7831 = DIRECTION('',(-0.900968867902,-0.433883739118,0.));
#7832 = PCURVE('',#7464,#7833);
#7833 = DEFINITIONAL_REPRESENTATION('',(#7834),#7838);
#7834 = LINE('',#7835,#7836);
#7835 = CARTESIAN_POINT('',(1.654244697564E-17,-1.071737103028));
#7836 = VECTOR('',#7837,1.);
#7837 = DIRECTION('',(1.,0.));
#7838 = ( GEOMETRIC_REPRESENTATION_CONTEXT(2) 
PARAMETRIC_REPRESENTATION_CONTEXT() REPRESENTATION_CONTEXT('2D SPACE',''
  ) );
#7839 = PCURVE('',#7308,#7840);
#7840 = DEFINITIONAL_REPRESENTATION('',(#7841),#7845);
#7841 = CIRCLE('',#7842,1.049282021194);
#7842 = AXIS2_PLACEMENT_2D('',#7843,#7844);
#7843 = CARTESIAN_POINT('',(-6.757266509268,-3.254128043382));
#7844 = DIRECTION('',(-0.900968867902,-0.433883739118));
#7845 = ( GEOMETRIC_REPRESENTATION_CONTEXT(2) 
PARAMETRIC_REPRESENTATION_CONTEXT() REPRESENTATION_CONTEXT('2D SPACE',''
  ) );
#7846 = ADVANCED_FACE('',(#7847),#7308,.F.);
#7847 = FACE_BOUND('',#7848,.F.);
#7848 = EDGE_LOOP('',(#7849,#7873,#7874,#7875));
#7849 = ORIENTED_EDGE('',*,*,#7850,.F.);
#7850 = EDGE_CURVE('',#7087,#7851,#7853,.T.);
#7851 = VERTEX_POINT('',#7852);
#7852 = CARTESIAN_POINT('',(-6.399602617653,2.267685292567,-1.925));
#7853 = SURFACE_CURVE('',#7854,(#7859,#7866),.PCURVE_S1.);
#7854 = CIRCLE('',#7855,1.049282021194);
#7855 = AXIS2_PLACEMENT_3D('',#7856,#7857,#7858);
#7856 = CARTESIAN_POINT('',(-6.757266509268,3.254128043382,-1.925));
#7857 = DIRECTION('',(0.,0.,1.));
#7858 = DIRECTION('',(-0.900968867902,0.433883739118,0.));
#7859 = PCURVE('',#7308,#7860);
#7860 = DEFINITIONAL_REPRESENTATION('',(#7861),#7865);
#7861 = CIRCLE('',#7862,1.049282021194);
#7862 = AXIS2_PLACEMENT_2D('',#7863,#7864);
#7863 = CARTESIAN_POINT('',(-6.757266509268,3.254128043382));
#7864 = DIRECTION('',(-0.900968867902,0.433883739118));
#7865 = ( GEOMETRIC_REPRESENTATION_CONTEXT(2) 
PARAMETRIC_REPRESENTATION_CONTEXT() REPRESENTATION_CONTEXT('2D SPACE',''
  ) );
#7866 = PCURVE('',#7220,#7867);
#7867 = DEFINITIONAL_REPRESENTATION('',(#7868),#7872);
#7868 = LINE('',#7869,#7870);
#7869 = CARTESIAN_POINT('',(5.446881626241E-18,-1.071737103028));
#7870 = VECTOR('',#7871,1.);
#7871 = DIRECTION('',(1.,0.));
#7872 = ( GEOMETRIC_REPRESENTATION_CONTEXT(2) 
PARAMETRIC_REPRESENTATION_CONTEXT() REPRESENTATION_CONTEXT('2D SPACE',''
  ) );
#7873 = ORIENTED_EDGE('',*,*,#7291,.T.);
#7874 = ORIENTED_EDGE('',*,*,#7825,.F.);
#7875 = ORIENTED_EDGE('',*,*,#7876,.F.);
#7876 = EDGE_CURVE('',#7851,#7626,#7877,.T.);
#7877 = SURFACE_CURVE('',#7878,(#7883,#7890),.PCURVE_S1.);
#7878 = CIRCLE('',#7879,6.7895);
#7879 = AXIS2_PLACEMENT_3D('',#7880,#7881,#7882);
#7880 = CARTESIAN_POINT('',(0.,0.,-1.925));
#7881 = DIRECTION('',(0.,0.,1.));
#7882 = DIRECTION('',(1.,0.,0.));
#7883 = PCURVE('',#7308,#7884);
#7884 = DEFINITIONAL_REPRESENTATION('',(#7885),#7889);
#7885 = CIRCLE('',#7886,6.7895);
#7886 = AXIS2_PLACEMENT_2D('',#7887,#7888);
#7887 = CARTESIAN_POINT('',(0.,0.));
#7888 = DIRECTION('',(1.,0.));
#7889 = ( GEOMETRIC_REPRESENTATION_CONTEXT(2) 
PARAMETRIC_REPRESENTATION_CONTEXT() REPRESENTATION_CONTEXT('2D SPACE',''
  ) );
#7890 = PCURVE('',#7608,#7891);
#7891 = DEFINITIONAL_REPRESENTATION('',(#7892),#7896);
#7892 = LINE('',#7893,#7894);
#7893 = CARTESIAN_POINT('',(0.,0.));
#7894 = VECTOR('',#7895,1.);
#7895 = DIRECTION('',(1.,0.));
#7896 = ( GEOMETRIC_REPRESENTATION_CONTEXT(2) 
PARAMETRIC_REPRESENTATION_CONTEXT() REPRESENTATION_CONTEXT('2D SPACE',''
  ) );
#7897 = ADVANCED_FACE('',(#7898),#7220,.F.);
#7898 = FACE_BOUND('',#7899,.F.);
#7899 = EDGE_LOOP('',(#7900,#7901,#7902,#8100));
#7900 = ORIENTED_EDGE('',*,*,#7086,.F.);
#7901 = ORIENTED_EDGE('',*,*,#7850,.T.);
#7902 = ORIENTED_EDGE('',*,*,#7903,.T.);
#7903 = EDGE_CURVE('',#7851,#7545,#7904,.T.);
#7904 = SURFACE_CURVE('',#7905,(#7968,#8034),.PCURVE_S1.);
#7905 = B_SPLINE_CURVE_WITH_KNOTS('',7,(#7906,#7907,#7908,#7909,#7910,
    #7911,#7912,#7913,#7914,#7915,#7916,#7917,#7918,#7919,#7920,#7921,
    #7922,#7923,#7924,#7925,#7926,#7927,#7928,#7929,#7930,#7931,#7932,
    #7933,#7934,#7935,#7936,#7937,#7938,#7939,#7940,#7941,#7942,#7943,
    #7944,#7945,#7946,#7947,#7948,#7949,#7950,#7951,#7952,#7953,#7954,
    #7955,#7956,#7957,#7958,#7959,#7960,#7961,#7962,#7963,#7964,#7965,
    #7966,#7967),.UNSPECIFIED.,.F.,.F.,(8,6,6,6,6,6,6,6,6,6,8),(0.,
    8.678941126078E-02,0.162655381965,0.238017140479,0.303706791782,
    0.49542450237,0.696169191207,0.76189069099,0.837276015122,
    0.913774777213,1.),.UNSPECIFIED.);
#7906 = CARTESIAN_POINT('',(-6.399602141592,2.267686636052,-1.9250006));
#7907 = CARTESIAN_POINT('',(-6.41967792378,2.211031092626,-1.89969827955
    ));
#7908 = CARTESIAN_POINT('',(-6.439095263151,2.15437502843,
    -1.871695750193));
#7909 = CARTESIAN_POINT('',(-6.457667240426,2.098270101865,
    -1.841120468049));
#7910 = CARTESIAN_POINT('',(-6.475277649276,2.043176542638,
    -1.808180935571));
#7911 = CARTESIAN_POINT('',(-6.491881684862,1.989420472316,
    -1.773117493219));
#7912 = CARTESIAN_POINT('',(-6.507478801042,1.937213936392,
    -1.736152585095));
#7913 = CARTESIAN_POINT('',(-6.534878047973,1.842496723173,
    -1.663645661015));
#7914 = CARTESIAN_POINT('',(-6.546909759186,1.799595781388,
    -1.628512283421));
#7915 = CARTESIAN_POINT('',(-6.558214406681,1.758048172211,
    -1.592182359222));
#7916 = CARTESIAN_POINT('',(-6.568821012592,1.717903073859,
    -1.554766717462));
#7917 = CARTESIAN_POINT('',(-6.578763898436,1.679187674403,
    -1.516365733559));
#7918 = CARTESIAN_POINT('',(-6.588079785871,1.641912131097,
    -1.477066087789));
#7919 = CARTESIAN_POINT('',(-6.605472021133,1.570475108322,
    -1.397075657875));
#7920 = CARTESIAN_POINT('',(-6.613555260536,1.536298733094,
    -1.35640067024));
#7921 = CARTESIAN_POINT('',(-6.62109006587,1.503545691567,
    -1.314984966454));
#7922 = CARTESIAN_POINT('',(-6.628110371914,1.472211499446,
    -1.272894666197));
#7923 = CARTESIAN_POINT('',(-6.634648359625,1.442287873223,
    -1.230189302105));
#7924 = CARTESIAN_POINT('',(-6.640734217762,1.413763702799,
    -1.186921518629));
#7925 = CARTESIAN_POINT('',(-6.651330956897,1.362971259582,
    -1.10497146175));
#7926 = CARTESIAN_POINT('',(-6.655943576302,1.340370709299,
    -1.066414630304));
#7927 = CARTESIAN_POINT('',(-6.660252225704,1.318816219792,
    -1.027497269252));
#7928 = CARTESIAN_POINT('',(-6.664273932102,1.298299585946,
    -0.98824821276));
#7929 = CARTESIAN_POINT('',(-6.668024350015,1.278812630803,
    -0.948694141625));
#7930 = CARTESIAN_POINT('',(-6.671517824997,1.26034728539,
    -0.908859588434));
#7931 = CARTESIAN_POINT('',(-6.684251630479,1.191962470324,
    -0.75175505278));
#7932 = CARTESIAN_POINT('',(-6.691657080615,1.149673470332,
    -0.632566609533));
#7933 = CARTESIAN_POINT('',(-6.697312507088,1.115816123839,
    -0.511730939482));
#7934 = CARTESIAN_POINT('',(-6.701445820289,1.090246741837,
    -0.389715846811));
#7935 = CARTESIAN_POINT('',(-6.704207009272,1.072858968981,
    -0.266937305997));
#7936 = CARTESIAN_POINT('',(-6.705676655353,1.063584607848,
    -0.143763369653));
#7937 = CARTESIAN_POINT('',(-6.706052164706,1.061214455652,
    0.108542031268));
#7938 = CARTESIAN_POINT('',(-6.704834041879,1.068901570403,
    0.237596860143));
#7939 = CARTESIAN_POINT('',(-6.70221522582,1.085470677019,0.366294376948
    ));
#7940 = CARTESIAN_POINT('',(-6.698116016083,1.110990852588,0.49422031833
    ));
#7941 = CARTESIAN_POINT('',(-6.69237131854,1.145582659631,0.620901486971
    ));
#7942 = CARTESIAN_POINT('',(-6.684726206494,1.18940531256,0.745805723246
    ));
#7943 = CARTESIAN_POINT('',(-6.671554479457,1.260153209304,
    0.908437976933));
#7944 = CARTESIAN_POINT('',(-6.668061847338,1.27861705833,0.948291638162
    ));
#7945 = CARTESIAN_POINT('',(-6.664312163241,1.298103309507,
    0.987864763857));
#7946 = CARTESIAN_POINT('',(-6.660291071448,1.318620040299,
    1.027132801666));
#7947 = CARTESIAN_POINT('',(-6.655982905229,1.340175437395,
    1.066069049079));
#7948 = CARTESIAN_POINT('',(-6.651370623143,1.362777716931,
    1.104644648202));
#7949 = CARTESIAN_POINT('',(-6.640775232945,1.413570994565,1.18662715671
    ));
#7950 = CARTESIAN_POINT('',(-6.634690481072,1.442094055905,
    1.229908754983));
#7951 = CARTESIAN_POINT('',(-6.628153520455,1.472017205019,
    1.272627905639));
#7952 = CARTESIAN_POINT('',(-6.621134148779,1.503351566467,
    1.314731947228));
#7953 = CARTESIAN_POINT('',(-6.613600168554,1.536105440729,
    1.356161327367));
#7954 = CARTESIAN_POINT('',(-6.605517625007,1.570283331871,
    1.396849903552));
#7955 = CARTESIAN_POINT('',(-6.588056457924,1.642012453247,
    1.477189541444));
#7956 = CARTESIAN_POINT('',(-6.57866143478,1.67960168714,1.516811339376)
  );
#7957 = CARTESIAN_POINT('',(-6.568628839448,1.718654748955,
    1.555519314692));
#7958 = CARTESIAN_POINT('',(-6.557921004067,1.759161219663,
    1.593224543231));
#7959 = CARTESIAN_POINT('',(-6.546502769405,1.801092997066,1.62982390589
    ));
#7960 = CARTESIAN_POINT('',(-6.534344526252,1.844399103735,
    1.665203494767));
#7961 = CARTESIAN_POINT('',(-6.506863362521,1.939272744966,
    1.737608383414));
#7962 = CARTESIAN_POINT('',(-6.491335936647,1.991186507304,
    1.774268104306));
#7963 = CARTESIAN_POINT('',(-6.474814771691,2.044624104338,
    1.809045620811));
#7964 = CARTESIAN_POINT('',(-6.457301212023,2.099375614988,
    1.841722592691));
#7965 = CARTESIAN_POINT('',(-6.438840090618,2.155119508265,
    1.872063622849));
#7966 = CARTESIAN_POINT('',(-6.419545919126,2.211403620846,
    1.899864650355));
#7967 = CARTESIAN_POINT('',(-6.399602141592,2.267686636052,1.9250006));
#7968 = PCURVE('',#7220,#7969);
#7969 = DEFINITIONAL_REPRESENTATION('',(#7970),#8033);
#7970 = B_SPLINE_CURVE_WITH_KNOTS('',7,(#7971,#7972,#7973,#7974,#7975,
    #7976,#7977,#7978,#7979,#7980,#7981,#7982,#7983,#7984,#7985,#7986,
    #7987,#7988,#7989,#7990,#7991,#7992,#7993,#7994,#7995,#7996,#7997,
    #7998,#7999,#8000,#8001,#8002,#8003,#8004,#8005,#8006,#8007,#8008,
    #8009,#8010,#8011,#8012,#8013,#8014,#8015,#8016,#8017,#8018,#8019,
    #8020,#8021,#8022,#8023,#8024,#8025,#8026,#8027,#8028,#8029,#8030,
    #8031,#8032),.UNSPECIFIED.,.F.,.F.,(8,6,6,6,6,6,6,6,6,6,8),(0.,
    8.678941126078E-02,0.162655381965,0.238017140479,0.303706791782,
    0.49542450237,0.696169191207,0.76189069099,0.837276015122,
    0.913774777213,1.),.UNSPECIFIED.);
#7971 = CARTESIAN_POINT('',(2.367433368016,-1.071737674848));
#7972 = CARTESIAN_POINT('',(2.331041361211,-1.04762371265));
#7973 = CARTESIAN_POINT('',(2.298995624367,-1.022180896932));
#7974 = CARTESIAN_POINT('',(2.271026007555,-0.99575502307));
#7975 = CARTESIAN_POINT('',(2.246607352447,-0.96866788801));
#7976 = CARTESIAN_POINT('',(2.225235164783,-0.941161503908));
#7977 = CARTESIAN_POINT('',(2.20646195492,-0.913411065167));
#7978 = CARTESIAN_POINT('',(2.175431074343,-0.86115485334));
#7979 = CARTESIAN_POINT('',(2.162651692311,-0.836682106951));
#7980 = CARTESIAN_POINT('',(2.151309455712,-0.812183056258));
#7981 = CARTESIAN_POINT('',(2.141194678292,-0.787710112915));
#7982 = CARTESIAN_POINT('',(2.13213667256,-0.763298531265));
#7983 = CARTESIAN_POINT('',(2.123995491731,-0.738969859635));
#7984 = CARTESIAN_POINT('',(2.109360646045,-0.690661988115));
#7985 = CARTESIAN_POINT('',(2.102857164081,-0.66668430402));
#7986 = CARTESIAN_POINT('',(2.097029546292,-0.642814690082));
#7987 = CARTESIAN_POINT('',(2.091786630909,-0.619060360261));
#7988 = CARTESIAN_POINT('',(2.087055098931,-0.595424201611));
#7989 = CARTESIAN_POINT('',(2.082774799157,-0.571905584176));
#7990 = CARTESIAN_POINT('',(2.075511408884,-0.528100535601));
#7991 = CARTESIAN_POINT('',(2.072432545741,-0.507787315311));
#7992 = CARTESIAN_POINT('',(2.069623879204,-0.487559617414));
#7993 = CARTESIAN_POINT('',(2.067057313879,-0.467414855861));
#7994 = CARTESIAN_POINT('',(2.064709289296,-0.447349803477));
#7995 = CARTESIAN_POINT('',(2.062559805628,-0.427360644308));
#7996 = CARTESIAN_POINT('',(2.054846728006,-0.349312709917));
#7997 = CARTESIAN_POINT('',(2.050645606601,-0.291802539258));
#7998 = CARTESIAN_POINT('',(2.047559249989,-0.234789585853));
#7999 = CARTESIAN_POINT('',(2.045358798044,-0.178158706272));
#8000 = CARTESIAN_POINT('',(2.043912121533,-0.12179538761));
#8001 = CARTESIAN_POINT('',(2.043142040775,-6.557611008936E-02));
#8002 = CARTESIAN_POINT('',(2.042945451798,4.951075572034E-02));
#8003 = CARTESIAN_POINT('',(2.043583123426,0.108340145894));
#8004 = CARTESIAN_POINT('',(2.044952133407,0.167301973062));
#8005 = CARTESIAN_POINT('',(2.047120494102,0.226538416302));
#8006 = CARTESIAN_POINT('',(2.050242060554,0.286181596293));
#8007 = CARTESIAN_POINT('',(2.054560233491,0.346362903736));
#8008 = CARTESIAN_POINT('',(2.062537290088,0.427149319918));
#8009 = CARTESIAN_POINT('',(2.064685902492,0.447146134185));
#8010 = CARTESIAN_POINT('',(2.067033075012,0.467218876249));
#8011 = CARTESIAN_POINT('',(2.06959881282,0.487371369336));
#8012 = CARTESIAN_POINT('',(2.072406684167,0.507606847846));
#8013 = CARTESIAN_POINT('',(2.075484795602,0.527927905101));
#8014 = CARTESIAN_POINT('',(2.082746030813,0.571745890153));
#8015 = CARTESIAN_POINT('',(2.087024808204,0.595269587286));
#8016 = CARTESIAN_POINT('',(2.091754755469,0.618910879325));
#8017 = CARTESIAN_POINT('',(2.096996021902,0.642670406498));
#8018 = CARTESIAN_POINT('',(2.102821927029,0.666545292743));
#8019 = CARTESIAN_POINT('',(2.109323637655,0.690528336016));
#8020 = CARTESIAN_POINT('',(2.124013742989,0.739041704949));
#8021 = CARTESIAN_POINT('',(2.132224817609,0.763571980142));
#8022 = CARTESIAN_POINT('',(2.141368411434,0.788186527882));
#8023 = CARTESIAN_POINT('',(2.151588089236,0.812863241864));
#8024 = CARTESIAN_POINT('',(2.163059226872,0.837565797113));
#8025 = CARTESIAN_POINT('',(2.175997600255,0.862240041316));
#8026 = CARTESIAN_POINT('',(2.207203618023,0.914504735693));
#8027 = CARTESIAN_POINT('',(2.225938403875,0.942064675165));
#8028 = CARTESIAN_POINT('',(2.247249768284,0.969379289253));
#8029 = CARTESIAN_POINT('',(2.271577601107,0.996275574389));
#8030 = CARTESIAN_POINT('',(2.29941685949,1.022515181063));
#8031 = CARTESIAN_POINT('',(2.331280650231,1.047782269622));
#8032 = CARTESIAN_POINT('',(2.367433368016,1.071737674848));
#8033 = ( GEOMETRIC_REPRESENTATION_CONTEXT(2) 
PARAMETRIC_REPRESENTATION_CONTEXT() REPRESENTATION_CONTEXT('2D SPACE',''
  ) );
#8034 = PCURVE('',#7608,#8035);
#8035 = DEFINITIONAL_REPRESENTATION('',(#8036),#8099);
#8036 = B_SPLINE_CURVE_WITH_KNOTS('',7,(#8037,#8038,#8039,#8040,#8041,
    #8042,#8043,#8044,#8045,#8046,#8047,#8048,#8049,#8050,#8051,#8052,
    #8053,#8054,#8055,#8056,#8057,#8058,#8059,#8060,#8061,#8062,#8063,
    #8064,#8065,#8066,#8067,#8068,#8069,#8070,#8071,#8072,#8073,#8074,
    #8075,#8076,#8077,#8078,#8079,#8080,#8081,#8082,#8083,#8084,#8085,
    #8086,#8087,#8088,#8089,#8090,#8091,#8092,#8093,#8094,#8095,#8096,
    #8097,#8098),.UNSPECIFIED.,.F.,.F.,(8,6,6,6,6,6,6,6,6,6,8),(0.,
    8.678941126078E-02,0.162655381965,0.238017140479,0.303706791782,
    0.49542450237,0.696169191207,0.76189069099,0.837276015122,
    0.913774777213,1.),.UNSPECIFIED.);
#8037 = CARTESIAN_POINT('',(2.801049543314,-5.999999981299E-07));
#8038 = CARTESIAN_POINT('',(2.809902522323,2.530172045024E-02));
#8039 = CARTESIAN_POINT('',(2.818723182725,5.330424980678E-02));
#8040 = CARTESIAN_POINT('',(2.827426875491,8.387953195125E-02));
#8041 = CARTESIAN_POINT('',(2.835945092995,0.116819064429));
#8042 = CARTESIAN_POINT('',(2.84423112716,0.151882506781));
#8043 = CARTESIAN_POINT('',(2.852255952064,0.188847414905));
#8044 = CARTESIAN_POINT('',(2.866778457965,0.261354338985));
#8045 = CARTESIAN_POINT('',(2.873340750882,0.296487716579));
#8046 = CARTESIAN_POINT('',(2.879682320025,0.332817640778));
#8047 = CARTESIAN_POINT('',(2.885797754645,0.370233282538));
#8048 = CARTESIAN_POINT('',(2.891684843076,0.408634266441));
#8049 = CARTESIAN_POINT('',(2.897343775167,0.447933912211));
#8050 = CARTESIAN_POINT('',(2.908172808901,0.527924342125));
#8051 = CARTESIAN_POINT('',(2.913345283702,0.56859932976));
#8052 = CARTESIAN_POINT('',(2.918295218847,0.610015033546));
#8053 = CARTESIAN_POINT('',(2.923024600242,0.652105333803));
#8054 = CARTESIAN_POINT('',(2.92753582127,0.694810697895));
#8055 = CARTESIAN_POINT('',(2.931831554087,0.738078481371));
#8056 = CARTESIAN_POINT('',(2.939473657258,0.82002853825));
#8057 = CARTESIAN_POINT('',(2.942870996222,0.858585369696));
#8058 = CARTESIAN_POINT('',(2.946108441954,0.897502730748));
#8059 = CARTESIAN_POINT('',(2.949187733757,0.93675178724));
#8060 = CARTESIAN_POINT('',(2.952110542631,0.976305858375));
#8061 = CARTESIAN_POINT('',(2.95487846782,1.016140411566));
#8062 = CARTESIAN_POINT('',(2.965123740858,1.17324494722));
#8063 = CARTESIAN_POINT('',(2.971446746018,1.292433390467));
#8064 = CARTESIAN_POINT('',(2.976502401344,1.413269060518));
#8065 = CARTESIAN_POINT('',(2.980317296483,1.535284153189));
#8066 = CARTESIAN_POINT('',(2.982910358709,1.658062694003));
#8067 = CARTESIAN_POINT('',(2.984293391174,1.781236630347));
#8068 = CARTESIAN_POINT('',(2.984646836096,2.033542031268));
#8069 = CARTESIAN_POINT('',(2.983500503317,2.162596860143));
#8070 = CARTESIAN_POINT('',(2.981029805517,2.291294376948));
#8071 = CARTESIAN_POINT('',(2.977222867688,2.41922031833));
#8072 = CARTESIAN_POINT('',(2.972058342592,2.545901486971));
#8073 = CARTESIAN_POINT('',(2.965506806203,2.670805723246));
#8074 = CARTESIAN_POINT('',(2.954907557812,2.833437976933));
#8075 = CARTESIAN_POINT('',(2.95213987225,2.873291638162));
#8076 = CARTESIAN_POINT('',(2.94921718561,2.912864763857));
#8077 = CARTESIAN_POINT('',(2.946137897206,2.952132801666));
#8078 = CARTESIAN_POINT('',(2.942900334346,2.991069049079));
#8079 = CARTESIAN_POINT('',(2.939502755776,3.029644648202));
#8080 = CARTESIAN_POINT('',(2.931860572871,3.11162715671));
#8081 = CARTESIAN_POINT('',(2.927565033797,3.154908754983));
#8082 = CARTESIAN_POINT('',(2.923053913698,3.197627905639));
#8083 = CARTESIAN_POINT('',(2.91832453805,3.239731947228));
#8084 = CARTESIAN_POINT('',(2.913374510633,3.281161327367));
#8085 = CARTESIAN_POINT('',(2.90820184216,3.321849903552));
#8086 = CARTESIAN_POINT('',(2.897328605688,3.402189541444));
#8087 = CARTESIAN_POINT('',(2.891622026339,3.441811339376));
#8088 = CARTESIAN_POINT('',(2.88568348668,3.480519314692));
#8089 = CARTESIAN_POINT('',(2.879512791638,3.518224543231));
#8090 = CARTESIAN_POINT('',(2.873112240671,3.55482390589));
#8091 = CARTESIAN_POINT('',(2.866487463207,3.590203494767));
#8092 = CARTESIAN_POINT('',(2.851939471396,3.662608383414));
#8093 = CARTESIAN_POINT('',(2.843958896745,3.699268104306));
#8094 = CARTESIAN_POINT('',(2.835721272331,3.734045620811));
#8095 = CARTESIAN_POINT('',(2.82725537082,3.766722592691));
#8096 = CARTESIAN_POINT('',(2.818607275173,3.797063622849));
#8097 = CARTESIAN_POINT('',(2.80984431117,3.824864650355));
#8098 = CARTESIAN_POINT('',(2.801049543314,3.8500006));
#8099 = ( GEOMETRIC_REPRESENTATION_CONTEXT(2) 
PARAMETRIC_REPRESENTATION_CONTEXT() REPRESENTATION_CONTEXT('2D SPACE',''
  ) );
#8100 = ORIENTED_EDGE('',*,*,#7544,.F.);
#8101 = ADVANCED_FACE('',(#8102),#7608,.F.);
#8102 = FACE_BOUND('',#8103,.F.);
#8103 = EDGE_LOOP('',(#8104,#8105,#8106,#8107));
#8104 = ORIENTED_EDGE('',*,*,#7593,.F.);
#8105 = ORIENTED_EDGE('',*,*,#7903,.F.);
#8106 = ORIENTED_EDGE('',*,*,#7876,.T.);
#8107 = ORIENTED_EDGE('',*,*,#7625,.F.);
#8108 = ( GEOMETRIC_REPRESENTATION_CONTEXT(3) 
GLOBAL_UNCERTAINTY_ASSIGNED_CONTEXT((#8112)) 
GLOBAL_UNIT_ASSIGNED_CONTEXT((#8109,#8110,#8111)) REPRESENTATION_CONTEXT
('Context #1','3D Context with UNIT and UNCERTAINTY') );
#8109 = ( LENGTH_UNIT() NAMED_UNIT(*) SI_UNIT(.MILLI.,.METRE.) );
#8110 = ( NAMED_UNIT(*) PLANE_ANGLE_UNIT() SI_UNIT($,.RADIAN.) );
#8111 = ( NAMED_UNIT(*) SI_UNIT($,.STERADIAN.) SOLID_ANGLE_UNIT() );
#8112 = UNCERTAINTY_MEASURE_WITH_UNIT(LENGTH_MEASURE(2.E-07),#8109,
  'distance_accuracy_value','confusion accuracy');
#8113 = CONTEXT_DEPENDENT_SHAPE_REPRESENTATION(#8114,#8116);
#8114 = ( REPRESENTATION_RELATIONSHIP('','',#7043,#516) 
REPRESENTATION_RELATIONSHIP_WITH_TRANSFORMATION(#8115) 
SHAPE_REPRESENTATION_RELATIONSHIP() );
#8115 = ITEM_DEFINED_TRANSFORMATION('','',#11,#541);
#8116 = PRODUCT_DEFINITION_SHAPE('Placement','Placement of an item',
  #8117);
#8117 = NEXT_ASSEMBLY_USAGE_OCCURRENCE('11','=>[0:1:1:13]','',#511,#7038
  ,$);
#8118 = PRODUCT_RELATED_PRODUCT_CATEGORY('part',$,(#7040));
#8119 = SHAPE_DEFINITION_REPRESENTATION(#8120,#8126);
#8120 = PRODUCT_DEFINITION_SHAPE('','',#8121);
#8121 = PRODUCT_DEFINITION('design','',#8122,#8125);
#8122 = PRODUCT_DEFINITION_FORMATION('','',#8123);
#8123 = PRODUCT('608ZZ/ball_00','608ZZ/ball_00','',(#8124));
#8124 = PRODUCT_CONTEXT('',#2,'mechanical');
#8125 = PRODUCT_DEFINITION_CONTEXT('part definition',#2,'design');
#8126 = SHAPE_REPRESENTATION('',(#11,#8127),#8131);
#8127 = AXIS2_PLACEMENT_3D('',#8128,#8129,#8130);
#8128 = CARTESIAN_POINT('',(0.,0.,0.));
#8129 = DIRECTION('',(0.,0.,1.));
#8130 = DIRECTION('',(1.,0.,0.));
#8131 = ( GEOMETRIC_REPRESENTATION_CONTEXT(3) 
GLOBAL_UNCERTAINTY_ASSIGNED_CONTEXT((#8135)) 
GLOBAL_UNIT_ASSIGNED_CONTEXT((#8132,#8133,#8134)) REPRESENTATION_CONTEXT
('Context #1','3D Context with UNIT and UNCERTAINTY') );
#8132 = ( LENGTH_UNIT() NAMED_UNIT(*) SI_UNIT(.MILLI.,.METRE.) );
#8133 = ( NAMED_UNIT(*) PLANE_ANGLE_UNIT() SI_UNIT($,.RADIAN.) );
#8134 = ( NAMED_UNIT(*) SI_UNIT($,.STERADIAN.) SOLID_ANGLE_UNIT() );
#8135 = UNCERTAINTY_MEASURE_WITH_UNIT(LENGTH_MEASURE(1.E-07),#8132,
  'distance_accuracy_value','confusion accuracy');
#8136 = CONTEXT_DEPENDENT_SHAPE_REPRESENTATION(#8137,#8139);
#8137 = ( REPRESENTATION_RELATIONSHIP('','',#8126,#10) 
REPRESENTATION_RELATIONSHIP_WITH_TRANSFORMATION(#8138) 
SHAPE_REPRESENTATION_RELATIONSHIP() );
#8138 = ITEM_DEFINED_TRANSFORMATION('','',#11,#27);
#8139 = PRODUCT_DEFINITION_SHAPE('Placement','Placement of an item',
  #8140);
#8140 = NEXT_ASSEMBLY_USAGE_OCCURRENCE('14','=>[0:1:1:14]','',#5,#8121,$
  );
#8141 = PRODUCT_RELATED_PRODUCT_CATEGORY('part',$,(#8123));
#8142 = SHAPE_DEFINITION_REPRESENTATION(#8143,#8149);
#8143 = PRODUCT_DEFINITION_SHAPE('','',#8144);
#8144 = PRODUCT_DEFINITION('design','',#8145,#8148);
#8145 = PRODUCT_DEFINITION_FORMATION('','',#8146);
#8146 = PRODUCT('SOLID','SOLID','',(#8147));
#8147 = PRODUCT_CONTEXT('',#2,'mechanical');
#8148 = PRODUCT_DEFINITION_CONTEXT('part definition',#2,'design');
#8149 = ADVANCED_BREP_SHAPE_REPRESENTATION('',(#11,#8150),#8162);
#8150 = MANIFOLD_SOLID_BREP('',#8151);
#8151 = CLOSED_SHELL('',(#8152));
#8152 = ADVANCED_FACE('',(#8153),#8157,.T.);
#8153 = FACE_BOUND('',#8154,.T.);
#8154 = VERTEX_LOOP('',#8155);
#8155 = VERTEX_POINT('',#8156);
#8156 = CARTESIAN_POINT('',(1.243016501135E-16,-3.044512358804E-32,-2.03
    ));
#8157 = SPHERICAL_SURFACE('',#8158,2.03);
#8158 = AXIS2_PLACEMENT_3D('',#8159,#8160,#8161);
#8159 = CARTESIAN_POINT('',(0.,0.,0.));
#8160 = DIRECTION('',(0.,0.,1.));
#8161 = DIRECTION('',(1.,0.,-0.));
#8162 = ( GEOMETRIC_REPRESENTATION_CONTEXT(3) 
GLOBAL_UNCERTAINTY_ASSIGNED_CONTEXT((#8166)) 
GLOBAL_UNIT_ASSIGNED_CONTEXT((#8163,#8164,#8165)) REPRESENTATION_CONTEXT
('Context #1','3D Context with UNIT and UNCERTAINTY') );
#8163 = ( LENGTH_UNIT() NAMED_UNIT(*) SI_UNIT(.MILLI.,.METRE.) );
#8164 = ( NAMED_UNIT(*) PLANE_ANGLE_UNIT() SI_UNIT($,.RADIAN.) );
#8165 = ( NAMED_UNIT(*) SI_UNIT($,.STERADIAN.) SOLID_ANGLE_UNIT() );
#8166 = UNCERTAINTY_MEASURE_WITH_UNIT(LENGTH_MEASURE(1.E-07),#8163,
  'distance_accuracy_value','confusion accuracy');
#8167 = CONTEXT_DEPENDENT_SHAPE_REPRESENTATION(#8168,#8170);
#8168 = ( REPRESENTATION_RELATIONSHIP('','',#8149,#8126) 
REPRESENTATION_RELATIONSHIP_WITH_TRANSFORMATION(#8169) 
SHAPE_REPRESENTATION_RELATIONSHIP() );
#8169 = ITEM_DEFINED_TRANSFORMATION('','',#11,#8127);
#8170 = PRODUCT_DEFINITION_SHAPE('Placement','Placement of an item',
  #8171);
#8171 = NEXT_ASSEMBLY_USAGE_OCCURRENCE('13','=>[0:1:1:15]','',#8121,
  #8144,$);
#8172 = PRODUCT_RELATED_PRODUCT_CATEGORY('part',$,(#8146));
#8173 = SHAPE_DEFINITION_REPRESENTATION(#8174,#8180);
#8174 = PRODUCT_DEFINITION_SHAPE('','',#8175);
#8175 = PRODUCT_DEFINITION('design','',#8176,#8179);
#8176 = PRODUCT_DEFINITION_FORMATION('','',#8177);
#8177 = PRODUCT('608ZZ/ball_01','608ZZ/ball_01','',(#8178));
#8178 = PRODUCT_CONTEXT('',#2,'mechanical');
#8179 = PRODUCT_DEFINITION_CONTEXT('part definition',#2,'design');
#8180 = SHAPE_REPRESENTATION('',(#11,#8181),#8185);
#8181 = AXIS2_PLACEMENT_3D('',#8182,#8183,#8184);
#8182 = CARTESIAN_POINT('',(0.,0.,0.));
#8183 = DIRECTION('',(0.,0.,1.));
#8184 = DIRECTION('',(1.,0.,0.));
#8185 = ( GEOMETRIC_REPRESENTATION_CONTEXT(3) 
GLOBAL_UNCERTAINTY_ASSIGNED_CONTEXT((#8189)) 
GLOBAL_UNIT_ASSIGNED_CONTEXT((#8186,#8187,#8188)) REPRESENTATION_CONTEXT
('Context #1','3D Context with UNIT and UNCERTAINTY') );
#8186 = ( LENGTH_UNIT() NAMED_UNIT(*) SI_UNIT(.MILLI.,.METRE.) );
#8187 = ( NAMED_UNIT(*) PLANE_ANGLE_UNIT() SI_UNIT($,.RADIAN.) );
#8188 = ( NAMED_UNIT(*) SI_UNIT($,.STERADIAN.) SOLID_ANGLE_UNIT() );
#8189 = UNCERTAINTY_MEASURE_WITH_UNIT(LENGTH_MEASURE(1.E-07),#8186,
  'distance_accuracy_value','confusion accuracy');
#8190 = CONTEXT_DEPENDENT_SHAPE_REPRESENTATION(#8191,#8193);
#8191 = ( REPRESENTATION_RELATIONSHIP('','',#8180,#10) 
REPRESENTATION_RELATIONSHIP_WITH_TRANSFORMATION(#8192) 
SHAPE_REPRESENTATION_RELATIONSHIP() );
#8192 = ITEM_DEFINED_TRANSFORMATION('','',#11,#31);
#8193 = PRODUCT_DEFINITION_SHAPE('Placement','Placement of an item',
  #8194);
#8194 = NEXT_ASSEMBLY_USAGE_OCCURRENCE('16','=>[0:1:1:16]','',#5,#8175,$
  );
#8195 = PRODUCT_RELATED_PRODUCT_CATEGORY('part',$,(#8177));
#8196 = SHAPE_DEFINITION_REPRESENTATION(#8197,#8203);
#8197 = PRODUCT_DEFINITION_SHAPE('','',#8198);
#8198 = PRODUCT_DEFINITION('design','',#8199,#8202);
#8199 = PRODUCT_DEFINITION_FORMATION('','',#8200);
#8200 = PRODUCT('SOLID','SOLID','',(#8201));
#8201 = PRODUCT_CONTEXT('',#2,'mechanical');
#8202 = PRODUCT_DEFINITION_CONTEXT('part definition',#2,'design');
#8203 = ADVANCED_BREP_SHAPE_REPRESENTATION('',(#11,#8204),#8216);
#8204 = MANIFOLD_SOLID_BREP('',#8205);
#8205 = CLOSED_SHELL('',(#8206));
#8206 = ADVANCED_FACE('',(#8207),#8211,.T.);
#8207 = FACE_BOUND('',#8208,.T.);
#8208 = VERTEX_LOOP('',#8209);
#8209 = VERTEX_POINT('',#8210);
#8210 = CARTESIAN_POINT('',(1.243016501135E-16,-3.044512358804E-32,-2.03
    ));
#8211 = SPHERICAL_SURFACE('',#8212,2.03);
#8212 = AXIS2_PLACEMENT_3D('',#8213,#8214,#8215);
#8213 = CARTESIAN_POINT('',(0.,0.,0.));
#8214 = DIRECTION('',(0.,0.,1.));
#8215 = DIRECTION('',(1.,0.,-0.));
#8216 = ( GEOMETRIC_REPRESENTATION_CONTEXT(3) 
GLOBAL_UNCERTAINTY_ASSIGNED_CONTEXT((#8220)) 
GLOBAL_UNIT_ASSIGNED_CONTEXT((#8217,#8218,#8219)) REPRESENTATION_CONTEXT
('Context #1','3D Context with UNIT and UNCERTAINTY') );
#8217 = ( LENGTH_UNIT() NAMED_UNIT(*) SI_UNIT(.MILLI.,.METRE.) );
#8218 = ( NAMED_UNIT(*) PLANE_ANGLE_UNIT() SI_UNIT($,.RADIAN.) );
#8219 = ( NAMED_UNIT(*) SI_UNIT($,.STERADIAN.) SOLID_ANGLE_UNIT() );
#8220 = UNCERTAINTY_MEASURE_WITH_UNIT(LENGTH_MEASURE(1.E-07),#8217,
  'distance_accuracy_value','confusion accuracy');
#8221 = CONTEXT_DEPENDENT_SHAPE_REPRESENTATION(#8222,#8224);
#8222 = ( REPRESENTATION_RELATIONSHIP('','',#8203,#8180) 
REPRESENTATION_RELATIONSHIP_WITH_TRANSFORMATION(#8223) 
SHAPE_REPRESENTATION_RELATIONSHIP() );
#8223 = ITEM_DEFINED_TRANSFORMATION('','',#11,#8181);
#8224 = PRODUCT_DEFINITION_SHAPE('Placement','Placement of an item',
  #8225);
#8225 = NEXT_ASSEMBLY_USAGE_OCCURRENCE('15','=>[0:1:1:17]','',#8175,
  #8198,$);
#8226 = PRODUCT_RELATED_PRODUCT_CATEGORY('part',$,(#8200));
#8227 = SHAPE_DEFINITION_REPRESENTATION(#8228,#8234);
#8228 = PRODUCT_DEFINITION_SHAPE('','',#8229);
#8229 = PRODUCT_DEFINITION('design','',#8230,#8233);
#8230 = PRODUCT_DEFINITION_FORMATION('','',#8231);
#8231 = PRODUCT('608ZZ/ball_02','608ZZ/ball_02','',(#8232));
#8232 = PRODUCT_CONTEXT('',#2,'mechanical');
#8233 = PRODUCT_DEFINITION_CONTEXT('part definition',#2,'design');
#8234 = SHAPE_REPRESENTATION('',(#11,#8235),#8239);
#8235 = AXIS2_PLACEMENT_3D('',#8236,#8237,#8238);
#8236 = CARTESIAN_POINT('',(0.,0.,0.));
#8237 = DIRECTION('',(0.,0.,1.));
#8238 = DIRECTION('',(1.,0.,0.));
#8239 = ( GEOMETRIC_REPRESENTATION_CONTEXT(3) 
GLOBAL_UNCERTAINTY_ASSIGNED_CONTEXT((#8243)) 
GLOBAL_UNIT_ASSIGNED_CONTEXT((#8240,#8241,#8242)) REPRESENTATION_CONTEXT
('Context #1','3D Context with UNIT and UNCERTAINTY') );
#8240 = ( LENGTH_UNIT() NAMED_UNIT(*) SI_UNIT(.MILLI.,.METRE.) );
#8241 = ( NAMED_UNIT(*) PLANE_ANGLE_UNIT() SI_UNIT($,.RADIAN.) );
#8242 = ( NAMED_UNIT(*) SI_UNIT($,.STERADIAN.) SOLID_ANGLE_UNIT() );
#8243 = UNCERTAINTY_MEASURE_WITH_UNIT(LENGTH_MEASURE(1.E-07),#8240,
  'distance_accuracy_value','confusion accuracy');
#8244 = CONTEXT_DEPENDENT_SHAPE_REPRESENTATION(#8245,#8247);
#8245 = ( REPRESENTATION_RELATIONSHIP('','',#8234,#10) 
REPRESENTATION_RELATIONSHIP_WITH_TRANSFORMATION(#8246) 
SHAPE_REPRESENTATION_RELATIONSHIP() );
#8246 = ITEM_DEFINED_TRANSFORMATION('','',#11,#35);
#8247 = PRODUCT_DEFINITION_SHAPE('Placement','Placement of an item',
  #8248);
#8248 = NEXT_ASSEMBLY_USAGE_OCCURRENCE('18','=>[0:1:1:18]','',#5,#8229,$
  );
#8249 = PRODUCT_RELATED_PRODUCT_CATEGORY('part',$,(#8231));
#8250 = SHAPE_DEFINITION_REPRESENTATION(#8251,#8257);
#8251 = PRODUCT_DEFINITION_SHAPE('','',#8252);
#8252 = PRODUCT_DEFINITION('design','',#8253,#8256);
#8253 = PRODUCT_DEFINITION_FORMATION('','',#8254);
#8254 = PRODUCT('SOLID','SOLID','',(#8255));
#8255 = PRODUCT_CONTEXT('',#2,'mechanical');
#8256 = PRODUCT_DEFINITION_CONTEXT('part definition',#2,'design');
#8257 = ADVANCED_BREP_SHAPE_REPRESENTATION('',(#11,#8258),#8270);
#8258 = MANIFOLD_SOLID_BREP('',#8259);
#8259 = CLOSED_SHELL('',(#8260));
#8260 = ADVANCED_FACE('',(#8261),#8265,.T.);
#8261 = FACE_BOUND('',#8262,.T.);
#8262 = VERTEX_LOOP('',#8263);
#8263 = VERTEX_POINT('',#8264);
#8264 = CARTESIAN_POINT('',(1.243016501135E-16,-3.044512358804E-32,-2.03
    ));
#8265 = SPHERICAL_SURFACE('',#8266,2.03);
#8266 = AXIS2_PLACEMENT_3D('',#8267,#8268,#8269);
#8267 = CARTESIAN_POINT('',(0.,0.,0.));
#8268 = DIRECTION('',(0.,0.,1.));
#8269 = DIRECTION('',(1.,0.,-0.));
#8270 = ( GEOMETRIC_REPRESENTATION_CONTEXT(3) 
GLOBAL_UNCERTAINTY_ASSIGNED_CONTEXT((#8274)) 
GLOBAL_UNIT_ASSIGNED_CONTEXT((#8271,#8272,#8273)) REPRESENTATION_CONTEXT
('Context #1','3D Context with UNIT and UNCERTAINTY') );
#8271 = ( LENGTH_UNIT() NAMED_UNIT(*) SI_UNIT(.MILLI.,.METRE.) );
#8272 = ( NAMED_UNIT(*) PLANE_ANGLE_UNIT() SI_UNIT($,.RADIAN.) );
#8273 = ( NAMED_UNIT(*) SI_UNIT($,.STERADIAN.) SOLID_ANGLE_UNIT() );
#8274 = UNCERTAINTY_MEASURE_WITH_UNIT(LENGTH_MEASURE(1.E-07),#8271,
  'distance_accuracy_value','confusion accuracy');
#8275 = CONTEXT_DEPENDENT_SHAPE_REPRESENTATION(#8276,#8278);
#8276 = ( REPRESENTATION_RELATIONSHIP('','',#8257,#8234) 
REPRESENTATION_RELATIONSHIP_WITH_TRANSFORMATION(#8277) 
SHAPE_REPRESENTATION_RELATIONSHIP() );
#8277 = ITEM_DEFINED_TRANSFORMATION('','',#11,#8235);
#8278 = PRODUCT_DEFINITION_SHAPE('Placement','Placement of an item',
  #8279);
#8279 = NEXT_ASSEMBLY_USAGE_OCCURRENCE('17','=>[0:1:1:19]','',#8229,
  #8252,$);
#8280 = PRODUCT_RELATED_PRODUCT_CATEGORY('part',$,(#8254));
#8281 = SHAPE_DEFINITION_REPRESENTATION(#8282,#8288);
#8282 = PRODUCT_DEFINITION_SHAPE('','',#8283);
#8283 = PRODUCT_DEFINITION('design','',#8284,#8287);
#8284 = PRODUCT_DEFINITION_FORMATION('','',#8285);
#8285 = PRODUCT('608ZZ/ball_03','608ZZ/ball_03','',(#8286));
#8286 = PRODUCT_CONTEXT('',#2,'mechanical');
#8287 = PRODUCT_DEFINITION_CONTEXT('part definition',#2,'design');
#8288 = SHAPE_REPRESENTATION('',(#11,#8289),#8293);
#8289 = AXIS2_PLACEMENT_3D('',#8290,#8291,#8292);
#8290 = CARTESIAN_POINT('',(0.,0.,0.));
#8291 = DIRECTION('',(0.,0.,1.));
#8292 = DIRECTION('',(1.,0.,0.));
#8293 = ( GEOMETRIC_REPRESENTATION_CONTEXT(3) 
GLOBAL_UNCERTAINTY_ASSIGNED_CONTEXT((#8297)) 
GLOBAL_UNIT_ASSIGNED_CONTEXT((#8294,#8295,#8296)) REPRESENTATION_CONTEXT
('Context #1','3D Context with UNIT and UNCERTAINTY') );
#8294 = ( LENGTH_UNIT() NAMED_UNIT(*) SI_UNIT(.MILLI.,.METRE.) );
#8295 = ( NAMED_UNIT(*) PLANE_ANGLE_UNIT() SI_UNIT($,.RADIAN.) );
#8296 = ( NAMED_UNIT(*) SI_UNIT($,.STERADIAN.) SOLID_ANGLE_UNIT() );
#8297 = UNCERTAINTY_MEASURE_WITH_UNIT(LENGTH_MEASURE(1.E-07),#8294,
  'distance_accuracy_value','confusion accuracy');
#8298 = CONTEXT_DEPENDENT_SHAPE_REPRESENTATION(#8299,#8301);
#8299 = ( REPRESENTATION_RELATIONSHIP('','',#8288,#10) 
REPRESENTATION_RELATIONSHIP_WITH_TRANSFORMATION(#8300) 
SHAPE_REPRESENTATION_RELATIONSHIP() );
#8300 = ITEM_DEFINED_TRANSFORMATION('','',#11,#39);
#8301 = PRODUCT_DEFINITION_SHAPE('Placement','Placement of an item',
  #8302);
#8302 = NEXT_ASSEMBLY_USAGE_OCCURRENCE('20','=>[0:1:1:20]','',#5,#8283,$
  );
#8303 = PRODUCT_RELATED_PRODUCT_CATEGORY('part',$,(#8285));
#8304 = SHAPE_DEFINITION_REPRESENTATION(#8305,#8311);
#8305 = PRODUCT_DEFINITION_SHAPE('','',#8306);
#8306 = PRODUCT_DEFINITION('design','',#8307,#8310);
#8307 = PRODUCT_DEFINITION_FORMATION('','',#8308);
#8308 = PRODUCT('SOLID','SOLID','',(#8309));
#8309 = PRODUCT_CONTEXT('',#2,'mechanical');
#8310 = PRODUCT_DEFINITION_CONTEXT('part definition',#2,'design');
#8311 = ADVANCED_BREP_SHAPE_REPRESENTATION('',(#11,#8312),#8324);
#8312 = MANIFOLD_SOLID_BREP('',#8313);
#8313 = CLOSED_SHELL('',(#8314));
#8314 = ADVANCED_FACE('',(#8315),#8319,.T.);
#8315 = FACE_BOUND('',#8316,.T.);
#8316 = VERTEX_LOOP('',#8317);
#8317 = VERTEX_POINT('',#8318);
#8318 = CARTESIAN_POINT('',(1.243016501135E-16,-3.044512358804E-32,-2.03
    ));
#8319 = SPHERICAL_SURFACE('',#8320,2.03);
#8320 = AXIS2_PLACEMENT_3D('',#8321,#8322,#8323);
#8321 = CARTESIAN_POINT('',(0.,0.,0.));
#8322 = DIRECTION('',(0.,0.,1.));
#8323 = DIRECTION('',(1.,0.,-0.));
#8324 = ( GEOMETRIC_REPRESENTATION_CONTEXT(3) 
GLOBAL_UNCERTAINTY_ASSIGNED_CONTEXT((#8328)) 
GLOBAL_UNIT_ASSIGNED_CONTEXT((#8325,#8326,#8327)) REPRESENTATION_CONTEXT
('Context #1','3D Context with UNIT and UNCERTAINTY') );
#8325 = ( LENGTH_UNIT() NAMED_UNIT(*) SI_UNIT(.MILLI.,.METRE.) );
#8326 = ( NAMED_UNIT(*) PLANE_ANGLE_UNIT() SI_UNIT($,.RADIAN.) );
#8327 = ( NAMED_UNIT(*) SI_UNIT($,.STERADIAN.) SOLID_ANGLE_UNIT() );
#8328 = UNCERTAINTY_MEASURE_WITH_UNIT(LENGTH_MEASURE(1.E-07),#8325,
  'distance_accuracy_value','confusion accuracy');
#8329 = CONTEXT_DEPENDENT_SHAPE_REPRESENTATION(#8330,#8332);
#8330 = ( REPRESENTATION_RELATIONSHIP('','',#8311,#8288) 
REPRESENTATION_RELATIONSHIP_WITH_TRANSFORMATION(#8331) 
SHAPE_REPRESENTATION_RELATIONSHIP() );
#8331 = ITEM_DEFINED_TRANSFORMATION('','',#11,#8289);
#8332 = PRODUCT_DEFINITION_SHAPE('Placement','Placement of an item',
  #8333);
#8333 = NEXT_ASSEMBLY_USAGE_OCCURRENCE('19','=>[0:1:1:21]','',#8283,
  #8306,$);
#8334 = PRODUCT_RELATED_PRODUCT_CATEGORY('part',$,(#8308));
#8335 = SHAPE_DEFINITION_REPRESENTATION(#8336,#8342);
#8336 = PRODUCT_DEFINITION_SHAPE('','',#8337);
#8337 = PRODUCT_DEFINITION('design','',#8338,#8341);
#8338 = PRODUCT_DEFINITION_FORMATION('','',#8339);
#8339 = PRODUCT('608ZZ/ball_04','608ZZ/ball_04','',(#8340));
#8340 = PRODUCT_CONTEXT('',#2,'mechanical');
#8341 = PRODUCT_DEFINITION_CONTEXT('part definition',#2,'design');
#8342 = SHAPE_REPRESENTATION('',(#11,#8343),#8347);
#8343 = AXIS2_PLACEMENT_3D('',#8344,#8345,#8346);
#8344 = CARTESIAN_POINT('',(0.,0.,0.));
#8345 = DIRECTION('',(0.,0.,1.));
#8346 = DIRECTION('',(1.,0.,0.));
#8347 = ( GEOMETRIC_REPRESENTATION_CONTEXT(3) 
GLOBAL_UNCERTAINTY_ASSIGNED_CONTEXT((#8351)) 
GLOBAL_UNIT_ASSIGNED_CONTEXT((#8348,#8349,#8350)) REPRESENTATION_CONTEXT
('Context #1','3D Context with UNIT and UNCERTAINTY') );
#8348 = ( LENGTH_UNIT() NAMED_UNIT(*) SI_UNIT(.MILLI.,.METRE.) );
#8349 = ( NAMED_UNIT(*) PLANE_ANGLE_UNIT() SI_UNIT($,.RADIAN.) );
#8350 = ( NAMED_UNIT(*) SI_UNIT($,.STERADIAN.) SOLID_ANGLE_UNIT() );
#8351 = UNCERTAINTY_MEASURE_WITH_UNIT(LENGTH_MEASURE(1.E-07),#8348,
  'distance_accuracy_value','confusion accuracy');
#8352 = CONTEXT_DEPENDENT_SHAPE_REPRESENTATION(#8353,#8355);
#8353 = ( REPRESENTATION_RELATIONSHIP('','',#8342,#10) 
REPRESENTATION_RELATIONSHIP_WITH_TRANSFORMATION(#8354) 
SHAPE_REPRESENTATION_RELATIONSHIP() );
#8354 = ITEM_DEFINED_TRANSFORMATION('','',#11,#43);
#8355 = PRODUCT_DEFINITION_SHAPE('Placement','Placement of an item',
  #8356);
#8356 = NEXT_ASSEMBLY_USAGE_OCCURRENCE('22','=>[0:1:1:22]','',#5,#8337,$
  );
#8357 = PRODUCT_RELATED_PRODUCT_CATEGORY('part',$,(#8339));
#8358 = SHAPE_DEFINITION_REPRESENTATION(#8359,#8365);
#8359 = PRODUCT_DEFINITION_SHAPE('','',#8360);
#8360 = PRODUCT_DEFINITION('design','',#8361,#8364);
#8361 = PRODUCT_DEFINITION_FORMATION('','',#8362);
#8362 = PRODUCT('SOLID','SOLID','',(#8363));
#8363 = PRODUCT_CONTEXT('',#2,'mechanical');
#8364 = PRODUCT_DEFINITION_CONTEXT('part definition',#2,'design');
#8365 = ADVANCED_BREP_SHAPE_REPRESENTATION('',(#11,#8366),#8378);
#8366 = MANIFOLD_SOLID_BREP('',#8367);
#8367 = CLOSED_SHELL('',(#8368));
#8368 = ADVANCED_FACE('',(#8369),#8373,.T.);
#8369 = FACE_BOUND('',#8370,.T.);
#8370 = VERTEX_LOOP('',#8371);
#8371 = VERTEX_POINT('',#8372);
#8372 = CARTESIAN_POINT('',(1.243016501135E-16,-3.044512358804E-32,-2.03
    ));
#8373 = SPHERICAL_SURFACE('',#8374,2.03);
#8374 = AXIS2_PLACEMENT_3D('',#8375,#8376,#8377);
#8375 = CARTESIAN_POINT('',(0.,0.,0.));
#8376 = DIRECTION('',(0.,0.,1.));
#8377 = DIRECTION('',(1.,0.,-0.));
#8378 = ( GEOMETRIC_REPRESENTATION_CONTEXT(3) 
GLOBAL_UNCERTAINTY_ASSIGNED_CONTEXT((#8382)) 
GLOBAL_UNIT_ASSIGNED_CONTEXT((#8379,#8380,#8381)) REPRESENTATION_CONTEXT
('Context #1','3D Context with UNIT and UNCERTAINTY') );
#8379 = ( LENGTH_UNIT() NAMED_UNIT(*) SI_UNIT(.MILLI.,.METRE.) );
#8380 = ( NAMED_UNIT(*) PLANE_ANGLE_UNIT() SI_UNIT($,.RADIAN.) );
#8381 = ( NAMED_UNIT(*) SI_UNIT($,.STERADIAN.) SOLID_ANGLE_UNIT() );
#8382 = UNCERTAINTY_MEASURE_WITH_UNIT(LENGTH_MEASURE(1.E-07),#8379,
  'distance_accuracy_value','confusion accuracy');
#8383 = CONTEXT_DEPENDENT_SHAPE_REPRESENTATION(#8384,#8386);
#8384 = ( REPRESENTATION_RELATIONSHIP('','',#8365,#8342) 
REPRESENTATION_RELATIONSHIP_WITH_TRANSFORMATION(#8385) 
SHAPE_REPRESENTATION_RELATIONSHIP() );
#8385 = ITEM_DEFINED_TRANSFORMATION('','',#11,#8343);
#8386 = PRODUCT_DEFINITION_SHAPE('Placement','Placement of an item',
  #8387);
#8387 = NEXT_ASSEMBLY_USAGE_OCCURRENCE('21','=>[0:1:1:23]','',#8337,
  #8360,$);
#8388 = PRODUCT_RELATED_PRODUCT_CATEGORY('part',$,(#8362));
#8389 = SHAPE_DEFINITION_REPRESENTATION(#8390,#8396);
#8390 = PRODUCT_DEFINITION_SHAPE('','',#8391);
#8391 = PRODUCT_DEFINITION('design','',#8392,#8395);
#8392 = PRODUCT_DEFINITION_FORMATION('','',#8393);
#8393 = PRODUCT('608ZZ/ball_05','608ZZ/ball_05','',(#8394));
#8394 = PRODUCT_CONTEXT('',#2,'mechanical');
#8395 = PRODUCT_DEFINITION_CONTEXT('part definition',#2,'design');
#8396 = SHAPE_REPRESENTATION('',(#11,#8397),#8401);
#8397 = AXIS2_PLACEMENT_3D('',#8398,#8399,#8400);
#8398 = CARTESIAN_POINT('',(0.,0.,0.));
#8399 = DIRECTION('',(0.,0.,1.));
#8400 = DIRECTION('',(1.,0.,0.));
#8401 = ( GEOMETRIC_REPRESENTATION_CONTEXT(3) 
GLOBAL_UNCERTAINTY_ASSIGNED_CONTEXT((#8405)) 
GLOBAL_UNIT_ASSIGNED_CONTEXT((#8402,#8403,#8404)) REPRESENTATION_CONTEXT
('Context #1','3D Context with UNIT and UNCERTAINTY') );
#8402 = ( LENGTH_UNIT() NAMED_UNIT(*) SI_UNIT(.MILLI.,.METRE.) );
#8403 = ( NAMED_UNIT(*) PLANE_ANGLE_UNIT() SI_UNIT($,.RADIAN.) );
#8404 = ( NAMED_UNIT(*) SI_UNIT($,.STERADIAN.) SOLID_ANGLE_UNIT() );
#8405 = UNCERTAINTY_MEASURE_WITH_UNIT(LENGTH_MEASURE(1.E-07),#8402,
  'distance_accuracy_value','confusion accuracy');
#8406 = CONTEXT_DEPENDENT_SHAPE_REPRESENTATION(#8407,#8409);
#8407 = ( REPRESENTATION_RELATIONSHIP('','',#8396,#10) 
REPRESENTATION_RELATIONSHIP_WITH_TRANSFORMATION(#8408) 
SHAPE_REPRESENTATION_RELATIONSHIP() );
#8408 = ITEM_DEFINED_TRANSFORMATION('','',#11,#47);
#8409 = PRODUCT_DEFINITION_SHAPE('Placement','Placement of an item',
  #8410);
#8410 = NEXT_ASSEMBLY_USAGE_OCCURRENCE('24','=>[0:1:1:24]','',#5,#8391,$
  );
#8411 = PRODUCT_RELATED_PRODUCT_CATEGORY('part',$,(#8393));
#8412 = SHAPE_DEFINITION_REPRESENTATION(#8413,#8419);
#8413 = PRODUCT_DEFINITION_SHAPE('','',#8414);
#8414 = PRODUCT_DEFINITION('design','',#8415,#8418);
#8415 = PRODUCT_DEFINITION_FORMATION('','',#8416);
#8416 = PRODUCT('SOLID','SOLID','',(#8417));
#8417 = PRODUCT_CONTEXT('',#2,'mechanical');
#8418 = PRODUCT_DEFINITION_CONTEXT('part definition',#2,'design');
#8419 = ADVANCED_BREP_SHAPE_REPRESENTATION('',(#11,#8420),#8432);
#8420 = MANIFOLD_SOLID_BREP('',#8421);
#8421 = CLOSED_SHELL('',(#8422));
#8422 = ADVANCED_FACE('',(#8423),#8427,.T.);
#8423 = FACE_BOUND('',#8424,.T.);
#8424 = VERTEX_LOOP('',#8425);
#8425 = VERTEX_POINT('',#8426);
#8426 = CARTESIAN_POINT('',(1.243016501135E-16,-3.044512358804E-32,-2.03
    ));
#8427 = SPHERICAL_SURFACE('',#8428,2.03);
#8428 = AXIS2_PLACEMENT_3D('',#8429,#8430,#8431);
#8429 = CARTESIAN_POINT('',(0.,0.,0.));
#8430 = DIRECTION('',(0.,0.,1.));
#8431 = DIRECTION('',(1.,0.,-0.));
#8432 = ( GEOMETRIC_REPRESENTATION_CONTEXT(3) 
GLOBAL_UNCERTAINTY_ASSIGNED_CONTEXT((#8436)) 
GLOBAL_UNIT_ASSIGNED_CONTEXT((#8433,#8434,#8435)) REPRESENTATION_CONTEXT
('Context #1','3D Context with UNIT and UNCERTAINTY') );
#8433 = ( LENGTH_UNIT() NAMED_UNIT(*) SI_UNIT(.MILLI.,.METRE.) );
#8434 = ( NAMED_UNIT(*) PLANE_ANGLE_UNIT() SI_UNIT($,.RADIAN.) );
#8435 = ( NAMED_UNIT(*) SI_UNIT($,.STERADIAN.) SOLID_ANGLE_UNIT() );
#8436 = UNCERTAINTY_MEASURE_WITH_UNIT(LENGTH_MEASURE(1.E-07),#8433,
  'distance_accuracy_value','confusion accuracy');
#8437 = CONTEXT_DEPENDENT_SHAPE_REPRESENTATION(#8438,#8440);
#8438 = ( REPRESENTATION_RELATIONSHIP('','',#8419,#8396) 
REPRESENTATION_RELATIONSHIP_WITH_TRANSFORMATION(#8439) 
SHAPE_REPRESENTATION_RELATIONSHIP() );
#8439 = ITEM_DEFINED_TRANSFORMATION('','',#11,#8397);
#8440 = PRODUCT_DEFINITION_SHAPE('Placement','Placement of an item',
  #8441);
#8441 = NEXT_ASSEMBLY_USAGE_OCCURRENCE('23','=>[0:1:1:25]','',#8391,
  #8414,$);
#8442 = PRODUCT_RELATED_PRODUCT_CATEGORY('part',$,(#8416));
#8443 = SHAPE_DEFINITION_REPRESENTATION(#8444,#8450);
#8444 = PRODUCT_DEFINITION_SHAPE('','',#8445);
#8445 = PRODUCT_DEFINITION('design','',#8446,#8449);
#8446 = PRODUCT_DEFINITION_FORMATION('','',#8447);
#8447 = PRODUCT('608ZZ/ball_06','608ZZ/ball_06','',(#8448));
#8448 = PRODUCT_CONTEXT('',#2,'mechanical');
#8449 = PRODUCT_DEFINITION_CONTEXT('part definition',#2,'design');
#8450 = SHAPE_REPRESENTATION('',(#11,#8451),#8455);
#8451 = AXIS2_PLACEMENT_3D('',#8452,#8453,#8454);
#8452 = CARTESIAN_POINT('',(0.,0.,0.));
#8453 = DIRECTION('',(0.,0.,1.));
#8454 = DIRECTION('',(1.,0.,0.));
#8455 = ( GEOMETRIC_REPRESENTATION_CONTEXT(3) 
GLOBAL_UNCERTAINTY_ASSIGNED_CONTEXT((#8459)) 
GLOBAL_UNIT_ASSIGNED_CONTEXT((#8456,#8457,#8458)) REPRESENTATION_CONTEXT
('Context #1','3D Context with UNIT and UNCERTAINTY') );
#8456 = ( LENGTH_UNIT() NAMED_UNIT(*) SI_UNIT(.MILLI.,.METRE.) );
#8457 = ( NAMED_UNIT(*) PLANE_ANGLE_UNIT() SI_UNIT($,.RADIAN.) );
#8458 = ( NAMED_UNIT(*) SI_UNIT($,.STERADIAN.) SOLID_ANGLE_UNIT() );
#8459 = UNCERTAINTY_MEASURE_WITH_UNIT(LENGTH_MEASURE(1.E-07),#8456,
  'distance_accuracy_value','confusion accuracy');
#8460 = CONTEXT_DEPENDENT_SHAPE_REPRESENTATION(#8461,#8463);
#8461 = ( REPRESENTATION_RELATIONSHIP('','',#8450,#10) 
REPRESENTATION_RELATIONSHIP_WITH_TRANSFORMATION(#8462) 
SHAPE_REPRESENTATION_RELATIONSHIP() );
#8462 = ITEM_DEFINED_TRANSFORMATION('','',#11,#51);
#8463 = PRODUCT_DEFINITION_SHAPE('Placement','Placement of an item',
  #8464);
#8464 = NEXT_ASSEMBLY_USAGE_OCCURRENCE('26','=>[0:1:1:26]','',#5,#8445,$
  );
#8465 = PRODUCT_RELATED_PRODUCT_CATEGORY('part',$,(#8447));
#8466 = SHAPE_DEFINITION_REPRESENTATION(#8467,#8473);
#8467 = PRODUCT_DEFINITION_SHAPE('','',#8468);
#8468 = PRODUCT_DEFINITION('design','',#8469,#8472);
#8469 = PRODUCT_DEFINITION_FORMATION('','',#8470);
#8470 = PRODUCT('SOLID','SOLID','',(#8471));
#8471 = PRODUCT_CONTEXT('',#2,'mechanical');
#8472 = PRODUCT_DEFINITION_CONTEXT('part definition',#2,'design');
#8473 = ADVANCED_BREP_SHAPE_REPRESENTATION('',(#11,#8474),#8486);
#8474 = MANIFOLD_SOLID_BREP('',#8475);
#8475 = CLOSED_SHELL('',(#8476));
#8476 = ADVANCED_FACE('',(#8477),#8481,.T.);
#8477 = FACE_BOUND('',#8478,.T.);
#8478 = VERTEX_LOOP('',#8479);
#8479 = VERTEX_POINT('',#8480);
#8480 = CARTESIAN_POINT('',(1.243016501135E-16,-3.044512358804E-32,-2.03
    ));
#8481 = SPHERICAL_SURFACE('',#8482,2.03);
#8482 = AXIS2_PLACEMENT_3D('',#8483,#8484,#8485);
#8483 = CARTESIAN_POINT('',(0.,0.,0.));
#8484 = DIRECTION('',(0.,0.,1.));
#8485 = DIRECTION('',(1.,0.,-0.));
#8486 = ( GEOMETRIC_REPRESENTATION_CONTEXT(3) 
GLOBAL_UNCERTAINTY_ASSIGNED_CONTEXT((#8490)) 
GLOBAL_UNIT_ASSIGNED_CONTEXT((#8487,#8488,#8489)) REPRESENTATION_CONTEXT
('Context #1','3D Context with UNIT and UNCERTAINTY') );
#8487 = ( LENGTH_UNIT() NAMED_UNIT(*) SI_UNIT(.MILLI.,.METRE.) );
#8488 = ( NAMED_UNIT(*) PLANE_ANGLE_UNIT() SI_UNIT($,.RADIAN.) );
#8489 = ( NAMED_UNIT(*) SI_UNIT($,.STERADIAN.) SOLID_ANGLE_UNIT() );
#8490 = UNCERTAINTY_MEASURE_WITH_UNIT(LENGTH_MEASURE(1.E-07),#8487,
  'distance_accuracy_value','confusion accuracy');
#8491 = CONTEXT_DEPENDENT_SHAPE_REPRESENTATION(#8492,#8494);
#8492 = ( REPRESENTATION_RELATIONSHIP('','',#8473,#8450) 
REPRESENTATION_RELATIONSHIP_WITH_TRANSFORMATION(#8493) 
SHAPE_REPRESENTATION_RELATIONSHIP() );
#8493 = ITEM_DEFINED_TRANSFORMATION('','',#11,#8451);
#8494 = PRODUCT_DEFINITION_SHAPE('Placement','Placement of an item',
  #8495);
#8495 = NEXT_ASSEMBLY_USAGE_OCCURRENCE('25','=>[0:1:1:27]','',#8445,
  #8468,$);
#8496 = PRODUCT_RELATED_PRODUCT_CATEGORY('part',$,(#8470));
#8497 = MECHANICAL_DESIGN_GEOMETRIC_PRESENTATION_REPRESENTATION('',(
    #8498),#8324);
#8498 = STYLED_ITEM('color',(#8499),#8312);
#8499 = PRESENTATION_STYLE_ASSIGNMENT((#8500));
#8500 = SURFACE_STYLE_USAGE(.BOTH.,#8501);
#8501 = SURFACE_SIDE_STYLE('',(#8502));
#8502 = SURFACE_STYLE_FILL_AREA(#8503);
#8503 = FILL_AREA_STYLE('',(#8504));
#8504 = FILL_AREA_STYLE_COLOUR('',#8505);
#8505 = COLOUR_RGB('',0.930924556504,0.930924556504,0.945276898204);
#8506 = MECHANICAL_DESIGN_GEOMETRIC_PRESENTATION_REPRESENTATION('',(
    #8507),#1610);
#8507 = STYLED_ITEM('color',(#8508),#564);
#8508 = PRESENTATION_STYLE_ASSIGNMENT((#8509));
#8509 = SURFACE_STYLE_USAGE(.BOTH.,#8510);
#8510 = SURFACE_SIDE_STYLE('',(#8511));
#8511 = SURFACE_STYLE_FILL_AREA(#8512);
#8512 = FILL_AREA_STYLE('',(#8513));
#8513 = FILL_AREA_STYLE_COLOUR('',#8514);
#8514 = COLOUR_RGB('',0.930924556504,0.865042042985,0.665185089102);
#8515 = MECHANICAL_DESIGN_GEOMETRIC_PRESENTATION_REPRESENTATION('',(
    #8516),#2693);
#8516 = STYLED_ITEM('color',(#8517),#1629);
#8517 = PRESENTATION_STYLE_ASSIGNMENT((#8518));
#8518 = SURFACE_STYLE_USAGE(.BOTH.,#8519);
#8519 = SURFACE_SIDE_STYLE('',(#8520));
#8520 = SURFACE_STYLE_FILL_AREA(#8521);
#8521 = FILL_AREA_STYLE('',(#8522));
#8522 = FILL_AREA_STYLE_COLOUR('',#8514);
#8523 = MECHANICAL_DESIGN_GEOMETRIC_PRESENTATION_REPRESENTATION('',(
    #8524),#8486);
#8524 = STYLED_ITEM('color',(#8525),#8474);
#8525 = PRESENTATION_STYLE_ASSIGNMENT((#8526));
#8526 = SURFACE_STYLE_USAGE(.BOTH.,#8527);
#8527 = SURFACE_SIDE_STYLE('',(#8528));
#8528 = SURFACE_STYLE_FILL_AREA(#8529);
#8529 = FILL_AREA_STYLE('',(#8530));
#8530 = FILL_AREA_STYLE_COLOUR('',#8505);
#8531 = MECHANICAL_DESIGN_GEOMETRIC_PRESENTATION_REPRESENTATION('',(
    #8532),#8432);
#8532 = STYLED_ITEM('color',(#8533),#8420);
#8533 = PRESENTATION_STYLE_ASSIGNMENT((#8534));
#8534 = SURFACE_STYLE_USAGE(.BOTH.,#8535);
#8535 = SURFACE_SIDE_STYLE('',(#8536));
#8536 = SURFACE_STYLE_FILL_AREA(#8537);
#8537 = FILL_AREA_STYLE('',(#8538));
#8538 = FILL_AREA_STYLE_COLOUR('',#8505);
#8539 = MECHANICAL_DESIGN_GEOMETRIC_PRESENTATION_REPRESENTATION('',(
    #8540),#8270);
#8540 = STYLED_ITEM('color',(#8541),#8258);
#8541 = PRESENTATION_STYLE_ASSIGNMENT((#8542));
#8542 = SURFACE_STYLE_USAGE(.BOTH.,#8543);
#8543 = SURFACE_SIDE_STYLE('',(#8544));
#8544 = SURFACE_STYLE_FILL_AREA(#8545);
#8545 = FILL_AREA_STYLE('',(#8546));
#8546 = FILL_AREA_STYLE_COLOUR('',#8505);
#8547 = MECHANICAL_DESIGN_GEOMETRIC_PRESENTATION_REPRESENTATION('',(
    #8548),#4859);
#8548 = STYLED_ITEM('color',(#8549),#3795);
#8549 = PRESENTATION_STYLE_ASSIGNMENT((#8550));
#8550 = SURFACE_STYLE_USAGE(.BOTH.,#8551);
#8551 = SURFACE_SIDE_STYLE('',(#8552));
#8552 = SURFACE_STYLE_FILL_AREA(#8553);
#8553 = FILL_AREA_STYLE('',(#8554));
#8554 = FILL_AREA_STYLE_COLOUR('',#8514);
#8555 = MECHANICAL_DESIGN_GEOMETRIC_PRESENTATION_REPRESENTATION('',(
    #8556),#8216);
#8556 = STYLED_ITEM('color',(#8557),#8204);
#8557 = PRESENTATION_STYLE_ASSIGNMENT((#8558));
#8558 = SURFACE_STYLE_USAGE(.BOTH.,#8559);
#8559 = SURFACE_SIDE_STYLE('',(#8560));
#8560 = SURFACE_STYLE_FILL_AREA(#8561);
#8561 = FILL_AREA_STYLE('',(#8562));
#8562 = FILL_AREA_STYLE_COLOUR('',#8505);
#8563 = MECHANICAL_DESIGN_GEOMETRIC_PRESENTATION_REPRESENTATION('',(
    #8564),#3776);
#8564 = STYLED_ITEM('color',(#8565),#2712);
#8565 = PRESENTATION_STYLE_ASSIGNMENT((#8566));
#8566 = SURFACE_STYLE_USAGE(.BOTH.,#8567);
#8567 = SURFACE_SIDE_STYLE('',(#8568));
#8568 = SURFACE_STYLE_FILL_AREA(#8569);
#8569 = FILL_AREA_STYLE('',(#8570));
#8570 = FILL_AREA_STYLE_COLOUR('',#8514);
#8571 = MECHANICAL_DESIGN_GEOMETRIC_PRESENTATION_REPRESENTATION('',(
    #8572),#8108);
#8572 = STYLED_ITEM('color',(#8573),#7044);
#8573 = PRESENTATION_STYLE_ASSIGNMENT((#8574));
#8574 = SURFACE_STYLE_USAGE(.BOTH.,#8575);
#8575 = SURFACE_SIDE_STYLE('',(#8576));
#8576 = SURFACE_STYLE_FILL_AREA(#8577);
#8577 = FILL_AREA_STYLE('',(#8578));
#8578 = FILL_AREA_STYLE_COLOUR('',#8514);
#8579 = MECHANICAL_DESIGN_GEOMETRIC_PRESENTATION_REPRESENTATION('',(
    #8580),#5942);
#8580 = STYLED_ITEM('color',(#8581),#4878);
#8581 = PRESENTATION_STYLE_ASSIGNMENT((#8582));
#8582 = SURFACE_STYLE_USAGE(.BOTH.,#8583);
#8583 = SURFACE_SIDE_STYLE('',(#8584));
#8584 = SURFACE_STYLE_FILL_AREA(#8585);
#8585 = FILL_AREA_STYLE('',(#8586));
#8586 = FILL_AREA_STYLE_COLOUR('',#8514);
#8587 = MECHANICAL_DESIGN_GEOMETRIC_PRESENTATION_REPRESENTATION('',(
    #8588),#7025);
#8588 = STYLED_ITEM('color',(#8589),#5961);
#8589 = PRESENTATION_STYLE_ASSIGNMENT((#8590));
#8590 = SURFACE_STYLE_USAGE(.BOTH.,#8591);
#8591 = SURFACE_SIDE_STYLE('',(#8592));
#8592 = SURFACE_STYLE_FILL_AREA(#8593);
#8593 = FILL_AREA_STYLE('',(#8594));
#8594 = FILL_AREA_STYLE_COLOUR('',#8514);
#8595 = MECHANICAL_DESIGN_GEOMETRIC_PRESENTATION_REPRESENTATION('',(
    #8596),#8162);
#8596 = STYLED_ITEM('color',(#8597),#8150);
#8597 = PRESENTATION_STYLE_ASSIGNMENT((#8598));
#8598 = SURFACE_STYLE_USAGE(.BOTH.,#8599);
#8599 = SURFACE_SIDE_STYLE('',(#8600));
#8600 = SURFACE_STYLE_FILL_AREA(#8601);
#8601 = FILL_AREA_STYLE('',(#8602));
#8602 = FILL_AREA_STYLE_COLOUR('',#8505);
#8603 = MECHANICAL_DESIGN_GEOMETRIC_PRESENTATION_REPRESENTATION('',(
    #8604),#8378);
#8604 = STYLED_ITEM('color',(#8605),#8366);
#8605 = PRESENTATION_STYLE_ASSIGNMENT((#8606));
#8606 = SURFACE_STYLE_USAGE(.BOTH.,#8607);
#8607 = SURFACE_SIDE_STYLE('',(#8608));
#8608 = SURFACE_STYLE_FILL_AREA(#8609);
#8609 = FILL_AREA_STYLE('',(#8610));
#8610 = FILL_AREA_STYLE_COLOUR('',#8505);
ENDSEC;
END-ISO-10303-21;
